{"vc": [[0.0, 0.0], [-0.13035953044891357, 0.1302911937236786], [-0.2989540100097656, 0.29897329211235046], [0.002390690380707383, -0.0024506235495209694], [0.09150773286819458, -0.09154356271028519], [0.05816667899489403, -0.05808251351118088]], "err": [[[-0.08189927041530609, -0.022117912769317627]], [[-0.07475470006465912, 0.08986463397741318]], [[0.048922099173069, 0.08440762013196945]], [[-0.02975771576166153, 0.09692471474409103]], [[0.006030842661857605, -0.04322570562362671]], [[0.01483561098575592, 0.04842246323823929]], [[0.022204145789146423, -0.0895262360572815]], [[-0.06951232999563217, 0.09911303967237473]], [[0.0101485475897789, -0.0706804171204567]], [[-0.07450313866138458, -0.08929282426834106]], [[0.025791175663471222, -0.010174468159675598]], [[0.0931922122836113, -0.006400898098945618]], [[0.08870857208967209, -0.0131392702460289]], [[-0.08172297477722168, -0.03734765201807022]], [[-0.08688633888959885, -0.02173672616481781]], [[-0.012423202395439148, -0.03816727548837662]], [[-0.045167624950408936, -0.09978150576353073]], [[0.019604526460170746, 0.09836738556623459]], [[-0.032914698123931885, -0.010654747486114502]], [[-0.08758673816919327, -0.0635501891374588]], [[0.02774224430322647, 0.06394042819738388]], [[0.08901358395814896, 0.02373262494802475]], [[-0.015162467956542969, 0.058919794857501984]], [[0.00013406574726104736, -0.007916353642940521]], [[-0.07927314937114716, 0.07042042165994644]], [[-0.04858940839767456, 0.0883246436715126]], [[0.003869079053401947, 0.06854037195444107]], [[-0.030870959162712097, -0.017433620989322662]], [[0.07530345767736435, -0.036010608077049255]], [[-0.026358462870121002, 0.010098375380039215]], [[0.04676049202680588, -0.011236943304538727]], [[0.034647293388843536, 0.061647020280361176]], [[-0.037625279277563095, -0.09750180691480637]], [[-0.08768248558044434, -0.027193501591682434]], [[-0.017507389187812805, -0.08074946701526642]], [[-0.09704502671957016, 0.0033225640654563904]], [[-0.0029329508543014526, -0.08809385448694229]], [[-0.0037955045700073242, -0.0734238401055336]], [[-0.03968222066760063, 0.0661248043179512]], [[-0.060008492320775986, -0.021875441074371338]], [[0.09918982535600662, -0.07245491445064545]], [[0.06648645550012589, -0.06276939064264297]], [[-0.0851341038942337, 0.04555057734251022]], [[-0.09271575510501862, -0.09620632976293564]], [[-0.05100792646408081, 0.03912138193845749]], [[-0.006344951689243317, -0.020433232188224792]], [[0.009292960166931152, 0.08983618766069412]], [[0.052155934274196625, -0.035686470568180084]], [[-0.07161659002304077, -0.047143518924713135]], [[-0.08684326708316803, -0.0283544659614563]], [[-0.019812986254692078, -0.09777028858661652]], [[0.0614461824297905, -0.005242392420768738]], [[-0.06158747896552086, -0.055186927318573]], [[0.03851867467164993, 0.05816823989152908]], [[-0.08940167725086212, 0.028212837874889374]], [[-0.030082032084465027, 0.023111902177333832]], [[-0.09681236743927002, 0.029086269438266754]], [[-0.07194820791482925, 0.015429891645908356]], [[-0.03869600221514702, 0.04434431344270706]], [[-0.0497586727142334, -0.06855957210063934]], [[0.0890837088227272, -0.024072743952274323]], [[-0.03718538582324982, 0.0030061379075050354]], [[-0.09636121988296509, 0.09183204919099808]], [[0.08987724035978317, 0.09719755500555038]], [[0.026654131710529327, 0.017326928675174713]], [[-0.0611950047314167, -0.0951690599322319]], [[-0.04531583935022354, 0.06897390633821487]], [[-0.02718532085418701, -0.022119976580142975]], [[-0.006132587790489197, -0.07553789764642715]], [[-0.013028442859649658, 0.01654396951198578]], [[0.06835589557886124, 0.09354347735643387]], [[0.024267688393592834, -0.014965370297431946]], [[0.06258077174425125, -0.07220125198364258]], [[-0.07939615100622177, -0.09562396258115768]], [[-0.07794462144374847, -0.07717261463403702]], [[-0.036400020122528076, 0.03705424815416336]], [[-0.03372187912464142, 0.005463436245918274]], [[0.05581451207399368, -0.05112917348742485]], [[0.020214200019836426, -0.01221214234828949]], [[-0.07795295864343643, -0.07017640024423599]], [[-0.09795733541250229, -0.08422625064849854]], [[-0.049433328211307526, 0.06854517012834549]], [[-0.005530416965484619, 0.00834481418132782]], [[-0.09566324949264526, -0.06530033051967621]], [[-0.02697862684726715, -0.030178114771842957]], [[-0.022802308201789856, -0.033332861959934235]], [[0.08895578235387802, 0.07138905674219131]], [[0.07733889669179916, 0.06765315681695938]], [[0.026389412581920624, 0.08786884695291519]], [[-0.05100987106561661, 0.07354701310396194]], [[-0.04892132431268692, 0.060187987983226776]], [[-0.09391162544488907, 0.04201663285493851]], [[0.09784353524446487, -0.014695778489112854]], [[0.06636632233858109, 0.026871301233768463]], [[0.003169633448123932, -0.07805895805358887]], [[-0.07875873148441315, 0.07216311246156693]], [[0.05134829133749008, -0.04268063232302666]], [[0.011972799897193909, 0.07596463710069656]], [[0.026362426578998566, 0.08525312691926956]], [[0.01290614902973175, 0.010676346719264984]], [[0.035178251564502716, -0.008076988160610199]], [[-0.006823122501373291, 0.04491857439279556]], [[-0.018021240830421448, -0.025605499744415283]], [[-0.0640806332230568, 0.01771049201488495]], [[0.06367743760347366, -0.08685890585184097]], [[0.005082026124000549, -0.001799464225769043]], [[-0.050590481609106064, -0.07492442429065704]], [[0.02833593636751175, -0.08985453099012375]], [[0.04862935096025467, 0.0569969043135643]], [[0.08189094811677933, -0.05048486217856407]], [[-0.04178527742624283, 0.040079839527606964]], [[-0.08300010859966278, -0.05583430454134941]], [[0.007415987551212311, 0.07295138388872147]], [[-0.0033749714493751526, -0.09362192451953888]], [[-0.033578790724277496, -0.0831005796790123]], [[0.08287786692380905, -0.02419344335794449]], [[-0.08216698467731476, -0.026804789900779724]], [[-0.07233396917581558, -0.015627898275852203]], [[-0.007025048136711121, 0.05329249054193497]], [[-0.07990217208862305, -0.07488614320755005]], [[-0.09993948042392731, -0.01640772819519043]], [[0.031180448830127716, 0.0433272048830986]], [[-0.03877342864871025, -0.09952842444181442]], [[0.0067753419280052185, -0.056430768221616745]], [[0.032481469213962555, 0.038270436227321625]], [[0.0801362469792366, -0.0795818418264389]], [[0.030268453061580658, 0.03897828608751297]], [[-0.04196586832404137, 0.040016286075115204]], [[-0.05617717653512955, 0.06650032848119736]], [[-0.08704785257577896, -0.08074340969324112]], [[0.0782955214381218, -0.02967415750026703]], [[0.06889010220766068, -0.024248376488685608]], [[0.0899573490023613, -0.04149157926440239]], [[0.04673563688993454, 0.09259531646966934]], [[-0.07873042672872543, -0.06193491443991661]], [[0.04339314252138138, -0.013636216521263123]], [[-0.06877197325229645, 0.0538070872426033]], [[0.050931476056575775, -0.04232126474380493]], [[-0.08037431538105011, 0.05606900900602341]], [[-0.05151425674557686, -0.08550739288330078]], [[-0.04935351759195328, -0.016651809215545654]], [[-0.029637396335601807, -0.022599458694458008]], [[-0.06152914837002754, -0.011874720454216003]], [[-0.059453416615724564, 0.054980240762233734]], [[0.009691372513771057, 0.08120781928300858]], [[0.062012605369091034, -0.09805456548929214]], [[-0.006054840981960297, -0.03890451416373253]], [[-0.0009711533784866333, -0.0664086788892746]], [[-0.09446095675230026, -0.05325119569897652]], [[-0.09075416624546051, -0.021568037569522858]], [[-0.05957517772912979, 0.05014117807149887]], [[0.07324988394975662, -0.003462277352809906]], [[0.07266367226839066, -0.057054150849580765]], [[0.03843916207551956, 0.02556193619966507]], [[0.05668611079454422, 0.09505916386842728]], [[-0.07342974841594696, -0.06906503438949585]], [[0.01894567906856537, -0.04858969524502754]], [[-0.0053749531507492065, -0.030053257942199707]], [[0.03976105898618698, -0.048251617699861526]], [[-0.04249570518732071, -0.059603214263916016]], [[0.0961092934012413, 0.0073684826493263245]], [[-0.06487814337015152, -0.08063739538192749]], 