{"vc": [[0.39561396837234497, -0.3958749771118164], [-0.16418251395225525, 0.16409718990325928], [-0.4219720661640167, 0.42170074582099915], [0.003368058707565069, -0.003448712872341275], [0.09476245939731598, -0.09461358189582825], [0.06809622049331665, -0.06826796382665634]], "err": [[[-0.040228068828582764, 0.06430170685052872]], [[-0.0930742546916008, -0.05415060743689537]], [[0.02026834338903427, 3.756582736968994e-05]], [[-0.041602324694395065, 0.03189409524202347]], [[0.043940238654613495, 0.08001790195703506]], [[-0.07185481488704681, -0.08048389106988907]], [[-0.004567526280879974, 0.019514039158821106]], [[0.07467030733823776, -0.027524210512638092]], [[-0.06440553069114685, 0.0060839056968688965]], [[0.00023318827152252197, 0.041849248111248016]], [[-0.006807386875152588, -0.027639731764793396]], [[0.07546266168355942, 0.0972965881228447]], [[-0.0415601022541523, 0.012428082525730133]], [[-0.09347794204950333, -0.06632061302661896]], [[-0.04485570266842842, -0.032417699694633484]], [[-0.037403404712677, -0.05531594902276993]], [[-0.041668154299259186, -0.029903315007686615]], [[-0.04682917520403862, -0.0037333816289901733]], [[0.05574009567499161, 0.03942316025495529]], [[0.023347005248069763, 0.04093102365732193]], [[-0.08625411242246628, -0.014007568359375]], [[0.030185885727405548, -0.06245669350028038]], [[0.06572862714529037, -0.0610831156373024]], [[0.06074298173189163, -0.027502454817295074]], [[0.06367399543523788, -0.07944680750370026]], [[-0.03341567516326904, 0.01216442883014679]], [[0.06535906344652176, -0.011176012456417084]], [[-0.037641312927007675, -0.04143645986914635]], [[0.0014512166380882263, -0.020625516772270203]], [[-0.004672981798648834, 0.016015052795410156]], [[0.08735740929841995, 0.0437515452504158]], [[0.051924534142017365, -0.019053205847740173]], [[-0.020153678953647614, -0.07617193460464478]], [[0.08877093344926834, -0.05521468073129654]], [[-0.052036333829164505, -0.07040786743164062]], [[-0.019798889756202698, -0.0874396488070488]], [[-0.057312991470098495, -0.07314543426036835]], [[-0.04359058290719986, -0.0025560036301612854]], [[-0.09611734002828598, 0.09334491938352585]], [[0.08487377315759659, 0.057367466390132904]], [[0.08866939693689346, -0.04046520218253136]], [[-0.062339115887880325, -0.006890773773193359]], [[0.05203589051961899, -0.06222648546099663]], [[-0.08661061525344849, -0.0010527744889259338]], [[0.07009804993867874, -0.08491313457489014]], [[-0.029013633728027344, -0.018986620008945465]], [[-0.01892268657684326, -0.06088728830218315]], [[-0.07165489345788956, 0.03672733157873154]], [[0.055484212934970856, 0.0535743311047554]], [[0.01779574155807495, -0.026475772261619568]], [[0.04995550960302353, -0.05305146053433418]], [[0.04888356477022171, -0.08894920349121094]], [[0.007355436682701111, 0.012006327509880066]], [[0.03138221055269241, -0.07210302352905273]], [[-0.030451536178588867, 0.07131768018007278]], [[0.09751369804143906, -0.08840551227331161]], [[0.025686316192150116, -0.09960468858480453]], [[0.03548083454370499, 0.0010322779417037964]], [[-0.09704165905714035, -0.08085320889949799]], [[0.047568179666996, 0.07533658295869827]], [[-0.002152755856513977, -0.03703266382217407]], [[-0.011919021606445312, 0.00491853803396225]], [[0.0930100604891777, 0.08948829025030136]], [[-0.03600281476974487, 0.0727497860789299]], [[-0.014622189104557037, 0.01627826690673828]], [[-0.012838423252105713, -0.0350814014673233]], [[0.07284153252840042, -0.044540513306856155]], [[0.01916547119617462, 0.0473146066069603]], [[0.06746164709329605, -0.06286636739969254]], [[-0.06254640966653824, 0.029109381139278412]], [[0.022947289049625397, 0.011761531233787537]], [[0.0678233727812767, 0.0900997444987297]], [[0.0728662833571434, 0.04143238812685013]], [[-0.09610750526189804, 0.014270447194576263]], [[-0.015677735209465027, 0.05209740251302719]], [[0.08295129984617233, 0.08976583927869797]], [[-0.03556891530752182, 0.003717944025993347]], [[0.04642518609762192, -0.011253871023654938]], [[-0.04085465893149376, 0.09920822829008102]], [[0.09297766536474228, 0.07208690792322159]], [[0.08249137550592422, -0.06655104458332062]], [[0.08763844519853592, 0.008356355130672455]], [[-0.01258859783411026, -0.06338158249855042]], [[0.04547639936208725, 0.08565553277730942]], [[-0.027377068996429443, -0.0781724825501442]], [[-0.05246856436133385, 0.06812424212694168]], [[-0.013127587735652924, 0.03656918555498123]], [[0.03394118696451187, -0.025509178638458252]], [[0.03131970018148422, 0.08705154806375504]], [[0.05926588922739029, 0.026589445769786835]], [[0.07194942981004715, -0.09654344618320465]], [[0.02010713517665863, -0.0762561708688736]], [[-0.05495011806488037, -0.09193557500839233]], [[0.0764271542429924, -0.006669066846370697]], [[-0.04512140899896622, -0.09734749794006348]], [[-2.3826956748962402e-05, -0.02123667299747467]], [[0.0678446963429451, 0.09921491891145706]], [[0.05435449630022049, -0.07414523512125015]], [[-0.09235235303640366, 0.06038918346166611]], [[-0.054946865886449814, 0.05180058628320694]], [[-0.007876195013523102, 0.05257665365934372]], [[0.08676924556493759, 0.08326061815023422]], [[-0.04469681903719902, 0.020429834723472595]], [[-0.03714144229888916, -0.06518673896789551]], [[0.07840310782194138, 0.029772259294986725]], [[-0.0023636072874069214, -0.07201868295669556]], [[0.0659983828663826, -0.01636749505996704]], [[-0.04006374999880791, 0.04666503518819809]], [[0.039467014372348785, 0.0016608983278274536]], [[0.011750996112823486, -0.006758511066436768]], [[0.08348774164915085, -0.04219157621264458]], [[-0.02086488902568817, -0.00792163610458374]], [[-0.08208884298801422, -0.06260059028863907]], [[-0.0016723871231079102, -0.03949371725320816]], [[0.034272052347660065, 0.03424810618162155]], [[0.09561289101839066, 0.06691127270460129]], [[0.04073572903871536, 0.07172694057226181]], [[0.012727342545986176, -0.07914850860834122]], [[-0.03176315873861313, -0.0727730244398117]], [[-0.07505366951227188, 0.060318224132061005]], [[-0.041454017162323, 0.047188617289066315]], [[-0.07801182568073273, 0.09854982048273087]], [[-0.0009163990616798401, -0.07106568664312363]], [[0.004648052155971527, -0.07156561315059662]], [[0.061169616878032684, -0.08856997638940811]], [[-0.04009542614221573, 0.05923987179994583]], [[0.043627865612506866, -0.09897364675998688]], [[0.008473917841911316, 0.07335343211889267]], [[0.042186371982097626, -0.004377149045467377]], [[-0.09145241230726242, 0.0033078789710998535]], [[0.0856759175658226, -0.052368201315402985]], [[-0.06250957399606705, -0.06519672274589539]], [[0.003806963562965393, -0.030524112284183502]], [[-0.0129409059882164, -0.03190775215625763]], [[-0.01986142247915268, 0.05767296999692917]], [[-0.06660528481006622, 0.032422132790088654]], [[-0.012971974909305573, 0.0032967552542686462]], [[0.017986871302127838, -0.09883737564086914]], [[-0.07045161724090576, -0.01824134588241577]], [[-0.09654047340154648, 0.004010304808616638]], [[-0.0830068364739418, -0.051268137991428375]], [[0.008401453495025635, 0.01813952624797821]], [[-0.0970856323838234, -0.08827777206897736]], [[-0.05010216310620308, 0.07057515531778336]], [[0.023660920560359955, -0.06052694469690323]], [[-0.09709399193525314, -0.09149632602930069]], [[0.05146900564432144, -0.06496340036392212]], [[0.09611178189516068, -0.03727562725543976]], [[-0.017331622540950775, 0.036665596067905426]], [[0.09356296807527542, 0.017589829862117767]], [[-0.04617476463317871, 0.023375406861305237]], [[-0.09014540910720825, -0.008147552609443665]], [[0.03544081002473831, 0.0071125030517578125]], [[0.035419754683971405, 0.007907725870609283]], [[-0.05976015329360962, -0.03369802236557007]], [[-0.08957955986261368, 0.06229536980390549]], [[-0.06187131628394127, -0.07905007898807526]], [[-0.0845625177025795, 0.049192674458026886]], [[-0.023695409297943115, 0.031452976167201996]], [[-0.037429749965667725, -0.05035970360040665]], [[0.035491250455379486, -0.07840065658092499]], [[-0.01667008548974991, 