{"vc": [[0.46101635694503784, -0.46099957823753357], [-0.21567261219024658, 0.21568500995635986], [-0.5494983196258545, 0.5494768023490906], [0.005618012510240078, -0.00560257863253355], [0.11040248721837997, -0.11043360829353333], [0.07841460406780243, -0.07845381647348404]], "err": [[[-0.012681305408477783, -0.04629575088620186]], [[0.09840286523103714, -0.06724919378757477]], [[-0.015847720205783844, -0.06420250236988068]], [[-0.028603993356227875, 0.055365703999996185]], [[0.045856304466724396, 0.017721273005008698]], [[-0.09510856121778488, 0.02406998723745346]], [[-0.08515454828739166, -0.007232867181301117]], [[0.07689086347818375, 0.07816193252801895]], [[0.014367781579494476, -0.005616500973701477]], [[-0.03765520080924034, 0.009408101439476013]], [[-0.05638023838400841, 0.09249172359704971]], [[0.06795818358659744, -0.09972802549600601]], [[-0.011421188712120056, -0.041092611849308014]], [[-0.03525717556476593, 0.0018450990319252014]], [[-0.07003102451562881, 0.006879091262817383]], [[0.08863239735364914, 0.053908027708530426]], [[-0.03823479637503624, 0.09359460324048996]], [[0.07964738458395004, -0.07788517326116562]], [[0.02288839966058731, 0.01304934173822403]], [[-0.015465736389160156, 0.007272735238075256]], [[-0.08897377550601959, -0.035685181617736816]], [[0.026656396687030792, -0.03377190977334976]], [[-0.07428385317325592, -0.025973044335842133]], [[0.03222189098596573, 0.00640704482793808]], [[-0.0652092695236206, 0.007192179560661316]], [[-0.057721175253391266, -0.019716009497642517]], [[-0.052948880940675735, -0.02087988704442978]], [[-0.04166034609079361, -0.028586365282535553]], [[0.053225718438625336, 0.03193328529596329]], [[-0.009901478886604309, 0.07542792707681656]], [[-0.07610771805047989, -0.08354674279689789]], [[-0.008821964263916016, 0.044182188808918]], [[-0.023143015801906586, 0.07512416690587997]], [[0.07996273785829544, -0.042096544057130814]], [[0.05742534250020981, 0.02633250504732132]], [[-0.047704365104436874, 0.08016896992921829]], [[-0.06975165754556656, 0.033595629036426544]], [[0.08295159786939621, 0.07585900276899338]], [[-0.05916580185294151, 0.07166262716054916]], [[0.00121394544839859, -0.036550141870975494]], [[-0.018487736582756042, 0.01677076518535614]], [[-0.042900778353214264, -0.09430430084466934]], [[0.0834835097193718, -0.0545269139111042]], [[-0.0007128491997718811, -0.01694716513156891]], [[0.08170095831155777, 0.015966787934303284]], [[-0.0600048191845417, 0.08170755952596664]], [[-0.057711411267519, 0.007394455373287201]], [[-0.08480998128652573, 0.09504462033510208]], [[0.04621943086385727, 0.07107342034578323]], [[0.011628583073616028, -0.08879715204238892]], [[0.01231936365365982, 0.01244819164276123]], [[0.024030067026615143, 0.04039747267961502]], [[0.05880206078290939, 0.004184700548648834]], [[0.02369115501642227, 0.036628372967243195]], [[-0.06755034625530243, 0.05106443911790848]], [[0.03826639801263809, 0.06199295073747635]], [[-0.08552203327417374, 0.07785028964281082]], [[-0.029861725866794586, -0.0778021439909935]], [[-0.040166568011045456, 0.04830341786146164]], [[-0.06292609870433807, 0.07149607688188553]], [[0.04158049076795578, -0.055257704108953476]], [[0.0016995668411254883, 0.03643269091844559]], [[-0.07023318111896515, -0.05158468708395958]], [[-0.04844217374920845, 0.08402276784181595]], [[-0.025552771985530853, 0.02735023945569992]], [[-0.08616744726896286, -0.004504665732383728]], [[0.05393686145544052, 0.06381220370531082]], [[-0.08903048187494278, 0.07897589355707169]], [[-0.040261413902044296, -0.06524765491485596]], [[0.07068365067243576, -0.07156560570001602]], [[0.024627909064292908, -0.023993387818336487]], [[0.0680575743317604, 0.08311467617750168]], [[-0.028953947126865387, -0.0939205065369606]], [[-0.003819704055786133, -0.08800333738327026]], [[0.035663045942783356, 0.0266261026263237]], [[-0.06135983392596245, -0.007987424731254578]], [[-0.05324125289916992, -0.032850123941898346]], [[0.06202355772256851, 0.029468469321727753]], [[-0.02030479907989502, 0.01633419096469879]], [[-0.04823660850524902, -0.022069767117500305]], [[-0.008035682141780853, 0.0008907467126846313]], [[0.011003896594047546, 0.09818959981203079]], [[-0.008130624890327454, 0.09985094517469406]], [[-0.057913102209568024, 0.01728375256061554]], [[0.021881558001041412, 0.03646492213010788]], [[0.030102618038654327, 0.03179550915956497]], [[0.09838876873254776, -0.042967211455106735]], [[-0.09587905555963516, 0.045908160507678986]], [[0.0522497221827507, -0.06306537985801697]], [[0.08697552233934402, 0.06909104436635971]], [[-0.08821704238653183, 0.08266160637140274]], [[0.06938719004392624, 0.08357345312833786]], [[-0.07257978618144989, 0.09513577073812485]], [[0.09426421672105789, 0.012236855924129486]], [[0.06654483824968338, 0.0037604793906211853]], [[-0.0994306430220604, -0.04223918914794922]], [[-0.06010875850915909, 0.05812182277441025]], [[0.06441593915224075, -0.015550516545772552]], [[-0.09895479679107666, -0.03361930698156357]], [[0.08222130686044693, 0.011162146925926208]], [[0.03607571870088577, 0.09946583956480026]], [[0.09752582758665085, -0.057879507541656494]], [[-6.844848394393921e-05, -0.08943945169448853]], [[-0.034357085824012756, -0.06545183807611465]], [[-0.05542267486453056, 0.04432792216539383]], [[-0.09400661289691925, -0.0054183825850486755]], [[0.08944488316774368, -0.05560796335339546]], [[-0.02210475504398346, -0.09375523775815964]], [[-0.09002083539962769, 0.022191286087036133]], [[0.0356140211224556, -0.015972614288330078]], [[-0.038670897483825684, 0.07402009516954422]], [[0.023530147969722748, 0.01690290868282318]], [[-0.06315597891807556, 0.0029944777488708496]], [[-0.06224631145596504, 0.07448922842741013]], [[0.09074137359857559, 0.05747620016336441]], [[-0.02952132374048233, 0.08795209974050522]], [[-0.06897206604480743, 0.06143931299448013]], [[-0.08702533692121506, -0.07295946776866913]], [[-0.04660266637802124, -0.004566647112369537]], [[0.08373568207025528, -0.05757122114300728]], [[-0.04521984979510307, -0.03977635130286217]], [[-0.02073659747838974, -0.0036718621850013733]], [[-0.06676557660102844, -0.06872309744358063]], [[0.029392950236797333, -0.05742243677377701]], [[0.03010658174753189, 0.030147530138492584]], [[0.05383174866437912, 0.04028894752264023]], [[0.00884322077035904, -0.05606429651379585]], [[0.09805316478013992, -0.03920780494809151]], [[-0.007262147963047028, 0.0677434578537941]], [[0.0865834429860115, 0.07480578869581223]], [[0.05627032369375229, 0.09114234894514084]], [[0.017120957374572754, -0.0819520354270935]], [[-0.0987309142947197, -0.035655103623867035]], [[-0.02015577256679535, 0.01993495225906372]], [[0.08893676847219467, -0.03481839597225189]], [[0.08599505573511124, 0.031710900366306305]], [[-0.0389152429997921, -0.07487381994724274]], [[0.05046897381544113, 0.04252297431230545]], [[-0.07218123972415924, 0.07562137395143509]], [[-0.056260693818330765, 0.041059620678424835]], [[0.0374063178896904, -0.051669251173734665]], [[-0.075778067111969, 0.05083847790956497]], [[0.014879606664180756, 0.08783430606126785]], [[-0.06575387716293335, -0.07397953420877457]], [[0.07467151433229446, -0.07825110107660294]], [[0.09588859230279922, -0.05211055278778076]], [[-0.06082416698336601, -0.04401543363928795]], [[0.057225532829761505, -0.005393721163272858]], [[0.07907793670892715, -0.04505426809191704]], [[-0.022726401686668396, 0.06622076779603958]], [[-0.02273283153772354, 0.04440320283174515]], [[-0.06292365491390228, -0.09515532106161118]], [[-0.07766006886959076, 0.02420598268508911]], [[0.08892045170068741, -0.0927024856209755]], [[0.0870361402630806, 0.01184634119272232]], [[-0.047644246369600296, -0.07999150454998016]], [[-0.07380889356136322, 0.08884615451097488]], [[-0.06907963752746582, 0.09678144007921219]], [[0.048014797270298004, -0.030843064188957214]], [[0.036546818912029266, -0.04035038873553276]], [[0.0761353000998497, -0.021958783268928528]], [[-0.002663150429725647, 0.09202263504266739]], 