{"vc": [[-0.08414782583713531, 0.0, 0.0], [0.0, -0.06628865748643875, 0.06620802730321884], [-0.021763645112514496, 0.3115805983543396, -0.3116438686847687], [-0.05629753693938255, 0.0, 0.0], [0.0, 0.0, 0.0], [0.0, 0.0, 0.0], [0.0, 0.015548428520560265, -0.015417403541505337], [0.0, 0.0, 0.0], [0.0, 0.0, 0.0], [0.5440547466278076, 0.0, 0.0]], "true_y1": [[[0.4006600081920624]], [[29.16130828857422]], [[34.44733428955078]], [[49.890464782714844]], [[63.653255462646484]], [[75.81065368652344]], [[79.23391723632812]], [[92.15015411376953]], [[99.87196350097656]], [[108.05775451660156]], [[112.80593872070312]], [[115.45496368408203]], [[117.7230224609375]], [[119.67911529541016]], [[123.47174072265625]], [[125.61964416503906]], [[127.21253204345703]], [[128.65122985839844]], [[129.48599243164062]], [[130.73008728027344]], [[131.39129638671875]], [[131.7311248779297]], [[132.0950164794922]], [[132.21957397460938]], [[132.4009552001953]], [[132.54983520507812]], [[132.6064453125]], [[132.72689819335938]], [[132.82009887695312]], [[132.89292907714844]], [[133.00262451171875]], [[133.05519104003906]], [[133.14483642578125]], [[133.19456481933594]], [[133.281005859375]], [[133.3543701171875]], [[133.42710876464844]], [[133.48753356933594]], [[133.57205200195312]], [[133.66859436035156]], [[133.7168731689453]], [[1.0533000230789185]], [[12.823323249816895]], [[20.465118408203125]], [[31.554332733154297]], [[41.859554290771484]], [[48.188499450683594]], [[57.06486511230469]], [[67.31458282470703]], [[73.83001708984375]], [[81.22791290283203]], [[82.7862548828125]], [[85.75888061523438]], [[92.81661224365234]], [[93.74180603027344]], [[96.99982452392578]], [[98.34904479980469]], [[100.08393859863281]], [[101.95016479492188]], [[103.996826171875]], [[106.53543090820312]], [[106.9971923828125]], [[107.66767120361328]], [[108.01203155517578]], [[108.26779174804688]], [[108.4587631225586]], [[108.58299255371094]], [[108.70093536376953]], [[108.77936553955078]], [[108.86671447753906]], [[108.92584991455078]], [[109.12488555908203]], [[109.1435317993164]], [[109.167236328125]], [[109.18585205078125]], [[109.20037841796875]], [[109.21968078613281]], [[1.104699969291687]], [[6.8736653327941895]], [[15.454452514648438]], [[26.461177825927734]], [[29.01092529296875]], [[38.93625259399414]], [[43.46681594848633]], [[51.88682174682617]], [[55.618160247802734]], [[59.1223258972168]], [[65.3508529663086]], [[70.59817504882812]], [[72.88833618164062]], [[75.9124755859375]], [[77.69206237792969]], [[80.7957534790039]], [[83.3108139038086]], [[86.63335418701172]], [[87.3786849975586]], [[88.66028594970703]], [[89.93142700195312]], [[91.68608093261719]], [[92.39115142822266]], [[93.06916809082031]], [[93.32854461669922]], [[93.64019012451172]], [[93.95167541503906]], [[94.10301208496094]], [[94.25164794921875]], [[94.38899230957031]], [[94.4692153930664]], [[94.56317138671875]], [[94.60840606689453]], [[94.67735290527344]], [[94.70341491699219]], [[94.77838897705078]], [[94.82833099365234]], [[94.8769302368164]], [[94.90129852294922]], [[0.6033599972724915]], [[13.231017112731934]], [[20.50333023071289]], [[29.76782989501953]], [[34.1031608581543]], [[38.27126693725586]], [[46.00468063354492]], [[51.25313186645508]], [[56.006431579589844]], [[60.280738830566406]], [[64.10490417480469]], [[67.5020523071289]], [[69.54351806640625]], [[73.1592025756836]], [[75.47550964355469]], [[78.73500061035156]], [[82.64720153808594]], [[84.13754272460938]], [[85.38847351074219]], [[86.67666625976562]], [[88.08250427246094]], [[88.87225341796875]], [[89.87077331542969]], [[90.45809936523438]], [[90.71006774902344]], [[91.2201919555664]], [[91.58686828613281]], [[91.90391540527344]], [[92.18415832519531]], [[92.39368438720703]], [[92.65963745117188]], [[92.90055084228516]], [[93.06059265136719]], [[93.27381134033203]], [[93.41718292236328]], [[93.52930450439453]], [[93.7197494506836]], [[93.90391540527344]], [[94.05841827392578]], [[94.21074676513672]], [[94.33638763427734]], [[94.46123504638672]], [[94.65985870361328]], [[94.80885314941406]], [[94.95759582519531]], [[0.35506001114845276]], [[10.57041072845459]], [[18.509225845336914]], [[31.468746185302734]], [[41.249778747558594]], [[48.47322463989258]], [[55.81092834472656]], [[60.9258918762207]], [[67.49748229980469]], [[70.11565399169922]], [[73.41081237792969]], [[76.41413116455078]], [[79.03147888183594]], [[79.83174896240234]], [[80.99729919433594]], [[81.98560333251953]], [[83.42613983154297]], [[84.19931030273438]], [[84.96448516845703]], [[85.35108947753906]], [[85.95045471191406]], [[86.47840118408203]], [[86.68646240234375]], [[87.2001724243164]], [[87.49797821044922]], [[87.83501434326172]], [[88.15522003173828]], [[88.4604263305664]], [[88.75715637207031]], [[89.04325103759766]], [[89.23063659667969]], [[89.60090637207031]], [[89.82856750488281]], [[90.14356994628906]], [[90.27953338623047]], [[90.68184661865234]], [[90.9062271118164]], [[91.12874603271484]], [[91.30912017822266]], [[91.8050308227539]], [[91.98551177978516]], [[92.21360778808594]], [[92.53468322753906]], [[92.81233215332031]], [[93.04615020751953]], [[93.27957916259766]], [[93.65930938720703]], [[93.99394989013672]], [[94.33302307128906]], [[94.47936248779297]], [[94.77288818359375]], [[95.07025146484375]], [[95.4205093383789]], [[95.67320251464844]], [[95.92865753173828]], [[0.1057400032877922]], [[5.4028120040893555]], [[17.03237533569336]], [[21.930805206298828]], [[28.86973762512207]], [[37.23687744140625]], [[41.83566665649414]], [[46.02618408203125]], [[51.809024810791016]], [[54.89363098144531]], [[58.12517166137695]], [[60.47807312011719]], [[63.30943298339844]], [[65.36647033691406]], [[67.14990234375]], [[69.18193817138672]], [[70.27959442138672]], [[71.27772521972656]], [[72.3567123413086]], [[73.48041534423828]], [[74.35301208496094]], [[75.15243530273438]], [[75.90054321289062]], [[76.25377655029297]], [[76.93477630615234]], [[77.68254852294922]], [[78.29656219482422]], [[78.98493194580078]], [[79.4622802734375]], [[80.11434173583984]], [[80.39176940917969]], [[81.02511596679688]], [[81.65106964111328]], [[82.09542846679688]], [[82.80451965332031]], [[83.15545654296875]], [[83.68433380126953]], [[84.2140121459961]], [[84.83460235595703]], [[85.36868286132812]], [[85.72722625732422]], [[86.62783813476562]], [[87.08385467529297]], [[88.00182342529297]], [[88.0942611694336]], [[88.74546813964844]], [[89.78561401367188]], [[90.07213592529297]], [[90.84136962890625]], [[91.42483520507812]], [[91.91751098632812]], [[92.41204833984375]], [[93.2114028930664]], [[0.05844400078058243]], [[4.832275867462158]], [[7.197996139526367]], [[12.626472473144531]], [[18.59779167175293]], [[22.167856216430664]], [[26.24676513671875]], [[28.828380584716797]], [[34.21607208251953]], [[36.42978286743164]], [[40.01985168457031]], [[41.917396545410156]], [[45.8099479675293]], [[46.98240280151367]], [[49.911231994628906]], [[51.563907623291016]], [[53.39858627319336]], [[56.40061950683594]], [[57.86368942260742]], [[59.22685241699219]], [[60.70402526855469]], [[61.30965805053711]], [[62.27217102050781]], [[63.90888595581055]], [[64.93627166748047]], [[65.9247817993164]], [[66.87728881835938]], [[67.80387115478516]], [[68.70499420166016]], [[69.73175048828125]], [[70.16471099853516]], [[71.30683898925781]], [[72.28826141357422]], [[72.98514556884766]], [[73.8167495727539]], [[74.50845336914062]], [[75.33416748046875]], [[76.30030059814453]], [[77.12998962402344]], [[77.9580078125]], [[78.65361785888672]], [[79.63025665283203]], [[81.179443359375]], [[82.03306579589844]], [[82.88963317871094]], [[84.04277038574219]], [[84.48113250732422]], [[85.35676574707031]], [[86.2419662475586]], [[87.4302978515625]], [[87.88008117675781]], [[88.93682098388672]]]}