{"vc": [[0.009604268707334995, 0.0, 0.0], [0.0, 0.0, 0.0], [0.04154391214251518, -0.051299795508384705, 0.05139066278934479], [0.2242375761270523, 0.0, 0.0], [0.0, 0.0, 0.0], [0.0, 0.0, 0.0], [0.0, 0.0011885748244822025, 0.0], [0.0, 0.0, 0.0], [0.0, 0.0, 0.0], [0.9220108985900879, 0.0, 0.0]], "true_y1": [[[0.4006600081920624]], [[50.999515533447266]], [[60.743255615234375]], [[90.75489807128906]], [[120.42156982421875]], [[150.311767578125]], [[159.61489868164062]], [[199.96499633789062]], [[230.02059936523438]], [[270.419677734375]], [[300.6141052246094]], [[320.92401123046875]], [[341.15594482421875]], [[361.4805603027344]], [[412.8509521484375]], [[454.1070556640625]], [[495.577880859375]], [[547.787109375]], [[589.69677734375]], [[685.6084594726562]], [[772.547119140625]], [[838.8082885742188]], [[940.9295654296875]], [[987.4862060546875]], [[1070.78076171875]], [[1156.830078125]], [[1194.5963134765625]], [[1285.5262451171875]], [[1366.6072998046875]], [[1436.9091796875]], [[1554.8551025390625]], [[1616.67333984375]], [[1730.352783203125]], [[1798.081787109375]], [[1924.207763671875]], [[2040.210205078125]], [[2164.110595703125]], [[2274.397216796875]], [[2441.17138671875]], [[2651.927734375]], [[2766.540283203125]], [[1.0533000230789185]], [[21.631168365478516]], [[35.32911682128906]], [[56.052207946777344]], [[76.69456481933594]], [[90.33009338378906]], [[111.18980407714844]], [[138.9534454345703]], [[159.7040557861328]], [[187.8922882080078]], [[194.71005249023438]], [[208.86190795898438]], [[251.25767517089844]], [[258.16912841796875]], [[286.5318298339844]], [[300.7511291503906]], [[322.170166015625]], [[350.96307373046875]], [[394.2695617675781]], [[489.5881042480469]], [[519.21533203125]], [[579.6588134765625]], [[625.625732421875]], [[672.57958984375]], [[720.1536254882812]], [[760.646240234375]], [[810.330322265625]], [[852.6625366210938]], [[913.533203125]], [[967.2439575195312]], [[1334.8876953125]], [[1394.064208984375]], [[1481.2513427734375]], [[1560.658935546875]], [[1630.2281494140625]], [[1734.2010498046875]], [[1.104699969291687]], [[11.193571090698242]], [[26.50104522705078]], [[47.07428741455078]], [[52.05977249145508]], [[72.60155487060547]], [[82.7579116821289]], [[103.49272155761719]], [[113.705078125]], [[124.05325317382812]], [[144.8421173095703]], [[165.73959350585938]], [[176.2470703125]], [[191.90573120117188]], [[202.33969116210938]], [[223.5222930908203]], [[244.66676330566406]], [[281.890625]], [[292.55377197265625]], [[314.0335693359375]], [[341.0506591796875]], [[395.7899475097656]], [[429.05572509765625]], [[474.0011291503906]], [[496.9487609863281]], [[531.562744140625]], [[578.5269165039062]], [[608.6116333007812]], [[645.5156860351562]], [[689.3561401367188]], [[721.3377685546875]], [[767.52734375]], [[794.2888793945312]], [[842.7936401367188]], [[864.1546630859375]], [[937.9273681640625]], [[1000.2490234375]], [[1074.451171875]], [[1117.7860107421875]], [[0.6033599972724915]], [[22.87806510925293]], [[36.16545867919922]], [[53.98630142211914]], [[62.81538772583008]], [[71.69447326660156]], [[89.49381256103516]], [[102.88628387451172]], [[116.27312469482422]], [[129.66673278808594]], [[143.09410095214844]], [[156.54078674316406]], [[165.50611877441406]], [[183.54745483398438]], [[197.03073120117188]], [[219.7042236328125]], [[256.1805419921875]], [[274.5182189941406]], [[292.9482421875]], [[316.0921936035156]], [[348.7086181640625]], [[372.20269775390625]], [[410.3790588378906]], [[439.4258728027344]], [[453.97332763671875]], [[488.45294189453125]], [[518.5050048828125]], [[549.03955078125]], [[580.2984619140625]], [[606.7146606445312]], [[644.5054321289062]], [[683.2901000976562]], [[711.6329345703125]], [[752.7581787109375]], [[782.6427612304688]], [[807.2901000976562]], [[851.7623291015625]], [[897.9364013671875]], [[939.122802734375]], [[981.9683227539062]], [[1019.0248413085938]], [[1057.4306640625]], [[1121.931884765625]], [[1173.2041015625]], [[1227.0228271484375]], [[0.35506001114845276]], [[18.364824295043945]], [[32.79758071899414]], [[58.082984924316406]], [[79.65802001953125]], [[97.90519714355469]], [[119.65476989746094]], [[137.774169921875]], [[166.98301696777344]], [[181.5413360595703]], [[203.661865234375]], [[229.47744750976562]], [[259.2857360839844]], [[270.4695739746094]], [[289.2185974121094]], [[308.0817565917969]], [[342.48028564453125]], [[365.6435852050781]], [[393.0146179199219]], [[408.9168395996094]], [[436.8787841796875]], [[465.3699035644531]], [[477.7124328613281]], [[511.1353759765625]], [[532.5444946289062]], [[558.6588745117188]], [[585.364013671875]], [[612.5531005859375]], [[640.610107421875]], [[669.1665649414062]], [[688.66552734375]], [[729.0332641601562]], [[755.063232421875]], [[792.6071166992188]], [[809.3652954101562]], [[860.9517822265625]], [[891.0573120117188]], [[921.8960571289062]], [[947.6375732421875]], [[1022.0449829101562]], [[1050.5321044921875]], [[1087.685791015625]], [[1142.2989501953125]], [[1191.8681640625]], [[1235.4283447265625]], [[1280.68798828125]], [[1358.41015625]], [[1431.5126953125]], [[1510.4639892578125]], [[1546.1851806640625]], [[1621.0694580078125]], [[1701.6837158203125]], [[1803.4027099609375]], [[1881.785400390625]], [[1965.69189453125]], [[0.1057400032877922]], [[9.46284294128418]], [[30.568679809570312]], [[39.923362731933594]], [[53.97477722167969]], [[72.81163024902344]], [[84.47957611083984]], [[96.27740478515625]], [[115.14665985107422]], [[126.93988800048828]], [[141.12783813476562]], [[153.02792358398438]], [[169.73269653320312]], [[184.05433654785156]], [[198.4563446044922]], [[217.82249450683594]], [[229.94305419921875]], [[242.19906616210938]], [[256.98931884765625]], [[274.3642272949219]], [[289.43414306640625]], [[304.5787658691406]], [[319.9939880371094]], [[327.7079162597656]], [[343.3883972167969]], [[361.84844970703125]], [[377.9773864746094]], [[397.0826416015625]], [[410.94964599609375]], [[430.6820373535156]], [[439.3455505371094]], [[459.70294189453125]], [[480.5882568359375]], [[495.8617858886719]], [[520.9844360351562]], [[533.7544555664062]], [[553.418212890625]], [[573.6188354492188]], [[597.9421997070312]], [[619.45556640625]], [[634.2086791992188]], [[672.4164428710938]], [[692.4212036132812]], [[734.1336059570312]], [[738.4463500976562]], [[769.4447631835938]], [[821.3524780273438]], [[836.20849609375]], [[877.3829956054688]], [[909.950927734375]], [[938.4169311523438]], [[967.93701171875]], [[1017.8060302734375]], [[0.05844400078058243]], [[8.591683387756348]], [[12.855445861816406]], [[22.808818817138672]], [[34.19652557373047]], [[41.33176803588867]], [[49.89517593383789]], [[55.599422454833984]], [[68.43119049072266]], [[74.15904235839844]], [[84.17451477050781]], [[89.90351867675781]], [[102.8421630859375]], [[107.11196899414062]], [[118.70557403564453]], [[125.92945098876953]], [[134.6324005126953]], [[150.71751403808594]], [[159.5302734375]], [[168.39874267578125]], [[178.79122924804688]], [[183.3021240234375]], [[190.78404235839844]], [[204.419921875]], [[213.5813446044922]], [[222.8374786376953]], [[232.16209411621094]], [[241.6065673828125]], [[251.13380432128906]], [[262.3830871582031]], [[267.2471008300781]], [[280.4037780761719]], [[292.0664978027344]], [[300.5366516113281]], [[310.8391418457031]], [[319.56353759765625]], [[330.15570068359375]], [[342.7867126464844]], [[353.8338623046875]], [[365.0408020019531]], [[374.5960693359375]], [[388.23040771484375]], [[410.39581298828125]], [[422.90289306640625]], [[435.6734619140625]], [[453.2322998046875]], [[460.0228576660156]], [[473.7875671386719]], [[487.9869079589844]], [[507.5273132324219]], [[515.0745239257812]], [[533.15283203125]]]}