{"vc": [[-0.0734800472855568, 0.0, 0.0], [0.0, -0.05864632502198219, 0.058612704277038574], [-0.013658197596669197, 0.3085050880908966, -0.30854153633117676], [-0.01700412482023239, 0.0, 0.0], [0.0, 0.0, 0.0], [0.0, 0.0, 0.0], [0.0, 0.013514675199985504, -0.013597692362964153], [0.0, 0.0, 0.0], [0.0, 0.0, 0.0], [0.6012769341468811, 0.0, 0.0]], "true_y1": [[[0.4006600081920624]], [[32.32858657836914]], [[38.203853607177734]], [[55.39137649536133]], [[70.74840545654297]], [[84.35777282714844]], [[88.19921875]], [[102.74058532714844]], [[111.4791259765625]], [[120.79400634765625]], [[126.22990417480469]], [[129.2765655517578]], [[131.8950653076172]], [[134.16246032714844]], [[138.591064453125]], [[141.12709045410156]], [[143.02903747558594]], [[144.77206420898438]], [[145.80120849609375]], [[147.38059997558594]], [[148.2643280029297]], [[148.7429656982422]], [[149.28848266601562]], [[149.4868927001953]], [[149.7905731201172]], [[150.05580139160156]], [[150.1609344482422]], [[150.39303588867188]], [[150.58047485351562]], [[150.73147583007812]], [[150.96575927734375]], [[151.08059692382812]], [[151.2797088623047]], [[151.39170837402344]], [[151.58859252929688]], [[151.75753784179688]], [[151.92645263671875]], [[152.0676727294922]], [[152.26641845703125]], [[152.49490356445312]], [[152.60968017578125]], [[1.0533000230789185]], [[14.128532409667969]], [[22.623680114746094]], [[34.96498107910156]], [[46.45466995239258]], [[53.52436447143555]], [[63.46150207519531]], [[74.97689056396484]], [[82.32642364501953]], [[90.70826721191406]], [[92.48001861572266]], [[95.86688232421875]], [[103.95539093017578]], [[105.02203369140625]], [[108.79425811767578]], [[110.36542510986328]], [[112.39593505859375]], [[114.59713745117188]], [[117.04169464111328]], [[120.16444396972656]], [[120.75595092773438]], [[121.64468383789062]], [[122.12519073486328]], [[122.50157165527344]], [[122.80081176757812]], [[123.00883483886719]], [[123.22151184082031]], [[123.37508392333984]], [[123.56339263916016]], [[123.70600891113281]], [[124.38309478759766]], [[124.46825408935547]], [[124.58524322509766]], [[124.68428802490234]], [[124.7659683227539]], [[124.8802719116211]], [[1.104699969291687]], [[7.518255233764648]], [[17.063106536865234]], [[29.32183074951172]], [[32.16501998901367]], [[43.24901580810547]], [[48.319026947021484]], [[57.76428985595703]], [[61.96138000488281]], [[65.91060638427734]], [[72.95207977294922]], [[78.911376953125]], [[81.52202606201172]], [[84.98054504394531]], [[87.02275085449219]], [[90.59989166259766]], [[93.5169906616211]], [[97.40758514404297]], [[98.2885513305664]], [[99.8134994506836]], [[101.34306335449219]], [[103.50121307373047]], [[104.39585876464844]], [[105.28504943847656]], [[105.63734436035156]], [[106.07479858398438]], [[106.53585815429688]], [[106.77330780029297]], [[107.01963806152344]], [[107.26402282714844]], [[107.41737365722656]], [[107.61097717285156]], [[107.71121215820312]], [[107.87551879882812]], [[107.94200134277344]], [[108.15017700195312]], [[108.30587005615234]], [[108.47335815429688]], [[108.5639419555664]], [[0.6033599972724915]], [[14.649669647216797]], [[22.746519088745117]], [[33.07526779174805]], [[37.91580581665039]], [[42.57505416870117]], [[51.236915588378906]], [[57.13111877441406]], [[62.482791900634766]], [[67.30841064453125]], [[71.63858032226562]], [[75.49732208251953]], [[77.82261657714844]], [[81.9552230834961]], [[84.61418914794922]], [[88.37542724609375]], [[92.93213653564453]], [[94.68571472167969]], [[96.16846466064453]], [[97.7092056274414]], [[99.4132308959961]], [[100.38528442382812]], [[101.63695526123047]], [[102.38990020751953]], [[102.71800231933594]], [[103.39410400390625]], [[103.89213562011719]], [[104.33281707763672]], [[104.73149871826172]], [[105.0359115600586]], [[105.43089294433594]], [[105.79751586914062]], [[106.04583740234375]], [[106.38258361816406]], [[106.61273193359375]], [[106.79471588134766]], [[107.10763549804688]], [[107.41445922851562]], [[107.6747817993164]], [[107.93380737304688]], [[108.14905548095703]], [[108.36424255371094]], [[108.70903015136719]], [[108.96942901611328]], [[109.2307357788086]], [[0.35506001114845276]], [[11.724435806274414]], [[20.567153930664062]], [[35.028663635253906]], [[45.97824478149414]], [[54.09340286254883]], [[62.371551513671875]], [[68.16963958740234]], [[75.66520690917969]], [[78.67110443115234]], [[82.47623443603516]], [[85.97327423095703]], [[89.05367279052734]], [[90.00398254394531]], [[91.3974380493164]], [[92.58976745605469]], [[94.35138702392578]], [[95.31224822998047]], [[96.27709197998047]], [[96.77088928222656]], [[97.54625701904297]], [[98.2404556274414]], [[98.51721954345703]], [[99.20878601074219]], [[99.61527252197266]], [[100.08035278320312]], [[100.52714538574219]], [[100.95738220214844]], [[101.37960815429688]], [[101.79016876220703]], [[102.0608139038086]], [[102.59935760498047]], [[102.93277740478516]], [[103.396728515625]], [[103.59785461425781]], [[104.1957778930664]], [[104.53091430664062]], [[104.8643569946289]], [[105.13538360595703]], [[105.88362121582031]], [[106.156982421875]], [[106.50318908691406]], [[106.9918212890625]], [[107.41551971435547]], [[107.77312469482422]], [[108.13081359863281]], [[108.71405029296875]], [[109.22938537597656]], [[109.75276184082031]], [[109.97901153564453]], [[110.4334487915039]], [[110.89466857910156]], [[111.43897247314453]], [[111.83234405517578]], [[112.23057556152344]], [[0.1057400032877922]], [[6.010278701782227]], [[18.98260498046875]], [[24.45403480529785]], [[32.21693801879883]], [[41.60485076904297]], [[46.78202819824219]], [[51.51359939575195]], [[58.07118225097656]], [[61.58596420288086]], [[65.28434753417969]], [[67.98990631103516]], [[71.263427734375]], [[73.65682983398438]], [[75.74473571777344]], [[78.14176177978516]], [[79.44628143310547]], [[80.6395034790039]], [[81.93791961669922]], [[83.30085754394531]], [[84.36770629882812]], [[85.35222625732422]], [[86.28015899658203]], [[86.72061920166016]], [[87.57408142089844]], [[88.51786041259766]], [[89.29801940917969]], [[90.17813873291016]], [[90.79177856445312]], [[91.63421630859375]], [[91.99405670166016]], [[92.81855010986328]], [[93.63729095458984]], [[94.22068786621094]], [[95.15511322021484]], [[95.6190414428711]], [[96.31989288330078]], [[97.02371978759766]], [[97.85060119628906]], [[98.56401062011719]], [[99.04380798339844]], [[100.2518081665039]], [[100.86489868164062]], [[102.10169982910156]], [[102.22643280029297]], [[103.10600280761719]], [[104.51393127441406]], [[104.90237426757812]], [[105.9464340209961]], [[106.73946380615234]], [[107.40979766845703]], [[108.08328247070312]], [[109.17310333251953]], [[0.05844400078058243]], [[5.393669128417969]], [[8.03817367553711]], [[14.109254837036133]], [[20.79501724243164]], [[24.797832489013672]], [[29.37808609008789]], [[32.28168487548828]], [[38.35599899291992]], [[40.8587646484375]], [[44.92814636230469]], [[47.085113525390625]], [[51.52560806274414]], [[52.86787796020508]], [[56.2322883605957]], [[58.13886642456055]], [[60.26328659057617]], [[63.76008987426758]], [[65.4749755859375]], [[67.07987976074219]], [[68.82745361328125]], [[69.5466537475586]], [[70.69304656982422]], [[72.65245056152344]], [[73.88908386230469]], [[75.08392333984375]], [[76.23992919921875]], [[77.36886596679688]], [[78.47090148925781]], [[79.73143005371094]], [[80.26446533203125]], [[81.67473602294922]], [[82.89115905761719]], [[83.75733947753906]], [[84.79347229003906]], [[85.65726470947266]], [[86.69061279296875]], [[87.90252685546875]], [[88.94556427001953]], [[89.98844909667969]], [[90.86595916748047]], [[92.09999084472656]], [[94.06180572509766]], [[95.14484405517578]], [[96.23294830322266]], [[97.69972229003906]], [[98.25785064697266]], [[99.3735580444336]], [[100.50251007080078]], [[102.01959991455078]], [[102.59424591064453]], [[103.94520568847656]]]}