{"vc": [[-0.05499950051307678, 0.0, 0.0], [0.0, -1.373148798942566, 1.3739575147628784], [-0.013554917648434639, 0.0814979150891304, -0.0812799409031868], [-0.19839011132717133, 0.0, 0.0], [0.0, 0.0, 0.0], [0.0, 0.0, 0.0], [0.0, 0.5607137680053711, -0.5606741309165955], [0.0, 0.0, 0.0], [0.0, 0.0, 0.0], [0.03294386714696884, 0.0, 0.0]], "true_y1": [[[0.4006600081920624]], [[1.5497115850448608]], [[1.743706464767456]], [[2.26924991607666]], [[2.6778807640075684]], [[2.984682083129883]], [[3.0609328746795654]], [[3.3035459518432617]], [[3.409668445587158]], [[3.4820361137390137]], [[3.499333381652832]], [[3.498491048812866]], [[3.4901227951049805]], [[3.4758057594299316]], [[3.421454429626465]], [[3.3661909103393555]], [[3.3051633834838867]], [[3.2245943546295166]], [[3.158832311630249]], [[3.009265661239624]], [[2.8775720596313477]], [[2.780444860458374]], [[2.636615514755249]], [[2.5734341144561768]], [[2.464139461517334]], [[2.3562612533569336]], [[2.3105227947235107]], [[2.2043957710266113]], [[2.114481210708618]], [[2.04006290435791]], [[1.9224214553833008]], [[1.8642686605453491]], [[1.7633681297302246]], [[1.7068259716033936]], [[1.6082512140274048]], [[1.5248349905014038]], [[1.4428141117095947]], [[1.3754689693450928]], [[1.282819151878357]], [[1.1797385215759277]], [[1.129465103149414]], [[1.0533000230789185]], [[1.474838376045227]], [[1.7210832834243774]], [[2.037548780441284]], [[2.2867581844329834]], [[2.4178521633148193]], [[2.572821617126465]], [[2.7078588008880615]], [[2.7671172618865967]], [[2.8054723739624023]], [[2.809020519256592]], [[2.8106865882873535]], [[2.78102445602417]], [[2.7725636959075928]], [[2.7306783199310303]], [[2.7063193321228027]], [[2.6666407585144043]], [[2.6093735694885254]], [[2.5185012817382812]], [[2.3137521743774414]], [[2.2509047985076904]], [[2.125417709350586]], [[2.032853841781616]], [[1.9410802125930786]], [[1.8510569334030151]], [[1.7768229246139526]], [[1.6887677907943726]], [[1.6163872480392456]], [[1.5165802240371704]], [[1.4326876401901245]], [[0.9599767923355103]], [[0.8994447588920593]], [[0.8173872232437134]], [[0.7496533989906311]], [[0.6954734325408936]], [[0.6228811740875244]], [[1.104699969291687]], [[1.2932510375976562]], [[1.5452089309692383]], [[1.8172969818115234]], [[1.8720688819885254]], [[2.055589437484741]], [[2.1235525608062744]], [[2.2228775024414062]], [[2.255218505859375]], [[2.2786471843719482]], [[2.3021717071533203]], [[2.3011574745178223]], [[2.29351544380188]], [[2.2752444744110107]], [[2.2593271732330322]], [[2.2199454307556152]], [[2.173659324645996]], [[2.0816967487335205]], [[2.053812265396118]], [[1.996434211730957]], [[1.9229382276535034]], [[1.7732713222503662]], [[1.6834584474563599]], [[1.5647469758987427]], [[1.5055426359176636]], [[1.4182333946228027]], [[1.3038537502288818]], [[1.2331653833389282]], [[1.1492961645126343]], [[1.0538244247436523]], [[0.9870784878730774]], [[0.8950612545013428]], [[0.8441379070281982]], [[0.7563403844833374]], [[0.7195203900337219]], [[0.6010377407073975]], [[0.5113820433616638]], [[0.4169188141822815]], [[0.36780786514282227]], [[0.6033599972724915]], [[0.9837726354598999]], [[1.1788302659988403]], [[1.3986210823059082]], [[1.489635944366455]], [[1.569609522819519]], [[1.6972720623016357]], [[1.7674022912979126]], [[1.8182035684585571]], [[1.852394700050354]], [[1.8725061416625977]], [[1.880744218826294]], [[1.880638599395752]], [[1.8692607879638672]], [[1.852804183959961]], [[1.8135523796081543]], [[1.7296711206436157]], [[1.6813292503356934]], [[1.6301358938217163]], [[1.56339430809021]], [[1.4667810201644897]], [[1.3964664936065674]], [[1.2825064659118652]], [[1.1968742609024048]], [[1.1545088291168213]], [[1.0557953119277954]], [[0.971974790096283]], [[0.8891604542732239]], [[0.8070210814476013]], [[0.739801824092865]], [[0.6472960114479065]], [[0.5570147633552551]], [[0.49412572383880615]], [[0.40764594078063965]], [[0.3484303951263428]], [[0.30193427205085754]], [[0.22348783910274506]], [[0.14958330988883972]], [[0.09024703502655029]], [[0.0351826511323452]], [[0.0010000000474974513]], [[0.0010000000474974513]], [[0.0010000000474974513]], [[0.0010000000474974513]], [[0.0010000000474974513]], [[0.35506001114845276]], [[0.6379882097244263]], [[0.8395395278930664]], [[1.1252635717391968]], [[1.298096776008606]], [[1.397141456604004]], [[1.4673125743865967]], [[1.4934790134429932]], [[1.489524245262146]], [[1.4717040061950684]], [[1.4302321672439575]], [[1.3660675287246704]], [[1.2783241271972656]], [[1.2429020404815674]], [[1.181465744972229]], [[1.1178349256515503]], [[0.9992941617965698]], [[0.9188618659973145]], [[0.8241751194000244]], [[0.7696187496185303]], [[0.6749053001403809]], [[0.5804123282432556]], [[0.5402107238769531]], [[0.4338478147983551]], [[0.36780059337615967]], [[0.289626806974411]], [[0.2125748246908188]], [[0.13731223344802856]], [[0.0632065087556839]], [[0.0010000000474974513]], [[0.0010000000474974513]], [[0.0010000000474974513]], [[0.0010000000474974513]], [[0.0010000000474974513]], [[0.0010000000474974513]], [[0.0010000000474974513]], [[0.0010000000474974513]], [[0.0010000000474974513]], [[0.0010000000474974513]], [[0.0010000000474974513]], [[0.0010000000474974513]], [[0.0010000000474974513]], [[0.0010000000474974513]], [[0.0010000000474974513]], [[0.0010000000474974513]], [[0.0010000000474974513]], [[0.0010000000474974513]], [[0.05844493210315704]], [[0.2337237298488617]], [[0.31194770336151123]], [[0.46902400255203247]], [[0.6228455305099487]], [[0.7893721461296082]], [[0.8960156440734863]], [[0.990548849105835]], [[0.1057400032877922]], [[0.2145099639892578]], [[0.4399915933609009]], [[0.5271198153495789]], [[0.6397308111190796]], [[0.7538534998893738]], [[0.8035414218902588]], [[0.8384958505630493]], [[0.8658611178398132]], [[0.8675395250320435]], [[0.8564368486404419]], [[0.8377967476844788]], [[0.7999384999275208]], [[0.7587379217147827]], [[0.7109229564666748]], [[0.638899564743042]], [[0.590376079082489]], [[0.5392539501190186]], [[0.47542840242385864]], [[0.3982710540294647]], [[0.33004701137542725]], [[0.2607223391532898]], [[0.18973717093467712]], [[0.1541522741317749]], [[0.08185607939958572]], [[0.0010000000474974513]], [[0.0010000000474974513]], [[0.0010000000474974513]], [[0.0010000000474974513]], [[0.0010000000474974513]], [[0.0010000000474974513]], [[0.0010000000474974513]], [[0.0010000000474974513]], [[0.0010000000474974513]], [[0.0010000000474974513]], [[0.0010000000474974513]], [[0.0010000000474974513]], [[0.0010000000474974513]], [[0.0010000000474974513]], [[0.0010000000474974513]], [[0.0010000000474974513]], [[0.0010000000474974513]], [[0.0010000000474974513]], [[0.0010000000474974513]], [[0.0010000000474974513]], [[0.0010000000474974513]], [[0.0010000000474974513]], [[0.0010000000474974513]], [[0.0010000000474974513]], [[0.0010000000474974513]], [[0.0010000000474974513]], [[0.0010000000474974513]], [[0.0010000000474974513]], [[0.05844400078058243]], [[0.09909728169441223]], [[0.11859188228845596]], [[0.16125166416168213]], [[0.20396623015403748]], [[0.2268286943435669]], [[0.24989204108715057]], [[0.2624812722206116]], [[0.2824830412864685]], [[0.28769606351852417]], [[0.2914370894432068]], [[0.2906081974506378]], [[0.2812868058681488]], [[0.2760871946811676]], [[0.2571448087692261]], [[0.242081418633461]], [[0.22098398208618164]], [[0.1747395247220993]], [[0.14609837532043457]], [[0.11538141965866089]], [[0.07743073999881744]], [[0.06042651832103729]], [[0.03166263550519943]], [[0.0010000000474974513]], [[0.0010000000474974513]], [[0.0010000000474974513]], [[0.0010000000474974513]], [[0.0010000000474974513]], [[0.0010000000474974513]], [[0.0010000000474974513]], [[0.0010000000474974513]], [[0.0010000000474974513]], [[0.0010000000474974513]], [[0.0010000000474974513]], [[0.0010000000474974513]], [[0.0010000000474974513]], [[0.0010000000474974513]], [[0.0010000000474974513]], [[0.0010000000474974513]], [[0.0010000000474974513]], [[0.0010000000474974513]], 