{"vc": [[-0.10001783072948456, 0.0, 0.0], [0.0, -0.08004383742809296, 0.08019957691431046], [-0.034497566521167755, 0.31888818740844727, -0.31879132986068726], [-0.11307823657989502, 0.0, 0.0], [0.0, 0.0, 0.0], [0.0, 0.0, 0.0], [0.0, 0.018436232581734657, -0.01827162876725197], [0.0, 0.0, 0.0], [0.0, 0.0, 0.0], [0.46097466349601746, 0.0, 0.0]], "true_y1": [[[0.4006600081920624]], [[24.58479881286621]], [[29.029560089111328]], [[42.01567459106445]], [[53.59040451049805]], [[63.816619873046875]], [[66.69636535644531]], [[77.5624008178711]], [[84.05787658691406]], [[90.9405517578125]], [[94.92913055419922]], [[97.1519775390625]], [[99.05294036865234]], [[100.69001007080078]], [[103.85313415527344]], [[105.63256072998047]], [[106.94090270996094]], [[108.1068344116211]], [[108.77071380615234]], [[109.72364044189453]], [[110.19116973876953]], [[110.40855407714844]], [[110.60921478271484]], [[110.66632080078125]], [[110.73462677001953]], [[110.7745590209961]], [[110.7853775024414]], [[110.7999038696289]], [[110.80319213867188]], [[110.8011703491211]], [[110.791259765625]], [[110.78394317626953]], [[110.76824951171875]], [[110.75804138183594]], [[110.73818969726562]], [[110.7196044921875]], [[110.69990539550781]], [[110.68274688720703]], [[110.65772247314453]], [[110.62793731689453]], [[110.61263275146484]], [[1.0533000230789185]], [[10.930870056152344]], [[17.341625213623047]], [[26.641925811767578]], [[35.28274917602539]], [[40.58884811401367]], [[48.03005599975586]], [[56.621665954589844]], [[62.08219909667969]], [[68.28031921386719]], [[69.58543395996094]], [[72.0742416381836]], [[77.97598266601562]], [[78.74833679199219]], [[81.46373748779297]], [[82.58535766601562]], [[84.02367401123047]], [[85.5633316040039]], [[87.23566436767578]], [[89.24989318847656]], [[89.59823608398438]], [[90.0785903930664]], [[90.30377960205078]], [[90.45291137695312]], [[90.54692840576172]], [[90.59516906738281]], [[90.62613677978516]], [[90.63478088378906]], [[90.6273422241211]], [[90.6073226928711]], [[90.34431457519531]], [[90.29825592041016]], [[90.23113250732422]], [[90.17142486572266]], [[90.12056732177734]], [[90.04742431640625]], [[1.104699969291687]], [[5.938297748565674]], [[13.124755859375]], [[22.338708877563477]], [[24.472623825073242]], [[32.77786636352539]], [[36.5683479309082]], [[43.612205505371094]], [[46.733394622802734]], [[49.6643180847168]], [[54.87295913696289]], [[59.259178161621094]], [[61.172508239746094]], [[63.69746017456055]], [[65.18206787109375]], [[67.76788330078125]], [[69.85816955566406]], [[72.60602569580078]], [[73.21881103515625]], [[74.26729583740234]], [[75.2974624633789]], [[76.68864440917969]], [[77.22738647460938]], [[77.72210693359375]], [[77.90106201171875]], [[78.10362243652344]], [[78.28455352783203]], [[78.36006927490234]], [[78.4219970703125]], [[78.46341705322266]], [[78.47754669189453]], [[78.48075866699219]], [[78.47560119628906]], [[78.45675659179688]], [[78.4454574584961]], [[78.3968276977539]], [[78.34825134277344]], [[78.2858657836914]], [[78.24835205078125]], [[0.6033599972724915]], [[11.175801277160645]], [[17.263233184814453]], [[25.01823616027832]], [[28.647531509399414]], [[32.137203216552734]], [[38.613155364990234]], [[43.00934982299805]], [[46.991634368896484]], [[50.57319641113281]], [[53.7778205871582]], [[56.62447738647461]], [[58.33486557006836]], [[61.3630256652832]], [[63.30152893066406]], [[66.0257568359375]], [[69.2840347290039]], [[70.51883697509766]], [[71.55043029785156]], [[72.6057357788086]], [[73.74443054199219]], [[74.37467193603516]], [[75.15571594238281]], [[75.60269165039062]], [[75.7905044555664]], [[76.16126251220703]], [[76.41789245605469]], [[76.6313705444336]], [[76.81229400634766]], [[76.94213104248047]], [[77.09954071044922]], [[77.2345199584961]], [[77.320068359375]], [[77.42893981933594]], [[77.49897766113281]], [[77.55204772949219]], [[77.63897705078125]], [[77.71949768066406]], [[77.78465270996094]], [[77.84699249267578]], [[77.89714050292969]], [[77.94595336914062]], [[78.02175903320312]], [[78.07732391357422]], [[78.13182830810547]], [[0.35506001114845276]], [[8.897842407226562]], [[15.536676406860352]], [[26.37753677368164]], [[34.56524658203125]], [[40.616455078125]], [[46.76765441894531]], [[51.05767822265625]], [[56.56978225708008]], [[58.764564514160156]], [[61.52354431152344]], [[64.03141021728516]], [[66.20600891113281]], [[66.86740112304688]], [[67.8261947631836]], [[68.63353729248047]], [[69.79652404785156]], [[70.41101837158203]], [[71.00975799560547]], [[71.3078384399414]], [[71.76284790039062]], [[72.15533447265625]], [[72.30762481689453]], [[72.67737579345703]], [[72.88746643066406]], [[73.12137603759766]], [[73.33982849121094]], [[73.54471588134766]], [[73.74095153808594]], [[73.92755889892578]], [[74.04850006103516]], [[74.28474426269531]], [[74.42835998535156]], [[74.62525177001953]], [[74.70964050292969]], [[74.95748138427734]], [[75.09461975097656]], [[75.22994995117188]], [[75.33919525146484]], [[75.6376953125]], [[75.74573516845703]], [[75.88186645507812]], [[76.07279205322266]], [[76.23728942871094]], [[76.37542724609375]], [[76.51299285888672]], [[76.73611450195312]], [[76.93211364746094]], [[77.13015747070312]], [[77.21546936035156]], [[77.38630676269531]], [[77.55901336669922]], [[77.76199340820312]], [[77.90814971923828]], [[78.0556640625]], [[0.1057400032877922]], [[4.521592617034912]], [[14.219339370727539]], [[18.306961059570312]], [[24.102087020874023]], [[31.099740982055664]], [[34.95130157470703]], [[38.46465301513672]], [[43.318809509277344]], [[45.910430908203125]], [[48.62657928466797]], [[50.6042366027832]], [[52.98276138305664]], [[54.708621978759766]], [[56.2021598815918]], [[57.89876937866211]], [[58.811920166015625]], [[59.639549255371094]], [[60.530582427978516]], [[61.453582763671875]], [[62.16615676879883]], [[62.81528854370117]], [[63.419212341308594]], [[63.703102111816406]], [[64.24800872802734]], [[64.84261322021484]], [[65.3279037475586]], [[65.86884307861328]], [[66.24207305908203]], [[66.74954223632812]], [[66.96466064453125]], [[67.4541015625]], [[67.93572998046875]], [[68.27648162841797]], [[68.81844329833984]], [[69.08592987060547]], [[69.48819732666016]], [[69.8901596069336]], [[70.36007690429688]], [[70.76368713378906]], [[71.03427124023438]], [[71.71276092529297]], [[72.05574035644531]], [[72.74516296386719]], [[72.81452178955078]], [[73.30281066894531]], [[74.08171081542969]], [[74.29607391357422]], [[74.87120819091797]], [[75.30712127685547]], [[75.67500305175781]], [[76.04410552978516]], [[76.64038848876953]], [[0.05844400078058243]], [[4.018057346343994]], [[5.980591773986816]], [[10.485823631286621]], [[15.446699142456055]], [[18.41631317138672]], [[21.813440322875977]], [[23.96623992919922]], [[28.466684341430664]], [[30.319108963012695]], [[33.327552795410156]], [[34.91984558105469]], [[38.19073486328125]], [[39.17704391479492]], [[41.64271926879883]], [[43.03491973876953]], [[44.58079528808594]], [[47.10982131958008]], [[48.34144973754883]], [[49.48794937133789]], [[50.72876739501953]], [[51.236907958984375]], [[52.04364776611328]], [[53.412776947021484]], [[54.27021026611328]], [[55.09360122680664]], [[55.88542938232422]], [[56.6541633605957]], [[57.400299072265625]], [[58.248680114746094]], [[58.60586166381836]], [[59.546539306640625]], [[60.35313034057617]], [[60.92495346069336]], [[61.60637664794922]], [[62.17243576049805]], [[62.847347259521484]], [[63.635990142822266]], [[64.31244659423828]], [[64.98685455322266]], [[65.55293273925781]], [[66.34703063964844]], [[67.60523223876953]], [[68.29786682128906]], [[68.99247741699219]], [[69.92700958251953]], [[70.28211212158203]], [[70.99119567871094]], [[71.7077407836914]], [[72.66924285888672]], [[73.0330581665039]], [[73.88760375976562]]]}