{"vc": [[-0.009517955593764782, -0.1125197634100914, 0.11250440031290054], [-0.05347646772861481, -2.3251640796661377, 2.3251185417175293], [-0.001495982171036303, -0.03443938121199608, 0.03441522642970085], [-0.015046736225485802, -0.04523411765694618, 0.045315638184547424], [-0.01684536226093769, 0.006659393664449453, -0.006661965511739254], [-0.02549288235604763, 0.021999072283506393, -0.021988097578287125], [-0.04952684044837952, 0.919488251209259, -0.919552206993103], [0.0009269850561395288, 0.0036828031297773123, -0.003674218663945794], [0.010649625211954117, 0.028289461508393288, -0.028204504400491714], [0.0032252485398203135, 0.017724493518471718, -0.017594464123249054]], "true_y1": [[[0.4006600081920624]], [[0.5012558698654175]], [[0.5213689804077148]], [[0.5841169953346252]], [[0.6465193033218384]], [[0.7087452411651611]], [[0.7278260588645935]], [[0.8081114292144775]], [[0.8644628524780273]], [[0.9342741966247559]], [[0.9813718199729919]], [[1.0104228258132935]], [[1.0371966361999512]], [[1.0618948936462402]], [[1.1145919561386108]], [[1.1472409963607788]], [[1.1720938682556152]], [[1.193339228630066]], [[1.2034484148025513]], [[1.208577275276184]], [[1.1981924772262573]], [[1.1844069957733154]], [[1.1577932834625244]], [[1.1446034908294678]], [[1.1206014156341553]], [[1.0962588787078857]], [[1.0859242677688599]], [[1.0622156858444214]], [[1.0426521301269531]], [[1.026950716972351]], [[1.003191590309143]], [[0.991966187953949]], [[0.9733368754386902]], [[0.9633715748786926]], [[0.9468047618865967]], [[0.9335675835609436]], [[0.9212241768836975]], [[0.9115660786628723]], [[0.8989437222480774]], [[0.8857426643371582]], [[0.8796021938323975]], [[1.0533000230789185]], [[1.0570812225341797]], [[1.0639228820800781]], [[1.078600525856018]], [[1.0963290929794312]], [[1.1088505983352661]], [[1.1282120943069458]], [[1.1527706384658813]], [[1.169298768043518]], [[1.1884061098098755]], [[1.1923900842666626]], [[1.199836015701294]], [[1.2154946327209473]], [[1.2171316146850586]], [[1.2213493585586548]], [[1.2220466136932373]], [[1.2214800119400024]], [[1.2179961204528809]], [[1.2079285383224487]], [[1.1723289489746094]], [[1.15915846824646]], [[1.131051778793335]], [[1.109426498413086]], [[1.0877233743667603]], [[1.0665085315704346]], [[1.0492503643035889]], [[1.0292147397994995]], [[1.0131909847259521]], [[0.9918602705001831]], [[0.974677562713623]], [[0.8908106088638306]], [[0.8816661238670349]], [[0.8697121739387512]], [[0.8601868152618408]], [[0.8527573347091675]], [[0.8430102467536926]], [[1.104699969291687]], [[1.0974929332733154]], [[1.0924593210220337]], [[1.093268632888794]], [[1.0943355560302734]], [[1.1008020639419556]], [[1.1047030687332153]], [[1.1129356622695923]], [[1.116792917251587]], [[1.1204043626785278]], [[1.126427412033081]], [[1.1304887533187866]], [[1.1317131519317627]], [[1.1325101852416992]], [[1.1323705911636353]], [[1.1305159330368042]], [[1.1267306804656982]], [[1.1160907745361328]], [[1.112264633178711]], [[1.1037098169326782]], [[1.0916504859924316]], [[1.0643731355667114]], [[1.0468882322311401]], [[1.0231389999389648]], [[1.011191487312317]], [[0.9936119318008423]], [[0.9708867073059082]], [[0.9571256041526794]], [[0.9411596655845642]], [[0.9235311150550842]], [[0.9115806221961975]], [[0.8956301212310791]], [[0.8870661854743958]], [[0.8727331161499023]], [[0.8668797612190247]], [[0.8486262559890747]], [[0.8353248238563538]], [[0.8216431140899658]], [[0.8145920634269714]], [[0.6033599972724915]], [[0.6167654395103455]], [[0.6284103989601135]], [[0.6468350887298584]], [[0.6567723155021667]], [[0.6671122312545776]], [[0.6883946061134338]], [[0.70448237657547]], [[0.7203024625778198]], [[0.7356365323066711]], [[0.7503283619880676]], [[0.7642158269882202]], [[0.7729631066322327]], [[0.7892248034477234]], [[0.800155758857727]], [[0.8161287903785706]], [[0.8356333374977112]], [[0.8427422642707825]], [[0.848236620426178]], [[0.8530179262161255]], [[0.8562970757484436]], [[0.8565660715103149]], [[0.8540746569633484]], [[0.8503204584121704]], [[0.8479815721511841]], [[0.8415243625640869]], [[0.8351480960845947]], [[0.82823646068573]], [[0.8209288716316223]], [[0.8146995306015015]], [[0.8058680295944214]], [[0.7970583438873291]], [[0.7908532619476318]], [[0.7822660803794861]], [[0.7763610482215881]], [[0.7717106342315674]], [[0.7638242244720459]], [[0.7563086748123169]], [[0.7501567006111145]], [[0.7442747950553894]], [[0.7395843863487244]], [[0.7350829839706421]], [[0.7282707691192627]], [[0.7234530448913574]], [[0.7188963890075684]], [[0.35506001114845276]], [[0.3726906478404999]], [[0.3894695043563843]], [[0.42266327142715454]], [[0.45312562584877014]], [[0.47935524582862854]], [[0.5101991295814514]], [[0.5349347591400146]], [[0.5719397068023682]], [[0.5887649655342102]], [[0.612022876739502]], [[0.6355002522468567]], [[0.6577268242835999]], [[0.6647714972496033]], [[0.6750925183296204]], [[0.6837149858474731]], [[0.6953965425491333]], [[0.7007263898849487]], [[0.7048466205596924]], [[0.7063219547271729]], [[0.7075648307800293]], [[0.7073953747749329]], [[0.7069604992866516]], [[0.7049311399459839]], [[0.7031217217445374]], [[0.7005295753479004]], [[0.6975699663162231]], [[0.6943520903587341]], [[0.6909134387969971]], [[0.6873709559440613]], [[0.6849598288536072]], [[0.6800588965415955]], [[0.676998496055603]], [[0.6727606654167175]], [[0.6709433197975159]], [[0.6656545400619507]], [[0.6627846360206604]], [[0.660008430480957]], [[0.6578145623207092]], [[0.6520683169364929]], [[0.6500862240791321]], [[0.6476666927337646]], [[0.6444228887557983]], [[0.6417690515518188]], [[0.6396406888961792]], [[0.637610673904419]], [[0.6345033645629883]], [[0.6319559812545776]], [[0.6295469999313354]], [[0.6285582184791565]], [[0.626663088798523]], [[0.624857485294342]], [[0.6228691339492798]], [[0.6215219497680664]], [[0.6202300786972046]], [[0.1057400032877922]], [[0.1170787364244461]], [[0.14431758224964142]], [[0.1570073366165161]], [[0.1766182780265808]], [[0.20364269614219666]], [[0.22061790525913239]], [[0.23782730102539062]], [[0.2651636004447937]], [[0.28196173906326294]], [[0.3017090857028961]], [[0.3177749514579773]], [[0.33939865231513977]], [[0.3569476902484894]], [[0.37357717752456665]], [[0.3942200541496277]], [[0.4061020016670227]], [[0.4172956347465515]], [[0.4297122061252594]], [[0.4428095817565918]], [[0.45291900634765625]], [[0.46197178959846497]], [[0.4701194763183594]], [[0.473817378282547]], [[0.4806079864501953]], [[0.4874546527862549]], [[0.4925258755683899]], [[0.4975637197494507]], [[0.5006380081176758]], [[0.5042777061462402]], [[0.5056329965591431]], [[0.5083101987838745]], [[0.510417640209198]], [[0.5116140842437744]], [[0.5130596160888672]], [[0.5135849714279175]], [[0.5141665935516357]], [[0.5145244002342224]], [[0.5146985054016113]], [[0.5146692991256714]], [[0.5145706534385681]], [[0.514094352722168]], [[0.5137520432472229]], [[0.5129107236862183]], [[0.5128169059753418]], [[0.5121200680732727]], [[0.5109114050865173]], [[0.5105650424957275]], [[0.5096195340156555]], [[0.5088951587677002]], [[0.5082836747169495]], [[0.5076732039451599]], [[0.5066995620727539]], [[0.05844400078058243]], [[0.06486175954341888]], [[0.068259097635746]], [[0.07664178311824799]], [[0.0869288444519043]], [[0.09370578080415726]], [[0.10213079303503036]], [[0.10789775848388672]], [[0.12124329060316086]], [[0.1273350566625595]], [[0.13813090324401855]], [[0.14436501264572144]], [[0.1585184931755066]], [[0.16319197416305542]], [[0.17582876980304718]], [[0.18362979590892792]], [[0.19291500747203827]], [[0.20963342487812042]], [[0.21848885715007782]], [[0.22714531421661377]], [[0.2369309961795807]], [[0.24105030298233032]], [[0.24770349264144897]], [[0.25923144817352295]], [[0.2665298283100128]], [[0.2735327184200287]], [[0.28020939230918884]], [[0.28658774495124817]], [[0.29263630509376526]], [[0.29929184913635254]], [[0.3020109236240387]], [[0.3089035749435425]], [[0.3144739270210266]], [[0.31821897625923157]], [[0.32245227694511414]], 