{"vc": [[-0.06342144310474396, 0.0, 0.0], [0.0, -1.2797101736068726, 1.2809040546417236], [-0.015529623255133629, 0.07273805141448975, -0.0734923928976059], [-0.20253054797649384, 0.0, 0.0], [0.0, 0.0, 0.0], [0.0, 0.0, 0.0], [0.0, 0.5219828486442566, -0.5211412310600281], [0.0, 0.0, 0.0], [0.0, 0.0, 0.0], [0.03955427184700966, 0.0, 0.0]], "true_y1": [[[0.4006600081920624]], [[1.8707563877105713]], [[2.117042064666748]], [[2.77764892578125]], [[3.2816359996795654]], [[3.6519763469696045]], [[3.742650032043457]], [[4.026631832122803]], [[4.1483378410339355]], [[4.2307233810424805]], [[4.251227378845215]], [[4.251492977142334]], [[4.2437543869018555]], [[4.229788303375244]], [[4.1757636070251465]], [[4.120545387268066]], [[4.059444427490234]], [[3.978529214859009]], [[3.9121968746185303]], [[3.760080337524414]], [[3.6244893074035645]], [[3.523451089859009]], [[3.3722476959228516]], [[3.305253744125366]], [[3.1885745525360107]], [[3.0724620819091797]], [[3.0229556560516357]], [[2.907459259033203]], [[2.808917999267578]], [[2.7268729209899902]], [[2.5962390899658203]], [[2.5312182903289795]], [[2.417649030685425]], [[2.3535609245300293]], [[2.2409884929656982]], [[2.144803524017334]], [[2.049294948577881]], [[1.9700971841812134]], [[1.8598276376724243]], [[1.7350388765335083]], [[1.6732304096221924]], [[1.0533000230789185]], [[1.6079914569854736]], [[1.934319257736206]], [[2.355210781097412]], [[2.6872904300689697]], [[2.8621764183044434]], [[3.069490432739258]], [[3.252305507659912]], [[3.335346221923828]], [[3.3950486183166504]], [[3.4023828506469727]], [[3.410632371902466]], [[3.3935205936431885]], [[3.3864123821258545]], [[3.3488070964813232]], [[3.3260107040405273]], [[3.28816294670105]], [[3.232616424560547]], [[3.1431868076324463]], [[2.938173294067383]], [[2.8744308948516846]], [[2.746046543121338]], [[2.650383234024048]], [[2.5547101497650146]], [[2.4600415229797363]], [[2.3813483715057373]], [[2.287240505218506]], [[2.2092390060424805]], [[2.1006693840026855]], [[2.008439779281616]], [[1.4668681621551514]], [[1.3937287330627441]], [[1.292495608329773]], [[1.2067358493804932]], [[1.1363707780838013]], [[1.0389901399612427]], [[1.104699969291687]], [[1.35886812210083]], [[1.7025402784347534]], [[2.078878402709961]], [[2.1553795337677]], [[2.414365530014038]], [[2.5119428634643555]], [[2.6584889888763428]], [[2.70863938331604]], [[2.7471399307250977]], [[2.793721914291382]], [[2.808699131011963]], [[2.8071322441101074]], [[2.796105146408081]], [[2.7840614318847656]], [[2.7507975101470947]], [[2.7089197635650635]], [[2.6220765113830566]], [[2.5952236652374268]], [[2.539489984512329]], [[2.4673855304718018]], [[2.318718433380127]], [[2.2285025119781494]], [[2.108153820037842]], [[2.047651767730713]], [[1.9578155279159546]], [[1.8389438390731812]], [[1.764751672744751]], [[1.6759321689605713]], [[1.5736626386642456]], [[1.5013387203216553]], [[1.400354266166687]], [[1.3437458276748657]], [[1.244732141494751]], [[1.2026002407073975]], [[1.0640202760696411]], [[0.9552661180496216]], [[0.8355313539505005]], [[0.7703953981399536]], [[0.6033599972724915]], [[1.1245667934417725]], [[1.393697738647461]], [[1.6976048946380615]], [[1.8235453367233276]], [[1.9342786073684692]], [[2.111551284790039]], [[2.2098426818847656]], [[2.282398223876953]], [[2.333218574523926]], [[2.3659629821777344]], [[2.3837432861328125]], [[2.388654947280884]], [[2.384939432144165]], [[2.372640609741211]], [[2.3383889198303223]], [[2.259528398513794]], [[2.2129414081573486]], [[2.1632087230682373]], [[2.0979931354522705]], [[2.003080129623413]], [[1.9336992502212524]], [[1.820730209350586]], [[1.735384464263916]], [[1.6929997205734253]], [[1.5937790870666504]], [[1.5089576244354248]], [[1.4245615005493164]], [[1.3401833772659302]], [[1.2705618143081665]], [[1.173768162727356]], [[1.0779922008514404]], [[1.0103504657745361]], [[0.9158071279525757]], [[0.8498208522796631]], [[0.7971353530883789]], [[0.7060675621032715]], [[0.6169672012329102]], [[0.5421689748764038]], [[0.46900779008865356]], [[0.4095194935798645]], [[0.35152825713157654]], [[0.26237761974334717]], [[0.19871927797794342]], [[0.13857562839984894]], [[0.35506001114845276]], [[0.7526344060897827]], [[1.0369142293930054]], [[1.4389028549194336]], [[1.6806477308273315]], [[1.8193382024765015]], [[1.9200328588485718]], [[1.9619078636169434]], [[1.9719901084899902]], [[1.9580568075180054]], [[1.9203497171401978]], [[1.8588207960128784]], [[1.7731397151947021]], [[1.7383852005004883]], [[1.6780219078063965]], [[1.6154462099075317]], [[1.4987889528274536]], [[1.4195630550384521]], [[1.326175332069397]], [[1.2722837924957275]], [[1.17852783203125]], [[1.0846681594848633]], [[1.0446147918701172]], [[0.9382107257843018]], [[0.8717553019523621]], [[0.7926246523857117]], [[0.7140111923217773]], [[0.6364790201187134]], [[0.5592235922813416]], [[0.48355627059936523]], [[0.43364962935447693]], [[0.3349829614162445]], [[0.27475643157958984]], [[0.1926792860031128]], [[0.15789523720741272]], [[0.058111704885959625]], [[0.005031555891036987]], [[-0.04535266011953354]], [[-0.08429194986820221]], [[-0.1807396560907364]], [[-0.21128582954406738]], [[-0.24579879641532898]], [[-0.28560686111450195]], [[-0.3105788230895996]], [[-0.32390984892845154]], [[-0.32944798469543457]], [[-0.320112943649292]], [[-0.29128316044807434]], [[-0.24106648564338684]], [[-0.21273572742938995]], [[-0.1440177857875824]], [[-0.05911681801080704]], [[0.05798717588186264]], [[0.15149140357971191]], [[0.2511902451515198]], [[0.1057400032877922]], [[0.2739838659763336]], [[0.6226290464401245]], [[0.756354570388794]], [[0.927578330039978]], [[1.0988072156906128]], [[1.1728794574737549]], [[1.2254912853240967]], [[1.2699308395385742]], [[1.277255654335022]], [[1.2695364952087402]], [[1.2517856359481812]], [[1.2133475542068481]], [[1.170702576637268]], [[1.1210448741912842]], [[1.0464198589324951]], [[0.9963576793670654]], [[0.9438169002532959]], [[0.8785027265548706]], [[0.7999340891838074]], [[0.7307834625244141]], [[0.6607969999313354]], [[0.5894026160240173]], [[0.5537087917327881]], [[0.4813804626464844]], [[0.3968745470046997]], [[0.3238375782966614]], [[0.23853212594985962]], [[0.17756925523281097]], [[0.09238475561141968]], [[0.05561411380767822]], [[-0.02915050834417343]], [[-0.11354532837867737]], [[-0.17349059879779816]], [[-0.2685810327529907]], [[-0.31513503193855286]], [[-0.3843114376068115]], [[-0.4520074725151062]], [[-0.5286263227462769]], [[-0.5915582180023193]], [[-0.6318790316581726]], [[-0.7244477272033691]], [[-0.7653713822364807]], [[-0.8315355777740479]], [[-0.8367593288421631]], [[-0.8644383549690247]], [[-0.8677351474761963]], [[-0.8577340841293335]], [[-0.8025533556938171]], [[-0.7295864820480347]], [[-0.6449480056762695]], [[-0.5380391478538513]], [[-0.32044535875320435]], [[0.05844400078058243]], [[0.15129107236862183]], [[0.1962323784828186]], [[0.2953720688819885]], [[0.3956828713417053]], [[0.4499424695968628]], [[0.5054605007171631]], [[0.536440908908844]], [[0.5886341333389282]], [[0.604356050491333]], [[0.6213333606719971]], [[0.6254264712333679]], [[0.621191680431366]], [[0.6160862445831299]], [[0.5941514372825623]], [[0.5751943588256836]], [[0.5477262139320374]], [[0.48589739203453064]], [[0.44707363843917847]], [[0.4051694869995117]], [[0.3530746102333069]], [[0.32961615920066833]], [[0.2897525429725647]], [[0.21459577977657318]], [[0.1627027690410614]], [[0.10944291949272156]], [[0.055178865790367126]], [[-0.00019638612866401672]], [[-0.05628901347517967]], [[-0.12259221076965332]], [[-0.15122711658477783]], [[-0.2284042239189148]], [[-0.2962878942489624]], [[-0.3451639413833618]], [[-0.40402770042419434]], [[-0.4533001780509949]], [[-0.5123255252838135]], [[-0.5814487934112549]], [[-0.6406691670417786]], [[-0.699470579624176]], [[-0.748523473739624]], [[-0.8166775107383728]], [[-0.922480583190918]], [[-0.979218602180481]], [[-1.034759521484375]], [[-1.1068570613861084]], [[-1.133315920829773]], [[-1.1843129396438599]], 