{"vc": [[-0.15221576392650604, 0.0, 0.0], [0.0, -0.3397754728794098, 0.3403831422328949], [-0.0750780776143074, 0.23980583250522614, -0.23919588327407837], [-0.311596542596817, 0.0, 0.0], [0.0, 0.0, 0.0], [0.0, 0.0, 0.0], [0.0, 0.08547143638134003, -0.08629685640335083], [0.0, 0.0, 0.0], [0.0, 0.0, 0.0], [0.15105071663856506, 0.0, 0.0]], "true_y1": [[[0.4006600081920624]], [[7.478721618652344]], [[8.746281623840332]], [[12.349905014038086]], [[15.400650024414062]], [[17.933927536010742]], [[18.615156173706055]], [[21.036460876464844]], [[22.352773666381836]], [[23.613481521606445]], [[24.264543533325195]], [[24.595077514648438]], [[24.855077743530273]], [[25.05857276916504]], [[25.378204345703125]], [[25.492361068725586]], [[25.523250579833984]], [[25.482942581176758]], [[25.408126831054688]], [[25.154098510742188]], [[24.870697021484375]], [[24.638776779174805]], [[24.270305633544922]], [[24.101093292236328]], [[23.79984474182129]], [[23.49340057373047]], [[23.36104393005371]], [[23.048812866210938]], [[22.77895164489746]], [[22.552017211914062]], [[22.18667984008789]], [[22.0030460357666]], [[21.679458618164062]], [[21.4952449798584]], [[21.168787002563477]], [[20.886844635009766]], [[20.604007720947266]], [[20.3671875]], [[20.033781051635742]], [[19.65089988708496]], [[19.458877563476562]], [[1.0533000230789185]], [[3.8838043212890625]], [[5.691539764404297]], [[8.251517295837402]], [[10.541853904724121]], [[11.89613151550293]], [[13.715928077697754]], [[15.681229591369629]], [[16.8406982421875]], [[18.055233001708984]], [[18.29507064819336]], [[18.734834671020508]], [[19.666349411010742]], [[19.773828506469727]], [[20.115753173828125]], [[20.236825942993164]], [[20.368900299072266]], [[20.4708309173584]], [[20.507095336914062]], [[20.30597686767578]], [[20.200029373168945]], [[19.950923919677734]], [[19.742992401123047]], [[19.521381378173828]], [[19.291732788085938]], [[19.094518661499023]], [[18.852420806884766]], [[18.647310256958008]], [[18.355960845947266]], [[18.103635787963867]], [[16.542261123657227]], [[16.320798873901367]], [[16.009475708007812]], [[15.741003036499023]], [[15.51715087890625]], [[15.20141315460205]], [[1.104699969291687]], [[2.459643840789795]], [[4.4486236572265625]], [[6.930720329284668]], [[7.491389751434326]], [[9.610101699829102]], [[10.538487434387207]], [[12.187261581420898]], [[12.881847381591797]], [[13.511384010314941]], [[14.569137573242188]], [[15.389298439025879]], [[15.72313117980957]], [[16.137401580810547]], [[16.36492347717285]], [[16.726669311523438]], [[16.978368759155273]], [[17.226890563964844]], [[17.2635498046875]], [[17.30229377746582]], [[17.298349380493164]], [[17.16965103149414]], [[17.04106330871582]], [[16.831483840942383]], [[16.713829040527344]], [[16.527402877807617]], [[16.263446807861328]], [[16.090595245361328]], [[15.876788139343262]], [[15.622477531433105]], [[15.437905311584473]], [[15.174135208129883]], [[15.023314476013184]], [[14.754508972167969]], [[14.638193130493164]], [[14.247224807739258]], [[13.930828094482422]], [[13.57151985168457]], [[13.370560646057129]], [[0.6033599972724915]], [[3.5242867469787598]], [[5.173100471496582]], [[7.2172956466674805]], [[8.146346092224121]], [[9.019909858703613]], [[10.581850051879883]], [[11.591642379760742]], [[12.46556282043457]], [[13.214031219482422]], [[13.849626541137695]], [[14.38350772857666]], [[14.688599586486816]], [[15.195387840270996]], [[15.493654251098633]], [[15.869502067565918]], [[16.226511001586914]], [[16.3226261138916]], [[16.378202438354492]], [[16.402652740478516]], [[16.373882293701172]], [[16.320043563842773]], [[16.192045211791992]], [[16.071189880371094]], [[16.00519371032715]], [[15.838109970092773]], [[15.683629989624023]], [[15.521146774291992]], [[15.351195335388184]], [[15.205955505371094]], [[14.997211456298828]], [[14.78339958190918]], [[14.628226280212402]], [[14.405618667602539]], [[14.246237754821777]], [[14.116530418395996]], [[13.886898040771484]], [[13.6549654006958]], [[13.453997611999512]], [[13.251052856445312]], [[13.080641746520996]], [[12.909053802490234]], [[12.632328987121582]], [[12.422436714172363]], [[12.211463928222656]], [[0.35506001114845276]], [[2.674936532974243]], [[4.448159694671631]], [[7.241403579711914]], [[9.227850914001465]], [[10.604706764221191]], [[11.904807090759277]], [[12.739063262939453]], [[13.699548721313477]], [[14.037565231323242]], [[14.414627075195312]], [[14.695378303527832]], [[14.868130683898926]], [[14.902073860168457]], [[14.930139541625977]], [[14.92894172668457]], [[14.870948791503906]], [[14.802592277526855]], [[14.700645446777344]], [[14.633461952209473]], [[14.504829406738281]], [[14.363642692565918]], [[14.300162315368652]], [[14.123339653015137]], [[14.0074462890625]], [[13.864461898803711]], [[13.71733570098877]], [[13.56743049621582]], [[13.413330078125]], [[13.257695198059082]], [[13.152376174926758]], [[12.937378883361816]], [[12.80123519897461]], [[12.608711242675781]], [[12.524327278137207]], [[12.270893096923828]], [[12.127532005310059]], [[11.98421573638916]], [[11.867341995239258]], [[11.543538093566895]], [[11.42501163482666]], [[11.274850845336914]], [[11.062982559204102]], [[10.879486083984375]], [[10.724865913391113]], [[10.57050895690918]], [[10.319611549377441]], [[10.098905563354492]], [[9.87586498260498]], [[9.779831886291504]], [[9.587715148925781]], [[9.393880844116211]], [[9.166776657104492]], [[9.003870010375977]], [[8.840092658996582]], [[0.1057400032877922]], [[1.2478066682815552]], [[3.7209606170654297]], [[4.73638391494751]], [[6.1343674659729]], [[7.737263202667236]], [[8.569549560546875]], [[9.291410446166992]], [[10.219114303588867]], [[10.675063133239746]], [[11.117388725280762]], [[11.41244888305664]], [[11.730742454528809]], [[11.931184768676758]], [[12.079017639160156]], [[12.211098670959473]], [[12.262932777404785]], [[12.296029090881348]], [[12.314692497253418]], [[12.312726974487305]], [[12.29443073272705]], [[12.263716697692871]], [[12.222254753112793]], [[12.198293685913086]], [[12.144096374511719]], [[12.072552680969238]], [[12.00467586517334]], [[11.91931438446045]], [[11.854748725891113]], [[11.76004695892334]], [[11.717655181884766]], [[11.616636276245117]], [[11.511610984802246]], [[11.434319496154785]], [[11.306934356689453]], [[11.242280960083008]], [[11.143106460571289]], [[11.04194450378418]], [[10.921422958374023]], [[10.816229820251465]], [[10.744946479797363]], [[10.563885688781738]], [[10.471261024475098]], [[10.283195495605469]], [[10.26414966583252]], [[10.129483222961426]], [[9.912747383117676]], [[9.852724075317383]], [[9.690949440002441]], [[9.56766414642334]], [[9.463191986083984]], [[9.35799503326416]], [[9.18728256225586]], [[0.05844400078058243]], [[0.9966925978660583]], [[1.4596949815750122]], [[2.5127429962158203]], [[3.647972583770752]], [[4.3106207847595215]], [[5.049058437347412]], [[5.504408836364746]], [[6.419084548950195]], [[6.77887487411499]], [[7.339249134063721]], [[7.622565269470215]], [[8.171732902526855]], [[8.327738761901855]], [[8.695717811584473]], [[8.88819408416748]], [[9.087454795837402]], [[9.376495361328125]], [[9.49863338470459]], [[9.600191116333008]], [[9.695974349975586]], [[9.730749130249023]], [[9.780451774597168]], [[9.848897933959961]], [[9.881377220153809]], [[9.905017852783203]], [[9.920866012573242]], [[9.92995834350586]], [[9.933075904846191]], [[9.930143356323242]], [[9.926955223083496]], [[9.913397789001465]], [[9.896269798278809]], [[9.88133716583252]], [[9.860795021057129]], [[9.841655731201172]], [[9.816610336303711]], [[9.784599304199219]], [[9.755053520202637]], [[9.72390079498291]], [[9.69658374786377]], [[9.656667709350586]], [[9.590141296386719]], [[9.55204963684082]], [[9.512943267822266]], [[9.459059715270996]], [[9.438238143920898]], [[9.396139144897461]], [[9.352941513061523]], [[9.294031143188477]], [[9.271477699279785]], [[9.217970848083496]]]}