{"vc": [[-0.009121870622038841, -0.11149897426366806, 0.11112867295742035], [-0.060043543577194214, -2.332770824432373, 2.3326821327209473], [-0.0029874341562390327, -0.03611520305275917, 0.036091167479753494], [-0.012219998054206371, -0.04265692085027695, 0.04216418042778969], [-0.01940748654305935, 0.006002101115882397, -0.006003987044095993], [-0.026692170649766922, 0.021436519920825958, -0.021402942016720772], [-0.058300815522670746, 0.9026830792427063, -0.9029561877250671], [0.0007461215136572719, 0.0036836168728768826, -0.0036055452656000853], [0.013553635217249393, 0.03118290938436985, -0.03130635991692543], [0.0007924261153675616, 0.0221802219748497, -0.022639550268650055]], "true_y1": [[[0.4006600081920624]], [[0.401205450296402]], [[0.4074441194534302]], [[0.43602436780929565]], [[0.4753876030445099]], [[0.5231350064277649]], [[0.5392308831214905]], [[0.6134966015815735]], [[0.6713590025901794]], [[0.749089241027832]], [[0.8052301406860352]], [[0.8413766026496887]], [[0.8757612705230713]], [[0.9084473848342896]], [[0.9817207455635071]], [[1.030178189277649]], [[1.0694669485092163]], [[1.1062006950378418]], [[1.1264019012451172]], [[1.1471854448318481]], [[1.143642783164978]], [[1.1316719055175781]], [[1.1040452718734741]], [[1.0893834829330444]], [[1.0618025064468384]], [[1.0330371856689453]], [[1.0206490755081177]], [[0.99191814661026]], [[0.967934787273407]], [[0.9485293030738831]], [[0.918919563293457]], [[0.9048293828964233]], [[0.8812997341156006]], [[0.8686345815658569]], [[0.8474475145339966]], [[0.8303879499435425]], [[0.8143614530563354]], [[0.8017313480377197]], [[0.785088062286377]], [[0.767488956451416]], [[0.7592249512672424]], [[1.0533000230789185]], [[1.0116591453552246]], [[0.997218132019043]], [[0.9897537231445312]], [[0.9944334626197815]], [[1.0020123720169067]], [[1.0180180072784424]], [[1.0436807870864868]], [[1.0637234449386597]], [[1.089678406715393]], [[1.0955253839492798]], [[1.1069660186767578]], [[1.1346683502197266]], [[1.138179063796997]], [[1.14958918094635]], [[1.1535402536392212]], [[1.1573832035064697]], [[1.158869981765747]], [[1.154287576675415]], [[1.123837947845459]], [[1.1108572483062744]], [[1.0817699432373047]], [[1.058547019958496]], [[1.0347412824630737]], [[1.0111079216003418]], [[0.9916713833808899]], [[0.9689100980758667]], [[0.9505742788314819]], [[0.9260038137435913]], [[0.9060866236686707]], [[0.8071779012680054]], [[0.7962161302566528]], [[0.7818042039871216]], [[0.7702449560165405]], [[0.7611767053604126]], [[0.7492008805274963]], [[1.104699969291687]], [[1.0732231140136719]], [[1.0414329767227173]], [[1.0201166868209839]], [[1.0176095962524414]], [[1.0147020816802979]], [[1.0164556503295898]], [[1.0238274335861206]], [[1.0285276174545288]], [[1.0335928201675415]], [[1.0437754392623901]], [[1.052936315536499]], [[1.0568610429763794]], [[1.0616838932037354]], [[1.0641653537750244]], [[1.0673398971557617]], [[1.0680549144744873]], [[1.063866138458252]], [[1.0615371465682983]], [[1.0555471181869507]], [[1.0459245443344116]], [[1.0213572978973389]], [[1.0044095516204834]], [[0.9804632663726807]], [[0.9681189060211182]], [[0.9496766328811646]], [[0.9254427552223206]], [[0.91059410572052]], [[0.893229603767395]], [[0.8739094138145447]], [[0.8607344031333923]], [[0.8430608510971069]], [[0.833532452583313]], [[0.81752610206604]], [[0.8109683394432068]], [[0.7904390096664429]], [[0.7754002213478088]], [[0.7598551511764526]], [[0.7518103718757629]], [[0.6033599972724915]], [[0.5711184740066528]], [[0.5641793012619019]], [[0.5651555061340332]], [[0.568999707698822]], [[0.5746201276779175]], [[0.5899712443351746]], [[0.6041023135185242]], [[0.6196421980857849]], [[0.636019229888916]], [[0.6527858376502991]], [[0.6695296764373779]], [[0.6805067658424377]], [[0.7017976641654968]], [[0.7167806029319763]], [[0.7397644519805908]], [[0.770160436630249]], [[0.7822717428207397]], [[0.7923697829246521]], [[0.802278459072113]], [[0.8115315437316895]], [[0.8152408599853516]], [[0.8169733285903931]], [[0.8154670000076294]], [[0.8139896392822266]], [[0.8089877963066101]], [[0.8033300638198853]], [[0.7967456579208374]], [[0.7894536852836609]], [[0.783048152923584]], [[0.7737480998039246]], [[0.7642787098884583]], [[0.7575196623802185]], [[0.7480684518814087]], [[0.7415143847465515]], [[0.736325740814209]], [[0.7274789214134216]], [[0.7189990878105164]], [[0.7120263576507568]], [[0.7053355574607849]], [[0.6999842524528503]], [[0.694835901260376]], [[0.6870214343070984]], [[0.6814782023429871]], [[0.6762223839759827]], [[0.35506001114845276]], [[0.3352196514606476]], [[0.33003270626068115]], [[0.337527334690094]], [[0.3556138277053833]], [[0.3764183521270752]], [[0.4053131639957428]], [[0.4312385320663452]], [[0.47384995222091675]], [[0.49460357427597046]], [[0.5246580839157104]], [[0.5566446781158447]], [[0.5886274576187134]], [[0.5991728901863098]], [[0.61506587266922]], [[0.6288549304008484]], [[0.6487038135528564]], [[0.6586098074913025]], [[0.6672332286834717]], [[0.6709112524986267]], [[0.6753714680671692]], [[0.6777333617210388]], [[0.678193986415863]], [[0.6780779957771301]], [[0.6771635413169861]], [[0.6753824949264526]], [[0.6729941964149475]], [[0.670146644115448]], [[0.6669170260429382]], [[0.663449764251709]], [[0.6610286831855774]], [[0.6559915542602539]], [[0.6527838110923767]], [[0.6482803821563721]], [[0.6463306546211243]], [[0.6406050324440002]], [[0.6374707221984863]], [[0.6344233155250549]], [[0.6320056319236755]], [[0.6256387233734131]], [[0.623432457447052]], [[0.6207330822944641]], [[0.6171044111251831]], [[0.6141281723976135]], [[0.6117367148399353]], [[0.6094521284103394]], [[0.6059487462043762]], [[0.6030710339546204]], [[0.6003450751304626]], [[0.5992249250411987]], [[0.597075879573822]], [[0.5950257182121277]], [[0.5927649140357971]], [[0.5912312269210815]], [[0.5897589325904846]], [[0.1057400032877922]], [[0.09724970161914825]], [[0.09006880223751068]], [[0.09119047969579697]], [[0.0968351736664772]], [[0.11045669764280319]], [[0.1216619461774826]], [[0.13469964265823364]], [[0.1583189070224762]], [[0.1743609607219696]], [[0.1945323348045349]], [[0.21190844476222992]], [[0.2365722358226776]], [[0.25761449337005615]], [[0.27837538719177246]], [[0.3052424490451813]], [[0.32125815749168396]], [[0.3367200493812561]], [[0.3543064594268799]], [[0.3733743727207184]], [[0.3884780704975128]], [[0.40231212973594666]], [[0.41503798961639404]], [[0.42090848088264465]], [[0.43186163902282715]], [[0.44316717982292175]], [[0.45174869894981384]], [[0.4604993462562561]], [[0.4659835994243622]], [[0.4726716876029968]], [[0.4752342402935028]], [[0.4804622232913971]], [[0.4848114550113678]], [[0.48743581771850586]], [[0.4908944368362427]], [[0.49230289459228516]], [[0.494084894657135]], [[0.495500385761261]], [[0.49674880504608154]], [[0.49751776456832886]], [[0.4978964626789093]], [[0.4984389543533325]], [[0.4985271692276001]], [[0.49840879440307617]], [[0.4983784258365631]], [[0.4980865716934204]], [[0.4973943531513214]], [[0.4971666634082794]], [[0.49649810791015625]], [[0.49594879150390625]], [[0.4954652190208435]], [[0.4949672222137451]], [[0.4941466450691223]], [[0.05844400078058243]], [[0.04786473512649536]], [[0.04383064806461334]], [[0.0372130423784256]], [[0.03374703973531723]], [[0.033455513417720795]], [[0.034739188849925995]], [[0.03646991401910782]], [[0.042562954127788544]], [[0.04614019766449928]], [[0.05347377434372902]], [[0.058211613446474075]], [[0.07012612372636795]], [[0.07437398284673691]], [[0.0865446999669075]], [[0.0945143923163414]], [[0.10441388934850693]], [[0.12327565252780914]], [[0.13376644253730774]], [[0.14433561265468597]], [[0.15664221346378326]], [[0.16193316876888275]], [[0.17061373591423035]], [[0.18604077398777008]], [[0.1960555762052536]], [[0.20584243535995483]], [[0.215333491563797]], [[0.22454527020454407]], [[0.23341083526611328]], [[0.24331209063529968]], [[0.24740125238895416]], [[0.2578819692134857]], [[0.26647353172302246]], [[0.27231159806251526]], 