{"vc": [[-0.13804452121257782, 0.0, 0.0], [0.0, -0.19027645885944366, 0.18970094621181488], [-0.06840978562831879, 0.3430974781513214, -0.34341511130332947], [-0.2540867030620575, 0.0, 0.0], [0.0, 0.0, 0.0], [0.0, 0.0, 0.0], [0.0, 0.04089193418622017, -0.04160449653863907], [0.0, 0.0, 0.0], [0.0, 0.0, 0.0], [0.24551966786384583, 0.0, 0.0]], "true_y1": [[[0.4006600081920624]], [[12.689406394958496]], [[14.927170753479004]], [[21.401777267456055]], [[27.067180633544922]], [[31.961807250976562]], [[33.31739044189453]], [[38.3223762512207]], [[41.21393966674805]], [[44.1707763671875]], [[45.819061279296875]], [[46.7108154296875]], [[47.45456314086914]], [[48.078125]], [[49.22257995605469]], [[49.81351852416992]], [[50.206302642822266]], [[50.50410079956055]], [[50.634361267089844]], [[50.7117805480957]], [[50.63221740722656]], [[50.52145004272461]], [[50.305782318115234]], [[50.197200775146484]], [[49.994911193847656]], [[49.78125762939453]], [[49.687294006347656]], [[49.46279525756836]], [[49.26642608642578]], [[49.10012435913086]], [[48.830833435058594]], [[48.69495391845703]], [[48.45492172241211]], [[48.318016052246094]], [[48.07506561279297]], [[47.864986419677734]], [[47.6540641784668]], [[47.47734451293945]], [[47.228397369384766]], [[46.94229507446289]], [[46.79872131347656]], [[1.0533000230789185]], [[6.026350498199463]], [[9.234088897705078]], [[13.84622573852539]], [[18.072568893432617]], [[20.632417678833008]], [[24.166913986206055]], [[28.149831771850586]], [[30.614059448242188]], [[33.33195877075195]], [[33.891544342041016]], [[34.9443244934082]], [[37.34874725341797]], [[37.651363372802734]], [[38.68515396118164]], [[39.095314025878906]], [[39.60203552246094]], [[40.11199951171875]], [[40.60555648803711]], [[41.00624084472656]], [[41.02010726928711]], [[40.95986557006836]], [[40.86172866821289]], [[40.73261260986328]], [[40.582618713378906]], [[40.445186614990234]], [[40.26905822753906]], [[40.115264892578125]], [[39.891746520996094]], [[39.69472885131836]], [[38.44159698486328]], [[38.261661529541016]], [[38.00809097290039]], [[37.78889465332031]], [[37.605777740478516]], [[37.346954345703125]], [[1.104699969291687]], [[3.5164880752563477]], [[7.083756446838379]], [[11.610570907592773]], [[12.649310111999512]], [[16.648632049560547]], [[18.447118759155273]], [[21.7348690032959]], [[23.165512084960938]], [[24.492042541503906]], [[26.803028106689453]], [[28.694032669067383]], [[29.499826431274414]], [[30.54193115234375]], [[31.141555786132812]], [[32.15757751464844]], [[32.945369720458984]], [[33.91347122192383]], [[34.114097595214844]], [[34.43804931640625]], [[34.72276306152344]], [[35.0098991394043]], [[35.05961990356445]], [[35.034461975097656]], [[34.99312210083008]], [[34.90543746948242]], [[34.752479553222656]], [[34.64071273803711]], [[34.494041442871094]], [[34.311038970947266]], [[34.17403793334961]], [[33.97384262084961]], [[33.857574462890625]], [[33.647884368896484]], [[33.55635070800781]], [[33.2459716796875]], [[32.9924201965332]], [[32.70253372192383]], [[32.539642333984375]], [[0.6033599972724915]], [[5.8493852615356445]], [[8.848071098327637]], [[12.632037162780762]], [[14.385104179382324]], [[16.05785369873047]], [[19.122821807861328]], [[21.169252395629883]], [[22.994688034057617]], [[24.609832763671875]], [[26.030324935913086]], [[27.269546508789062]], [[28.00244140625]], [[29.274904251098633]], [[30.069692611694336]], [[31.15378189086914]], [[32.38060760498047]], [[32.816314697265625]], [[33.162109375]], [[33.49221420288086]], [[33.808589935302734]], [[33.956565856933594]], [[34.09642028808594]], [[34.1428108215332]], [[34.151588439941406]], [[34.14304733276367]], [[34.10990524291992]], [[34.05855178833008]], [[33.99250411987305]], [[33.928871154785156]], [[33.828975677490234]], [[33.719112396240234]], [[33.63582992553711]], [[33.512420654296875]], [[33.42182540893555]], [[33.34699249267578]], [[33.2125358581543]], [[33.07469177246094]], [[32.953948974609375]], [[32.831024169921875]], [[32.7271614074707]], [[32.6220703125]], [[32.4516487121582]], [[32.32170104980469]], [[32.19054412841797]], [[0.35506001114845276]], [[4.5659098625183105]], [[7.819516181945801]], [[13.070047378540039]], [[16.959386825561523]], [[19.77564811706543]], [[22.5728759765625]], [[24.474685668945312]], [[26.841197967529297]], [[27.75251007080078]], [[28.864805221557617]], [[29.833200454711914]], [[30.625133514404297]], [[30.85363006591797]], [[31.17099952697754]], [[31.42209243774414]], [[31.74762725830078]], [[31.895627975463867]], [[32.017539978027344]], [[32.067935943603516]], [[32.12861633300781]], [[32.162254333496094]], [[32.169960021972656]], [[32.17481231689453]], [[32.1682243347168]], [[32.15251541137695]], [[32.129764556884766]], [[32.10142517089844]], [[32.06817626953125]], [[32.03135681152344]], [[32.00498580932617]], [[31.948348999023438]], [[31.91097068786621]], [[31.85663414001465]], [[31.832386016845703]], [[31.75839614868164]], [[31.715965270996094]], [[31.67325782775879]], [[31.63827133178711]], [[31.540876388549805]], [[31.50513458251953]], [[31.45983123779297]], [[31.39592170715332]], [[31.340625762939453]], [[31.294092178344727]], [[31.247703552246094]], [[31.172456741333008]], [[31.106426239013672]], [[31.039836883544922]], [[31.01120376586914]], [[30.953977584838867]], [[30.896289825439453]], [[30.82872200012207]], [[30.78023338317871]], [[30.73143768310547]], [[0.1057400032877922]], [[2.2422568798065186]], [[6.915506362915039]], [[8.871294021606445]], [[11.622389793395996]], [[14.89912223815918]], [[16.6755428314209]], [[18.27534294128418]], [[20.44676971435547]], [[21.58403968811035]], [[22.75617790222168]], [[23.59479522705078]], [[24.5837459564209]], [[25.285377502441406]], [[25.879587173461914]], [[26.53708267211914]], [[26.88188362121582]], [[27.18806266784668]], [[27.510196685791016]], [[27.834800720214844]], [[28.078523635864258]], [[28.295040130615234]], [[28.491655349731445]], [[28.58247947692871]], [[28.754016876220703]], [[28.937231063842773]], [[29.083986282348633]], [[29.245044708251953]], [[29.354888916015625]], [[29.502954483032227]], [[29.565385818481445]], [[29.70696258544922]], [[29.846004486083984]], [[29.94443702697754]], [[30.10146141052246]], [[30.179298400878906]], [[30.296920776367188]], [[30.415266036987305]], [[30.554819107055664]], [[30.675838470458984]], [[30.757617950439453]], [[30.96512794494629]], [[31.071422576904297]], [[31.288063049316406]], [[31.310083389282227]], [[31.466291427612305]], [[31.719831466674805]], [[31.790559768676758]], [[31.98236846923828]], [[32.12973403930664]], [[32.25543975830078]], [[32.38279342651367]], [[32.59112548828125]], [[0.05844400078058243]], [[1.9136950969696045]], [[2.8323142528533936]], [[4.937264919281006]], [[7.246018409729004]], [[8.621853828430176]], [[10.18861198425293]], [[11.176901817321777]], [[13.229458808898926]], [[14.068316459655762]], [[15.422209739685059]], [[16.13418197631836]], [[17.585693359375]], [[18.02027130126953]], [[19.099895477294922]], [[19.70501708984375]], [[20.373010635375977]], [[21.456790924072266]], [[21.9805965423584]], [[22.46599769592285]], [[22.989185333251953]], [[23.202884674072266]], [[23.541616439819336]], [[24.115415573120117]], [[24.4744930267334]], [[24.81947135925293]], [[25.15167808532715]], [[25.474918365478516]], [[25.78961753845215]], [[26.148942947387695]], [[26.300792694091797]], [[26.70258331298828]], [[27.04954719543457]], [[27.297046661376953]], [[27.593765258789062]], [[27.8418025970459]], [[28.139467239379883]], [[28.49005126953125]], [[28.79319953918457]], [[29.09771728515625]], [[29.3551025390625]], [[29.71892738342285]], [[30.301998138427734]], [[30.62641716003418]], [[30.954195022583008]], [[31.398984909057617]], [[31.569124221801758]], [[31.910701751708984]], [[32.258323669433594]], [[32.728580474853516]], [[32.90763473510742]], [[33.33056640625]]]}