{"vc": [[-0.013415295630693436, 0.0, 0.0], [0.0, 0.0, 0.0], [0.03143114224076271, -0.03111938387155533, 0.031008489429950714], [0.17235824465751648, 0.0, 0.0], [0.0, 0.0, 0.0], [0.0, 0.0, 0.0], [0.0, 0.001025986741296947, 0.0], [0.0, 0.0, 0.0], [0.0, 0.0, 0.0], [0.8691742420196533, 0.0, 0.0]], "true_y1": [[[0.4006600081920624]], [[47.98289489746094]], [[57.14435958862305]], [[85.35932922363281]], [[113.24446868896484]], [[141.3329315185547]], [[150.0736541748047]], [[187.97360229492188]], [[216.1904754638672]], [[254.09475708007812]], [[282.4033203125]], [[301.4326477050781]], [[320.3780517578125]], [[339.398193359375]], [[387.4093017578125]], [[425.8917541503906]], [[464.49359130859375]], [[512.955810546875]], [[551.7318725585938]], [[639.967041015625]], [[719.2172241210938]], [[779.0647583007812]], [[870.2154541015625]], [[911.2860107421875]], [[983.9346923828125]], [[1057.78564453125]], [[1089.791015625]], [[1165.7843017578125]], [[1232.2327880859375]], [[1288.81640625]], [[1381.556396484375]], [[1429.05908203125]], [[1514.433837890625]], [[1564.0909423828125]], [[1654.203125]], [[1734.4412841796875]], [[1817.450439453125]], [[1889.0948486328125]], [[1993.62451171875]], [[2119.5908203125]], [[2185.41845703125]], [[1.0533000230789185]], [[20.391895294189453]], [[33.26025390625]], [[52.721073150634766]], [[72.09713745117188]], [[84.89107513427734]], [[104.45494842529297]], [[130.47689819335938]], [[149.91188049316406]], [[176.2916259765625]], [[182.66798400878906]], [[195.89820861816406]], [[235.48516845703125]], [[241.93124389648438]], [[268.35955810546875]], [[281.59307861328125]], [[301.5051574707031]], [[328.2267150878906]], [[368.30670166015625]], [[455.9497375488281]], [[482.99957275390625]], [[537.8507080078125]], [[579.2298583984375]], [[621.1644287109375]], [[663.2781372070312]], [[698.8032836914062]], [[741.9632568359375]], [[778.3428344726562]], [[829.984130859375]], [[874.8650512695312]], [[1163.4827880859375]], [[1206.833740234375]], [[1269.1639404296875]], [[1324.3702392578125]], [[1371.546630859375]], [[1440.0526123046875]], [[1.104699969291687]], [[10.581609725952148]], [[24.954265594482422]], [[44.25900650024414]], [[48.934967041015625]], [[68.1923828125]], [[77.70817565917969]], [[97.12321472167969]], [[106.67932891845703]], [[116.35811614990234]], [[135.78794860839844]], [[155.29856872558594]], [[165.1002197265625]], [[179.6956787109375]], [[189.41319274902344]], [[209.1201629638672]], [[228.76097106933594]], [[263.25372314453125]], [[273.1127014160156]], [[292.9400634765625]], [[317.81195068359375]], [[367.94488525390625]], [[398.2170715332031]], [[438.85015869140625]], [[459.4657287597656]], [[490.3804016113281]], [[531.9474487304688]], [[558.3284912109375]], [[590.408447265625]], [[628.0927124023438]], [[655.2774047851562]], [[694.0626220703125]], [[716.268310546875]], [[756.0035400390625]], [[773.2891845703125]], [[831.9634399414062]], [[880.2767944335938]], [[936.2947998046875]], [[968.2564697265625]], [[0.6033599972724915]], [[21.52042007446289]], [[33.99263000488281]], [[50.713645935058594]], [[58.99492263793945]], [[67.32103729248047]], [[84.00524139404297]], [[96.5523452758789]], [[109.08820343017578]], [[121.62387084960938]], [[134.18394470214844]], [[146.75421142578125]], [[155.13043212890625]], [[171.97366333007812]], [[184.54946899414062]], [[205.67086791992188]], [[239.5706024169922]], [[256.5699462890625]], [[273.62188720703125]], [[294.9835205078125]], [[324.978271484375]], [[346.4946594238281]], [[381.27703857421875]], [[407.5749816894531]], [[420.6866760253906]], [[451.59356689453125]], [[478.3227844238281]], [[505.2663269042969]], [[532.60986328125]], [[555.5181274414062]], [[587.9567260742188]], [[620.8204956054688]], [[644.5511474609375]], [[678.5413818359375]], [[702.9041748046875]], [[722.7801513671875]], [[758.1395263671875]], [[794.1594848632812]], [[825.6902465820312]], [[857.893310546875]], [[885.256591796875]], [[913.1425170898438]], [[958.9082641601562]], [[994.3535766601562]], [[1030.6944580078125]], [[0.35506001114845276]], [[17.2620792388916]], [[30.806819915771484]], [[54.5263671875]], [[74.75350189208984]], [[91.85043334960938]], [[112.21407318115234]], [[129.16400146484375]], [[156.4525146484375]], [[170.03436279296875]], [[190.64183044433594]], [[214.6392364501953]], [[242.26429748535156]], [[252.60232543945312]], [[269.8968200683594]], [[287.2460632324219]], [[318.73663330078125]], [[339.82159423828125]], [[364.5968322753906]], [[378.91546630859375]], [[403.94732666015625]], [[429.2478332519531]], [[440.13983154296875]], [[469.41473388671875]], [[487.98974609375]], [[510.45025634765625]], [[533.18603515625]], [[556.0828857421875]], [[579.4368286132812]], [[602.913330078125]], [[618.7703857421875]], [[651.14453125]], [[671.6917114257812]], [[700.8704833984375]], [[713.7201538085938]], [[752.599853515625]], [[774.821533203125]], [[797.23046875]], [[815.6642456054688]], [[867.5891723632812]], [[886.9470825195312]], [[911.7726440429688]], [[947.4221801757812]], [[978.9412231445312]], [[1006.0059204101562]], [[1033.5218505859375]], [[1079.4010009765625]], [[1121.0550537109375]], [[1164.514404296875]], [[1183.68359375]], [[1222.9228515625]], [[1263.8076171875]], [[1313.526123046875]], [[1350.51220703125]], [[1388.9119873046875]], [[0.1057400032877922]], [[8.882359504699707]], [[28.67526626586914]], [[37.44609832763672]], [[50.617618560791016]], [[68.26765441894531]], [[79.19493865966797]], [[90.23837280273438]], [[107.88660430908203]], [[118.90556335449219]], [[132.14816284179688]], [[143.24169921875]], [[158.78961181640625]], [[172.09283447265625]], [[185.44212341308594]], [[203.3407745361328]], [[214.50868225097656]], [[225.7716522216797]], [[239.3200225830078]], [[255.16943359375]], [[268.8525085449219]], [[282.53863525390625]], [[296.3976745605469]], [[303.30419921875]], [[317.28131103515625]], [[333.6236877441406]], [[347.7971496582031]], [[364.45220947265625]], [[376.44586181640625]], [[393.3691711425781]], [[400.7445983886719]], [[417.9398498535156]], [[435.3785095214844]], [[447.9984436035156]], [[468.5065612792969]], [[478.8101806640625]], [[494.51495361328125]], [[510.4436340332031]], [[529.34619140625]], [[545.8124389648438]], [[556.9675903320312]], [[585.3433227539062]], [[599.9071655273438]], [[629.6380615234375]], [[632.66357421875]], [[654.1483154296875]], [[689.1202392578125]], [[698.904296875]], [[725.516357421875]], [[746.0556030273438]], [[763.6519775390625]], [[781.5606079101562]], [[811.0602416992188]], [[0.05844400078058243]], [[8.050314903259277]], [[12.043230056762695]], [[21.363290786743164]], [[32.02416229248047]], [[38.702362060546875]], [[46.715087890625]], [[52.05091857910156]], [[64.04801940917969]], [[69.40007019042969]], [[78.75254821777344]], [[84.09840393066406]], [[96.15921783447266]], [[100.1349868774414]], [[110.91748809814453]], [[117.62542724609375]], [[125.6946029663086]], [[140.568115234375]], [[148.69183349609375]], [[156.84658813476562]], [[166.37428283691406]], [[170.49954223632812]], [[177.3272247314453]], [[189.72055053710938]], [[198.00787353515625]], [[206.34637451171875]], [[214.70938110351562]], [[223.1397247314453]], [[231.60086059570312]], [[241.53277587890625]], [[245.80677795410156]], [[257.3031921386719]], [[267.4127197265625]], [[274.70501708984375]], [[283.51654052734375]], [[290.92706298828125]], [[299.8593444824219]], [[310.41607666015625]], [[319.5626220703125]], [[328.75762939453125]], [[336.5298767089844]], [[347.51104736328125]], [[365.08660888671875]], [[374.8515625]], [[384.7085266113281]], [[398.0738525390625]], [[403.1846008300781]], [[413.4453430175781]], [[423.89215087890625]], [[438.041748046875]], [[443.4372863769531]], [[456.20599365234375]]]}