{"vc": [[0.013352647423744202, 0.0, 0.0], [0.0, 0.0, 0.0], [0.043202679604291916, -0.052306268364191055, 0.05206165835261345], [0.2325124591588974, 0.0, 0.0], [0.0, 0.0, 0.0], [0.0, 0.0, 0.0], [0.0, 0.001003016484901309, 0.0], [0.0, 0.0, 0.0], [0.0, 0.0, 0.0], [0.93039470911026, 0.0, 0.0]], "true_y1": [[[0.4006600081920624]], [[51.4775505065918]], [[61.3133544921875]], [[91.6084213256836]], [[121.55484008789062]], [[151.72610473632812]], [[161.11648559570312]], [[201.84312438964844]], [[232.1765594482422]], [[272.944091796875]], [[303.4090270996094]], [[323.8979797363281]], [[344.30560302734375]], [[364.8036804199219]], [[416.5964050292969]], [[458.1716613769531]], [[499.9414367675781]], [[552.4898681640625]], [[594.6367797851562]], [[690.9481811523438]], [[778.0389404296875]], [[844.254150390625]], [[945.9827270507812]], [[992.2150268554688]], [[1074.67724609375]], [[1159.4979248046875]], [[1196.5985107421875]], [[1285.590576171875]], [[1364.5255126953125]], [[1432.6337890625]], [[1546.1802978515625]], [[1605.324462890625]], [[1713.413818359375]], [[1777.3951416015625]], [[1895.71044921875]], [[2003.5787353515625]], [[2117.798095703125]], [[2218.619873046875]], [[2369.602783203125]], [[2557.945068359375]], [[2659.26025390625]], [[1.0533000230789185]], [[21.82735824584961]], [[35.656044006347656]], [[56.577064514160156]], [[77.41664123535156]], [[91.1823959350586]], [[112.2410888671875]], [[140.26870727539062]], [[161.215576171875]], [[189.6682586669922]], [[196.5495147705078]], [[210.8324432373047]], [[253.61370849609375]], [[260.5867614746094]], [[289.1978759765625]], [[303.5386657714844]], [[325.13629150390625]], [[354.1596984863281]], [[397.78826904296875]], [[493.6786193847656]], [[523.435302734375]], [[584.0550537109375]], [[630.0657348632812]], [[676.9722900390625]], [[724.392822265625]], [[764.6631469726562]], [[813.9495849609375]], [[855.8267211914062]], [[915.8422241210938]], [[968.5894775390625]], [[1323.718017578125]], [[1379.8465576171875]], [[1462.0062255859375]], [[1536.2794189453125]], [[1600.9180908203125]], [[1696.779052734375]], [[1.104699969291687]], [[11.290512084960938]], [[26.74527359008789]], [[47.51676940917969]], [[52.55032730102539]], [[73.29022979736328]], [[83.54449462890625]], [[104.47887420654297]], [[114.78926086425781]], [[125.23651885986328]], [[146.223388671875]], [[167.3179931640625]], [[177.9236602783203]], [[193.7272186279297]], [[204.2566375732422]], [[225.62986755371094]], [[246.9595947265625]], [[284.494384765625]], [[295.2423400878906]], [[316.8862609863281]], [[344.0953674316406]], [[399.1640625]], [[432.5831298828125]], [[477.6678466796875]], [[500.65264892578125]], [[535.274169921875]], [[582.145263671875]], [[612.1015625]], [[648.7681884765625]], [[692.203369140625]], [[723.7992553710938]], [[769.2891235351562]], [[795.5645751953125]], [[843.030517578125]], [[863.8675537109375]], [[935.5057373046875]], [[995.6190185546875]], [[1066.6932373046875]], [[1107.9466552734375]], [[0.6033599972724915]], [[23.0928897857666]], [[36.50856018066406]], [[54.50148391723633]], [[63.41578674316406]], [[72.38050842285156]], [[90.35120391845703]], [[103.87216186523438]], [[117.38688659667969]], [[130.90771484375]], [[144.46168518066406]], [[158.0340118408203]], [[167.0823516845703]], [[185.28857421875]], [[198.89285278320312]], [[221.76467895507812]], [[258.5430603027344]], [[277.0228271484375]], [[295.5877990722656]], [[318.8885192871094]], [[351.6980895996094]], [[375.30810546875]], [[413.62469482421875]], [[442.7327575683594]], [[457.29449462890625]], [[491.7601623535156]], [[521.7404174804688]], [[552.1398315429688]], [[583.1901245117188]], [[609.3709106445312]], [[646.7244873046875]], [[684.9300537109375]], [[712.7615966796875]], [[753.0064086914062]], [[782.14453125]], [[806.1066284179688]], [[849.1793212890625]], [[893.6727905273438]], [[933.160400390625]], [[974.0360717773438]], [[1009.2208251953125]], [[1045.521484375]], [[1106.1085205078125]], [[1153.931884765625]], [[1203.8116455078125]], [[0.35506001114845276]], [[18.539520263671875]], [[33.112361907958984]], [[58.64305114746094]], [[80.42670440673828]], [[98.84928131103516]], [[120.80586242675781]], [[139.09523010253906]], [[168.57127380371094]], [[183.2586669921875]], [[205.56861877441406]], [[231.59271240234375]], [[261.6207275390625]], [[272.8800964355469]], [[291.7460632324219]], [[310.71331787109375]], [[345.26129150390625]], [[368.49169921875]], [[395.90234375]], [[411.8058776855469]], [[439.7278747558594]], [[468.1180419921875]], [[480.39654541015625]], [[513.5802001953125]], [[534.7825317382812]], [[560.5844116210938]], [[586.8981323242188]], [[613.6104125976562]], [[641.0891723632812]], [[668.963623046875]], [[687.941162109375]], [[727.0817260742188]], [[752.2123413085938]], [[788.3065185546875]], [[804.3587036132812]], [[853.5409545898438]], [[882.0810546875]], [[911.1917114257812]], [[935.3941650390625]], [[1004.8602905273438]], [[1031.26318359375]], [[1065.5400390625]], [[1115.602783203125]], [[1160.715576171875]], [[1200.1077880859375]], [[1240.792236328125]], [[1310.0902099609375]], [[1374.6339111328125]], [[1443.674560546875]], [[1474.69091796875]], [[1539.2794189453125]], [[1608.1748046875]], [[1694.204833984375]], [[1759.8387451171875]], [[1829.4874267578125]], [[0.1057400032877922]], [[9.554949760437012]], [[30.868534088134766]], [[40.315181732177734]], [[54.504390716552734]], [[73.5247802734375]], [[85.3053207397461]], [[97.21578979492188]], [[116.26175689697266]], [[128.1626434326172]], [[142.47653198242188]], [[154.47860717773438]], [[171.3198699951172]], [[185.75119018554688]], [[200.25547790527344]], [[219.7444305419922]], [[231.9320526123047]], [[244.2472686767578]], [[259.0962829589844]], [[276.52069091796875]], [[291.61468505859375]], [[306.76422119140625]], [[322.1629638671875]], [[329.8599853515625]], [[345.4873046875]], [[363.8504943847656]], [[379.86248779296875]], [[398.78778076171875]], [[412.49456787109375]], [[431.9539489746094]], [[440.4802551269531]], [[460.47216796875]], [[480.9175720214844]], [[495.8263244628906]], [[520.267333984375]], [[532.6510620117188]], [[551.6663208007812]], [[571.1319580078125]], [[594.476318359375]], [[615.0371704101562]], [[629.089599609375]], [[665.3021850585938]], [[684.1580200195312]], [[723.2442626953125]], [[727.2677001953125]], [[756.0897216796875]], [[803.973876953125]], [[817.5919799804688]], [[855.1377563476562]], [[884.6326293945312]], [[910.2684936523438]], [[936.7140502929688]], [[981.0732421875]], [[0.05844400078058243]], [[8.677596092224121]], [[12.984289169311523]], [[23.03783416748047]], [[34.53992462158203]], [[41.7465934753418]], [[50.39532470703125]], [[56.15607452392578]], [[69.11360168457031]], [[74.89681243896484]], [[85.0075912475586]], [[90.79010009765625]], [[103.84623718261719]], [[108.15363311767578]], [[119.84579467773438]], [[127.12812805175781]], [[135.89804077148438]], [[152.0954132080078]], [[160.96237182617188]], [[169.8794708251953]], [[180.32058715820312]], [[184.84954833984375]], [[192.3571014404297]], [[206.02471923828125]], [[215.19566345214844]], [[224.4510040283203]], [[233.76351928710938]], [[243.1834716796875]], [[252.6727294921875]], [[263.85906982421875]], [[268.6895446777344]], [[281.7353820800781]], [[293.2742614746094]], [[301.63873291015625]], [[311.7940979003906]], [[320.37750244140625]], [[330.77764892578125]], [[343.14892578125]], [[353.940673828125]], [[364.8609313964844]], [[374.1493835449219]], [[387.3665466308594]], [[408.7604064941406]], [[420.7801818847656]], [[433.0139465332031]], [[449.769287109375]], [[456.22869873046875]], [[469.2870178222656]], [[482.708251953125]], [[501.095703125]], [[508.1721496582031]], [[525.0652465820312]]]}