{"vc": [[-0.0267777182161808, 0.0, 0.0], [0.0, -0.03402973711490631, 0.033978115767240524], [0.025255046784877777, 0.20233918726444244, -0.20230618119239807], [0.13454295694828033, 0.0, 0.0], [0.0, 0.0, 0.0], [0.0, 0.0, 0.0], [0.0, 0.009449224919080734, 0.0], [0.0, 0.0, 0.0], [0.0, 0.0, 0.0], [0.8213987350463867, 0.0, 0.0]], "true_y1": [[[0.4006600081920624]], [[45.38789749145508]], [[54.11407470703125]], [[81.23770141601562]], [[108.54107666015625]], [[136.6998748779297]], [[145.6204376220703]], [[185.3089599609375]], [[216.06236267089844]], [[259.2332763671875]], [[293.00860595703125]], [[316.50244140625]], [[340.5496520996094]], [[365.3684997558594]], [[431.0965270996094]], [[486.9488525390625]], [[545.6497802734375]], [[622.6245727539062]], [[686.1748046875]], [[832.53173828125]], [[956.9100952148438]], [[1039.0235595703125]], [[1133.4034423828125]], [[1161.7293701171875]], [[1190.998291015625]], [[1200.45654296875]], [[1201.49169921875]], [[1206.37060546875]], [[1223.488037109375]], [[1253.20751953125]], [[1332.873291015625]], [[1384.1964111328125]], [[1478.9561767578125]], [[1527.65869140625]], [[1591.0455322265625]], [[1617.5909423828125]], [[1624.0850830078125]], [[1624.772216796875]], [[1640.2430419921875]], [[1708.2720947265625]], [[1768.4525146484375]], [[1.0533000230789185]], [[19.26531410217285]], [[31.39126968383789]], [[49.81781768798828]], [[68.35780334472656]], [[80.75153350830078]], [[100.00472259521484]], [[126.31486511230469]], [[146.59600830078125]], [[175.1422882080078]], [[182.23663330078125]], [[197.2169189453125]], [[244.31771850585938]], [[252.33352661132812]], [[286.2806396484375]], [[303.9537353515625]], [[331.4180603027344]], [[369.9388427734375]], [[431.22589111328125]], [[577.4180908203125]], [[624.5021362304688]], [[719.2106323242188]], [[786.84814453125]], [[848.6828002929688]], [[901.0593872070312]], [[936.0208129882812]], [[966.2556762695312]], [[981.7929077148438]], [[991.5420532226562]], [[993.6519775390625]], [[1191.748291015625]], [[1233.0660400390625]], [[1280.5771484375]], [[1306.4345703125]], [[1316.9791259765625]], [[1320.3948974609375]], [[1.104699969291687]], [[10.024425506591797]], [[23.533945083618164]], [[41.7508544921875]], [[46.191192626953125]], [[64.66150665283203]], [[73.92774200439453]], [[93.20675659179688]], [[102.9131088256836]], [[112.91199493408203]], [[133.55911254882812]], [[155.16928100585938]], [[166.39572143554688]], [[183.61187744140625]], [[195.42501831054688]], [[220.3004150390625]], [[246.3917999267578]], [[295.5630798339844]], [[310.4283142089844]], [[341.42266845703125]], [[382.3307800292969]], [[470.8493957519531]], [[527.1179809570312]], [[603.5433349609375]], [[641.6068725585938]], [[696.1351318359375]], [[761.27685546875]], [[795.8040161132812]], [[829.1473999023438]], [[855.509033203125]], [[866.5233764648438]], [[873.4241943359375]], [[874.6495361328125]], [[876.7410278320312]], [[879.1724853515625]], [[902.5841064453125]], [[943.9989013671875]], [[1011.8482055664062]], [[1053.7100830078125]], [[0.6033599972724915]], [[20.306926727294922]], [[32.11420440673828]], [[48.12641143798828]], [[56.168861389160156]], [[64.34992980957031]], [[81.08984375]], [[94.04129028320312]], [[107.3463363647461]], [[121.06448364257812]], [[135.27149963378906]], [[150.00003051757812]], [[160.1202850341797]], [[181.27053833007812]], [[197.80838012695312]], [[227.13690185546875]], [[278.6163330078125]], [[306.59124755859375]], [[336.1295166015625]], [[375.18072509765625]], [[433.5628356933594]], [[477.5724182128906]], [[551.0266723632812]], [[606.8215942382812]], [[634.13720703125]], [[695.510498046875]], [[743.1677856445312]], [[784.0321655273438]], [[816.6107177734375]], [[836.49267578125]], [[853.6475219726562]], [[860.6804809570312]], [[862.17626953125]], [[864.4951782226562]], [[869.870361328125]], [[878.3179931640625]], [[904.6574096679688]], [[946.3589477539062]], [[991.6602172851562]], [[1040.4384765625]], [[1078.958740234375]], [[1111.6455078125]], [[1145.93505859375]], [[1156.7535400390625]], [[1159.0301513671875]], [[0.35506001114845276]], [[16.28829574584961]], [[29.14350700378418]], [[52.15888214111328]], [[72.61067199707031]], [[90.72894287109375]], [[113.57167053222656]], [[133.84149169921875]], [[169.34202575683594]], [[188.51580810546875]], [[219.7503662109375]], [[259.6585693359375]], [[310.62176513671875]], [[331.0990295410156]], [[367.02099609375]], [[405.01751708984375]], [[478.07489013671875]], [[528.80810546875]], [[588.4561767578125]], [[622.0599365234375]], [[677.3954467773438]], [[726.4161376953125]], [[744.7151489257812]], [[784.0252075195312]], [[801.1074829101562]], [[814.0675659179688]], [[820.2506713867188]], [[822.27783203125]], [[823.7742309570312]], [[828.736328125]], [[835.8441162109375]], [[862.9133911132812]], [[889.1767578125]], [[935.864013671875]], [[958.3906860351562]], [[1024.5809326171875]], [[1055.7589111328125]], [[1079.27294921875]], [[1092.1773681640625]], [[1104.0003662109375]], [[1104.182861328125]], [[1106.1715087890625]], [[1119.93701171875]], [[1148.6976318359375]], [[1187.748779296875]], [[1240.4532470703125]], [[1350.5352783203125]], [[1461.0137939453125]], [[1569.034423828125]], [[1610.1492919921875]], [[1676.6488037109375]], [[1718.6597900390625]], [[1738.62890625]], [[1741.7703857421875]], [[1745.6937255859375]], [[0.1057400032877922]], [[8.3729887008667]], [[27.262279510498047]], [[35.861507415771484]], [[49.193016052246094]], [[68.12295532226562]], [[80.62849426269531]], [[94.01112365722656]], [[117.24198150634766]], [[133.08547973632812]], [[153.69454956054688]], [[172.42286682128906]], [[201.15948486328125]], [[228.25503540039062]], [[257.9270324707031]], [[301.75482177734375]], [[331.4344787597656]], [[363.08526611328125]], [[403.1965637207031]], [[452.31549072265625]], [[495.7878112792969]], [[539.22607421875]], [[581.9430541992188]], [[602.326904296875]], [[640.8340454101562]], [[679.6502685546875]], [[706.5863037109375]], [[729.3812255859375]], [[739.9755859375]], [[747.91796875]], [[749.4740600585938]], [[751.0093383789062]], [[753.5797729492188]], [[758.8401489257812]], [[777.4869995117188]], [[792.3548583984375]], [[821.7350463867188]], [[857.75]], [[903.4107055664062]], [[940.3489990234375]], [[961.55517578125]], [[996.1602172851562]], [[1003.420654296875]], [[1006.0661010742188]], [[1006.1636962890625]], [[1010.6323852539062]], [[1047.0704345703125]], [[1066.0543212890625]], [[1137.5966796875]], [[1209.4013671875]], [[1277.9151611328125]], [[1349.4490966796875]], [[1458.2763671875]], [[0.05844400078058243]], [[7.583889484405518]], [[11.367544174194336]], [[20.334577560424805]], [[30.967437744140625]], [[37.921165466308594]], [[46.652244567871094]], [[52.74635314941406]], [[67.44427490234375]], [[74.52232360839844]], [[87.80593872070312]], [[95.98754119873047]], [[116.2696762084961]], [[123.57342529296875]], [[145.1324462890625]], [[159.96078491210938]], [[179.38706970214844]], [[220.19508361816406]], [[245.4298095703125]], [[272.94000244140625]], [[307.8310241699219]], [[323.8218994140625]], [[351.37310791015625]], [[404.2881164550781]], [[441.0818176269531]], [[478.44622802734375]], [[515.3861083984375]], [[551.0487670898438]], [[584.1337280273438]], [[618.041259765625]], [[630.637939453125]], [[657.7540283203125]], [[673.2071533203125]], [[679.8711547851562]], [[683.9780883789062]], [[685.314208984375]], [[686.3143310546875]], [[689.820556640625]], [[697.6065673828125]], [[711.6884155273438]], [[728.9612426757812]], [[760.91259765625]], [[821.9401245117188]], [[854.431640625]], [[881.641357421875]], [[905.882568359375]], [[911.1834106445312]], [[916.4421997070312]], [[917.3701782226562]], [[919.4419555664062]], [[922.575927734375]], [[939.2503662109375]]]}