{"vc": [[0.0504356324672699, 0.0, 0.0], [0.0, 0.0, 0.0], [0.06021567061543465, -0.05199361592531204, 0.05193940922617912], [0.31455910205841064, 0.0, 0.0], [0.0, 0.0, 0.0], [0.0, 0.0, 0.0], [0.0, 0.0010580470552667975, 0.0], [0.0, 0.0, 0.0], [0.0, 0.0, 0.0], [1.0144484043121338, 0.0, 0.0]], "true_y1": [[[0.4006600081920624]], [[56.26641845703125]], [[67.02445220947266]], [[100.16035461425781]], [[132.91561889648438]], [[165.91796875]], [[176.18980407714844]], [[220.74179077148438]], [[253.92764282226562]], [[298.5347900390625]], [[331.874755859375]], [[354.3006591796875]], [[376.640625]], [[399.0830993652344]], [[455.8069152832031]], [[501.3629150390625]], [[547.1563720703125]], [[604.8078002929688]], [[651.0860595703125]], [[756.994140625]], [[852.9904174804688]], [[926.1510620117188]], [[1038.896240234375]], [[1090.291259765625]], [[1182.232666015625]], [[1277.199462890625]], [[1318.8739013671875]], [[1419.197998046875]], [[1508.6351318359375]], [[1586.1650390625]], [[1716.1983642578125]], [[1784.331298828125]], [[1909.583740234375]], [[1984.182861328125]], [[2123.05126953125]], [[2250.713134765625]], [[2387.002197265625]], [[2508.259765625]], [[2691.52392578125]], [[2922.947998046875]], [[3048.72119140625]], [[1.0533000230789185]], [[23.79169273376465]], [[38.927947998046875]], [[61.82720184326172]], [[84.63752746582031]], [[99.70528411865234]], [[122.75628662109375]], [[153.43698120117188]], [[176.36819458007812]], [[207.51919555664062]], [[215.05364990234375]], [[230.69326782226562]], [[277.5470275878906]], [[285.18536376953125]], [[316.5314025878906]], [[332.24658203125]], [[355.919189453125]], [[387.741943359375]], [[435.6064453125]], [[540.9596557617188]], [[573.7061157226562]], [[640.5126953125]], [[691.3175659179688]], [[743.2115478515625]], [[795.7885131835938]], [[840.536865234375]], [[895.4389038085938]], [[942.2130737304688]], [[1009.4634399414062]], [[1068.795166015625]], [[1474.6363525390625]], [[1539.9072265625]], [[1636.0430908203125]], [[1723.5684814453125]], [[1800.223876953125]], [[1914.741943359375]], [[1.104699969291687]], [[12.261154174804688]], [[29.18858528137207]], [[51.939369201660156]], [[57.45259094238281]], [[80.16908264160156]], [[91.40083312988281]], [[114.33145141601562]], [[125.6254653930664]], [[137.06980895996094]], [[160.06117248535156]], [[183.17315673828125]], [[194.7943115234375]], [[212.11285400390625]], [[223.6529998779297]], [[247.08172607421875]], [[270.4687805175781]], [[311.6417236328125]], [[323.4363708496094]], [[347.19573974609375]], [[377.08056640625]], [[437.6314697265625]], [[474.4295349121094]], [[524.1473999023438]], [[549.531494140625]], [[587.820068359375]], [[639.7681884765625]], [[673.044189453125]], [[713.86083984375]], [[762.3458251953125]], [[797.7127685546875]], [[848.7867431640625]], [[878.375244140625]], [[931.9976196289062]], [[955.6096801757812]], [[1037.1424560546875]], [[1106.0010986328125]], [[1187.96240234375]], [[1235.8157958984375]], [[0.6033599972724915]], [[25.24321174621582]], [[39.94161605834961]], [[59.65509033203125]], [[69.42194366455078]], [[79.24417877197266]], [[98.93440246582031]], [[113.74980163574219]], [[128.55914306640625]], [[143.37615966796875]], [[158.230712890625]], [[173.10684204101562]], [[183.02532958984375]], [[202.9850311279297]], [[217.9022216796875]], [[242.9874267578125]], [[283.3447265625]], [[303.6339416503906]], [[324.02557373046875]], [[349.63323974609375]], [[385.72222900390625]], [[411.7178955078125]], [[453.95928955078125]], [[486.0988464355469]], [[502.195068359375]], [[540.344970703125]], [[573.594970703125]], [[607.3775634765625]], [[641.9598999023438]], [[671.1830444335938]], [[712.9863891601562]], [[755.8849487304688]], [[787.23095703125]], [[832.7085571289062]], [[865.7515869140625]], [[893.0009765625]], [[942.1611328125]], [[993.1922607421875]], [[1038.7015380859375]], [[1086.0341796875]], [[1126.963134765625]], [[1169.373779296875]], [[1240.580810546875]], [[1297.1651611328125]], [[1356.5421142578125]], [[0.35506001114845276]], [[20.288522720336914]], [[36.263031005859375]], [[64.2498550415039]], [[88.13032531738281]], [[108.32769775390625]], [[132.40225219726562]], [[152.45899963378906]], [[184.79171752929688]], [[200.90740966796875]], [[225.39474487304688]], [[253.97317504882812]], [[286.97247314453125]], [[299.3537292480469]], [[320.1103820800781]], [[340.9936218261719]], [[379.07623291015625]], [[404.72039794921875]], [[435.02276611328125]], [[452.62786865234375]], [[483.5835876464844]], [[515.1241455078125]], [[528.7872924804688]], [[565.7850341796875]], [[589.482666015625]], [[618.3868408203125]], [[647.9426879882812]], [[678.0315551757812]], [[709.0779418945312]], [[740.6735229492188]], [[762.2454833984375]], [[806.8989868164062]], [[835.6879272460938]], [[877.2044677734375]], [[895.733154296875]], [[952.759033203125]], [[986.0311279296875]], [[1020.1073608398438]], [[1048.54638671875]], [[1130.7252197265625]], [[1162.177490234375]], [[1203.1895751953125]], [[1263.45654296875]], [[1318.138916015625]], [[1366.1778564453125]], [[1416.076904296875]], [[1501.732666015625]], [[1582.2591552734375]], [[1669.18798828125]], [[1708.5050048828125]], [[1790.900634765625]], [[1879.5614013671875]], [[1991.3768310546875]], [[2077.497802734375]], [[2169.648681640625]], [[0.1057400032877922]], [[10.477246284484863]], [[33.87131118774414]], [[44.24029541015625]], [[59.81541442871094]], [[80.69524383544922]], [[93.62887573242188]], [[106.70668029785156]], [[127.62355041503906]], [[140.6968231201172]], [[156.425048828125]], [[169.61727905273438]], [[188.13629150390625]], [[204.01370239257812]], [[219.98049926757812]], [[241.45123291015625]], [[254.88919067382812]], [[268.47747802734375]], [[284.8756103515625]], [[304.1395263671875]], [[320.847900390625]], [[337.6390686035156]], [[354.73016357421875]], [[363.28265380859375]], [[380.66754150390625]], [[401.1336975097656]], [[419.014892578125]], [[440.1949768066406]], [[455.56732177734375]], [[477.44073486328125]], [[487.0438232421875]], [[509.60784912109375]], [[532.755126953125]], [[549.6815185546875]], [[577.520263671875]], [[591.6694946289062]], [[613.455078125]], [[635.8329467773438]], [[662.774169921875]], [[686.5995483398438]], [[702.9361572265625]], [[745.2371826171875]], [[767.3804931640625]], [[813.54150390625]], [[818.3133544921875]], [[852.607177734375]], [[910.0147705078125]], [[926.4406127929688]], [[971.9559326171875]], [[1007.9469604492188]], [[1039.3974609375]], [[1072.005126953125]], [[1127.073486328125]], [[0.05844400078058243]], [[9.537620544433594]], [[14.2740478515625]], [[25.330867767333984]], [[37.981170654296875]], [[45.907615661621094]], [[55.42070770263672]], [[61.757633209228516]], [[76.01287841796875]], [[82.37625885009766]], [[93.50318908691406]], [[99.86808013916016]], [[114.24317932128906]], [[118.98712158203125]], [[131.86837768554688]], [[139.89476013183594]], [[149.56472778320312]], [[167.43765258789062]], [[177.23020935058594]], [[187.08486938476562]], [[198.6332244873047]], [[203.64590454101562]], [[211.96017456054688]], [[227.11325073242188]], [[237.29415893554688]], [[247.5803985595703]], [[257.9427795410156]], [[268.4383850097656]], [[279.02593994140625]], [[291.5271301269531]], [[296.9324035644531]], [[311.552978515625]], [[324.51312255859375]], [[333.92535400390625]], [[345.3734130859375]], [[355.067626953125]], [[366.8368835449219]], [[380.8709411621094]], [[393.14459228515625]], [[405.59515380859375]], [[416.210205078125]], [[431.3558044433594]], [[455.9754943847656]], [[469.8659362792969]], [[484.04779052734375]], [[503.5449523925781]], [[511.08447265625]], [[526.3660888671875]], [[542.1285400390625]], [[563.8170776367188]], [[572.1930541992188]], [[592.25439453125]]]}