{"vc": [[0.06269959360361099, 0.0, 0.0], [0.0, 0.0, 0.0], [0.06592193990945816, -0.051803816109895706, 0.05189535766839981], [0.34112557768821716, 0.0, 0.0], [0.0, 0.0, 0.0], [0.0, 0.0, 0.0], [0.0, 0.0008667723159305751, 0.0], [0.0, 0.0, 0.0], [0.0, 0.0, 0.0], [1.0414584875106812, 0.0, 0.0]], "true_y1": [[[0.4006600081920624]], [[57.80581283569336]], [[68.86023712158203]], [[102.90875244140625]], [[136.5654296875]], [[170.47479248046875]], [[181.02859497070312]], [[226.80093383789062]], [[260.8922119140625]], [[306.709716796875]], [[340.94781494140625]], [[363.9740295410156]], [[386.9084777832031]], [[409.94415283203125]], [[468.1463317871094]], [[514.863525390625]], [[561.7957763671875]], [[620.8326416015625]], [[668.1776123046875]], [[776.3416137695312]], [[874.1113891601562]], [[948.4150390625]], [[1062.5074462890625]], [[1114.3299560546875]], [[1206.71240234375]], [[1301.662109375]], [[1343.1671142578125]], [[1442.6544189453125]], [[1530.8114013671875]], [[1606.8067626953125]], [[1733.35009765625]], [[1799.185546875]], [[1919.35986328125]], [[1990.405029296875]], [[2121.603759765625]], [[2241.0126953125]], [[2367.2373046875]], [[2478.472412109375]], [[2644.72900390625]], [[2851.593017578125]], [[2962.6318359375]], [[1.0533000230789185]], [[24.423246383666992]], [[39.97986602783203]], [[63.514923095703125]], [[86.958251953125]], [[102.4438705444336]], [[126.13349914550781]], [[157.6624755859375]], [[181.22592163085938]], [[213.23239135742188]], [[220.97305297851562]], [[237.03964233398438]], [[285.1623229980469]], [[293.00579833984375]], [[325.18756103515625]], [[341.31756591796875]], [[365.6090393066406]], [[398.2508544921875]], [[447.31439208984375]], [[555.1255493164062]], [[588.5726318359375]], [[656.69384765625]], [[708.3809204101562]], [[761.0565795898438]], [[814.2886962890625]], [[859.4761962890625]], [[914.7557983398438]], [[961.7017211914062]], [[1028.940673828125]], [[1087.993896484375]], [[1484.3543701171875]], [[1546.78271484375]], [[1638.0499267578125]], [[1720.43798828125]], [[1792.046630859375]], [[1898.08544921875]], [[1.104699969291687]], [[12.573264122009277]], [[29.974201202392578]], [[53.36119079589844]], [[59.02853012084961]], [[82.37968444824219]], [[93.92493438720703]], [[117.49470520019531]], [[129.1029510498047]], [[140.86521911621094]], [[164.4934844970703]], [[188.24264526367188]], [[200.1827392578125]], [[217.97447204589844]], [[229.82833862304688]], [[253.8894500732422]], [[277.90069580078125]], [[320.1515197753906]], [[332.2491455078125]], [[356.6097717285156]], [[387.23150634765625]], [[449.19622802734375]], [[486.7915344238281]], [[537.4976196289062]], [[563.341796875]], [[602.2611083984375]], [[654.9306030273438]], [[688.5794067382812]], [[729.7498779296875]], [[778.495849609375]], [[813.9369506835938]], [[864.9342651367188]], [[894.3745727539062]], [[947.525634765625]], [[970.8447265625]], [[1050.94970703125]], [[1118.084228515625]], [[1197.3565673828125]], [[1243.3153076171875]], [[0.6033599972724915]], [[25.934633255004883]], [[41.0453987121582]], [[61.311683654785156]], [[71.35225677490234]], [[81.44960021972656]], [[101.69066619873047]], [[116.91975402832031]], [[132.1417236328125]], [[147.37046813964844]], [[162.63641357421875]], [[177.92288208007812]], [[188.1138916015625]], [[208.6189727783203]], [[223.94070434570312]], [[249.69918823242188]], [[291.1167907714844]], [[311.9260559082031]], [[332.8299865722656]], [[359.0642395019531]], [[395.9997863769531]], [[422.57489013671875]], [[465.69500732421875]], [[498.4440612792969]], [[514.8242797851562]], [[553.585205078125]], [[587.2906494140625]], [[621.45556640625]], [[656.3386840820312]], [[685.7398071289062]], [[727.6685791015625]], [[770.5281372070312]], [[801.7326049804688]], [[846.8272705078125]], [[879.4554443359375]], [[906.273681640625]], [[954.4474487304688]], [[1004.1641845703125]], [[1048.246826171875]], [[1093.837646484375]], [[1133.046630859375]], [[1173.465087890625]], [[1240.846923828125]], [[1293.9639892578125]], [[1349.2989501953125]], [[0.35506001114845276]], [[20.850936889648438]], [[37.27606201171875]], [[66.05175018310547]], [[90.60406494140625]], [[111.3680191040039]], [[136.1149139404297]], [[156.72830200195312]], [[189.94906616210938]], [[206.50186157226562]], [[231.64443969726562]], [[260.9709777832031]], [[294.8064270019531]], [[307.49237060546875]], [[328.7471618652344]], [[350.1138610839844]], [[389.0256652832031]], [[415.1846618652344]], [[446.0439758300781]], [[463.9446105957031]], [[495.3653564453125]], [[527.302001953125]], [[541.110595703125]], [[578.4172973632812]], [[602.2439575195312]], [[631.2281494140625]], [[660.7736206054688]], [[690.7515869140625]], [[721.572998046875]], [[752.820068359375]], [[774.0828247070312]], [[817.9075317382812]], [[846.0242309570312]], [[886.3768920898438]], [[904.3111572265625]], [[959.2137451171875]], [[991.0407104492188]], [[1023.478759765625]], [[1050.4281005859375]], [[1127.6787109375]], [[1157.0013427734375]], [[1195.036376953125]], [[1250.522705078125]], [[1300.4564208984375]], [[1344.007080078125]], [[1388.936767578125]], [[1465.350341796875]], [[1536.3927001953125]], [[1612.25]], [[1646.2841796875]], [[1717.0697021484375]], [[1792.4478759765625]], [[1886.392822265625]], [[1957.93408203125]], [[2033.73046875]], [[0.1057400032877922]], [[10.773872375488281]], [[34.83683776855469]], [[45.5020866394043]], [[61.521697998046875]], [[82.9957275390625]], [[96.29594421386719]], [[109.74279022216797]], [[131.24534606933594]], [[144.68099975585938]], [[160.84048461914062]], [[174.3896942138672]], [[193.40110778808594]], [[209.6911163330078]], [[226.0624542236328]], [[248.05804443359375]], [[261.8117980957031]], [[275.7082824707031]], [[292.46197509765625]], [[312.11834716796875]], [[329.1427917480469]], [[346.2267150878906]], [[363.588134765625]], [[372.2647399902344]], [[389.877685546875]], [[410.5682678222656]], [[428.60400390625]], [[449.9139709472656]], [[465.34259033203125]], [[487.2383728027344]], [[496.8291015625]], [[519.3088989257812]], [[542.28662109375]], [[559.0339965820312]], [[586.4739990234375]], [[600.3698120117188]], [[621.6967163085938]], [[643.5158081054688]], [[669.6646728515625]], [[692.6790771484375]], [[708.3993530273438]], [[748.8751831054688]], [[769.9307861328125]], [[813.5323486328125]], [[818.0171508789062]], [[850.125244140625]], [[903.3951416015625]], [[918.5281372070312]], [[960.2120361328125]], [[992.9181518554688]], [[1021.3170776367188]], [[1050.585693359375]], [[1099.6190185546875]], [[0.05844400078058243]], [[9.814288139343262]], [[14.688943862915039]], [[26.06835174560547]], [[39.087371826171875]], [[47.24449920654297]], [[57.03389358520508]], [[63.554420471191406]], [[78.22087860107422]], [[84.76679229736328]], [[96.21092987060547]], [[102.75593566894531]], [[117.53343963623047]], [[122.40863037109375]], [[135.64169311523438]], [[143.88345336914062]], [[153.8083953857422]], [[172.13763427734375]], [[182.1707305908203]], [[192.25978088378906]], [[204.07200622558594]], [[209.19529724121094]], [[217.68740844726562]], [[233.145263671875]], [[243.51571655273438]], [[253.9800262451172]], [[264.5072326660156]], [[275.15399169921875]], [[285.8769836425781]], [[298.5148010253906]], [[303.97100830078125]], [[318.70355224609375]], [[331.7300720214844]], [[341.1702880859375]], [[352.6286315917969]], [[362.3105163574219]], [[374.0380859375]], [[387.9830627441406]], [[400.1427001953125]], [[412.4423522949219]], [[422.9001159667969]], [[437.7748107910156]], [[461.8350830078125]], [[475.34368896484375]], [[489.0857238769531]], [[507.89508056640625]], [[515.1426391601562]], [[529.7879638671875]], [[544.8313598632812]], [[565.4263305664062]], [[573.3477172851562]], [[592.247314453125]]]}