{"vc": [[-0.26303187012672424, -0.14821641147136688, 0.1480671614408493], [-0.330556184053421, -2.437849283218384, 2.4376213550567627], [-0.08459934592247009, -0.008080131374299526, 0.00790188554674387], [-0.14613215625286102, -0.25341907143592834, 0.2533353567123413], [-0.12820765376091003, -0.034123703837394714, 0.033918220549821854], [-0.11702485382556915, 0.07867660373449326, -0.07884857803583145], [-0.23091290891170502, 0.4106006622314453, -0.41077348589897156], [-0.00027779024094343185, -0.0015897913835942745, 0.0014101364649832249], [0.12195948511362076, 0.06858837604522705, -0.06873127818107605], [-0.011279631406068802, 0.0547991506755352, -0.054737839847803116]], "true_y1": [[[0.4006600081920624]], [[-0.008995920419692993]], [[0.009593844413757324]], [[0.17452262341976166]], [[0.435401976108551]], [[0.7408584952354431]], [[0.8382747769355774]], [[1.244307041168213]], [[1.5073964595794678]], [[1.7833881378173828]], [[1.9258500337600708]], [[1.9916430711746216]], [[2.0348751544952393]], [[2.0579400062561035]], [[2.040985107421875]], [[1.9702634811401367]], [[1.867154836654663]], [[1.7130780220031738]], [[1.582340121269226]], [[1.2918850183486938]], [[1.06303071975708]], [[0.9139313697814941]], [[0.7234851717948914]], [[0.6507067084312439]], [[0.5386539697647095]], [[0.44336044788360596]], [[0.40701568126678467]], [[0.3308540880680084]], [[0.2742403447628021]], [[0.23215484619140625]], [[0.1732465624809265]], [[0.14716026186943054]], [[0.10603059828281403]], [[0.08503991365432739]], [[0.05155591294169426]], [[0.025969821959733963]], [[0.002972150221467018]], [[-0.014479683712124825]], [[-0.03661266341805458]], [[-0.058989815413951874]], [[-0.06914406269788742]], [[1.0533000230789185]], [[0.7208495140075684]], [[0.653212308883667]], [[0.6875047087669373]], [[0.8152753710746765]], [[0.9256144165992737]], [[1.1086406707763672]], [[1.3436094522476196]], [[1.4945125579833984]], [[1.6520509719848633]], [[1.6813594102859497]], [[1.7313205003738403]], [[1.7999482154846191]], [[1.8011480569839478]], [[1.7824105024337769]], [[1.7610626220703125]], [[1.717353343963623]], [[1.642624020576477]], [[1.5105613470077515]], [[1.2033154964447021]], [[1.1173306703567505]], [[0.9569272994995117]], [[0.8496118783950806]], [[0.7524511814117432]], [[0.6656948328018188]], [[0.600101113319397]], [[0.5286814570426941]], [[0.47471538186073303]], [[0.40657949447631836]], [[0.35433289408683777]], [[0.11885237693786621]], [[0.09638744592666626]], [[0.06643711030483246]], [[0.04222487285733223]], [[0.023159408941864967]], [[-0.0020929817110300064]], [[1.104699969291687]], [[0.8759679794311523]], [[0.709074854850769]], [[0.6887196898460388]], [[0.7051973938941956]], [[0.821526825428009]], [[0.8953347206115723]], [[1.0540461540222168]], [[1.1295422315597534]], [[1.201179027557373]], [[1.3248018026351929]], [[1.4172155857086182]], [[1.4512279033660889]], [[1.4871104955673218]], [[1.5018467903137207]], [[1.5118199586868286]], [[1.499489188194275]], [[1.4389270544052124]], [[1.4153591394424438]], [[1.3624621629714966]], [[1.2895431518554688]], [[1.1357972621917725]], [[1.0462119579315186]], [[0.9338366389274597]], [[0.880939781665802]], [[0.8069270849227905]], [[0.7171294689178467]], [[0.6655400991439819]], [[0.6079159379005432]], [[0.5466645956039429]], [[0.5063325762748718]], [[0.45371004939079285]], [[0.42591944336891174]], [[0.3799397051334381]], [[0.36130180954933167]], [[0.30340778827667236]], [[0.26114434003829956]], [[0.21722888946533203]], [[0.1942865550518036]], [[0.6033599972724915]], [[0.2346634566783905]], [[0.17514818906784058]], [[0.20056381821632385]], [[0.24178479611873627]], [[0.29569771885871887]], [[0.42700061202049255]], [[0.5354331731796265]], [[0.6445249319076538]], [[0.7495222091674805]], [[0.8471569418907166]], [[0.9349571466445923]], [[0.9872351288795471]], [[1.0763391256332397]], [[1.1288247108459473]], [[1.1912450790405273]], [[1.2331451177597046]], [[1.2328888177871704]], [[1.2217912673950195]], [[1.196229100227356]], [[1.1455281972885132]], [[1.1028530597686768]], [[1.028934359550476]], [[0.9723791480064392]], [[0.9445810914039612]], [[0.8810200691223145]], [[0.8289236426353455]], [[0.7794445753097534]], [[0.7324291467666626]], [[0.6954752206802368]], [[0.6467577815055847]], [[0.6014168858528137]], [[0.5709809064865112]], [[0.5304388999938965]], [[0.5033999085426331]], [[0.4824821949005127]], [[0.44758307933807373]], [[0.4147772192955017]], [[0.38808271288871765]], [[0.3625619113445282]], [[0.34212908148765564]], [[0.3223836421966553]], [[0.2920997440814972]], [[0.27026766538619995]], [[0.24919262528419495]], [[0.35506001114845276]], [[0.012432217597961426]], [[-0.08951250463724136]], [[-0.06955667585134506]], [[0.050283752381801605]], [[0.18395039439201355]], [[0.35405635833740234]], [[0.49061495065689087]], [[0.681732714176178]], [[0.7595395445823669]], [[0.8537572622299194]], [[0.9287506341934204]], [[0.9751157760620117]], [[0.98341304063797]], [[0.9883440732955933]], [[0.9840905666351318]], [[0.9594548344612122]], [[0.9350270628929138]], [[0.9016432762145996]], [[0.8810421824455261]], [[0.8440358638763428]], [[0.8065618276596069]], [[0.790656328201294]], [[0.7490600943565369]], [[0.7237577438354492]], [[0.694429337978363]], [[0.6662110090255737]], [[0.6392890214920044]], [[0.613336980342865]], [[0.5887166857719421]], [[0.5728793740272522]], [[0.5424006581306458]], [[0.524264931678772]], [[0.499987930059433]], [[0.48981115221977234]], [[0.46076899766921997]], [[0.4452609717845917]], [[0.43035414814949036]], [[0.41860589385032654]], [[0.3877701163291931]], [[0.37705129384994507]], [[0.36386212706565857]], [[0.3459324538707733]], [[0.33098533749580383]], [[0.31876885890960693]], [[0.3068881034851074]], [[0.2881808578968048]], [[0.2722729742527008]], [[0.2566497325897217]], [[0.250047892332077]], [[0.23704169690608978]], [[0.22416071593761444]], [[0.20933035016059875]], [[0.19883717596530914]], [[0.18838712573051453]], [[0.1057400032877922]], [[-0.1362905204296112]], [[-0.3910403251647949]], [[-0.426554411649704]], [[-0.4268433749675751]], [[-0.36422139406204224]], [[-0.3038052022457123]], [[-0.23294305801391602]], [[-0.10937988013029099]], [[-0.030558831989765167]], [[0.06207018345594406]], [[0.1359124630689621]], [[0.23117932677268982]], [[0.30361711978912354]], [[0.36715900897979736]], [[0.437807559967041]], [[0.4737744927406311]], [[0.5041667819023132]], [[0.5335758328437805]], [[0.559237003326416]], [[0.5749085545539856]], [[0.5855531096458435]], [[0.5920820832252502]], [[0.5939895510673523]], [[0.5955620408058167]], [[0.5942369699478149]], [[0.5909680128097534]], [[0.5852636694908142]], [[0.5802325010299683]], [[0.572204053401947]], [[0.568457305431366]], [[0.5593328475952148]], [[0.549746572971344]], [[0.5427234768867493]], [[0.531326413154602]], [[0.5256597995758057]], [[0.5171495676040649]], [[0.5087149143218994]], [[0.4990062415599823]], [[0.4908394515514374]], [[0.48546722531318665]], [[0.4723947048187256]], [[0.46601632237434387]], [[0.45367175340652466]], [[0.4524652659893036]], [[0.444151908159256]], [[0.4315274953842163]], [[0.42818620800971985]], [[0.4194914996623993]], [[0.4131533205509186]], [[0.4079650640487671]], [[0.40290114283561707]], [[0.3950049579143524]], [[0.05844400078058243]], [[-0.20764800906181335]], [[-0.30217260122299194]], [[-0.4527919888496399]], [[-0.541744589805603]], [[-0.5671369433403015]], [[-0.5761108994483948]], [[-0.5722225308418274]], [[-0.5429022908210754]], [[-0.5230793356895447]], [[-0.4815722107887268]], [[-0.45494818687438965]], [[-0.38998183608055115]], [[-0.3676376938819885]], [[-0.30612796545028687]], [[-0.2678660452365875]], [[-0.22252270579338074]], [[-0.14263097941875458]], [[-0.10176322609186172]], [[-0.06308410316705704]], [[-0.021114077419042587]], [[-0.0040603820234537125]], [[0.022656342014670372]], [[0.06636043637990952]], [[0.09222185611724854]], [[0.11564193665981293]], [[0.13664887845516205]], [[0.15547077357769012]], [[0.17216089367866516]], [[0.1891857236623764]], 