{"vc": [[-0.022061662748456, -0.1319172978401184, 0.13182134926319122], [-0.09912943840026855, -2.3674137592315674, 2.36735200881958], [-0.011240269057452679, -0.039226338267326355, 0.03920581564307213], [-0.011650718748569489, -0.06685242801904678, 0.06680969148874283], [-0.034264206886291504, 0.002780695678666234, -0.0027801459655165672], [-0.03524942696094513, 0.020719148218631744, -0.020704519003629684], [-0.10807746648788452, 0.7967099547386169, -0.7968969345092773], [0.0006379594560712576, 0.0039627570658922195, -0.00396961672231555], [0.02826124243438244, 0.039406850934028625, -0.03937060013413429], [-0.003885856829583645, 0.0311525147408247, -0.030995022505521774]], "true_y1": [[[0.4006600081920624]], [[0.22142057120800018]], [[0.21011000871658325]], [[0.20751801133155823]], [[0.24179960787296295]], [[0.30275392532348633]], [[0.32584139704704285]], [[0.44202175736427307]], [[0.539664626121521]], [[0.676578938961029]], [[0.7779327034950256]], [[0.8437498211860657]], [[0.9064761996269226]], [[0.9659731388092041]], [[1.0974537134170532]], [[1.1812161207199097]], [[1.2453628778457642]], [[1.2993378639221191]], [[1.323668122291565]], [[1.3302414417266846]], [[1.297059178352356]], [[1.2578870058059692]], [[1.1868176460266113]], [[1.152982473373413]], [[1.0930765867233276]], [[1.0340449810028076]], [[1.0094003677368164]], [[0.9535900354385376]], [[0.9081019759178162]], [[0.8718135356903076]], [[0.8169891238212585]], [[0.7910041213035583]], [[0.7475515007972717]], [[0.7240414023399353]], [[0.6843389272689819]], [[0.6518562436103821]], [[0.6207420825958252]], [[0.5956873893737793]], [[0.5617479085922241]], [[0.5243887901306152]], [[0.5061942934989929]], [[1.0533000230789185]], [[0.9063501358032227]], [[0.8514352440834045]], [[0.8128578662872314]], [[0.8112590909004211]], [[0.823911190032959]], [[0.8572242259979248]], [[0.9168240427970886]], [[0.9661052823066711]], [[1.0326005220413208]], [[1.0479899644851685]], [[1.078583836555481]], [[1.156230092048645]], [[1.1666333675384521]], [[1.2023749351501465]], [[1.2161438465118408]], [[1.231897234916687]], [[1.2443559169769287]], [[1.2470077276229858]], [[1.2057247161865234]], [[1.1851028203964233]], [[1.1374855041503906]], [[1.0990304946899414]], [[1.0596212148666382]], [[1.0206701755523682]], [[0.9888156056404114]], [[0.9517335295677185]], [[0.9220274090766907]], [[0.8824161887168884]], [[0.8504238128662109]], [[0.6903263330459595]], [[0.6720544099807739]], [[0.6476510763168335]], [[0.6276906132698059]], [[0.6117362976074219]], [[0.5901855230331421]], [[1.104699969291687]], [[1.0112003087997437]], [[0.9196196794509888]], [[0.8612730503082275]], [[0.8549984097480774]], [[0.8510316610336304]], [[0.8585833311080933]], [[0.8857975006103516]], [[0.9027910828590393]], [[0.9212599992752075]], [[0.9595642685890198]], [[0.9965081810951233]], [[1.013655424118042]], [[1.0368471145629883]], [[1.0505462884902954]], [[1.0737428665161133]], [[1.0906685590744019]], [[1.1063042879104614]], [[1.1078063249588013]], [[1.1073689460754395]], [[1.1012012958526611]], [[1.0747864246368408]], [[1.0529464483261108]], [[1.0199129581451416]], [[1.0023276805877686]], [[0.9756581783294678]], [[0.9402181506156921]], [[0.9184075593948364]], [[0.8928825259208679]], [[0.8645100593566895]], [[0.8451958894729614]], [[0.8193369507789612]], [[0.805417537689209]], [[0.7820591926574707]], [[0.7724935412406921]], [[0.7425293326377869]], [[0.7205159664154053]], [[0.6976389288902283]], [[0.6857239007949829]], [[0.6033599972724915]], [[0.47072261571884155]], [[0.4322391152381897]], [[0.41250884532928467]], [[0.41286370158195496]], [[0.4184454381465912]], [[0.44182199239730835]], [[0.4672529399394989]], [[0.49719589948654175]], [[0.5300895571708679]], [[0.5647046566009521]], [[0.5999367833137512]], [[0.6233018636703491]], [[0.6690495014190674]], [[0.7014691233634949]], [[0.7513421177864075]], [[0.8169950246810913]], [[0.8428082466125488]], [[0.8640220165252686]], [[0.884376585483551]], [[0.9025415182113647]], [[0.9091833233833313]], [[0.9109585285186768]], [[0.9066451787948608]], [[0.9031074047088623]], [[0.892022967338562]], [[0.8801907896995544]], [[0.8669374585151672]], [[0.8527164459228516]], [[0.840537965297699]], [[0.8232911825180054]], [[0.806186318397522]], [[0.7942257523536682]], [[0.7778133153915405]], [[0.766628086566925]], [[0.7578787207603455]], [[0.743160605430603]], [[0.7292709350585938]], [[0.7179949879646301]], [[0.7072867155075073]], [[0.6987937688827515]], [[0.6906771063804626]], [[0.6784464716911316]], [[0.6698257923126221]], [[0.6616858243942261]], [[0.35506001114845276]], [[0.25450843572616577]], [[0.21183186769485474]], [[0.19049157202243805]], [[0.20771828293800354]], [[0.23856228590011597]], [[0.2877144515514374]], [[0.3347872197628021]], [[0.4152100086212158]], [[0.45510077476501465]], [[0.5131374597549438]], [[0.5746333599090576]], [[0.6349773406982422]], [[0.6544209718704224]], [[0.6830804347991943]], [[0.7070919871330261]], [[0.7394780516624451]], [[0.7540504336357117]], [[0.7650864720344543]], [[0.7689294219017029]], [[0.7719984650611877]], [[0.7713329792022705]], [[0.7701271176338196]], [[0.7648056745529175]], [[0.7602351307868958]], [[0.7538573741912842]], [[0.7467634081840515]], [[0.7392380237579346]], [[0.7313840985298157]], [[0.72347491979599]], [[0.7181891798973083]], [[0.7076705694198608]], [[0.7012463212013245]], [[0.692521870136261]], [[0.6888387799263]], [[0.6783097982406616]], [[0.6727094650268555]], [[0.667364239692688]], [[0.6631889343261719]], [[0.6524474024772644]], [[0.6488048434257507]], [[0.6444000005722046]], [[0.6385636329650879]], [[0.6338451504707336]], [[0.6300960183143616]], [[0.6265478730201721]], [[0.6211668252944946]], [[0.6167977452278137]], [[0.612698495388031]], [[0.6110244989395142]], [[0.6078290939331055]], [[0.6047993898391724]], [[0.6014780402183533]], [[0.5992356538772583]], [[0.5970906019210815]], [[0.1057400032877922]], [[0.053884971886873245]], [[-0.013862613588571548]], [[-0.028151096776127815]], [[-0.03659987822175026]], [[-0.029420435428619385]], [[-0.0169786736369133]], [[0.0003883242607116699]], [[0.03588682785630226]], [[0.061716265976428986]], [[0.09542225301265717]], [[0.12523213028907776]], [[0.16838781535625458]], [[0.20571884512901306]], [[0.24279604852199554]], [[0.29082977771759033]], [[0.3193322420120239]], [[0.3466451168060303]], [[0.37734198570251465]], [[0.4099975824356079]], [[0.43524181842803955]], [[0.4577418267726898]], [[0.4777863323688507]], [[0.4867824614048004]], [[0.5030683875083923]], [[0.5190682411193848]], [[0.5305375456809998]], [[0.5414831638336182]], [[0.5478677749633789]], [[0.5550291538238525]], [[0.55755215883255]], [[0.562219500541687]], [[0.5654712915420532]], [[0.5670554041862488]], [[0.5685179233551025]], [[0.5688255429267883]], [[0.5688537359237671]], [[0.5684410929679871]], [[0.5675104260444641]], [[0.5664095282554626]], [[0.5655496120452881]], [[0.5630825161933899]], [[0.5617183446884155]], [[0.558849036693573]], [[0.5585551857948303]], [[0.5564796924591064]], [[0.5532019734382629]], [[0.5523180365562439]], [[0.5500025749206543]], [[0.548311173915863]], [[0.5469313263893127]], [[0.5455930829048157]], [[0.5435322523117065]], [[0.05844400078058243]], [[0.008940231055021286]], [[-0.01038595475256443]], [[-0.04443387687206268]], [[-0.06853002309799194]], [[-0.0774201899766922]], [[-0.08309013396501541]], [[-0.08432289958000183]], [[-0.08104140311479568]], [[-0.07731013745069504]], [[-0.06803455948829651]], [[-0.061368755996227264]], [[-0.04331013560295105]], [[-0.036570340394973755]], [[-0.016682615503668785]], [[-0.003310772590339184]], [[0.013582366518676281]], [[0.046402279287576675]], [[0.06491227447986603]], [[0.08368545770645142]], [[0.10564743727445602]], [[0.11510881781578064]], [[0.13063907623291016]], [[0.1582014262676239]], [[0.1760181337594986]], [[0.193330317735672]], [[0.20999138057231903]], [[0.22600822150707245]], [[0.24124747514724731]], [[0.2580223083496094]], [[0.2648637592792511]], [[0.28213340044021606]], 