{"vc": [[-0.0413716584444046, 0.0, 0.0], [0.0, -1.7641072273254395, 1.7649112939834595], [-0.007030304055660963, 0.07906310260295868, -0.0792054831981659], [-0.136932373046875, 0.0, 0.0], [0.0, 0.0, 0.0], [0.0, 0.0, 0.0], [0.0, 0.7202933430671692, -0.719802737236023], [0.0, 0.0, 0.0], [0.0, 0.0, 0.0], [0.02648870460689068, 0.0, 0.0]], "true_y1": [[[0.4006600081920624]], [[1.3743306398391724]], [[1.5365177392959595]], [[1.971832036972046]], [[2.305720329284668]], [[2.553663969039917]], [[2.6149795055389404]], [[2.810033082962036]], [[2.8965957164764404]], [[2.959172248840332]], [[2.978426218032837]], [[2.9822230339050293]], [[2.9805526733398438]], [[2.974635124206543]], [[2.9467926025390625]], [[2.9162638187408447]], [[2.8817179203033447]], [[2.8355038166046143]], [[2.797494888305664]], [[2.7104251384735107]], [[2.633153200149536]], [[2.575807809829712]], [[2.490323543548584]], [[2.4525556564331055]], [[2.386906623840332]], [[2.3217105865478516]], [[2.2939469814300537]], [[2.2292401790618896]], [[2.1740925312042236]], [[2.12821102142334]], [[2.0552079677581787]], [[2.018889904022217]], [[1.9554744958877563]], [[1.9196960926055908]], [[1.8568546772003174]], [[1.803156852722168]], [[1.7498221397399902]], [[1.7055766582489014]], [[1.643927812576294]], [[1.5740693807601929]], [[1.5394182205200195]], [[1.0533000230789185]], [[1.417364239692688]], [[1.625633716583252]], [[1.8877758979797363]], [[2.0892627239227295]], [[2.1933140754699707]], [[2.314504384994507]], [[2.418736219406128]], [[2.464604616165161]], [[2.495837926864624]], [[2.499288320541382]], [[2.502464771270752]], [[2.488359212875366]], [[2.4836533069610596]], [[2.459733724594116]], [[2.445618152618408]], [[2.4225096702575684]], [[2.3890631198883057]], [[2.3359453678131104]], [[2.216179847717285]], [[2.1793196201324463]], [[2.1054606437683105]], [[2.0506887435913086]], [[1.996085286140442]], [[1.9421913623809814]], [[1.8974746465682983]], [[1.8440767526626587]], [[1.7998685836791992]], [[1.7383921146392822]], [[1.6862026453018188]], [[1.379572868347168]], [[1.337999939918518]], [[1.280321478843689]], [[1.2312963008880615]], [[1.1909273862838745]], [[1.1347830295562744]], [[1.104699969291687]], [[1.272242546081543]], [[1.4917882680892944]], [[1.7224026918411255]], [[1.7679084539413452]], [[1.9179021120071411]], [[1.972448706626892]], [[2.0513458251953125]], [[2.077009439468384]], [[2.095823049545288]], [[2.116032838821411]], [[2.1185741424560547]], [[2.114893913269043]], [[2.1047699451446533]], [[2.095557928085327]], [[2.0723283290863037]], [[2.0448052883148193]], [[1.9901244640350342]], [[1.9735831022262573]], [[1.9396086931228638]], [[1.8961946964263916]], [[1.8079777956008911]], [[1.7550334930419922]], [[1.684887170791626]], [[1.6497856378555298]], [[1.597823977470398]], [[1.5293000936508179]], [[1.4866358041763306]], [[1.4356393814086914]], [[1.3769985437393188]], [[1.3355610370635986]], [[1.2777221202850342]], [[1.245297908782959]], [[1.1885576248168945]], [[1.1643948554992676]], [[1.0847810506820679]], [[1.0220707654953003]], [[0.952649712562561]], [[0.9146468043327332]], [[0.6033599972724915]], [[0.9449561238288879]], [[1.1168969869613647]], [[1.3075531721115112]], [[1.3854721784591675]], [[1.4534372091293335]], [[1.5610876083374023]], [[1.6200425624847412]], [[1.6630797386169434]], [[1.692808747291565]], [[1.711554765701294]], [[1.721266746520996]], [[1.7235714197158813]], [[1.7200798988342285]], [[1.7118059396743774]], [[1.6898771524429321]], [[1.6407331228256226]], [[1.6120549440383911]], [[1.5816174745559692]], [[1.5419214963912964]], [[1.4845095872879028]], [[1.4427744150161743]], [[1.375188946723938]], [[1.3244044780731201]], [[1.2992650270462036]], [[1.2406116724014282]], [[1.1906747817993164]], [[1.1411614418029785]], [[1.0918188095092773]], [[1.0512174367904663]], [[0.9949246644973755]], [[0.9393836855888367]], [[0.9002426266670227]], [[0.8456344604492188]], [[0.8075765371322632]], [[0.777213990688324]], [[0.7247593402862549]], [[0.6734306812286377]], [[0.6302895545959473]], [[0.5879936814308167]], [[0.553482711315155]], [[0.5196846127510071]], [[0.4672665596008301]], [[0.4293128252029419]], [[0.39282652735710144]], [[0.35506001114845276]], [[0.6170382499694824]], [[0.8014035820960999]], [[1.0587530136108398]], [[1.2121751308441162]], [[1.300038456916809]], [[1.3640544414520264]], [[1.391021728515625]], [[1.3984854221343994]], [[1.3903089761734009]], [[1.3675066232681274]], [[1.3299177885055542]], [[1.2774112224578857]], [[1.256110429763794]], [[1.219139575958252]], [[1.1808664798736572]], [[1.1097071170806885]], [[1.061545729637146]], [[1.0049635171890259]], [[0.972407877445221]], [[0.9159430861473083]], [[0.8596388101577759]], [[0.8356802463531494]], [[0.772232711315155]], [[0.7327533960342407]], [[0.6858911514282227]], [[0.6394921541213989]], [[0.5938820838928223]], [[0.5485795736312866]], [[0.5043421983718872]], [[0.47523319721221924]], [[0.4178243577480316]], [[0.3828563392162323]], [[0.3352554142475128]], [[0.3150865435600281]], [[0.2571510076522827]], [[0.22620786726474762]], [[0.1966717690229416]], [[0.17366968095302582]], [[0.11543051898479462]], [[0.09628946334123611]], [[0.07386171817779541]], [[0.045932624489068985]], [[0.025547737255692482]], [[0.011335352435708046]], [[0.0010000000474974513]], [[0.0010000000474974513]], [[0.0010000000474974513]], [[0.0010000000474974513]], [[0.0010000000474974513]], [[0.006960911676287651]], [[0.026137711480259895]], [[0.05627860873937607]], [[0.08281766623258591]], [[0.1133781224489212]], [[0.1057400032877922]], [[0.21696233749389648]], [[0.4463147222995758]], [[0.5342630743980408]], [[0.6473121643066406]], [[0.761635422706604]], [[0.8120182752609253]], [[0.8486596941947937]], [[0.8815920352935791]], [[0.888841450214386]], [[0.8866845369338989]], [[0.8774006962776184]], [[0.8553404211997986]], [[0.8299167156219482]], [[0.7997764945030212]], [[0.7539291381835938]], [[0.7229586839675903]], [[0.6903427839279175]], [[0.6496952772140503]], [[0.6007143259048462]], [[0.5575724244117737]], [[0.5139092206954956]], [[0.4693911075592041]], [[0.4471491277217865]], [[0.40212035179138184]], [[0.3495975136756897]], [[0.30429479479789734]], [[0.2515089511871338]], [[0.21388055384159088]], [[0.16145022213459015]], [[0.1388765126466751]], [[0.08698616921901703]], [[0.03554542362689972]], [[0.0010000000474974513]], [[0.0010000000474974513]], [[0.0010000000474974513]], [[0.0010000000474974513]], [[0.0010000000474974513]], [[0.0010000000474974513]], [[0.0010000000474974513]], [[0.0010000000474974513]], [[0.0010000000474974513]], [[0.0010000000474974513]], [[0.0010000000474974513]], [[0.0010000000474974513]], [[0.0010000000474974513]], [[0.0010000000474974513]], [[0.0010000000474974513]], [[0.0010000000474974513]], [[0.0010000000474974513]], [[0.0010000000474974513]], [[0.0010000000474974513]], [[0.0010000000474974513]], [[0.05844400078058243]], [[0.11911042034626007]], [[0.1483672857284546]], [[0.21275396645069122]], [[0.27785056829452515]], [[0.3131391704082489]], [[0.3494040369987488]], [[0.3697687089443207]], [[0.4045270085334778]], [[0.4152476489543915]], [[0.42731115221977234]], [[0.43062567710876465]], [[0.42945200204849243]], [[0.42666900157928467]], [[0.413858026266098]], [[0.40241163969039917]], [[0.3855675160884857]], [[0.3470778465270996]], [[0.3226682245731354]], [[0.2961827516555786]], [[0.2631019949913025]], [[0.24815969169139862]], [[0.222711980342865]], [[0.17457035183906555]], [[0.14122329652309418]], [[0.10691826045513153]], [[0.07189031690359116]], [[0.03607068583369255]], [[0.0010000000474974513]], [[0.0010000000474974513]], [[0.0010000000474974513]], [[0.0010000000474974513]], [[0.0010000000474974513]], [[0.0010000000474974513]], [[0.0010000000474974513]], [[0.0010000000474974513]], [[0.0010000000474974513]], [[0.0010000000474974513]], [[0.0010000000474974513]], [[0.0010000000474974513]], [[0.0010000000474974513]], [[0.0010000000474974513]], [[0.0010000000474974513]], [[0.0010000000474974513]], [[0.0010000000474974513]], 