{"vc": [[-0.20672087371349335, -0.15402095019817352, 0.15397562086582184], [-0.29521578550338745, -2.4249041080474854, 2.424879789352417], [-0.07064596563577652, -0.009355450049042702, 0.009338580071926117], [-0.11091439425945282, -0.22984179854393005, 0.22972720861434937], [-0.11539026349782944, -0.016458997502923012, 0.016390400007367134], [-0.10245049744844437, 0.06679678708314896, -0.06683998554944992], [-0.2313794642686844, 0.4407794773578644, -0.4407820403575897], [0.0010218629613518715, -0.0009100877214223146, 0.000880406005308032], [0.10016125440597534, 0.06669677793979645, -0.06674117594957352], [-0.009321955032646656, 0.052226826548576355, -0.052198659628629684]], "true_y1": [[[0.4006600081920624]], [[0.04226851463317871]], [[0.05439651012420654]], [[0.18225614726543427]], [[0.3924216628074646]], [[0.6433545351028442]], [[0.7243820428848267]], [[1.0684661865234375]], [[1.2991188764572144]], [[1.5532071590423584]], [[1.6947681903839111]], [[1.7663239240646362]], [[1.8194829225540161]], [[1.8558882474899292]], [[1.8824487924575806]], [[1.8510195016860962]], [[1.787108302116394]], [[1.6785697937011719]], [[1.5800343751907349]], [[1.3484445810317993]], [[1.1572730541229248]], [[1.0295825004577637]], [[0.8634312748908997]], [[0.799102783203125]], [[0.6992024779319763]], [[0.6134198307991028]], [[0.5804953575134277]], [[0.5111048221588135]], [[0.45914533734321594]], [[0.42028501629829407]], [[0.3655075132846832]], [[0.34108829498291016]], [[0.30235493183135986]], [[0.2824651598930359]], [[0.25054407119750977]], [[0.22597327828407288]], [[0.20373934507369995]], [[0.18676339089870453]], [[0.16509251296520233]], [[0.1430061310529709]], [[0.13292048871517181]], [[1.0533000230789185]], [[0.7384004592895508]], [[0.6633145809173584]], [[0.6707388758659363]], [[0.7630081176757812]], [[0.8488188982009888]], [[0.9965254068374634]], [[1.1938027143478394]], [[1.3257803916931152]], [[1.4709829092025757]], [[1.4994795322418213]], [[1.5501794815063477]], [[1.6368869543075562]], [[1.6426740884780884]], [[1.6457951068878174]], [[1.6366043090820312]], [[1.6118922233581543]], [[1.5628219842910767]], [[1.467259168624878]], [[1.2257884740829468]], [[1.1551302671432495]], [[1.0211398601531982]], [[0.9302049279212952]], [[0.8471762537956238]], [[0.772588849067688]], [[0.7159719467163086]], [[0.6541577577590942]], [[0.6073623299598694]], [[0.5482087731361389]], [[0.5028201341629028]], [[0.2988808751106262]], [[0.279268354177475]], [[0.25328880548477173]], [[0.23238447308540344]], [[0.21597303450107574]], [[0.1942977011203766]], [[1.104699969291687]], [[0.8892934918403625]], [[0.7218107581138611]], [[0.6788827180862427]], [[0.6879231929779053]], [[0.7707505226135254]], [[0.8279937505722046]], [[0.9563007354736328]], [[1.0193421840667725]], [[1.080385684967041]], [[1.1892246007919312]], [[1.2752233743667603]], [[1.3088700771331787]], [[1.347229242324829]], [[1.3653162717819214]], [[1.3853199481964111]], [[1.3859940767288208]], [[1.351798176765442]], [[1.3359795808792114]], [[1.2984812259674072]], [[1.2440242767333984]], [[1.1233274936676025]], [[1.0506500005722046]], [[0.9579236507415771]], [[0.9138306975364685]], [[0.8517981767654419]], [[0.7761849164962769]], [[0.7326562404632568]], [[0.6840298175811768]], [[0.6324063539505005]], [[0.5984878540039062]], [[0.5543678998947144]], [[0.5311463475227356]], [[0.4928748905658722]], [[0.4774222671985626]], [[0.42968833446502686]], [[0.39513760805130005]], [[0.3595527708530426]], [[0.3411085605621338]], [[0.6033599972724915]], [[0.2752693295478821]], [[0.21666209399700165]], [[0.22872784733772278]], [[0.259631872177124]], [[0.3017401695251465]], [[0.40737760066986084]], [[0.49650558829307556]], [[0.5875451564788818]], [[0.6764914393424988]], [[0.7605453133583069]], [[0.8375194668769836]], [[0.8841568231582642]], [[0.9656177163124084]], [[1.0153794288635254]], [[1.0781112909317017]], [[1.1298871040344238]], [[1.1372305154800415]], [[1.134730339050293]], [[1.1205949783325195]], [[1.0860284566879272]], [[1.0544331073760986]], [[0.9970698356628418]], [[0.9517850875854492]], [[0.92922043800354]], [[0.8770688772201538]], [[0.833898663520813]], [[0.792666494846344]], [[0.7533669471740723]], [[0.722445547580719]], [[0.6817024946212769]], [[0.6438693404197693]], [[0.6185523867607117]], [[0.5849670767784119]], [[0.5626761317253113]], [[0.5455017685890198]], [[0.5170043110847473]], [[0.4904191195964813]], [[0.4689514636993408]], [[0.4485818147659302]], [[0.4323917627334595]], [[0.41685447096824646]], [[0.3932482898235321]], [[0.3764118552207947]], [[0.3603152334690094]], [[0.35506001114845276]], [[0.0646352469921112]], [[-0.023966670036315918]], [[-0.012465113773941994]], [[0.084494449198246]], [[0.19467693567276]], [[0.336814284324646]], [[0.45260822772979736]], [[0.6181967258453369]], [[0.6873599886894226]], [[0.7734224796295166]], [[0.845349907875061]], [[0.8944538235664368]], [[0.9049488306045532]], [[0.9145041704177856]], [[0.915665864944458]], [[0.9017238020896912]], [[0.8844735622406006]], [[0.8592077493667603]], [[0.8430732488632202]], [[0.8134400844573975]], [[0.7828548550605774]], [[0.7697498202323914]], [[0.7352390289306641]], [[0.7141298055648804]], [[0.6896010637283325]], [[0.6659766435623169]], [[0.6434478759765625]], [[0.6217671632766724]], [[0.601254403591156]], [[0.588097333908081]], [[0.5628831386566162]], [[0.5479586124420166]], [[0.5280886888504028]], [[0.5198003053665161]], [[0.4962967038154602]], [[0.48384514451026917]], [[0.471947580575943]], [[0.46262326836586]], [[0.43838754296302795]], [[0.4300493597984314]], [[0.4198552072048187]], [[0.4061194956302643]], [[0.394782692193985]], [[0.3855981230735779]], [[0.3767392039299011]], [[0.36294353008270264]], [[0.3513675034046173]], [[0.34014493227005005]], [[0.3354479670524597]], [[0.32627594470977783]], [[0.3173019289970398]], [[0.30711013078689575]], [[0.2999926507472992]], [[0.29298385977745056]], [[0.1057400032877922]], [[-0.08890948444604874]], [[-0.2926293611526489]], [[-0.32016876339912415]], [[-0.31850358843803406]], [[-0.26520514488220215]], [[-0.21464890241622925]], [[-0.15555591881275177]], [[-0.052513472735881805]], [[0.013410285115242004]], [[0.09123317897319794]], [[0.15364748239517212]], [[0.23483429849147797]], [[0.29722097516059875]], [[0.35256099700927734]], [[0.41499990224838257]], [[0.4472838342189789]], [[0.4749259054660797]], [[0.5021113753318787]], [[0.5263760089874268]], [[0.5416378974914551]], [[0.5524157881736755]], [[0.5594788193702698]], [[0.5617626905441284]], [[0.5642581582069397]], [[0.5641962289810181]], [[0.5621135234832764]], [[0.5578522086143494]], [[0.55386883020401]], [[0.5473089814186096]], [[0.5441942811012268]], [[0.5365185141563416]], [[0.528360903263092]], [[0.5223450064659119]], [[0.5125381946563721]], [[0.5076494216918945]], [[0.5002992749214172]], [[0.4930115342140198]], [[0.48462778329849243]], [[0.4775852859020233]], [[0.4729597866535187]], [[0.4617360830307007]], [[0.4562794268131256]], [[0.445763498544693]], [[0.4447392225265503]], [[0.4376997649669647]], [[0.4270772635936737]], [[0.4242805242538452]], [[0.4170341193675995]], [[0.4117817282676697]], [[0.4075021743774414]], [[0.4033432602882385]], [[0.39689552783966064]], [[0.05844400078058243]], [[-0.1526975929737091]], [[-0.2275576889514923]], [[-0.34644556045532227]], [[-0.4161014258861542]], [[-0.43569597601890564]], [[-0.4422537088394165]], [[-0.43886932730674744]], [[-0.4151407480239868]], [[-0.3992764949798584]], [[-0.36615344882011414]], [[-0.3449191451072693]], [[-0.29301688075065613]], [[-0.27511441707611084]], [[-0.22563397884368896]], [[-0.19467481970787048]], [[-0.15776827931404114]], [[-0.09204757213592529]], [[-0.05802193284034729]], [[-0.025520633906126022]], [[0.010116521269083023]], [[0.0247187577188015]], [[0.047750040888786316]], [[0.08587659150362015]], [[0.10873301327228546]], [[0.12964580953121185]], [[0.14859527349472046]], [[0.16574370861053467]], [[0.18109853565692902]], [[0.19692133367061615]], [[0.20304910838603973]], [[0.21766801178455353]], 