{"vc": [[-0.11859574168920517, 0.0, 0.0], [0.0, -0.11081090569496155, 0.11027923226356506], [-0.04122583568096161, 0.3295901119709015, -0.3299712538719177], [-0.1660420149564743, 0.0, 0.0], [0.0, 0.0, 0.0], [0.0, 0.0, 0.0], [0.0, 0.025658024474978447, -0.026146575808525085], [0.0, 0.0, 0.0], [0.0, 0.0, 0.0], [0.3648407757282257, 0.0, 0.0]], "true_y1": [[[0.4006600081920624]], [[19.27644157409668]], [[22.723167419433594]], [[32.72218704223633]], [[41.51448059082031]], [[49.1553840637207]], [[51.280906677246094]], [[59.174766540527344]], [[63.779300689697266]], [[68.53914642333984]], [[71.22757720947266]], [[72.69841766357422]], [[73.93789672851562]], [[74.9896011352539]], [[76.97023010253906]], [[78.04430389404297]], [[78.80659484863281]], [[79.45589447021484]], [[79.80549621582031]], [[80.2577133178711]], [[80.43110656738281]], [[80.48310089111328]], [[80.48859405517578]], [[80.4728012084961]], [[80.42765045166016]], [[80.36700439453125]], [[80.33770751953125]], [[80.26348876953125]], [[80.19523620605469]], [[80.1358642578125]], [[80.03781127929688]], [[79.9877700805664]], [[79.89884948730469]], [[79.84797668457031]], [[79.75761413574219]], [[79.67953491210938]], [[79.60131072998047]], [[79.53595733642578]], [[79.4442367553711]], [[79.33939361572266]], [[79.28702545166016]], [[1.0533000230789185]], [[8.753484725952148]], [[13.733501434326172]], [[20.916545867919922]], [[27.527530670166016]], [[31.54798126220703]], [[37.123626708984375]], [[43.4491081237793]], [[47.39217758178711]], [[51.77763366699219]], [[52.686790466308594]], [[54.404754638671875]], [[58.38096237182617]], [[58.889137268066406]], [[60.64741897583008]], [[61.358665466308594]], [[62.25482177734375]], [[63.18933868408203]], [[64.16336059570312]], [[65.22704315185547]], [[65.38377380371094]], [[65.56461334228516]], [[65.61968994140625]], [[65.62977600097656]], [[65.6084213256836]], [[65.57329559326172]], [[65.5158462524414]], [[65.45841217041016]], [[65.36722564697266]], [[65.28179931640625]], [[64.69180297851562]], [[64.60496520996094]], [[64.48208618164062]], [[64.37554168701172]], [[64.28638458251953]], [[64.16023254394531]], [[1.104699969291687]], [[4.865457534790039]], [[10.44173812866211]], [[17.545621871948242]], [[19.180707931518555]], [[25.496421813964844]], [[28.348506927490234]], [[33.58544158935547]], [[35.87529754638672]], [[38.005699157714844]], [[41.73735427856445]], [[44.816226959228516]], [[46.13776779174805]], [[47.858524322509766]], [[48.85640335083008]], [[50.56578826904297]], [[51.915740966796875]], [[53.632667541503906]], [[54.00373840332031]], [[54.6251220703125]], [[55.21397018432617]], [[55.95371627807617]], [[56.2088508605957]], [[56.41020965576172]], [[56.46876525878906]], [[56.51755142211914]], [[56.529972076416016]], [[56.515506744384766]], [[56.481353759765625]], [[56.42436981201172]], [[56.375083923339844]], [[56.29637145996094]], [[56.248023986816406]], [[56.1573486328125]], [[56.116676330566406]], [[55.97523880004883]], [[55.8568229675293]], [[55.71938705444336]], [[55.6414794921875]], [[0.6033599972724915]], [[8.81207275390625]], [[13.515592575073242]], [[19.465286254882812]], [[22.228076934814453]], [[24.86861801147461]], [[29.71957778930664]], [[32.96942901611328]], [[35.87751770019531]], [[38.45956039428711]], [[40.73923873901367]], [[42.73672866821289]], [[43.922969818115234]], [[45.9941520690918]], [[47.29802322387695]], [[49.096046447753906]], [[51.18052291870117]], [[51.94599533081055]], [[52.57197952270508]], [[53.1964225769043]], [[53.84620666503906]], [[54.19113540649414]], [[54.59733963012695]], [[54.81464767456055]], [[54.90141296386719]], [[55.06221389770508]], [[55.162906646728516]], [[55.237770080566406]], [[55.29307174682617]], [[55.327056884765625]], [[55.36050796508789]], [[55.38119888305664]], [[55.389949798583984]], [[55.395713806152344]], [[55.39607620239258]], [[55.39457321166992]], [[55.38882064819336]], [[55.37999725341797]], [[55.3705940246582]], [[55.35990905761719]], [[55.35027313232422]], [[55.34013366699219]], [[55.323184967041016]], [[55.3100700378418]], [[55.29682540893555]], [[0.35506001114845276]], [[6.9778594970703125]], [[12.102627754211426]], [[20.389432907104492]], [[26.544815063476562]], [[31.014286041259766]], [[35.468509674072266]], [[38.50979232788086]], [[42.31959533691406]], [[43.799556732177734]], [[45.623470306396484]], [[47.239036560058594]], [[48.598731994628906]], [[49.00291442871094]], [[49.57947540283203]], [[50.054996490478516]], [[50.72021484375]], [[51.06001663208008]], [[51.38142395019531]], [[51.53730392456055]], [[51.769222259521484]], [[51.96282958984375]], [[52.03623962402344]], [[52.21035385131836]], [[52.30670928955078]], [[52.41189956665039]], [[52.50832748413086]], [[52.59740447998047]], [[52.681732177734375]], [[52.76127624511719]], [[52.81261444091797]], [[52.9127197265625]], [[52.9736442565918]], [[53.057491302490234]], [[53.09360122680664]], [[53.20048522949219]], [[53.26027297973633]], [[53.319793701171875]], [[53.368255615234375]], [[53.50273513793945]], [[53.55220031738281]], [[53.61516189575195]], [[53.70468521118164]], [[53.782989501953125]], [[53.8495979309082]], [[53.916717529296875]], [[54.027259826660156]], [[54.126094818115234]], [[54.227603912353516]], [[54.27184295654297]], [[54.36135482788086]], [[54.45309829711914]], [[54.562530517578125]], [[54.64239501953125]], [[54.72391128540039]], [[0.1057400032877922]], [[3.5142805576324463]], [[10.97014045715332]], [[14.089069366455078]], [[18.473365783691406]], [[23.689266204833984]], [[26.513813018798828]], [[29.055782318115234]], [[32.50463104248047]], [[34.311561584472656]], [[36.17612838745117]], [[37.513092041015625]], [[39.09574890136719]], [[40.22536849975586]], [[41.189247131347656]], [[42.267913818359375]], [[42.84108352661133]], [[43.3560676574707]], [[43.90580368041992]], [[44.470394134521484]], [[44.90321350097656]], [[45.295555114746094]], [[45.659297943115234]], [[45.829986572265625]], [[46.15733337402344]], [[46.51455307006836]], [[46.80653381347656]], [[47.13291931152344]], [[47.35894012451172]], [[47.66765594482422]], [[47.79909133911133]], [[48.09959411621094]], [[48.397483825683594]], [[48.609676361083984]], [[48.949798583984375]], [[49.1189079284668]], [[49.37484359741211]], [[49.6325569152832]], [[49.9363899230957]], [[50.1995735168457]], [[50.37717056274414]], [[50.82659149169922]], [[51.05600357055664]], [[51.52164077758789]], [[51.568817138671875]], [[51.90263366699219]], [[52.44123077392578]], [[52.59075927734375]], [[52.994686126708984]], [[53.303466796875]], [[53.56580352783203]], [[53.83060073852539]], [[54.261695861816406]], [[0.05844400078058243]], [[3.090331554412842]], [[4.5910844802856445]], [[8.026515007019043]], [[11.785006523132324]], [[14.017779350280762]], [[16.552148818969727]], [[18.145505905151367]], [[21.439424514770508]], [[22.778974533081055]], [[24.931989669799805]], [[26.059505462646484]], [[28.347759246826172]], [[29.03010368347168]], [[30.719884872436523]], [[31.66380500793457]], [[32.70338821411133]], [[34.38560485839844]], [[35.19722366333008]], [[35.948883056640625]], [[36.7588996887207]], [[37.08979034423828]], [[37.614402770996094]], [[38.50362777709961]], [[39.060546875]], [[39.595970153808594]], [[40.111900329589844]], [[40.61417770385742]], [[41.1033821105957]], [[41.66210174560547]], [[41.89822769165039]], [[42.522945404052734]], [[43.06221389770508]], [[43.44669723510742]], [[43.9073600769043]], [[44.29216384887695]], [[44.753570556640625]], [[45.29639434814453]], [[45.765193939208984]], [[46.235538482666016]], [[46.63262176513672]], [[47.193172454833984]], [[48.089683532714844]], [[48.587528228759766]], [[49.0898323059082]], [[49.770355224609375]], [[50.030338287353516]], [[50.55176544189453]], [[51.08171081542969]], [[51.79753112792969]], [[52.069766998291016]], [[52.71213150024414]]]}