{"vc": [[-0.14457522332668304, 0.0, 0.0], [0.0, -0.24769029021263123, 0.24778962135314941], [-0.06480172276496887, 0.32935190200805664, -0.3292999565601349], [-0.2688748240470886, 0.0, 0.0], [0.0, 0.0, 0.0], [0.0, 0.0, 0.0], [0.0, 0.055605895817279816, -0.05578041449189186], [0.0, 0.0, 0.0], [0.0, 0.0, 0.0], [0.2026808112859726, 0.0, 0.0]], "true_y1": [[[0.4006600081920624]], [[10.354641914367676]], [[12.156187057495117]], [[17.334800720214844]], [[21.810646057128906]], [[25.620532989501953]], [[26.664127349853516]], [[30.462888717651367]], [[32.609195709228516]], [[34.75371170043945]], [[35.91905212402344]], [[36.53716278076172]], [[37.043975830078125]], [[37.46103286743164]], [[38.19840621948242]], [[38.553829193115234]], [[38.7686653137207]], [[38.90217208862305]], [[38.934715270996094]], [[38.86052703857422]], [[38.694549560546875]], [[38.53606033325195]], [[38.2646484375]], [[38.13528823852539]], [[37.9005012512207]], [[37.65766906738281]], [[37.551910400390625]], [[37.300899505615234]], [[37.082637786865234]], [[36.89839172363281]], [[36.60075378417969]], [[36.450767517089844]], [[36.185977935791016]], [[36.034996032714844]], [[35.76706314086914]], [[35.53533172607422]], [[35.302589416503906]], [[35.10751724243164]], [[34.83259963989258]], [[34.5164909362793]], [[34.35779571533203]], [[1.0533000230789185]], [[5.070315837860107]], [[7.652070045471191]], [[11.343535423278809]], [[14.696449279785156]], [[16.70923614501953]], [[19.460391998291016]], [[22.51190948486328]], [[24.367084503173828]], [[26.375438690185547]], [[26.782915115356445]], [[27.542800903320312]], [[29.236114501953125]], [[29.443696975708008]], [[30.138978958129883]], [[30.407012939453125]], [[30.729040145874023]], [[31.037464141845703]], [[31.30553436279297]], [[31.415422439575195]], [[31.373788833618164]], [[31.229782104492188]], [[31.08607292175293]], [[30.92102813720703]], [[30.742244720458984]], [[30.584630966186523]], [[30.38767433166504]], [[30.218690872192383]], [[29.976343154907227]], [[29.764907836914062]], [[28.442241668701172]], [[28.253782272338867]], [[27.988672256469727]], [[27.759918212890625]], [[27.569101333618164]], [[27.299837112426758]], [[1.104699969291687]], [[3.0464391708374023]], [[5.910478591918945]], [[9.52263355255127]], [[10.34671401977539]], [[13.497703552246094]], [[14.901166915893555]], [[17.439451217651367]], [[18.530874252319336]], [[19.534475326538086]], [[21.26014518737793]], [[22.645668029785156]], [[23.22694206237793]], [[23.968597412109375]], [[24.389150619506836]], [[25.08843231201172]], [[25.61490249633789]], [[26.229965209960938]], [[26.34988784790039]], [[26.533428192138672]], [[26.676334381103516]], [[26.761491775512695]], [[26.726688385009766]], [[26.616897583007812]], [[26.54180145263672]], [[26.411962509155273]], [[26.214204788208008]], [[26.07917594909668]], [[25.908203125]], [[25.700902938842773]], [[25.54856300354004]], [[25.32891845703125]], [[25.202560424804688]], [[24.976343154907227]], [[24.878141403198242]], [[24.547069549560547]], [[24.278362274169922]], [[23.972675323486328]], [[23.801532745361328]], [[0.6033599972724915]], [[4.815446376800537]], [[7.212193489074707]], [[10.21728515625]], [[11.599832534790039]], [[12.912001609802246]], [[15.294934272766113]], [[16.867473602294922]], [[18.255002975463867]], [[19.468547821044922]], [[20.522850036621094]], [[21.430814743041992]], [[21.96172523498535]], [[22.870563507080078]], [[23.42805290222168]], [[24.171611785888672]], [[24.97722816467285]], [[25.247854232788086]], [[25.452499389648438]], [[25.634143829345703]], [[25.783672332763672]], [[25.834863662719727]], [[25.847776412963867]], [[25.816152572631836]], [[25.790441513061523]], [[25.709693908691406]], [[25.622201919555664]], [[25.521787643432617]], [[25.410465240478516]], [[25.311641693115234]], [[25.165245056152344]], [[25.011335372924805]], [[24.89773941040039]], [[24.73262596130371]], [[24.613149642944336]], [[24.515275955200195]], [[24.3408145904541]], [[24.163318634033203]], [[24.008647918701172]], [[23.851749420166016]], [[23.719512939453125]], [[23.585952758789062]], [[23.369754791259766]], [[23.205150604248047]], [[23.039180755615234]], [[0.35506001114845276]], [[3.7268168926239014]], [[6.322051525115967]], [[10.474214553833008]], [[13.505502700805664]], [[15.666616439819336]], [[17.77544593811035]], [[19.181312561035156]], [[20.887401580810547]], [[21.526948928833008]], [[22.28865623474121]], [[22.927318572998047]], [[23.42137908935547]], [[23.556243896484375]], [[23.73451042175293]], [[23.864566802978516]], [[24.00699234008789]], [[24.052387237548828]], [[24.068803787231445]], [[24.064085006713867]], [[24.036449432373047]], [[23.98894500732422]], [[23.963703155517578]], [[23.884634017944336]], [[23.827606201171875]], [[23.753145217895508]], [[23.672893524169922]], [[23.58820152282715]], [[23.49872589111328]], [[23.406381607055664]], [[23.342958450317383]], [[23.211572647094727]], [[23.127260208129883]], [[23.006816864013672]], [[22.95363426208496]], [[22.792678833007812]], [[22.700908660888672]], [[22.608705520629883]], [[22.533201217651367]], [[22.322668075561523]], [[22.24514389038086]], [[22.146595001220703]], [[22.006929397583008]], [[21.885393142700195]], [[21.782569885253906]], [[21.679540634155273]], [[21.511240005493164]], [[21.3622989654541]], [[21.210878372192383]], [[21.1453857421875]], [[21.013795852661133]], [[20.88020133972168]], [[20.72252082824707]], [[20.60856819152832]], [[20.493223190307617]], [[0.1057400032877922]], [[1.8032325506210327]], [[5.503727912902832]], [[7.042511940002441]], [[9.191415786743164]], [[11.718284606933594]], [[13.068625450134277]], [[14.269813537597656]], [[15.87210464477539]], [[16.695228576660156]], [[17.528955459594727]], [[18.11427116394043]], [[18.78931999206543]], [[19.255504608154297]], [[19.6395206451416]], [[20.049184799194336]], [[20.255678176879883]], [[20.43290138244629]], [[20.611713409423828]], [[20.782072067260742]], [[20.902008056640625]], [[21.001659393310547]], [[21.085630416870117]], [[21.122089385986328]], [[21.18657112121582]], [[21.248672485351562]], [[21.293081283569336]], [[21.336212158203125]], [[21.362276077270508]], [[21.393238067626953]], [[21.404918670654297]], [[21.4285831451416]], [[21.448320388793945]], [[21.460420608520508]], [[21.4769287109375]], [[21.483997344970703]], [[21.49347496032715]], [[21.501745223999023]], [[21.5101375579834]], [[21.51643180847168]], [[21.520252227783203]], [[21.528688430786133]], [[21.53244400024414]], [[21.539216995239258]], [[21.53985023498535]], [[21.54411506652832]], [[21.550357818603516]], [[21.551986694335938]], [[21.556222915649414]], [[21.559335708618164]], [[21.561920166015625]], [[21.56448745727539]], [[21.568607330322266]], [[0.05844400078058243]], [[1.5117642879486084]], [[2.230621337890625]], [[3.874094009399414]], [[5.667204856872559]], [[6.729001522064209]], [[7.9301371574401855]], [[8.68256664276123]], [[10.229549407958984]], [[10.854623794555664]], [[11.853050231933594]], [[12.372252464294434]], [[13.416173934936523]], [[13.724420547485352]], [[14.48024845123291]], [[14.896930694580078]], [[15.350279808044434]], [[16.068767547607422]], [[16.407333374023438]], [[16.71533966064453]], [[17.040573120117188]], [[17.171266555786133]], [[17.3757381439209]], [[17.7142391204834]], [[17.920846939086914]], [[18.115474700927734]], [[18.29930877685547]], [[18.474843978881836]], [[18.642658233642578]], [[18.830698013305664]], [[18.909067153930664]], [[19.11347198486328]], [[19.286762237548828]], [[19.408700942993164]], [[19.553205490112305]], [[19.67270278930664]], [[19.81468391418457]], [[19.9801082611084]], [[20.121747970581055]], [[20.262863159179688]], [[20.381319046020508]], [[20.547622680664062]], [[20.81175422668457]], [[20.95763397216797]], [[21.104354858398438]], [[21.302518844604492]], [[21.378068923950195]], [[21.529376983642578]], [[21.682910919189453]], [[21.889991760253906]], [[21.96867561340332]], [[22.154226303100586]]]}