{"vc": [[-0.03201431408524513, 0.0, 0.0], [0.0, -2.2579705715179443, 2.2579658031463623], [0.0003997294697910547, 0.06707682460546494, -0.0663468986749649], [-0.041411444544792175, 0.0, 0.0], [0.0, 0.0, 0.0], [0.0, 0.0, 0.0], [0.0, 0.9511203765869141, -0.9542153477668762], [0.0, 0.0, 0.0], [0.0, 0.0, 0.0], [0.011588365770876408, -1.1570784864041308e-37, 0.0]], "true_y1": [[[0.4006600081920624]], [[0.874072790145874]], [[0.9549028277397156]], [[1.1791884899139404]], [[1.363470435142517]], [[1.5132386684417725]], [[1.5530786514282227]], [[1.6934072971343994]], [[1.7689540386199951]], [[1.840842604637146]], [[1.877751111984253]], [[1.8964083194732666]], [[1.911030888557434]], [[1.9224324226379395]], [[1.9402425289154053]], [[1.9466065168380737]], [[1.9484632015228271]], [[1.9466869831085205]], [[1.9431796073913574]], [[1.9315104484558105]], [[1.9189839363098145]], [[1.9090467691421509]], [[1.8937058448791504]], [[1.886806607246399]], [[1.874704122543335]], [[1.8625867366790771]], [[1.8574037551879883]], [[1.8452799320220947]], [[1.834903359413147]], [[1.8262414932250977]], [[1.812406301498413]], [[1.8054988384246826]], [[1.7933967113494873]], [[1.7865447998046875]], [[1.7744654417037964]], [[1.7640955448150635]], [[1.7537481784820557]], [[1.7451252937316895]], [[1.7330468893051147]], [[1.719260573387146]], [[1.7123792171478271]], [[1.0533000230789185]], [[1.233195424079895]], [[1.3351091146469116]], [[1.46401047706604]], [[1.5653986930847168]], [[1.6195943355560303]], [[1.6859530210494995]], [[1.7492852210998535]], [[1.7823315858840942]], [[1.8129117488861084]], [[1.8183612823486328]], [[1.8277255296707153]], [[1.8437827825546265]], [[1.8451207876205444]], [[1.84799063205719]], [[1.8481636047363281]], [[1.847240686416626]], [[1.844332218170166]], [[1.8376154899597168]], [[1.8181885480880737]], [[1.8116114139556885]], [[1.7979891300201416]], [[1.7876230478286743]], [[1.7771321535110474]], [[1.7666586637496948]], [[1.757894515991211]], [[1.7473526000976562]], [[1.73856782913208]], [[1.7262715101242065]], [[1.7157621383666992]], [[1.6526527404785156]], [[1.6438891887664795]], [[1.6316314935684204]], [[1.6211131811141968]], [[1.6123762130737305]], [[1.6000983715057373]], [[1.104699969291687]], [[1.1904854774475098]], [[1.3014110326766968]], [[1.4177743196487427]], [[1.440996766090393]], [[1.5194239616394043]], [[1.5493484735488892]], [[1.5960164070129395]], [[1.6131587028503418]], [[1.6273378133773804]], [[1.6479612588882446]], [[1.6606311798095703]], [[1.664707064628601]], [[1.6685839891433716]], [[1.6699750423431396]], [[1.6705410480499268]], [[1.668851375579834]], [[1.662353754043579]], [[1.6599371433258057]], [[1.6545724868774414]], [[1.6471571922302246]], [[1.6309080123901367]], [[1.6206806898117065]], [[1.606777310371399]], [[1.5997031927108765]], [[1.5891143083572388]], [[1.5749658346176147]], [[1.5660618543624878]], [[1.5553299188613892]], [[1.5428732633590698]], [[1.5339967012405396]], [[1.5215023756027222]], [[1.5144433975219727]], [[1.5019915103912354]], [[1.4966487884521484]], [[1.478861689567566]], [[1.464632511138916]], [[1.448621153831482]], [[1.4397245645523071]], [[0.6033599972724915]], [[0.781469464302063]], [[0.871434211730957]], [[0.9733561277389526]], [[1.0163459777832031]], [[1.0549283027648926]], [[1.1195042133331299]], [[1.1581834554672241]], [[1.189586877822876]], [[1.2147912979125977]], [[1.2347753047943115]], [[1.2503366470336914]], [[1.2586067914962769]], [[1.2710124254226685]], [[1.277229905128479]], [[1.2831473350524902]], [[1.2842446565628052]], [[1.282142996788025]], [[1.278812050819397]], [[1.2733607292175293]], [[1.2640527486801147]], [[1.2565879821777344]], [[1.2436820268630981]], [[1.2335153818130493]], [[1.2283705472946167]], [[1.2161357402801514]], [[1.2055071592330933]], [[1.1948076486587524]], [[1.184003233909607]], [[1.1750140190124512]], [[1.1624078750610352]], [[1.1498068571090698]], [[1.1408255100250244]], [[1.1281462907791138]], [[1.1191990375518799]], [[1.111989974975586]], [[1.0993717908859253]], [[1.0867977142333984]], [[1.0760282278060913]], [[1.0652618408203125]], [[1.0563005208969116]], [[1.0473458766937256]], [[1.0330404043197632]], [[1.0222944021224976]], [[1.0115776062011719]], [[0.35506001114845276]], [[0.4965696930885315]], [[0.5971010327339172]], [[0.7431427240371704]], [[0.8382440209388733]], [[0.899765133857727]], [[0.9540456533432007]], [[0.9863519668579102]], [[1.019666314125061]], [[1.029681921005249]], [[1.038737416267395]], [[1.0423320531845093]], [[1.0401175022125244]], [[1.038042664527893]], [[1.0334542989730835]], [[1.027753233909607]], [[1.015455961227417]], [[1.006283164024353]], [[0.994907557964325]], [[0.9881360530853271]], [[0.9760828018188477]], [[0.9637445211410522]], [[0.9584118723869324]], [[0.9440793991088867]], [[0.9350175261497498]], [[0.9241237640380859]], [[0.9131903052330017]], [[0.9022939205169678]], [[0.8913138508796692]], [[0.8804249167442322]], [[0.8731595277786255]], [[0.8585618138313293]], [[0.8494671583175659]], [[0.8367868661880493]], [[0.831291913986206]], [[0.8150037527084351]], [[0.8059253096580505]], [[0.7969419956207275]], [[0.7896819114685059]], [[0.7698608636856079]], [[0.762708306312561]], [[0.7537223696708679]], [[0.7411820888519287]], [[0.7304468154907227]], [[0.7214877605438232]], [[0.7126202583312988]], [[0.6983621120452881]], [[0.6859707236289978]], [[0.6735828518867493]], [[0.6682885885238647]], [[0.6577645540237427]], [[0.647231936454773]], [[0.6349916458129883]], [[0.626271665096283]], [[0.6175501942634583]], [[0.1057400032877922]], [[0.17217689752578735]], [[0.31153029203414917]], [[0.367045134305954]], [[0.44188642501831055]], [[0.5252715349197388]], [[0.5673319101333618]], [[0.6028822064399719]], [[0.6466591358184814]], [[0.6669041514396667]], [[0.685157060623169]], [[0.6960950493812561]], [[0.7059198617935181]], [[0.7101675868034363]], [[0.7113544940948486]], [[0.7091589570045471]], [[0.7060603499412537]], [[0.7018710970878601]], [[0.6956838965415955]], [[0.6871950626373291]], [[0.6790317893028259]], [[0.670276939868927]], [[0.6609517931938171]], [[0.6561684012413025]], [[0.6462720632553101]], [[0.6344257593154907]], [[0.6239895224571228]], [[0.6116113662719727]], [[0.602658748626709]], [[0.5900173783302307]], [[0.5845159292221069]], [[0.5717334151268005]], [[0.5588622093200684]], [[0.5496233105659485]], [[0.534772515296936]], [[0.5273965001106262]], [[0.5162741541862488]], [[0.5051512122154236]], [[0.49217069149017334]], [[0.4810662567615509]], [[0.473654568195343]], [[0.4552181363105774]], [[0.44599318504333496]], [[0.4276716113090515]], [[0.4258458614349365]], [[0.4130880534648895]], [[0.3930988609790802]], [[0.3876785933971405]], [[0.37331390380859375]], [[0.3626021146774292]], [[0.3536817729473114]], [[0.3448432683944702]], [[0.3308034837245941]], [[0.05844400078058243]], [[0.1052476167678833]], [[0.128007709980011]], [[0.17891894280910492]], [[0.23240283131599426]], [[0.2628840208053589]], [[0.2961128354072571]], [[0.31615063548088074]], [[0.3550678789615631]], [[0.369744211435318]], [[0.39160433411598206]], [[0.40204793214797974]], [[0.4205898344516754]], [[0.42529749870300293]], [[0.43494081497192383]], [[0.43885666131973267]], [[0.4417037069797516]], [[0.44238728284835815]], [[0.4406571090221405]], [[0.43767309188842773]], [[0.43282797932624817]], [[0.43033233284950256]], [[0.42573630809783936]], [[0.41610997915267944]], [[0.4088972508907318]], [[0.4011211097240448]], [[0.3928796350955963]], [[0.38419434428215027]], [[0.3751588463783264]], [[0.36421895027160645]], [[0.3594183623790741]], [[0.3462817668914795]], [[0.3345164954662323]], [[0.3259379267692566]], [[0.3154974579811096]], [[0.306672602891922]], [[0.29600346088409424]], [[0.28337782621383667]], [[0.27244848012924194]], [[0.2614903151988983]], [[0.25226303935050964]], [[0.2392999678850174]], [[0.21878427267074585]], [[0.20753473043441772]], [[0.1963028907775879]], [[0.18129156529903412]], [[0.17562247812747955]], [[0.16436666250228882]], [[0.15308763086795807]], 