{"vc": [[-0.09016439318656921, 0.0, 0.0], [0.0, -0.07074287533760071, 0.07087107747793198], [-0.02637370117008686, 0.3114515244960785, -0.31131601333618164], [-0.07784262299537659, 0.0, 0.0], [0.0, 0.0, 0.0], [0.0, 0.0, 0.0], [0.0, 0.017040887847542763, -0.016882656142115593], [0.0, 0.0, 0.0], [0.0, 0.0, 0.0], [0.5126297473907471, 0.0, 0.0]], "true_y1": [[[0.4006600081920624]], [[27.412616729736328]], [[32.36890411376953]], [[46.82155227661133]], [[59.655029296875]], [[70.94094848632812]], [[74.1081771850586]], [[86.00569152832031]], [[93.06939697265625]], [[100.5040283203125]], [[104.78369903564453]], [[107.1579360961914]], [[109.18144226074219]], [[110.91846466064453]], [[114.25850677490234]], [[116.12739562988281]], [[117.49718475341797]], [[118.71622467041016]], [[119.41129302978516]], [[120.41739654541016]], [[120.9242935180664]], [[121.1698989868164]], [[121.4131088256836]], [[121.48942565917969]], [[121.59185028076172]], [[121.66655731201172]], [[121.69245147705078]], [[121.74268341064453]], [[121.77700805664062]], [[121.80120086669922]], [[121.83370208740234]], [[121.8478012084961]], [[121.8699722290039]], [[121.88138580322266]], [[121.89997863769531]], [[121.91471099853516]], [[121.92852783203125]], [[121.93949127197266]], [[121.95417022705078]], [[121.97012329101562]], [[121.97781372070312]], [[1.0533000230789185]], [[12.105591773986816]], [[19.275455474853516]], [[29.66471290588379]], [[39.295814514160156]], [[45.195552825927734]], [[53.4450569152832]], [[62.925010681152344]], [[68.9184799194336]], [[75.6841049194336]], [[77.10281372070312]], [[79.80177307128906]], [[86.16293334960938]], [[86.99076843261719]], [[89.89129638671875]], [[91.08451080322266]], [[92.61011505126953]], [[94.2373275756836]], [[95.99818420410156]], [[98.11739349365234]], [[98.4870376586914]], [[99.0045166015625]], [[99.2551498413086]], [[99.42923736572266]], [[99.54808044433594]], [[99.61727142333984]], [[99.67379760742188]], [[99.70409393310547]], [[99.72750091552734]], [[99.73432922363281]], [[99.6404800415039]], [[99.61894989013672]], [[99.5864486694336]], [[99.55673217773438]], [[99.5309829711914]], [[99.49341583251953]], [[1.104699969291687]], [[6.519529819488525]], [[14.568742752075195]], [[24.877307891845703]], [[27.26152801513672]], [[36.523860931396484]], [[40.739723205566406]], [[48.54900360107422]], [[51.996822357177734]], [[55.2261848449707]], [[60.94227600097656]], [[65.72892761230469]], [[67.80790710449219]], [[70.54190063476562]], [[72.14384460449219]], [[74.92302703857422]], [[77.15824127197266]], [[80.07907104492188]], [[80.72750854492188]], [[81.83454132080078]], [[82.91954803466797]], [[84.38355255126953]], [[84.9529800415039]], [[85.48152923583984]], [[85.67591094970703]], [[85.9005126953125]], [[86.11013793945312]], [[86.20369720458984]], [[86.28758239746094]], [[86.35493469238281]], [[86.38788604736328]], [[86.41807556152344]], [[86.42841339111328]], [[86.43732452392578]], [[86.43809509277344]], [[86.4303207397461]], [[86.41513061523438]], [[86.39100646972656]], [[86.37506103515625]], [[0.6033599972724915]], [[12.450138092041016]], [[19.264272689819336]], [[27.928482055664062]], [[31.97418212890625]], [[35.85725402832031]], [[43.041133880615234]], [[47.898033142089844]], [[52.28089904785156]], [[56.20694351196289]], [[59.70525360107422]], [[62.79972457885742]], [[64.65243530273438]], [[67.91907501220703]], [[70.0002212524414]], [[72.90995788574219]], [[76.36392211914062]], [[77.66455841064453]], [[78.74745178222656]], [[79.85185241699219]], [[81.04032135009766]], [[81.69740295410156]], [[82.51264953613281]], [[82.9810562133789]], [[83.17870330810547]], [[83.57129669189453]], [[83.8459243774414]], [[84.0771484375]], [[84.27593231201172]], [[84.42071533203125]], [[84.59934997558594]], [[84.75592803955078]], [[84.85713195800781]], [[84.98851013183594]], [[85.07469940185547]], [[85.14095306396484]], [[85.25130462646484]], [[85.35560607910156]], [[85.44145965576172]], [[85.52478790283203]], [[85.5926284790039]], [[85.65930938720703]], [[85.76406860351562]], [[85.8416976928711]], [[85.91846466064453]], [[0.35506001114845276]], [[9.9354829788208]], [[17.372303009033203]], [[29.478607177734375]], [[38.57131576538086]], [[45.250823974609375]], [[51.994503021240234]], [[56.66362762451172]], [[62.611839294433594]], [[64.96133422851562]], [[67.89688873291016]], [[70.5457992553711]], [[72.82603454589844]], [[73.51634216308594]], [[74.51441955566406]], [[75.35257720947266]], [[76.55712127685547]], [[77.19292449951172]], [[77.81278991699219]], [[78.121826171875]], [[78.59459686279297]], [[79.0039291381836]], [[79.16326904296875]], [[79.5516128540039]], [[79.77335357666016]], [[80.02127838134766]], [[80.25389099121094]], [[80.47303009033203]], [[80.68379974365234]], [[80.88501739501953]], [[81.01581573486328]], [[81.27212524414062]], [[81.42842864990234]], [[81.64323425292969]], [[81.73546600341797]], [[82.0068359375]], [[82.15727233886719]], [[82.30587768554688]], [[82.42593383789062]], [[82.75433349609375]], [[82.87329864501953]], [[83.02325439453125]], [[83.23363494873047]], [[83.41494750976562]], [[83.56723022460938]], [[83.7188949584961]], [[83.96488952636719]], [[84.18097686767578]], [[84.3992919921875]], [[84.49332427978516]], [[84.68159484863281]], [[84.87188720703125]], [[85.0954818725586]], [[85.25643920898438]], [[85.41886901855469]], [[0.1057400032877922]], [[5.0689592361450195]], [[15.952513694763184]], [[20.52593231201172]], [[26.986942291259766]], [[34.74014663696289]], [[38.97837829589844]], [[42.82240295410156]], [[48.09267044067383]], [[50.88409423828125]], [[53.79057312011719]], [[55.893310546875]], [[58.405765533447266]], [[60.216670989990234]], [[61.77507400512695]], [[63.535186767578125]], [[64.47798919677734]], [[65.32979583740234]], [[66.24408721923828]], [[67.18833923339844]], [[67.91551971435547]], [[68.5767593383789]], [[69.1910629272461]], [[69.47957611083984]], [[70.0329818725586]], [[70.63638305664062]], [[71.1285629272461]], [[71.67694091796875]], [[72.0551986694336]], [[72.56937408447266]], [[72.78729248046875]], [[73.28303527832031]], [[73.77075958251953]], [[74.11575317382812]], [[74.66433715820312]], [[74.93502807617188]], [[75.342041015625]], [[75.7486343383789]], [[76.22381591796875]], [[76.6318130493164]], [[76.90526580810547]], [[77.59069061279297]], [[77.93702697753906]], [[78.63290405273438]], [[78.70288848876953]], [[79.19547271728516]], [[79.98081970214844]], [[80.19686889648438]], [[80.7763442993164]], [[81.21537017822266]], [[81.58577728271484]], [[81.95731353759766]], [[82.55731964111328]], [[0.05844400078058243]], [[4.52365255355835]], [[6.735479354858398]], [[11.805898666381836]], [[17.370651245117188]], [[20.688493728637695]], [[24.468313217163086]], [[26.853464126586914]], [[31.80951690673828]], [[33.836029052734375]], [[37.108211517333984]], [[38.82977294921875]], [[42.34164810180664]], [[43.39372253417969]], [[46.00886535644531]], [[47.475650787353516]], [[49.095733642578125]], [[51.726131439208984]], [[52.99803924560547]], [[54.176734924316406]], [[55.44675827026367]], [[55.965213775634766]], [[56.786434173583984]], [[58.175048828125]], [[59.0416374206543]], [[59.87178039550781]], [[60.66836166381836]], [[61.44021224975586]], [[62.188087463378906]], [[63.03705978393555]], [[63.39408493041992]], [[64.33332824707031]], [[65.13762664794922]], [[65.7072982788086]], [[66.38565063476562]], [[66.94878387451172]], [[67.61981201171875]], [[68.40343475341797]], [[69.07522583007812]], [[69.74469757080078]], [[70.30643463134766]], [[71.09420013427734]], [[72.34188842773438]], [[73.02853393554688]], [[73.717041015625]], [[74.64324188232422]], [[74.99515533447266]], [[75.6978530883789]], [[76.40792846679688]], [[77.36077117919922]], [[77.72132873535156]], [[78.5682601928711]]]}