{"vc": [[-0.05884464830160141, 0.0, 0.0], [0.0, -1.4990261793136597, 1.4998668432235718], [-0.00766131654381752, 0.07981500029563904, -0.08053091168403625], [-0.1748596727848053, 0.0, 0.0], [0.0, 0.0, 0.0], [0.0, 0.0, 0.0], [0.0, 0.6087415814399719, -0.6079027652740479], [0.0, 0.0, 0.0], [0.0, 0.0, 0.0], [0.034832701086997986, 0.0, 0.0]], "true_y1": [[[0.4006600081920624]], [[1.6973543167114258]], [[1.912880778312683]], [[2.487847089767456]], [[2.9229254722595215]], [[3.2403688430786133]], [[3.317796230316162]], [[3.5598204135894775]], [[3.6639108657836914]], [[3.7360732555389404]], [[3.756248712539673]], [[3.7588624954223633]], [[3.7550599575042725]], [[3.7463362216949463]], [[3.7097086906433105]], [[3.671309471130371]], [[3.628636360168457]], [[3.5721848011016846]], [[3.526047468185425]], [[3.420774459838867]], [[3.3274569511413574]], [[3.258152484893799]], [[3.1546945571899414]], [[3.108924388885498]], [[3.0292789936065674]], [[2.9500811100006104]], [[2.9163262844085693]], [[2.837595224380493]], [[2.770432472229004]], [[2.7145135402679443]], [[2.625467300415039]], [[2.5811359882354736]], [[2.503678560256958]], [[2.4599497318267822]], [[2.383094310760498]], [[2.3173696994781494]], [[2.252040386199951]], [[2.197805166244507]], [[2.122174024581909]], [[2.036374807357788]], [[1.9937752485275269]], [[1.0533000230789185]], [[1.5433136224746704]], [[1.827815294265747]], [[2.1899445056915283]], [[2.471202850341797]], [[2.6174678802490234]], [[2.7888965606689453]], [[2.9379584789276123]], [[3.004889965057373]], [[3.052788019180298]], [[3.0587141513824463]], [[3.0655438899993896]], [[3.053762197494507]], [[3.0485777854919434]], [[3.0211000442504883]], [[3.0044775009155273]], [[2.976976156234741]], [[2.936835527420044]], [[2.8727126121520996]], [[2.7275493144989014]], [[2.682797431945801]], [[2.5930588245391846]], [[2.5264575481414795]], [[2.460017681121826]], [[2.394399404525757]], [[2.3399243354797363]], [[2.274838924407959]], [[2.2209272384643555]], [[2.1459176540374756]], [[2.0822055339813232]], [[1.7073055505752563]], [[1.6564064025878906]], [[1.5857610702514648]], [[1.5256885290145874]], [[1.4762046337127686]], [[1.4073549509048462]], [[1.104699969291687]], [[1.330489158630371]], [[1.6317360401153564]], [[1.955338954925537]], [[2.020183801651001]], [[2.2368829250335693]], [[2.3172013759613037]], [[2.436037302017212]], [[2.47605562210083]], [[2.5064525604248047]], [[2.5425949096679688]], [[2.5536625385284424]], [[2.552168130874634]], [[2.5433292388916016]], [[2.5339231491088867]], [[2.508364200592041]], [[2.476649045944214]], [[2.4118435382843018]], [[2.391997814178467]], [[2.3510375022888184]], [[2.2984349727630615]], [[2.191053628921509]], [[2.1264331340789795]], [[2.0407068729400635]], [[1.997776746749878]], [[1.9341974258422852]], [[1.8503127098083496]], [[1.7980666160583496]], [[1.7356030941009521]], [[1.6637614965438843]], [[1.612988829612732]], [[1.5421133041381836]], [[1.502379059791565]], [[1.4328464269638062]], [[1.403236985206604]], [[1.3056870698928833]], [[1.2288686037063599]], [[1.1438636779785156]], [[1.0973511934280396]], [[0.6033599972724915]], [[1.0654455423355103]], [[1.3009982109069824]], [[1.5639851093292236]], [[1.6718964576721191]], [[1.766189455986023]], [[1.9158508777618408]], [[1.998049259185791]], [[2.0583174228668213]], [[2.100322961807251]], [[2.1273438930511475]], [[2.1421220302581787]], [[2.146360158920288]], [[2.144031047821045]], [[2.134786605834961]], [[2.108741521835327]], [[2.0489301681518555]], [[2.0138099193573]], [[1.9764902591705322]], [[1.9278005361557007]], [[1.8573908805847168]], [[1.8062223196029663]], [[1.7233798503875732]], [[1.661133885383606]], [[1.6303176879882812]], [[1.558403491973877]], [[1.4971503019332886]], [[1.436385154724121]], [[1.3757922649383545]], [[1.3259022235870361]], [[1.256678819656372]], [[1.1883152723312378]], [[1.1400960683822632]], [[1.0727603435516357]], [[1.0257865190505981]], [[0.9882822036743164]], [[0.923425018787384]], [[0.8598744869232178]], [[0.8063885569572449]], [[0.7538793087005615]], [[0.7109768986701965]], [[0.6689046621322632]], [[0.6035292744636536]], [[0.5560835599899292]], [[0.5103684663772583]], [[0.35506001114845276]], [[0.709234893321991]], [[0.960237979888916]], [[1.3111822605133057]], [[1.5194554328918457]], [[1.637818694114685]], [[1.723299503326416]], [[1.7590210437774658]], [[1.7690860033035278]], [[1.7587060928344727]], [[1.7297885417938232]], [[1.682402491569519]], [[1.6166527271270752]], [[1.5900901556015015]], [[1.5441045761108398]], [[1.496627926826477]], [[1.4086147546768188]], [[1.3491828441619873]], [[1.279453158378601]], [[1.2393648624420166]], [[1.169870138168335]], [[1.1005960702896118]], [[1.0711206197738647]], [[0.9930561780929565]], [[0.9444695115089417]], [[0.8867771625518799]], [[0.8296276926994324]], [[0.7734169960021973]], [[0.717546820640564]], [[0.6629467606544495]], [[0.6269921660423279]], [[0.5560104250907898]], [[0.5127210021018982]], [[0.4537140429019928]], [[0.42868104577064514]], [[0.35664767026901245]], [[0.31808292865753174]], [[0.2811968922615051]], [[0.2524098753929138]], [[0.17920181155204773]], [[0.15500208735466003]], [[0.1265186369419098]], [[0.09076780080795288]], [[0.06435192376375198]], [[0.04564010351896286]], [[0.030425699427723885]], [[0.013647440820932388]], [[0.007654668763279915]], [[0.010532235726714134]], [[0.014656083658337593]], [[0.028261864557862282]], [[0.04931221902370453]], [[0.08326773345470428]], [[0.11359398812055588]], [[0.14880123734474182]], [[0.1057400032877922]], [[0.25717219710350037]], [[0.5695639848709106]], [[0.6887253522872925]], [[0.8406310081481934]], [[0.9917004108428955]], [[1.0568259954452515]], [[1.103114128112793]], [[1.1427252292633057]], [[1.1499770879745483]], [[1.144740343093872]], [[1.1309328079223633]], [[1.1004095077514648]], [[1.0663663148880005]], [[1.0267174243927002]], [[0.9672480225563049]], [[0.9274565577507019]], [[0.8857915997505188]], [[0.8341373801231384]], [[0.7722060680389404]], [[0.717882513999939]], [[0.663077175617218]], [[0.6073509454727173]], [[0.579559862613678]], [[0.5233895182609558]], [[0.4580134153366089]], [[0.4017378091812134]], [[0.3362930119037628]], [[0.28972339630126953]], [[0.2249535620212555]], [[0.19711223244667053]], [[0.13322606682777405]], [[0.07006901502609253]], [[0.02551601082086563]], [[-0.04455864429473877]], [[-0.0785626471042633]], [[-0.12866875529289246]], [[-0.1771465241909027]], [[-0.2312311828136444]], [[-0.27491042017936707]], [[-0.3024754822254181]], [[-0.3641796112060547]], [[-0.39053356647491455]], [[-0.4311615526676178]], [[-0.4342001676559448]], [[-0.449289470911026]], [[-0.44680649042129517]], [[-0.43948858976364136]], [[-0.4037584960460663]], [[-0.3598565459251404]], [[-0.3109334409236908]], [[-0.25086069107055664]], [[-0.13168984651565552]], [[0.05844400078058243]], [[0.14397776126861572]], [[0.18530821800231934]], [[0.2762785851955414]], [[0.36797285079956055]], [[0.4173938035964966]], [[0.46781399846076965]], [[0.4958830773830414]], [[0.5430911183357239]], [[0.5573232769966125]], [[0.572810709476471]], [[0.5766842365264893]], [[0.5735848546028137]], [[0.5693269968032837]], [[0.5507856607437134]], [[0.5346892476081848]], [[0.5113510489463806]], [[0.45886218547821045]], [[0.42595088481903076]], [[0.3904680013656616]], [[0.34640565514564514]], [[0.3265794515609741]], [[0.2929059863090515]], [[0.22946526110172272]], [[0.1856827437877655]], [[0.14075271785259247]], [[0.09497057646512985]], [[0.04823410138487816]], [[0.0008624084293842316]], [[-0.055189065635204315]], [[-0.07942087948322296]], [[-0.14482399821281433]], [[-0.20249076187610626]], [[-0.24411070346832275]], [[-0.29436901211738586]], [[-0.3365694582462311]], [[-0.38730868697166443]], [[-0.44703495502471924]], [[-0.4985216557979584]], [[-0.5499942302703857]], [[-0.5932515263557434]], [[-0.6539368033409119]], [[-0.7499035000801086]], [[-0.8025504350662231]], [[-0.8551724553108215]], [[-0.9256429076194763]], [[-0.9523104429244995]], [[-1.0053632259368896]], 