{"vc": [[-0.06628440320491791, 0.0, 0.0], [0.0, -1.2261061668395996, 1.2269188165664673], [-0.018495334312319756, 0.07403214275836945, -0.07527061551809311], [-0.21142889559268951, 0.0, 0.0], [0.0, 0.0, 0.0], [0.0, 0.0, 0.0], [0.0, 0.49322986602783203, -0.4925409257411957], [0.0, 0.0, 0.0], [0.0, 0.0, 0.0], [0.039298076182603836, 0.0, 0.0]], "true_y1": [[[0.4006600081920624]], [[1.8397181034088135]], [[2.082768678665161]], [[2.739758253097534]], [[3.2479608058929443]], [[3.627155303955078]], [[3.72101092338562]], [[4.018627643585205]], [[4.1486897468566895]], [[4.238541126251221]], [[4.2617669105529785]], [[4.262632369995117]], [[4.254634380340576]], [[4.23966121673584]], [[4.180476665496826]], [[4.11917781829834]], [[4.050861358642578]], [[3.9599175453186035]], [[3.8851170539855957]], [[3.7131762504577637]], [[3.559786796569824]], [[3.4455366134643555]], [[3.27474045753479]], [[3.1991493701934814]], [[3.0676321983337402]], [[2.9369311332702637]], [[2.8812601566314697]], [[2.7515149116516113]], [[2.6409692764282227]], [[2.549042224884033]], [[2.402900457382202]], [[2.330272674560547]], [[2.2036125659942627]], [[2.1322569847106934]], [[2.007153034210205]], [[1.9005259275436401]], [[1.794925570487976]], [[1.7075976133346558]], [[1.5864235162734985]], [[1.4499850273132324]], [[1.3827265501022339]], [[1.0533000230789185]], [[1.591946005821228]], [[1.910614013671875]], [[2.324704647064209]], [[2.6549251079559326]], [[2.8305511474609375]], [[3.0408174991607666]], [[3.228818416595459]], [[3.3154008388519287]], [[3.3784098625183105]], [[3.3862252235412598]], [[3.39505934715271]], [[3.37652587890625]], [[3.3687808513641357]], [[3.3275773525238037]], [[3.302461862564087]], [[3.260594606399536]], [[3.198853015899658]], [[3.098921060562134]], [[2.8684325218200684]], [[2.796574354171753]], [[2.651758909225464]], [[2.5438590049743652]], [[2.4360098838806152]], [[2.329390048980713]], [[2.2408559322357178]], [[2.1351113319396973]], [[2.0475878715515137]], [[1.9259750843048096]], [[1.8228809833526611]], [[1.2232117652893066]], [[1.1433097124099731]], [[1.0333518981933594]], [[0.9408901929855347]], [[0.8655931353569031]], [[0.7624084949493408]], [[1.104699969291687]], [[1.3494648933410645]], [[1.6818606853485107]], [[2.048853635787964]], [[2.123991012573242]], [[2.380202054977417]], [[2.477652072906494]], [[2.6252737045288086]], [[2.676222324371338]], [[2.715510368347168]], [[2.7632052898406982]], [[2.7782747745513916]], [[2.776297092437744]], [[2.764082193374634]], [[2.75087833404541]], [[2.714428186416626]], [[2.668400526046753]], [[2.572427988052368]], [[2.542630672454834]], [[2.4806365966796875]], [[2.4001855850219727]], [[2.2336909770965576]], [[2.132402181625366]], [[1.9971369504928589]], [[1.929112434387207]], [[1.8281171321868896]], [[1.6945613622665405]], [[1.6112854480743408]], [[1.511705994606018]], [[1.3972443342208862]], [[1.3164547681808472]], [[1.203914761543274]], [[1.140987515449524]], [[1.0312507152557373]], [[0.9847024083137512]], [[0.8323572874069214]], [[0.7138301730155945]], [[0.5847570896148682]], [[0.5153526663780212]], [[0.6033599972724915]], [[1.1040499210357666]], [[1.3642326593399048]], [[1.660365104675293]], [[1.784080147743225]], [[1.8934799432754517]], [[2.070145845413208]], [[2.169147253036499]], [[2.2428696155548096]], [[2.2949330806732178]], [[2.328723192214966]], [[2.3471667766571045]], [[2.352252244949341]], [[2.348165273666382]], [[2.3349478244781494]], [[2.297978401184082]], [[2.2121071815490723]], [[2.1610212326049805]], [[2.106264114379883]], [[2.034179449081421]], [[1.9288290739059448]], [[1.851567268371582]], [[1.72544264793396]], [[1.6299724578857422]], [[1.5825194120407104]], [[1.4713689088821411]], [[1.3763145208358765]], [[1.2817435264587402]], [[1.1872334480285645]], [[1.1093065738677979]], [[1.001089096069336]], [[0.8942046165466309]], [[0.8188724517822266]], [[0.7138590216636658]], [[0.6408066153526306]], [[0.5826548337936401]], [[0.48259299993515015]], [[0.38540393114089966]], [[0.30452960729599]], [[0.22625070810317993]], [[0.16337358951568604]], [[0.10293033719062805]], [[0.012204952538013458]], [[-0.05032717436552048]], [[-0.10693027824163437]], [[0.35506001114845276]], [[0.7338873147964478]], [[1.0061721801757812]], [[1.395216941833496]], [[1.6329524517059326]], [[1.771418809890747]], [[1.8734475374221802]], [[1.9164958000183105]], [[1.9269694089889526]], [[1.9122583866119385]], [[1.8720728158950806]], [[1.8058489561080933]], [[1.7127734422683716]], [[1.6748090982437134]], [[1.6086418628692627]], [[1.5397918224334717]], [[1.4108872413635254]], [[1.323025107383728]], [[1.2192060947418213]], [[1.1591956615447998]], [[1.0546598434448242]], [[0.949878990650177]], [[0.9051370024681091]], [[0.786227822303772]], [[0.7119473814964294]], [[0.6235116720199585]], [[0.5356971025466919]], [[0.44916877150535583]], [[0.363071084022522]], [[0.2789156138896942]], [[0.22353747487068176]], [[0.11446777731180191]], [[0.04825885593891144]], [[-0.04132881760597229]], [[-0.0790024846792221]], [[-0.1856881082057953]], [[-0.24126824736595154]], [[-0.2929198145866394]], [[-0.33183735609054565]], [[-0.4221046566963196]], [[-0.44766175746917725]], [[-0.47331228852272034]], [[-0.4950280487537384]], [[-0.4982122480869293]], [[-0.4881996810436249]], [[-0.46549931168556213]], [[-0.3992435932159424]], [[-0.30934739112854004]], [[-0.18864598870277405]], [[-0.12802501022815704]], [[0.006874978542327881]], [[0.157650426030159]], [[0.34537792205810547]], [[0.48189228773117065]], [[0.6162490844726562]], [[0.1057400032877922]], [[0.2618904709815979]], [[0.5868557691574097]], [[0.7125277519226074]], [[0.8748527765274048]], [[1.0395444631576538]], [[1.11189866065979]], [[1.1639282703399658]], [[1.2086273431777954]], [[1.2162655591964722]], [[1.208645224571228]], [[1.1905622482299805]], [[1.1508605480194092]], [[1.1063475608825684]], [[1.0541017055511475]], [[0.9749742150306702]], [[0.9215667843818665]], [[0.8652846217155457]], [[0.7950374484062195]], [[0.7101802229881287]], [[0.6352182030677795]], [[0.5591182708740234]], [[0.4812707006931305]], [[0.4422743320465088]], [[0.3631068468093872]], [[0.2703719437122345]], [[0.19002225995063782]], [[0.09594161063432693]], [[0.028549931943416595]], [[-0.06584827601909637]], [[-0.10668374598026276]], [[-0.20103657245635986]], [[-0.295310378074646]], [[-0.3625008463859558]], [[-0.4695362448692322]], [[-0.522170901298523]], [[-0.6007145643234253]], [[-0.6780258417129517]], [[-0.766179084777832]], [[-0.8392256498336792]], [[-0.8864004015922546]], [[-0.9961562156677246]], [[-1.0455502271652222]], [[-1.127289891242981]], [[-1.1339000463485718]], [[-1.1697901487350464]], [[-1.1769598722457886]], [[-1.1649097204208374]], [[-1.0942599773406982]], [[-0.9970163106918335]], [[-0.8814264535903931]], [[-0.7327743768692017]], [[-0.42539507150650024]], [[0.05844400078058243]], [[0.13768142461776733]], [[0.1760476976633072]], [[0.2608424425125122]], [[0.34707385301589966]], [[0.3940088450908661]], [[0.44232726097106934]], [[0.4694507420063019]], [[0.5154597163200378]], [[0.5293937921524048]], [[0.5444071888923645]], [[0.547919511795044]], [[0.5434203743934631]], [[0.5384593605995178]], [[0.51726895570755]], [[0.4989303946495056]], [[0.4722655415534973]], [[0.41186967492103577]], [[0.37372589111328125]], [[0.332404762506485]], [[0.28085988759994507]], [[0.2575978934764862]], [[0.21801017224788666]], [[0.14323031902313232]], [[0.09153490513563156]], [[0.0384647361934185]], [[-0.015583958476781845]], [[-0.07067849487066269]], [[-0.12638312578201294]], [[-0.19203311204910278]], [[-0.22030243277549744]], [[-0.29617446660995483]], [[-0.36242979764938354]], [[-0.4097851812839508]], [[-0.46634775400161743]], [[-0.5132265686988831]], [[-0.5687141418457031]], [[-0.632570207118988]], [[-0.6860964298248291]], [[-0.7379177212715149]], [[-0.7799256443977356]], [[-0.8360198736190796]], [[-0.9161657691001892]], [[-0.9544427990913391]], [[-0.9876053333282471]], [[-1.0221776962280273]], [[-1.031760811805725]], [[-1.0440269708633423]], 