{"vc": [[-0.00972512923181057, 0.0, 0.0], [0.0, 0.0, 0.0], [0.032953742891550064, -0.03884133696556091, 0.03863544389605522], [0.18080243468284607, 0.0, 0.0], [0.0, 0.0, 0.0], [0.0, 0.0, 0.0], [0.0, 0.0009671885054558516, 0.0], [0.0, 0.0, 0.0], [0.0, 0.0, 0.0], [0.877811074256897, 0.0, 0.0]], "true_y1": [[[0.4006600081920624]], [[48.476985931396484]], [[57.73406982421875]], [[86.24458312988281]], [[114.42350769042969]], [[142.809814453125]], [[151.64364624023438]], [[189.95005798339844]], [[218.4727783203125]], [[256.7930908203125]], [[285.41693115234375]], [[304.6607360839844]], [[323.8218994140625]], [[343.0610656738281]], [[391.6374206542969]], [[430.5877685546875]], [[469.6745300292969]], [[518.7713012695312]], [[558.0787963867188]], [[647.61767578125]], [[728.1742553710938]], [[789.1106567382812]], [[882.11962890625]], [[924.1168212890625]], [[998.5578002929688]], [[1074.451904296875]], [[1107.4180908203125]], [[1185.890625]], [[1254.7508544921875]], [[1313.5804443359375]], [[1410.4105224609375]], [[1460.2158203125]], [[1550.102294921875]], [[1602.6126708984375]], [[1698.3514404296875]], [[1784.103515625]], [[1873.3336181640625]], [[1950.780517578125]], [[2064.512939453125]], [[2202.7548828125]], [[2275.52099609375]], [[1.0533000230789185]], [[20.595243453979492]], [[33.60066223144531]], [[53.27143096923828]], [[72.8597640991211]], [[85.79566192626953]], [[105.5794677734375]], [[131.89950561523438]], [[151.5614471435547]], [[178.2555694580078]], [[184.7090606689453]], [[198.10081481933594]], [[238.18389892578125]], [[244.7126922607422]], [[271.48626708984375]], [[284.89654541015625]], [[305.079833984375]], [[332.1759338378906]], [[372.8426818847656]], [[461.8923034667969]], [[489.416259765625]], [[545.2968139648438]], [[587.5197143554688]], [[630.3753051757812]], [[673.4876098632812]], [[709.9176025390625]], [[754.2601318359375]], [[791.7127685546875]], [[845.0064086914062]], [[891.455322265625]], [[1193.62353515625]], [[1239.59912109375]], [[1306.001708984375]], [[1365.11865234375]], [[1415.8695068359375]], [[1489.95703125]], [[1.104699969291687]], [[10.681933403015137]], [[25.209123611450195]], [[44.72594451904297]], [[49.45405960083008]], [[68.92952728271484]], [[78.5550308227539]], [[98.19803619384766]], [[107.8684310913086]], [[117.66439819335938]], [[137.33395385742188]], [[157.09158325195312]], [[167.0198211669922]], [[181.80697631835938]], [[191.6543426513672]], [[211.6303253173828]], [[231.54725646972656]], [[266.5459289550781]], [[276.5547790527344]], [[296.6912841796875]], [[321.9663391113281]], [[372.9698791503906]], [[403.80987548828125]], [[445.2615051269531]], [[466.3194274902344]], [[497.9346618652344]], [[540.52001953125]], [[567.5967407226562]], [[600.5784912109375]], [[639.4061279296875]], [[667.4757690429688]], [[707.6168823242188]], [[730.65087890625]], [[771.9681396484375]], [[789.983642578125]], [[851.3341674804688]], [[902.09423828125]], [[961.2411499023438]], [[995.1349487304688]], [[0.6033599972724915]], [[21.743366241455078]], [[34.350494384765625]], [[51.25474166870117]], [[59.62778854370117]], [[68.04686737060547]], [[84.9195327758789]], [[97.61035919189453]], [[110.29161071777344]], [[122.97456359863281]], [[135.68421936035156]], [[148.4062957763672]], [[156.8849334716797]], [[173.93728637695312]], [[186.6721954345703]], [[208.06703186035156]], [[242.42385864257812]], [[259.66192626953125]], [[276.9604187011719]], [[298.641845703125]], [[329.1083984375]], [[350.9814147949219]], [[386.37640380859375]], [[413.17047119140625]], [[426.5411071777344]], [[458.0914306640625]], [[485.41748046875]], [[513.0039672851562]], [[541.0458374023438]], [[564.5772094726562]], [[597.9617309570312]], [[631.8651123046875]], [[656.4006958007812]], [[691.6279296875]], [[716.94140625]], [[737.6343383789062]], [[774.54296875]], [[812.2728271484375]], [[845.41455078125]], [[879.3772583007812]], [[908.3294677734375]], [[937.92578125]], [[986.7037353515625]], [[1024.6619873046875]], [[1063.7467041015625]], [[0.35506001114845276]], [[17.442846298217773]], [[31.133989334106445]], [[55.11344909667969]], [[75.56602478027344]], [[92.85652923583984]], [[113.45478057861328]], [[130.60377502441406]], [[158.22116088867188]], [[171.97109985351562]], [[192.8400421142578]], [[217.1530303955078]], [[245.15866088867188]], [[255.64450073242188]], [[273.19354248046875]], [[290.80810546875]], [[322.8088684082031]], [[344.2585754394531]], [[369.4891357421875]], [[384.0852355957031]], [[409.6297302246094]], [[435.4869689941406]], [[446.6315002441406]], [[476.6264343261719]], [[495.6914978027344]], [[518.7813720703125]], [[542.1978149414062]], [[565.8270874023438]], [[589.9793090820312]], [[614.313232421875]], [[630.7819213867188]], [[664.489990234375]], [[685.9454956054688]], [[716.5003051757812]], [[729.9889526367188]], [[770.9297485351562]], [[794.418212890625]], [[818.1719970703125]], [[837.7638549804688]], [[893.20947265625]], [[913.9797973632812]], [[940.6979370117188]], [[979.2274169921875]], [[1013.4544677734375]], [[1042.96728515625]], [[1073.08984375]], [[1123.5814208984375]], [[1169.7142333984375]], [[1218.14404296875]], [[1239.6026611328125]], [[1283.7142333984375]], [[1329.9417724609375]], [[1386.5235595703125]], [[1428.875732421875]], [[1473.0814208984375]], [[0.1057400032877922]], [[8.977288246154785]], [[28.985549926757812]], [[37.85242462158203]], [[51.16899108886719]], [[69.0152359008789]], [[80.06527709960938]], [[91.23397827148438]], [[109.08541870117188]], [[120.23350524902344]], [[133.634033203125]], [[144.86251831054688]], [[160.60427856445312]], [[174.07838439941406]], [[187.60450744628906]], [[205.74990844726562]], [[217.07809448242188]], [[228.50819396972656]], [[242.2655792236328]], [[258.3717041015625]], [[272.28802490234375]], [[286.2192687988281]], [[300.3395690917969]], [[307.3815002441406]], [[321.64398193359375]], [[338.3404846191406]], [[352.8402099609375]], [[369.9030456542969]], [[382.2076721191406]], [[399.5959167480469]], [[407.1839599609375]], [[424.89971923828125]], [[442.9032897949219]], [[455.9564514160156]], [[477.2144775390625]], [[487.9171142578125]], [[504.2597961425781]], [[520.8733520507812]], [[540.639892578125]], [[557.9057006835938]], [[569.6280517578125]], [[599.5421142578125]], [[614.9503173828125]], [[646.5239868164062]], [[649.7462158203125]], [[672.6769409179688]], [[710.1915283203125]], [[720.7296142578125]], [[749.4886474609375]], [[771.7820434570312]], [[790.9492797851562]], [[810.521728515625]], [[842.9063110351562]], [[0.05844400078058243]], [[8.138837814331055]], [[12.176104545593262]], [[21.600032806396484]], [[32.380374908447266]], [[39.13383865356445]], [[47.23738479614258]], [[52.634056091308594]], [[64.76921081542969]], [[70.18351745605469]], [[79.64595031738281]], [[85.05542755126953]], [[97.2621841430664]], [[101.2868881225586]], [[112.20449829101562]], [[118.99845886230469]], [[127.17337036132812]], [[142.24917602539062]], [[150.4879913330078]], [[158.76199340820312]], [[168.43417358398438]], [[172.6238555908203]], [[179.56080627441406]], [[192.16152954101562]], [[200.59463500976562]], [[209.08604431152344]], [[217.609130859375]], [[226.2080841064453]], [[234.84622192382812]], [[244.99647521972656]], [[249.3681182861328]], [[261.1387939453125]], [[271.50421142578125]], [[278.9901123046875]], [[288.046142578125]], [[295.6716003417969]], [[304.87469482421875]], [[315.7687072753906]], [[325.22320556640625]], [[334.7430725097656]], [[342.8022766113281]], [[354.208740234375]], [[372.5155334472656]], [[382.71466064453125]], [[393.03082275390625]], [[407.05328369140625]], [[412.4260559082031]], [[423.231201171875]], [[434.2578125]], [[449.23480224609375]], [[454.95880126953125]], [[468.5338439941406]]]}