{"vc": [[-0.12719371914863586, -0.1560235172510147, 0.15596765279769897], [-0.22179004549980164, -2.4088833332061768, 2.4088587760925293], [-0.04470951110124588, -0.019061848521232605, 0.019051682204008102], [-0.06776208430528641, -0.17615412175655365, 0.1760692000389099], [-0.0825120136141777, -0.004852856043726206, 0.004826446063816547], [-0.07196173071861267, 0.04064502939581871, -0.040665820240974426], [-0.2085583209991455, 0.5383757948875427, -0.538379430770874], [0.002647446235641837, 0.0016082247020676732, -0.0016270058695226908], [0.06997336447238922, 0.058654237538576126, -0.058642417192459106], [-0.0054395184852182865, 0.04600344970822334, -0.045952070504426956]], "true_y1": [[[0.4006600081920624]], [[0.15558740496635437]], [[0.16276052594184875]], [[0.24866393208503723]], [[0.3962664306163788]], [[0.5790592432022095]], [[0.6396035552024841]], [[0.9064878225326538]], [[1.0970580577850342]], [[1.3250256776809692]], [[1.4673041105270386]], [[1.54794442653656]], [[1.616002082824707]], [[1.6722546815872192]], [[1.7641786336898804]], [[1.793254017829895]], [[1.7911890745162964]], [[1.756358027458191]], [[1.711103916168213]], [[1.5789433717727661]], [[1.4522038698196411]], [[1.36092209815979]], [[1.2353826761245728]], [[1.1848558187484741]], [[1.1043598651885986]], [[1.033262848854065]], [[1.0054763555526733]], [[0.9459607005119324]], [[0.9004821181297302]], [[0.8659005761146545]], [[0.8162118196487427]], [[0.7936542630195618]], [[0.7572713494300842]], [[0.738261342048645]], [[0.7072091102600098]], [[0.6827777028083801]], [[0.6602009534835815]], [[0.6426154971122742]], [[0.6196566820144653]], [[0.5955625176429749]], [[0.5842868089675903]], [[1.0533000230789185]], [[0.8061773180961609]], [[0.7387715578079224]], [[0.72738116979599]], [[0.7828381061553955]], [[0.8408317565917969]], [[0.9467875361442566]], [[1.0979658365249634]], [[1.2061781883239746]], [[1.3354759216308594]], [[1.3628818988800049]], [[1.4144912958145142]], [[1.525604009628296]], [[1.5377609729766846]], [[1.5718458890914917]], [[1.5802704095840454]], [[1.5835914611816406]], [[1.5733015537261963]], [[1.534577488899231]], [[1.3995705842971802]], [[1.3543882369995117]], [[1.2642996311187744]], [[1.200413465499878]], [[1.1404727697372437]], [[1.0854945182800293]], [[1.0431386232376099]], [[0.9963598251342773]], [[0.9606213569641113]], [[0.9151010513305664]], [[0.8799490332603455]], [[0.7213388681411743]], [[0.7053974866867065]], [[0.6844913959503174]], [[0.6677643060684204]], [[0.6546596884727478]], [[0.6373609304428101]], [[1.104699969291687]], [[0.9353775978088379]], [[0.7945695519447327]], [[0.7421797513961792]], [[0.7446678876876831]], [[0.7927230000495911]], [[0.8311374187469482]], [[0.9233863353729248]], [[0.9712351560592651]], [[1.019183874130249]], [[1.1094835996627808]], [[1.1874200105667114]], [[1.2207444906234741]], [[1.2627167701721191]], [[1.28559148311615]], [[1.3200476169586182]], [[1.3398287296295166]], [[1.3455442190170288]], [[1.3417472839355469]], [[1.3284841775894165]], [[1.3036504983901978]], [[1.2372545003890991]], [[1.1928269863128662]], [[1.133050560951233]], [[1.103690266609192]], [[1.061601161956787]], [[1.0093519687652588]], [[0.9789401888847351]], [[0.9447942972183228]], [[0.9084604978561401]], [[0.8846043348312378]], [[0.8536699414253235]], [[0.837460458278656]], [[0.8109012842178345]], [[0.8002448081970215]], [[0.7676340341567993]], [[0.7443772554397583]], [[0.7207968831062317]], [[0.708744466304779]], [[0.6033599972724915]], [[0.36372506618499756]], [[0.316240131855011]], [[0.3181900978088379]], [[0.3378916382789612]], [[0.3663756251335144]], [[0.441287636756897]], [[0.5069807767868042]], [[0.5761092901229858]], [[0.6457071900367737]], [[0.7136167883872986]], [[0.7780416011810303]], [[0.8183820247650146]], [[0.8920818567276001]], [[0.9400500655174255]], [[1.006455421447754]], [[1.0773736238479614]], [[1.0982551574707031]], [[1.1108593940734863]], [[1.1167478561401367]], [[1.1105899810791016]], [[1.0986524820327759]], [[1.0708503723144531]], [[1.0457674264907837]], [[1.0325822830200195]], [[1.0008255243301392]], [[0.9735115766525269]], [[0.9468075037002563]], [[0.920964777469635]], [[0.9004585146903992]], [[0.873327374458313]], [[0.8481386303901672]], [[0.8313460946083069]], [[0.8092182278633118]], [[0.7946633100509644]], [[0.7835398316383362]], [[0.7652907371520996]], [[0.7485418915748596]], [[0.7352427840232849]], [[0.722834050655365]], [[0.7131314277648926]], [[0.7039639353752136]], [[0.6903269290924072]], [[0.6808313727378845]], [[0.6719455122947693]], [[0.35506001114845276]], [[0.15655376017093658]], [[0.09341946244239807]], [[0.0984828993678093]], [[0.16678498685359955]], [[0.24745914340019226]], [[0.35525617003440857]], [[0.4464343786239624]], [[0.5836931467056274]], [[0.6443964242935181]], [[0.7244166135787964]], [[0.7981129288673401]], [[0.8578681349754333]], [[0.8739650845527649]], [[0.8941780924797058]], [[0.9070495963096619]], [[0.9152967929840088]], [[0.9126525521278381]], [[0.9037504196166992]], [[0.8965660333633423]], [[0.8816224932670593]], [[0.8646538853645325]], [[0.8570492267608643]], [[0.8363459706306458]], [[0.8233264088630676]], [[0.8079740405082703]], [[0.7930446267127991]], [[0.7787473201751709]], [[0.7649903893470764]], [[0.7520236372947693]], [[0.7437518239021301]], [[0.7280436754226685]], [[0.7188599109649658]], [[0.7067968845367432]], [[0.7018279433250427]], [[0.6879684925079346]], [[0.6807791590690613]], [[0.6740190386772156]], [[0.6688005924224854]], [[0.6555910110473633]], [[0.6511723399162292]], [[0.6458635926246643]], [[0.6388803124427795]], [[0.6332701444625854]], [[0.6288310289382935]], [[0.6246421337127686]], [[0.6183065176010132]], [[0.6131723523139954]], [[0.6083587408065796]], [[0.6063929796218872]], [[0.6026391386985779]], [[0.599076509475708]], [[0.5951648354530334]], [[0.5925189852714539]], [[0.589983344078064]], [[0.1057400032877922]], [[-0.017076171934604645]], [[-0.14816027879714966]], [[-0.16594554483890533]], [[-0.16402454674243927]], [[-0.12615858018398285]], [[-0.089885413646698]], [[-0.04689571633934975]], [[0.029702935367822647]], [[0.07990442216396332]], [[0.14052793383598328]], [[0.19036276638507843]], [[0.25710904598236084]], [[0.31019526720046997]], [[0.35893842577934265]], [[0.4164144992828369]], [[0.4475367069244385]], [[0.4752577245235443]], [[0.5038949847221375]], [[0.5312881469726562]], [[0.5501241683959961]], [[0.5650039911270142]], [[0.576538622379303]], [[0.581115186214447]], [[0.5882962942123413]], [[0.5936750769615173]], [[0.5961936116218567]], [[0.5971379280090332]], [[0.5967481732368469]], [[0.5950285196304321]], [[0.5939388275146484]], [[0.5907931327819824]], [[0.5869715213775635]], [[0.5839440822601318]], [[0.5787525177001953]], [[0.5760793685913086]], [[0.5719868540763855]], [[0.5678684115409851]], [[0.5630872249603271]], [[0.559056282043457]], [[0.556409478187561]], [[0.5500156879425049]], [[0.5469329357147217]], [[0.5410633087158203]], [[0.5404975414276123]], [[0.5366427302360535]], [[0.5309509038925171]], [[0.5294802784919739]], [[0.5257298946380615]], [[0.5230691432952881]], [[0.520939290523529]], [[0.5189037919044495]], [[0.5158181190490723]], [[0.05844400078058243]], [[-0.07334987074136734]], [[-0.12082429230213165]], [[-0.19749031960964203]], [[-0.24385179579257965]], [[-0.2575852870941162]], [[-0.26303830742836]], [[-0.26153334975242615]], [[-0.24717304110527039]], [[-0.23705364763736725]], [[-0.2153744101524353]], [[-0.20118778944015503]], [[-0.1657312959432602]], [[-0.1532600075006485]], [[-0.11815491318702698]], [[-0.09570376574993134]], [[-0.06842522323131561]], [[-0.018347356468439102]], [[0.008412132039666176]], [[0.03456484526395798]], [[0.06397348642349243]], [[0.0762646421790123]], [[0.0959605872631073]], [[0.12948527932167053]], [[0.15020212531089783]], [[0.16962260007858276]], [[0.18765300512313843]], [[0.20437289774417877]], [[0.2197159081697464]], [[0.23595444858074188]], [[0.24237696826457977]], [[0.25805553793907166]], [[0.2700413167476654]], 