{"vc": [[-0.15312065184116364, 0.0, 0.0], [0.0, -0.35125938057899475, 0.35144519805908203], [-0.06850044429302216, 0.2458813339471817, -0.24565301835536957], [-0.3036252558231354, 0.0, 0.0], [0.0, 0.0, 0.0], [0.0, 0.0, 0.0], [0.0, 0.08587350696325302, -0.0859844908118248], [0.0, 0.0, 0.0], [0.0, 0.0, 0.0], [0.14407454431056976, 0.0, 0.0]], "true_y1": [[[0.4006600081920624]], [[7.143886089324951]], [[8.356109619140625]], [[11.817048072814941]], [[14.770763397216797]], [[17.247404098510742]], [[17.918214797973633]], [[20.324386596679688]], [[21.651506423950195]], [[22.94190788269043]], [[23.619911193847656]], [[23.969036102294922]], [[24.247262954711914]], [[24.468427658081055]], [[24.828760147094727]], [[24.97121810913086]], [[25.026996612548828]], [[25.013872146606445]], [[24.958263397216797]], [[24.742141723632812]], [[24.488370895385742]], [[24.27712059020996]], [[23.938276290893555]], [[23.781869888305664]], [[23.50263023376465]], [[23.21784782409668]], [[23.094682693481445]], [[22.8038387298584]], [[22.55219841003418]], [[22.340442657470703]], [[21.999326705932617]], [[21.827787399291992]], [[21.525405883789062]], [[21.353214263916016]], [[21.04798698425293]], [[20.784317016601562]], [[20.519763946533203]], [[20.298221588134766]], [[19.98628807067871]], [[19.628021240234375]], [[19.44832992553711]], [[1.0533000230789185]], [[3.745401382446289]], [[5.467419147491455]], [[7.913331985473633]], [[10.112943649291992]], [[11.420653343200684]], [[13.188926696777344]], [[15.117626190185547]], [[16.26822280883789]], [[17.487916946411133]], [[17.731088638305664]], [[18.179563522338867]], [[19.14552879333496]], [[19.259166717529297]], [[19.626474380493164]], [[19.760007858276367]], [[19.910184860229492]], [[20.034900665283203]], [[20.101926803588867]], [[19.956193923950195]], [[19.86493682861328]], [[19.643327713012695]], [[19.454633712768555]], [[19.25156593322754]], [[19.039806365966797]], [[18.85723114013672]], [[18.632465362548828]], [[18.441635131835938]], [[18.170114517211914]], [[17.934646606445312]], [[16.47451400756836]], [[16.26722526550293]], [[15.975807189941406]], [[15.724494934082031]], [[15.514954566955566]], [[15.219419479370117]], [[1.104699969291687]], [[2.3922667503356934]], [[4.284201622009277]], [[6.652467727661133]], [[7.189164161682129]], [[9.22563648223877]], [[10.123252868652344]], [[11.728096961975098]], [[12.409318923950195]], [[13.03003978729248]], [[14.081779479980469]], [[14.907417297363281]], [[15.246983528137207]], [[15.672257423400879]], [[15.908239364624023]], [[16.28870964050293]], [[16.559890747070312]], [[16.84189796447754]], [[16.887672424316406]], [[16.943979263305664]], [[16.96057891845703]], [[16.868724822998047]], [[16.759971618652344]], [[16.57489013671875]], [[16.46893310546875]], [[16.29932403564453]], [[16.056894302368164]], [[15.897196769714355]], [[15.698959350585938]], [[15.462444305419922]], [[15.290427207946777]], [[15.04421615600586]], [[14.903279304504395]], [[14.651877403259277]], [[14.543025970458984]], [[14.176933288574219]], [[13.880502700805664]], [[13.543769836425781]], [[13.355414390563965]], [[0.6033599972724915]], [[3.3790431022644043]], [[4.949862003326416]], [[6.9053497314453125]], [[7.798213005065918]], [[8.64078426361084]], [[10.15644359588623]], [[11.144163131713867]], [[12.005346298217773]], [[12.748745918273926]], [[13.385324478149414]], [[13.924773216247559]], [[14.235477447509766]], [[14.75671100616455]], [[15.067520141601562]], [[15.465946197509766]], [[15.859282493591309]], [[15.972649574279785]], [[16.04462432861328]], [[16.088289260864258]], [[16.08414649963379]], [[16.046478271484375]], [[15.9424467086792]], [[15.838263511657715]], [[15.780198097229004]], [[15.630970001220703]], [[15.491140365600586]], [[15.34282112121582]], [[15.186727523803711]], [[15.052759170532227]], [[14.859522819519043]], [[14.660955429077148]], [[14.516532897949219]], [[14.308988571166992]], [[14.16018009185791]], [[14.038969039916992]], [[13.824178695678711]], [[13.607024192810059]], [[13.418722152709961]], [[13.228459358215332]], [[13.068626403808594]], [[12.907634735107422]], [[12.647902488708496]], [[12.450834274291992]], [[12.252705574035645]], [[0.35506001114845276]], [[2.5577189922332764]], [[4.245488166809082]], [[6.920327186584473]], [[8.842665672302246]], [[10.190103530883789]], [[11.478599548339844]], [[12.31701946258545]], [[13.299555778503418]], [[13.652231216430664]], [[14.053211212158203]], [[14.361927032470703]], [[14.565009117126465]], [[14.609600067138672]], [[14.654582023620605]], [[14.669269561767578]], [[14.63762092590332]], [[14.585367202758789]], [[14.501049041748047]], [[14.443511962890625]], [[14.330939292907715]], [[14.205107688903809]], [[14.148005485534668]], [[13.987735748291016]], [[13.881954193115234]], [[13.750846862792969]], [[13.615398406982422]], [[13.476943969726562]], [[13.334233283996582]], [[13.189781188964844]], [[13.091875076293945]], [[12.89168643951416]], [[12.764727592468262]], [[12.584979057312012]], [[12.506125450134277]], [[12.269083023071289]], [[12.134867668151855]], [[12.000615119934082]], [[11.891079902648926]], [[11.58739185333252]], [[11.476158142089844]], [[11.335189819335938]], [[11.136210441589355]], [[10.963808059692383]], [[10.818490982055664]], [[10.673382759094238]], [[10.437443733215332]], [[10.229825019836426]], [[10.01994514465332]], [[9.929558753967285]], [[9.748703002929688]], [[9.566179275512695]], [[9.352258682250977]], [[9.198759078979492]], [[9.044391632080078]], [[0.1057400032877922]], [[1.1877250671386719]], [[3.5370609760284424]], [[4.506772518157959]], [[5.849797248840332]], [[7.405738830566406]], [[8.222936630249023]], [[8.938528060913086]], [[9.870389938354492]], [[10.335105895996094]], [[10.79185676574707]], [[11.100979804992676]], [[11.440408706665039]], [[11.659258842468262]], [[11.825254440307617]], [[11.980664253234863]], [[12.046320915222168]], [[12.092754364013672]], [[12.126669883728027]], [[12.141508102416992]], [[12.136893272399902]], [[12.119172096252441]], [[12.090234756469727]], [[12.072299003601074]], [[12.029895782470703]], [[11.971529960632324]], [[11.914608001708984]], [[11.84162425994873]], [[11.785676002502441]], [[11.702754974365234]], [[11.66537094116211]], [[11.575753211975098]], [[11.481932640075684]], [[11.412544250488281]], [[11.29766845703125]], [[11.239153861999512]], [[11.149163246154785]], [[11.057112693786621]], [[10.94715404510498]], [[10.850954055786133]], [[10.785658836364746]], [[10.619468688964844]], [[10.534283638000488]], [[10.361019134521484]], [[10.343451499938965]], [[10.219137191772461]], [[10.018731117248535]], [[9.963164329528809]], [[9.813272476196289]], [[9.698925971984863]], [[9.601954460144043]], [[9.504246711730957]], [[9.345558166503906]], [[0.05844400078058243]], [[0.9444471001625061]], [[1.382078766822815]], [[2.3795576095581055]], [[3.460242748260498]], [[4.094794273376465]], [[4.806225776672363]], [[5.247663974761963]], [[6.1422553062438965]], [[6.497604846954346]], [[7.055864334106445]], [[7.3407135009765625]], [[7.8989973068237305]], [[8.059355735778809]], [[8.441502571105957]], [[8.644048690795898]], [[8.856221199035645]], [[9.170193672180176]], [[9.306097030639648]], [[9.421353340148926]], [[9.532844543457031]], [[9.574294090270996]], [[9.634854316711426]], [[9.722360610961914]], [[9.767107009887695]], [[9.802706718444824]], [[9.830174446105957]], [[9.850615501403809]], [[9.864776611328125]], [[9.874390602111816]], [[9.876471519470215]], [[9.876723289489746]], [[9.871330261230469]], [[9.864643096923828]], [[9.853837013244629]], [[9.842705726623535]], [[9.827107429504395]], [[9.805992126464844]], [[9.785666465759277]], [[9.763591766357422]], [[9.743806838989258]], [[9.714324951171875]], [[9.664030075073242]], [[9.634725570678711]], [[9.604331016540527]], [[9.562020301818848]], [[9.545554161071777]], [[9.51208782196045]], [[9.477531433105469]], [[9.430095672607422]], [[9.411849975585938]], [[9.368396759033203]]]}