{"vc": [[-0.052575141191482544, 0.0, 0.0], [0.0, -0.04674180969595909, 0.04676966741681099], [0.0019676072988659143, 0.30324071645736694, -0.3032420873641968], [0.05821333825588226, 0.0, 0.0], [0.0, 0.0, 0.0], [0.0, 0.0, 0.0], [0.0, 0.011099936440587044, -0.011092348024249077], [0.0, 0.0, 0.0], [0.0, 0.0, 0.0], [0.7090926766395569, 0.0, 0.0]], "true_y1": [[[0.4006600081920624]], [[38.295257568359375]], [[45.278438568115234]], [[65.7383804321289]], [[84.07243347167969]], [[100.3768310546875]], [[104.99078369140625]], [[122.5136947631836]], [[133.09591674804688]], [[144.42974853515625]], [[151.0745849609375]], [[154.81040954589844]], [[158.02867126464844]], [[160.8214874267578]], [[166.29476928710938]], [[169.44186401367188]], [[171.80958557128906]], [[173.98663330078125]], [[175.27635192871094]], [[177.2659912109375]], [[178.38954162597656]], [[179.0040740966797]], [[179.71286010742188]], [[179.97352600097656]], [[180.37596130371094]], [[180.7308807373047]], [[180.8723907470703]], [[181.18617248535156]], [[181.440673828125]], [[181.6461944580078]], [[181.9655303955078]], [[182.12213134765625]], [[182.39356994628906]], [[182.54615783691406]], [[182.8140869140625]], [[183.04364013671875]], [[183.2727508544922]], [[183.4639892578125]], [[183.7326202392578]], [[184.04066467285156]], [[184.19509887695312]], [[1.0533000230789185]], [[16.588876724243164]], [[26.691028594970703]], [[41.385643005371094]], [[55.09373474121094]], [[63.5453987121582]], [[75.45201110839844]], [[89.29792022705078]], [[98.16792297363281]], [[108.322021484375]], [[110.47434997558594]], [[114.59516906738281]], [[124.47530364990234]], [[125.78284454345703]], [[130.41705322265625]], [[132.35231018066406]], [[134.85830688476562]], [[137.58212280273438]], [[140.61764526367188]], [[144.52012634277344]], [[145.26504516601562]], [[146.3917694091797]], [[147.00730895996094]], [[147.49484252929688]], [[147.88755798339844]], [[148.16427612304688]], [[148.45127868652344]], [[148.66160583496094]], [[148.92359924316406]], [[149.12522888183594]], [[150.11854553222656]], [[150.2450408935547]], [[150.41929626464844]], [[150.56707763671875]], [[150.68902587890625]], [[150.85964965820312]], [[1.104699969291687]], [[8.733638763427734]], [[20.09488868713379]], [[34.70690155029297]], [[38.100223541259766]], [[51.34884262084961]], [[57.42142868041992]], [[68.75992584228516]], [[73.81053924560547]], [[78.57072448730469]], [[87.07929229736328]], [[94.30438232421875]], [[97.47747039794922]], [[101.68931579589844]], [[104.18109893798828]], [[108.55497741699219]], [[112.13138580322266]], [[116.91655731201172]], [[118.00281524658203]], [[119.88581848144531]], [[121.77842712402344]], [[124.45763397216797]], [[125.57290649414062]], [[126.68628692626953]], [[127.12957000732422]], [[127.68266296386719]], [[128.27029418945312]], [[128.5756378173828]], [[128.89501953125]], [[129.21514892578125]], [[129.41798400878906]], [[129.6764678955078]], [[129.81138610839844]], [[130.0341796875]], [[130.1248779296875]], [[130.4107208251953]], [[130.6260223388672]], [[130.858642578125]], [[130.98472595214844]], [[0.6033599972724915]], [[17.323604583740234]], [[26.97134780883789]], [[39.2947883605957]], [[45.07825469970703]], [[50.65101623535156]], [[61.02915573120117]], [[68.1068344116211]], [[74.54573822021484]], [[80.36332702636719]], [[85.5939712524414]], [[90.26416015625]], [[93.08280181884766]], [[98.10082244873047]], [[101.33556365966797]], [[105.919677734375]], [[111.48624420166016]], [[113.63180541992188]], [[115.44708251953125]], [[117.33394622802734]], [[119.42061614990234]], [[120.61029052734375]], [[122.14060974121094]], [[123.05979919433594]], [[123.45989990234375]], [[124.2833023071289]], [[124.88870239257812]], [[125.42340087890625]], [[125.90618133544922]], [[126.27408599853516]], [[126.7503662109375]], [[127.19120025634766]], [[127.48902893066406]], [[127.89181518554688]], [[128.1663360595703]], [[128.38294982910156]], [[128.7544403076172]], [[129.1174774169922]], [[129.42453002929688]], [[129.72918701171875]], [[129.98171997070312]], [[130.2335968017578]], [[130.63600158691406]], [[130.93898010253906]], [[131.2422332763672]], [[0.35506001114845276]], [[13.899917602539062]], [[24.44277000427246]], [[41.71226501464844]], [[54.821449279785156]], [[64.56214904785156]], [[74.5251693725586]], [[81.52166748046875]], [[90.59077453613281]], [[94.2353744506836]], [[98.85455322265625]], [[103.10344696044922]], [[106.84600830078125]], [[107.99977111816406]], [[109.69002532958984]], [[111.13410949707031]], [[113.2616958618164]], [[114.41773986816406]], [[115.57415008544922]], [[116.16387176513672]], [[117.08641815185547]], [[117.90826416015625]], [[118.23470306396484]], [[119.04710388183594]], [[119.52229309082031]], [[120.06376647949219]], [[120.58168029785156]], [[121.07827758789062]], [[121.5636215209961]], [[122.03369140625]], [[122.34259033203125]], [[122.95500946044922]], [[123.33273315429688]], [[123.85661315917969]], [[124.08311462402344]], [[124.75447845458984]], [[125.12953186035156]], [[125.50184631347656]], [[125.80387878417969]], [[126.63512420654297]], [[126.93791198730469]], [[127.32073974609375]], [[127.85987854003906]], [[128.3262939453125]], [[128.71920776367188]], [[129.111572265625]], [[129.75001525878906]], [[130.3127899169922]], [[130.8831329345703]], [[131.1293182373047]], [[131.62315368652344]], [[132.1234893798828]], [[132.712890625]], [[133.1381378173828]], [[133.56805419921875]], [[0.1057400032877922]], [[7.15593147277832]], [[22.652565002441406]], [[29.194000244140625]], [[38.482940673828125]], [[49.7318115234375]], [[55.94362258911133]], [[61.62625503540039]], [[69.51000213623047]], [[73.73858642578125]], [[78.18896484375]], [[81.44406127929688]], [[85.37966918945312]], [[88.25318145751953]], [[90.75525665283203]], [[93.6195297241211]], [[95.17317199707031]], [[96.5901107788086]], [[98.1264877319336]], [[99.73181915283203]], [[100.98219299316406]], [[102.13058471679688]], [[103.20765686035156]], [[103.71699523925781]], [[104.70025634765625]], [[105.78176879882812]], [[106.67108917236328]], [[107.66927337646484]], [[108.3620834350586]], [[109.30912780761719]], [[109.71224975585938]], [[110.63290405273438]], [[111.5431900024414]], [[112.18956756591797]], [[113.22122955322266]], [[113.73188018798828]], [[114.50149536132812]], [[115.27232360839844]], [[116.17548370361328]], [[116.95275115966797]], [[117.47455596923828]], [[118.78523254394531]], [[119.4488754272461]], [[120.7847671508789]], [[120.9192886352539]], [[121.866943359375]], [[123.38055419921875]], [[123.79749298095703]], [[124.91683959960938]], [[125.76585388183594]], [[126.48274993896484]], [[127.20235443115234]], [[128.365478515625]], [[0.05844400078058243]], [[6.452608108520508]], [[9.622186660766602]], [[16.899255752563477]], [[24.913986206054688]], [[29.712764739990234]], [[35.20378112792969]], [[38.68450164794922]], [[45.96443176269531]], [[48.96269226074219]], [[53.83501052856445]], [[56.4156379699707]], [[61.72197723388672]], [[63.32373809814453]], [[67.3322982788086]], [[69.59890747070312]], [[72.11906433105469]], [[76.25131225585938]], [[78.26876831054688]], [[80.15029907226562]], [[82.19090270996094]], [[83.02796936035156]], [[84.35869598388672]], [[86.62235260009766]], [[88.04352569580078]], [[89.4109115600586]], [[90.72834777832031]], [[92.00965118408203]], [[93.25540161132812]], [[94.67432403564453]], [[95.2724609375]], [[96.84976196289062]], [[98.20445251464844]], [[99.16600036621094]], [[100.31301879882812]], [[101.26675415039062]], [[102.4049072265625]], [[103.73614501953125]], [[104.8790283203125]], [[106.01933288574219]], [[106.97709655761719]], [[108.32157135009766]], [[110.45381927490234]], [[111.62857055664062]], [[112.80732727050781]], [[114.39418029785156]], [[114.99742126464844]], [[116.20245361328125]], [[117.42072296142578]], [[119.05634307861328]], [[119.67548370361328]], [[121.13025665283203]]]}