{"vc": [[-0.08328919112682343, 0.0, 0.0], [0.0, -0.8436320424079895, 0.8445468544960022], [-0.026310063898563385, 0.07224077731370926, -0.07228074222803116], [-0.2843363881111145, 0.0, 0.0], [0.0, 0.0, 0.0], [0.0, 0.0, 0.0], [0.0, 0.3462524116039276, -0.34633031487464905], [0.0, 0.0, 0.0], [0.0, 0.0, 0.0], [0.057214584201574326, 0.0, 0.0]], "true_y1": [[[0.4006600081920624]], [[2.5739974975585938]], [[2.9436850547790527]], [[3.9456238746643066]], [[4.722648620605469]], [[5.303421497344971]], [[5.447379112243652]], [[5.905420780181885]], [[6.1079182624816895]], [[6.25241231918335]], [[6.29485559463501]], [[6.301523685455322]], [[6.295085906982422]], [[6.278406620025635]], [[6.204934597015381]], [[6.125739574432373]], [[6.036250591278076]], [[5.916152000427246]], [[5.816877365112305]], [[5.587590217590332]], [[5.38208532333374]], [[5.228536128997803]], [[4.998316287994385]], [[4.896188735961914]], [[4.7181782722473145]], [[4.540882587432861]], [[4.465250015258789]], [[4.288716793060303]], [[4.138010025024414]], [[4.012472152709961]], [[3.812476396560669]], [[3.7128806114196777]], [[3.5388381481170654]], [[3.4405770301818848]], [[3.2678937911987305]], [[3.120260000228882]], [[2.973580837249756]], [[2.85188627243042]], [[2.682345390319824]], [[2.4903342723846436]], [[2.3951711654663086]], [[1.0533000230789185]], [[1.880199909210205]], [[2.380889892578125]], [[3.0456936359405518]], [[3.5892410278320312]], [[3.8843889236450195]], [[4.2454423904418945]], [[4.580304145812988]], [[4.743372917175293]], [[4.8752875328063965]], [[4.8949151039123535]], [[4.923371315002441]], [[4.933419227600098]], [[4.927122592926025]], [[4.885349273681641]], [[4.856826305389404]], [[4.80694055557251]], [[4.730399131774902]], [[4.60265588760376]], [[4.300290107727051]], [[4.204922199249268]], [[4.011824131011963]], [[3.867344379425049]], [[3.722511053085327]], [[3.578956127166748]], [[3.4594852924346924]], [[3.3164782524108887]], [[3.1978535652160645]], [[3.032621145248413]], [[2.892158269882202]], [[2.065812110900879]], [[1.9540270566940308]], [[1.7992408275604248]], [[1.6680634021759033]], [[1.56040620803833]], [[1.4113906621932983]], [[1.104699969291687]], [[1.4831762313842773]], [[2.010820150375366]], [[2.614839553833008]], [[2.7418529987335205]], [[3.186272144317627]], [[3.3614187240600586]], [[3.6378095149993896]], [[3.738741874694824]], [[3.8206772804260254]], [[3.93304705619812]], [[3.99021315574646]], [[4.002533912658691]], [[4.0048112869262695]], [[3.9974794387817383]], [[3.9656009674072266]], [[3.9166207313537598]], [[3.8033199310302734]], [[3.7665908336639404]], [[3.688817024230957]], [[3.586007833480835]], [[3.369321584701538]], [[3.235945463180542]], [[3.056684970855713]], [[2.9661545753479004]], [[2.8313558101654053]], [[2.6524600982666016]], [[2.540566921234131]], [[2.406419038772583]], [[2.2517340183258057]], [[2.1422159671783447]], [[1.9891399145126343]], [[1.9032549858093262]], [[1.7529098987579346]], [[1.6888891458511353]], [[1.4781228303909302]], [[1.3125218152999878]], [[1.1300132274627686]], [[1.030653953552246]], [[0.6033599972724915]], [[1.3856666088104248]], [[1.8014602661132812]], [[2.2833094596862793]], [[2.487760543823242]], [[2.6704466342926025]], [[2.97046160697937]], [[3.142789602279663]], [[3.27488374710083]], [[3.3723087310791016]], [[3.440406322479248]], [[3.4838194847106934]], [[3.501149892807007]], [[3.512967824935913]], [[3.5054519176483154]], [[3.4691321849823]], [[3.368359088897705]], [[3.304987907409668]], [[3.2357847690582275]], [[3.143455743789673]], [[3.007009506225586]], [[2.906224489212036]], [[2.740852117538452]], [[2.61515736579895]], [[2.5525450706481934]], [[2.4055678844451904]], [[2.2795357704162598]], [[2.1538329124450684]], [[2.027883768081665]], [[1.9237675666809082]], [[1.778733491897583]], [[1.6348985433578491]], [[1.5331131219863892]], [[1.3905482292175293]], [[1.2908228635787964]], [[1.2110559940338135]], [[1.0728464126586914]], [[0.9371612668037415]], [[0.8228433728218079]], [[0.7105972766876221]], [[0.6189595460891724]], [[0.5292518138885498]], [[0.3904531002044678]], [[0.29050517082214355]], [[0.1952269971370697]], [[0.35506001114845276]], [[0.9506068229675293]], [[1.3850518465042114]], [[2.01542329788208]], [[2.4078688621520996]], [[2.641380548477173]], [[2.8201825618743896]], [[2.902998924255371]], [[2.9442176818847656]], [[2.9338021278381348]], [[2.8905458450317383]], [[2.8105905055999756]], [[2.6931657791137695]], [[2.6445345878601074]], [[2.5592188835144043]], [[2.4699442386627197]], [[2.3019802570343018]], [[2.187105417251587]], [[2.0510873794555664]], [[1.9723485708236694]], [[1.8350011110305786]], [[1.6970903873443604]], [[1.6381233930587769]], [[1.4811526536941528]], [[1.382880449295044]], [[1.2656234502792358]], [[1.1488597393035889]], [[1.0334134101867676]], [[0.9180626273155212]], [[0.8047357797622681]], [[0.7297769784927368]], [[0.580993115901947]], [[0.4897192120552063]], [[0.3646373748779297]], [[0.31133928894996643]], [[0.1572178453207016]], [[0.07428142428398132]], [[0.0010000000474974513]], [[0.0010000000474974513]], [[0.0010000000474974513]], [[0.0010000000474974513]], [[0.0010000000474974513]], [[0.0010000000474974513]], [[0.0010000000474974513]], [[0.0010000000474974513]], [[0.0010000000474974513]], [[0.0010000000474974513]], [[0.0010000000474974513]], [[0.0010000000474974513]], [[0.0010000000474974513]], [[0.0010000000474974513]], [[0.0010000000474974513]], [[0.0010000000474974513]], [[0.005884051322937012]], [[0.14626151323318481]], [[0.1057400032877922]], [[0.3596371114253998]], [[0.8911668062210083]], [[1.097497820854187]], [[1.3645098209381104]], [[1.6365315914154053]], [[1.7572100162506104]], [[1.8455617427825928]], [[1.9263732433319092]], [[1.945502758026123]], [[1.9429895877838135]], [[1.923388957977295]], [[1.874801516532898]], [[1.817972183227539]], [[1.7501628398895264]], [[1.6465466022491455]], [[1.5763391256332397]], [[1.5022536516189575]], [[1.4097331762313843]], [[1.2979755401611328]], [[1.199298620223999]], [[1.09919273853302]], [[0.9968717694282532]], [[0.9456499814987183]], [[0.8417361974716187]], [[0.7201418280601501]], [[0.6149017810821533]], [[0.4918168783187866]], [[0.40374451875686646]], [[0.2805172801017761]], [[0.2272626906633377]], [[0.10433895140886307]], [[0.0010000000474974513]], [[0.0010000000474974513]], [[0.0010000000474974513]], [[0.0010000000474974513]], [[0.0010000000474974513]], [[0.0010000000474974513]], [[0.0010000000474974513]], [[0.0010000000474974513]], [[0.0010000000474974513]], [[0.0010000000474974513]], [[0.0010000000474974513]], [[0.0010000000474974513]], [[0.0010000000474974513]], [[0.0010000000474974513]], [[0.0010000000474974513]], [[0.0010000000474974513]], [[0.0010000000474974513]], [[0.0010000000474974513]], [[0.0010000000474974513]], [[0.0010000000474974513]], [[0.0010000000474974513]], [[0.05844400078058243]], [[0.2050172984600067]], [[0.27634021639823914]], [[0.43468427658081055]], [[0.5966716408729553]], [[0.6853340864181519]], [[0.7772132754325867]], [[0.8292683362960815]], [[0.9195173978805542]], [[0.9481265544891357]], [[0.9818877577781677]], [[0.9924916625022888]], [[0.9955098628997803]], [[0.9907422065734863]], [[0.965237557888031]], [[0.9411110281944275]], [[0.9048321843147278]], [[0.820529043674469]], [[0.7666082978248596]], [[0.7079036235809326]], [[0.6344068646430969]], [[0.6011670827865601]], [[0.5445160865783691]], [[0.4372462034225464]], [[0.3628920316696167]], [[0.2863729000091553]], [[0.2082178145647049]], [[0.12827575206756592]], [[0.047114163637161255]], [[0.0010000000474974513]], [[0.0010000000474974513]], [[0.0010000000474974513]], [[0.0010000000474974513]], [[0.0010000000474974513]], [[0.0010000000474974513]], [[0.0010000000474974513]], [[0.0010000000474974513]], [[0.0010000000474974513]], [[0.0010000000474974513]], [[0.0010000000474974513]], [[0.0010000000474974513]], [[0.0010000000474974513]], [[0.0010000000474974513]], [[0.0010000000474974513]], [[0.0010000000474974513]], [[0.0010000000474974513]], 