{"vc": [[-0.15123148262500763, 0.0, 0.0], [0.0, -0.32368627190589905, 0.32415246963500977], [-0.07522387057542801, 0.25509828329086304, -0.2546553611755371], [-0.3075936734676361, 0.0, 0.0], [0.0, 0.0, 0.0], [0.0, 0.0, 0.0], [0.0, 0.07842014729976654, -0.07890492677688599], [0.0, 0.0, 0.0], [0.0, 0.0, 0.0], [0.15794110298156738, 0.0, 0.0]], "true_y1": [[[0.4006600081920624]], [[7.8633551597595215]], [[9.204675674438477]], [[13.03271484375]], [[16.297054290771484]], [[19.03139305114746]], [[19.771474838256836]], [[22.424015045166016]], [[23.885616302490234]], [[25.306215286254883]], [[26.052907943725586]], [[26.437789916992188]], [[26.74494743347168]], [[26.989635467529297]], [[27.390850067138672]], [[27.5526180267334]], [[27.619873046875]], [[27.613679885864258]], [[27.559566497802734]], [[27.33871841430664]], [[27.075164794921875]], [[26.854612350463867]], [[26.499788284301758]], [[26.33573341369629]], [[26.042558670043945]], [[25.7432861328125]], [[25.613786697387695]], [[25.307846069335938]], [[25.04300880432129]], [[24.820058822631836]], [[24.460752487182617]], [[24.27999496459961]], [[23.96124839782715]], [[23.77967071533203]], [[23.457687377929688]], [[23.17941665649414]], [[22.90009307861328]], [[22.666086196899414]], [[22.33644676208496]], [[21.957611083984375]], [[21.767505645751953]], [[1.0533000230789185]], [[4.040648460388184]], [[5.952579021453857]], [[8.66909122467041]], [[11.112327575683594]], [[12.564738273620605]], [[14.528223037719727]], [[16.668928146362305]], [[17.945466995239258]], [[19.29839324951172]], [[19.568145751953125]], [[20.065736770629883]], [[21.138813018798828]], [[21.265338897705078]], [[21.675397872924805]], [[21.825241088867188]], [[21.99489402770996]], [[22.138174057006836]], [[22.221378326416016]], [[22.0830078125]], [[21.98961067199707]], [[21.760103225708008]], [[21.56329917907715]], [[21.350767135620117]], [[21.128616333007812]], [[20.936779022216797]], [[20.700321197509766]], [[20.499361038208008]], [[20.21316146850586]], [[19.964746475219727]], [[18.420555114746094]], [[18.200864791870117]], [[17.891796112060547]], [[17.625051498413086]], [[17.402490615844727]], [[17.088340759277344]], [[1.104699969291687]], [[2.536738872528076]], [[4.642303466796875]], [[7.279631614685059]], [[7.877470016479492]], [[10.146183013916016]], [[11.146170616149902]], [[12.933845520019531]], [[13.692564964294434]], [[14.383845329284668]], [[15.555115699768066]], [[16.474842071533203]], [[16.85332489013672]], [[17.327743530273438]], [[17.591333389282227]], [[18.017303466796875]], [[18.322458267211914]], [[18.64410400390625]], [[18.69767951965332]], [[18.76611328125]], [[18.79258918762207]], [[18.708412170410156]], [[18.599123001098633]], [[18.409494400024414]], [[18.300029754638672]], [[18.124055862426758]], [[17.871517181396484]], [[17.704723358154297]], [[17.49732780456543]], [[17.249486923217773]], [[17.069007873535156]], [[16.81040382385254]], [[16.6622371673584]], [[16.39771270751953]], [[16.283092498779297]], [[15.897233009338379]], [[15.58438491821289]], [[15.228547096252441]], [[15.02928638458252]], [[0.6033599972724915]], [[3.6947011947631836]], [[5.444675445556641]], [[7.623104095458984]], [[8.617562294006348]], [[9.55581283569336]], [[11.242953300476074]], [[12.341902732849121]], [[13.299718856811523]], [[14.126328468322754]], [[14.834112167358398]], [[15.434019088745117]], [[15.779691696166992]], [[16.360132217407227]], [[16.706876754760742]], [[17.15289306640625]], [[17.597843170166016]], [[17.72887420654297]], [[17.8145694732666]], [[17.87102699279785]], [[17.878746032714844]], [[17.846385955810547]], [[17.746971130371094]], [[17.64392852783203]], [[17.58586311340332]], [[17.43547248840332]], [[17.293598175048828]], [[17.142478942871094]], [[16.982954025268555]], [[16.845745086669922]], [[16.64746856689453]], [[16.4433650970459]], [[16.294729232788086]], [[16.080894470214844]], [[15.927422523498535]], [[15.802325248718262]], [[15.580465316772461]], [[15.35593318939209]], [[15.161051750183105]], [[14.963968276977539]], [[14.798269271850586]], [[14.631240844726562]], [[14.361489295959473]], [[14.156575202941895]], [[13.950336456298828]], [[0.35506001114845276]], [[2.813211441040039]], [[4.696876525878906]], [[7.6810431480407715]], [[9.823858261108398]], [[11.324596405029297]], [[12.758849143981934]], [[13.692079544067383]], [[14.78711223602295]], [[15.181364059448242]], [[15.631734848022461]], [[15.982288360595703]], [[16.21894073486328]], [[16.273164749145508]], [[16.331554412841797]], [[16.356943130493164]], [[16.339536666870117]], [[16.29409408569336]], [[16.215784072875977]], [[16.16095542907715]], [[16.052074432373047]], [[15.928916931152344]], [[15.872705459594727]], [[15.714208602905273]], [[15.60916519165039]], [[15.478630065917969]], [[15.343463897705078]], [[15.205041885375977]], [[15.062146186828613]], [[14.917317390441895]], [[14.819062232971191]], [[14.617948532104492]], [[14.490270614624023]], [[14.309340476989746]], [[14.229910850524902]], [[13.99092960357666]], [[13.855480194091797]], [[13.719893455505371]], [[13.6091947555542]], [[13.301918983459473]], [[13.189231872558594]], [[13.046308517456055]], [[12.844343185424805]], [[12.669126510620117]], [[12.521262168884277]], [[12.373441696166992]], [[12.132701873779297]], [[11.920424461364746]], [[11.705378532409668]], [[11.612614631652832]], [[11.426703453063965]], [[11.238643646240234]], [[11.017621040344238]], [[10.858576774597168]], [[10.69821834564209]], [[0.1057400032877922]], [[1.3202457427978516]], [[3.95678973197937]], [[5.044445037841797]], [[6.549864768981934]], [[8.292281150817871]], [[9.206743240356445]], [[10.007315635681152]], [[11.050272941589355]], [[11.571170806884766]], [[12.084431648254395]], [[12.43320083618164]], [[12.818730354309082]], [[13.070059776306152]], [[13.263619422912598]], [[13.449918746948242]], [[13.532115936279297]], [[13.593560218811035]], [[13.643732070922852]], [[13.675615310668945]], [[13.684379577636719]], [[13.679073333740234]], [[13.66192626953125]], [[13.649624824523926]], [[13.618219375610352]], [[13.572153091430664]], [[13.525517463684082]], [[13.464273452758789]], [[13.416594505310059]], [[13.345138549804688]], [[13.312689781188965]], [[13.234461784362793]], [[13.152057647705078]], [[13.090863227844238]], [[12.989202499389648]], [[12.937287330627441]], [[12.857308387756348]], [[12.775359153747559]], [[12.67732048034668]], [[12.59144401550293]], [[12.533109664916992]], [[12.384498596191406]], [[12.308259963989258]], [[12.153080940246582]], [[12.13733959197998]], [[12.025912284851074]], [[11.84615421295166]], [[11.796285629272461]], [[11.661706924438477]], [[11.558981895446777]], [[11.471824645996094]], [[11.383963584899902]], [[11.241171836853027]], [[0.05844400078058243]], [[1.0634487867355347]], [[1.55983567237854]], [[2.6910295486450195]], [[3.9160404205322266]], [[4.634983062744141]], [[5.440698146820068]], [[5.940484046936035]], [[6.953165054321289]], [[7.355499744415283]], [[7.987978458404541]], [[8.311064720153809]], [[8.945707321166992]], [[9.128548622131348]], [[9.565937995910645]], [[9.799163818359375]], [[10.045088768005371]], [[10.413948059082031]], [[10.576645851135254]], [[10.717023849487305]], [[10.856033325195312]], [[10.90888500213623]], [[10.98774528503418]], [[11.106976509094238]], [[11.172099113464355]], [[11.227689743041992]], [[11.274807929992676]], [[11.314753532409668]], [[11.348264694213867]], [[11.380399703979492]], [[11.392128944396973]], [[11.418267250061035]], [[11.435617446899414]], [[11.445355415344238]], [[11.454442024230957]], [[11.460094451904297]], [[11.46480655670166]], [[11.46782398223877]], [[11.468531608581543]], [[11.46772289276123]], [[11.466011047363281]], [[11.4622163772583]], [[11.453394889831543]], [[11.447315216064453]], [[11.4404878616333]], [[11.430314064025879]], [[11.426187515258789]], [[11.417572021484375]], [[11.408411979675293]], [[11.395503997802734]], [[11.390458106994629]], [[11.378300666809082]]]}