{"vc": [[-0.1504957377910614, -0.15468433499336243, 0.1547718048095703], [-0.24716828763484955, -2.4145891666412354, 2.4146015644073486], [-0.052876926958560944, -0.015008407644927502, 0.01497169490903616], [-0.07951454073190689, -0.19369304180145264, 0.19395093619823456], [-0.0939246118068695, -0.006270072888582945, 0.006330019794404507], [-0.08166247606277466, 0.04990009963512421, -0.04985540732741356], [-0.21898791193962097, 0.4992029070854187, -0.4990919232368469], [0.0027455692179501057, 0.0006439291755668819, -0.000733007793314755], [0.07888195663690567, 0.06212276592850685, -0.06191369146108627], [-0.006424997467547655, 0.048270776867866516, -0.0479608029127121]], "true_y1": [[[0.4006600081920624]], [[0.1279250681400299]], [[0.13753263652324677]], [[0.23867088556289673]], [[0.40740159153938293]], [[0.6128772497177124]], [[0.680249810218811]], [[0.9732316136360168]], [[1.177995204925537]], [[1.4166269302368164]], [[1.5606536865234375]], [[1.6397804021835327]], [[1.7044703960418701]], [[1.7557603120803833]], [[1.8300588130950928]], [[1.8420794010162354]], [[1.82223641872406]], [[1.765997052192688]], [[1.7052403688430786]], [[1.5445088148117065]], [[1.4000123739242554]], [[1.2993022203445435]], [[1.1642500162124634]], [[1.1108943223953247]], [[1.026993989944458]], [[0.9540100693702698]], [[0.9257783889770508]], [[0.8658891916275024]], [[0.8206946849822998]], [[0.786690354347229]], [[0.7384389042854309]], [[0.7167963981628418]], [[0.6822781562805176]], [[0.6644521355628967]], [[0.6356797218322754]], [[0.6133758425712585]], [[0.5930569171905518]], [[0.577443540096283]], [[0.5573686361312866]], [[0.536716878414154]], [[0.5272123217582703]], [[1.0533000230789185]], [[0.7857901453971863]], [[0.7163175344467163]], [[0.711277425289154]], [[0.7788220047950745]], [[0.8460104465484619]], [[0.966011106967926]], [[1.1333967447280884]], [[1.2507141828536987]], [[1.3876101970672607]], [[1.416033148765564]], [[1.4687901735305786]], [[1.576585292816162]], [[1.587426781654358]], [[1.6144700050354004]], [[1.6186132431030273]], [[1.6148850917816162]], [[1.5945322513580322]], [[1.5406805276870728]], [[1.3770232200622559]], [[1.3251081705093384]], [[1.2237564325332642]], [[1.1532710790634155]], [[1.0880075693130493]], [[1.0288136005401611]], [[0.9836174845695496]], [[0.9340993165969849]], [[0.8965461254119873]], [[0.849066436290741]], [[0.8126806020736694]], [[0.6517033576965332]], [[0.6361284255981445]], [[0.6157814860343933]], [[0.5995977520942688]], [[0.5869950652122498]], [[0.5704806447029114]], [[1.104699969291687]], [[0.9210224747657776]], [[0.7719415426254272]], [[0.7227833271026611]], [[0.7274312973022461]], [[0.7870265245437622]], [[0.8317894339561462]], [[0.9365245699882507]], [[0.9898461699485779]], [[1.0426965951919556]], [[1.1406022310256958]], [[1.2230448722839355]], [[1.2574976682662964]], [[1.2998731136322021]], [[1.3222576379776]], [[1.3541638851165771]], [[1.3697971105575562]], [[1.365857720375061]], [[1.359018087387085]], [[1.3395118713378906]], [[1.3069212436676025]], [[1.2262027263641357]], [[1.1744048595428467]], [[1.1062369346618652]], [[1.0732349157333374]], [[1.0263639688491821]], [[0.9687842726707458]], [[0.9355351328849792]], [[0.8984057903289795]], [[0.8591082096099854]], [[0.8334136009216309]], [[0.8002116084098816]], [[0.782863438129425]], [[0.7545087337493896]], [[0.7431558966636658]], [[0.7084984183311462]], [[0.6838619709014893]], [[0.6589547991752625]], [[0.6462545990943909]], [[0.6033599972724915]], [[0.3389130234718323]], [[0.2890854775905609]], [[0.2953985631465912]], [[0.3191138505935669]], [[0.3523362874984741]], [[0.4377511143684387]], [[0.5114219188690186]], [[0.588051438331604]], [[0.664359450340271]], [[0.7379924058914185]], [[0.807028591632843]], [[0.849799394607544]], [[0.9268507957458496]], [[0.9760560989379883]], [[1.0423957109451294]], [[1.1088684797286987]], [[1.1261813640594482]], [[1.134665608406067]], [[1.1349735260009766]], [[1.1207925081253052]], [[1.1032885313034058]], [[1.0671781301498413]], [[1.0365134477615356]], [[1.0207769870758057]], [[0.983589231967926]], [[0.9521892666816711]], [[0.9218689203262329]], [[0.8928011059761047]], [[0.8698888421058655]], [[0.8397392630577087]], [[0.8118792176246643]], [[0.7933586239814758]], [[0.7689995169639587]], [[0.7529962062835693]], [[0.7407716512680054]], [[0.720719575881958]], [[0.7023109197616577]], [[0.6876839995384216]], [[0.6740238070487976]], [[0.6633316278457642]], [[0.6532182693481445]], [[0.6381507515907288]], [[0.627639889717102]], [[0.6177873611450195]], [[0.35506001114845276]], [[0.13156703114509583]], [[0.06252505630254745]], [[0.07215618342161179]], [[0.15098923444747925]], [[0.24194395542144775]], [[0.361507773399353]], [[0.46109771728515625]], [[0.6081464290618896]], [[0.6718648076057434]], [[0.7542241215705872]], [[0.8277333378791809]], [[0.8844055533409119]], [[0.8988068699836731]], [[0.9157533049583435]], [[0.9250103831291199]], [[0.9264112710952759]], [[0.9192976355552673]], [[0.9054580330848694]], [[0.895615816116333]], [[0.8763949871063232]], [[0.8555769920349121]], [[0.8464542627334595]], [[0.8220465779304504]], [[0.8069336414337158]], [[0.7892805933952332]], [[0.7722464799880981]], [[0.7560252547264099]], [[0.7404789328575134]], [[0.7258639335632324]], [[0.7165531516075134]], [[0.6988840699195862]], [[0.6885530948638916]], [[0.6749721765518188]], [[0.6693719625473022]], [[0.6537235379219055]], [[0.6455852389335632]], [[0.6379163861274719]], [[0.6319838762283325]], [[0.6169084906578064]], [[0.6118442416191101]], [[0.6057435870170593]], [[0.5976886749267578]], [[0.5911902189254761]], [[0.5860291123390198]], [[0.5811421871185303]], [[0.573716938495636]], [[0.5676668882369995]], [[0.5619649887084961]], [[0.5596276521682739]], [[0.5551488995552063]], [[0.5508784651756287]], [[0.5461654663085938]], [[0.5429622530937195]], [[0.5398800373077393]], [[0.1057400032877922]], [[-0.03628034144639969]], [[-0.18504399061203003]], [[-0.2042343020439148]], [[-0.2003377377986908]], [[-0.1554504632949829]], [[-0.11359605938196182]], [[-0.06460461765527725]], [[0.021502211689949036]], [[0.07721308618783951]], [[0.1437489241361618]], [[0.19781813025474548]], [[0.2692858576774597]], [[0.32527026534080505]], [[0.3759123980998993]], [[0.43451911211013794]], [[0.4656497538089752]], [[0.49293631315231323]], [[0.5205803513526917]], [[0.5463331937789917]], [[0.563479483127594]], [[0.5765241384506226]], [[0.5861362814903259]], [[0.5897515416145325]], [[0.5950121879577637]], [[0.5982298254966736]], [[0.5989764928817749]], [[0.5979793667793274]], [[0.5962900519371033]], [[0.5928754210472107]], [[0.5910962224006653]], [[0.5864517092704773]], [[0.581253707408905]], [[0.5773115754127502]], [[0.570762038230896]], [[0.567460298538208]], [[0.5624704957008362]], [[0.5575088858604431]], [[0.5518032908439636]], [[0.5470257997512817]], [[0.543900728225708]], [[0.5363771915435791]], [[0.5327572822570801]], [[0.5258675217628479]], [[0.5252031683921814]], [[0.5206733345985413]], [[0.5139673352241516]], [[0.5122299194335938]], [[0.5077874660491943]], [[0.5046237707138062]], [[0.5020829439163208]], [[0.4996468722820282]], [[0.4959374964237213]], [[0.05844400078058243]], [[-0.094608835875988]], [[-0.14920103549957275]], [[-0.2362750768661499]], [[-0.287420392036438]], [[-0.3016854226589203]], [[-0.306122362613678]], [[-0.30322033166885376]], [[-0.28433191776275635]], [[-0.27178317308425903]], [[-0.245515838265419]], [[-0.22859685122966766]], [[-0.18692103028297424]], [[-0.17242984473705292]], [[-0.1320393830537796]], [[-0.10649740695953369]], [[-0.07575482875108719]], [[-0.02014223486185074]], [[0.00913144275546074]], [[0.037433505058288574]], [[0.06888261437416077]], [[0.08190440386533737]], [[0.10261541604995728]], [[0.1374063491821289]], [[0.15859800577163696]], [[0.17823511362075806]], [[0.19625577330589294]], [[0.2127721607685089]], [[0.22775089740753174]], [[0.2434019297361374]], [[0.24953000247478485]], [[0.2643265128135681]], [[0.2754642069339752]], [[0.282512366771698]], 