{"vc": [[-0.08358237892389297, 0.0, 0.0], [0.0, -0.06333884596824646, 0.06364550441503525], [-0.02145557478070259, 0.3129396140575409, -0.31270354986190796], [-0.05328506976366043, 0.0, 0.0], [0.0, 0.0, 0.0], [0.0, 0.0, 0.0], [0.0, 0.015327190048992634, -0.015294501557946205], [0.0, 0.0, 0.0], [0.0, 0.0, 0.0], [0.5485488772392273, 0.0, 0.0]], "true_y1": [[[0.4006600081920624]], [[29.404029846191406]], [[34.73255157470703]], [[50.292659759521484]], [[64.14690399169922]], [[76.37034606933594]], [[79.80892944335938]], [[92.76547241210938]], [[100.4936294555664]], [[108.66410827636719]], [[113.38810729980469]], [[116.0166244506836]], [[118.2618408203125]], [[120.19324493408203]], [[123.91930389404297]], [[126.01263427734375]], [[127.55183410644531]], [[128.92623901367188]], [[129.71261596679688]], [[130.85720825195312]], [[131.44015502929688]], [[131.7265167236328]], [[132.0160369873047]], [[132.10923767089844]], [[132.23764038085938]], [[132.33517456054688]], [[132.37014770507812]], [[132.44046020507812]], [[132.49099731445312]], [[132.52822875976562]], [[132.5808868408203]], [[132.6048126220703]], [[132.64390563964844]], [[132.66477966308594]], [[132.69989013671875]], [[132.7286834716797]], [[132.75643920898438]], [[132.7789764404297]], [[132.809814453125]], [[132.84417724609375]], [[132.8610382080078]], [[1.0533000230789185]], [[12.92471694946289]], [[20.630687713623047]], [[31.808483123779297]], [[42.188568115234375]], [[48.55849075317383]], [[57.483734130859375]], [[67.77304077148438]], [[74.30070495605469]], [[81.69525909423828]], [[83.2498779296875]], [[86.21175384521484]], [[93.21842956542969]], [[94.13333892822266]], [[97.34554290771484]], [[98.67024993896484]], [[100.36715698242188]], [[102.18155670166016]], [[104.15133666992188]], [[106.53559875488281]], [[106.95446014404297]], [[107.54481506347656]], [[107.83426666259766]], [[108.03858947753906]], [[108.1815414428711]], [[108.26766967773438]], [[108.34181213378906]], [[108.38511657714844]], [[108.42491912841797]], [[108.44454956054688]], [[108.41690826416016]], [[108.40372467041016]], [[108.38275909423828]], [[108.36283874511719]], [[108.34516906738281]], [[108.31888580322266]], [[1.104699969291687]], [[6.923941612243652]], [[15.578001022338867]], [[26.673053741455078]], [[29.241884231567383]], [[39.23442840576172]], [[43.79093551635742]], [[52.24846649169922]], [[55.9908561706543]], [[59.50151062011719]], [[65.73004150390625]], [[70.96240997314453]], [[73.24040985107422]], [[76.24176788330078]], [[78.00360870361328]], [[81.06648254394531]], [[83.53630065917969]], [[86.77369689941406]], [[87.4941635131836]], [[88.72584533691406]], [[89.93535614013672]], [[91.57212829589844]], [[92.2110824584961]], [[92.80659484863281]], [[93.02671813964844]], [[93.28253936767578]], [[93.52409362792969]], [[93.63371276855469]], [[93.7340316772461]], [[93.81752014160156]], [[93.86054992675781]], [[93.90347290039062]], [[93.92041778564453]], [[93.9402084350586]], [[93.94540405273438]], [[93.9515380859375]], [[93.94679260253906]], [[93.93390655517578]], [[93.92402648925781]], [[0.6033599972724915]], [[13.340362548828125]], [[20.672422409057617]], [[30.006383895874023]], [[34.37061309814453]], [[38.56370544433594]], [[46.334373474121094]], [[51.599571228027344]], [[56.360389709472656]], [[60.63374710083008]], [[64.44939422607422]], [[67.8314437866211]], [[69.85971069335938]], [[73.44258880615234]], [[75.73001861572266]], [[78.93499755859375]], [[82.75052642822266]], [[84.19054412841797]], [[85.39079284667969]], [[86.6159896850586]], [[87.93545532226562]], [[88.66521453857422]], [[89.57060241699219]], [[90.09061431884766]], [[90.30996704101562]], [[90.74547576904297]], [[91.0499267578125]], [[91.30609893798828]], [[91.52618408203125]], [[91.6863784790039]], [[91.88386535644531]], [[92.05679321289062]], [[92.16844940185547]], [[92.313232421875]], [[92.40809631347656]], [[92.48094177246094]], [[92.60211944580078]], [[92.7164535522461]], [[92.81040954589844]], [[92.90145111083984]], [[92.9754638671875]], [[93.04812622070312]], [[93.1620864868164]], [[93.24638366699219]], [[93.32963562011719]], [[0.35506001114845276]], [[10.659623146057129]], [[18.664024353027344]], [[31.71515655517578]], [[41.544029235839844]], [[48.78462219238281]], [[56.116943359375]], [[61.209232330322266]], [[67.71821594238281]], [[70.29661560058594]], [[73.52437591552734]], [[76.44271087646484]], [[78.95848846435547]], [[79.72050476074219]], [[80.82229614257812]], [[81.7472915649414]], [[83.07530975341797]], [[83.77507019042969]], [[84.4559326171875]], [[84.7947006225586]], [[85.31182861328125]], [[85.75819396972656]], [[85.9315414428711]], [[86.3529281616211]], [[86.59276580810547]], [[86.86019897460938]], [[87.11038208007812]], [[87.34540557861328]], [[87.57083892822266]], [[87.78548431396484]], [[87.92472076416016]], [[88.19694519042969]], [[88.36256408691406]], [[88.5897216796875]], [[88.6871109008789]], [[88.97317504882812]], [[89.1314697265625]], [[89.28765869140625]], [[89.41372680664062]], [[89.7580795288086]], [[89.88265991210938]], [[90.03958892822266]], [[90.25957489013672]], [[90.44901275634766]], [[90.60801696777344]], [[90.76629638671875]], [[91.0228500366211]], [[91.24806213378906]], [[91.47547149658203]], [[91.5733871459961]], [[91.76937103271484]], [[91.9673843383789]], [[92.19995880126953]], [[92.36732482910156]], [[92.53617095947266]], [[0.1057400032877922]], [[5.450111389160156]], [[17.176025390625]], [[22.108718872070312]], [[29.08564567565918]], [[37.47511672973633]], [[42.07106399536133]], [[46.246620178222656]], [[51.983577728271484]], [[55.02820587158203]], [[58.2027473449707]], [[60.50202178955078]], [[63.25163269042969]], [[65.23441314697266]], [[66.94070434570312]], [[68.86675262451172]], [[69.89739990234375]], [[70.82756042480469]], [[71.8244857788086]], [[72.85195922851562]], [[73.64137268066406]], [[74.35750579833984]], [[75.0211410522461]], [[75.33221435546875]], [[75.927734375]], [[76.57522583007812]], [[77.10189819335938]], [[77.68714141845703]], [[78.08987426757812]], [[78.6361083984375]], [[78.8672103881836]], [[79.39209747314453]], [[79.90742492675781]], [[80.2713623046875]], [[80.84917449951172]], [[81.13392639160156]], [[81.56167602539062]], [[81.98856353759766]], [[82.48699951171875]], [[82.91463470458984]], [[83.20109558105469]], [[83.91870880126953]], [[84.2811279296875]], [[85.009033203125]], [[85.08222198486328]], [[85.5973129272461]], [[86.41841125488281]], [[86.644287109375]], [[87.25011444091797]], [[87.70913696289062]], [[88.096435546875]], [[88.48495483398438]], [[89.11248016357422]], [[0.05844400078058243]], [[4.875792026519775]], [[7.262350082397461]], [[12.734827041625977]], [[18.74459457397461]], [[22.330371856689453]], [[26.418384552001953]], [[28.999847412109375]], [[34.36885452270508]], [[36.566287994384766]], [[40.117000579833984]], [[41.986305236816406]], [[45.80174255371094]], [[46.9451904296875]], [[49.78786087036133]], [[51.38218688964844]], [[53.14268493652344]], [[55.998817443847656]], [[57.378204345703125]], [[58.65508270263672]], [[60.02897262573242]], [[60.58915710449219]], [[61.475563049316406]], [[62.9715690612793]], [[63.90317153930664]], [[64.79402923583984]], [[65.64736938476562]], [[66.47278594970703]], [[67.27120971679688]], [[68.17597961425781]], [[68.55597686767578]], [[69.55433654785156]], [[70.40782928466797]], [[71.01161193847656]], [[71.72986602783203]], [[72.3255844116211]], [[73.03487396240234]], [[73.86249542236328]], [[74.57151794433594]], [[75.27772521972656]], [[75.87006378173828]], [[76.7004623413086]], [[78.0152587890625]], [[78.73873901367188]], [[79.46417236328125]], [[80.44011688232422]], [[80.81097412109375]], [[81.55158996582031]], [[82.30014038085938]], [[83.304931640625]], [[83.68524932861328]], [[84.57884979248047]]]}