{"vc": [[-0.10930072516202927, 0.0, 0.0], [0.0, -0.09468630701303482, 0.09494929015636444], [-0.042466070502996445, 0.32447269558906555, -0.3243120610713959], [-0.14661501348018646, 0.0, 0.0], [0.0, 0.0, 0.0], [0.0, 0.0, 0.0], [0.0, 0.022318599745631218, -0.022244948893785477], [0.0, 0.0, 0.0], [0.0, 0.0, 0.0], [0.4106394946575165, 0.0, 0.0]], "true_y1": [[[0.4006600081920624]], [[21.779769897460938]], [[25.69277572631836]], [[37.07308578491211]], [[47.127750396728516]], [[55.91592025756836]], [[58.37092590332031]], [[67.537841796875]], [[72.92930603027344]], [[78.54837799072266]], [[81.74867248535156]], [[83.50987243652344]], [[85.00086212158203]], [[86.27174377441406]], [[88.68352508544922]], [[90.00532531738281]], [[90.95267486572266]], [[91.76945495605469]], [[92.2157974243164]], [[92.8094253540039]], [[93.05406951904297]], [[93.1400146484375]], [[93.1777114868164]], [[93.17130279541016]], [[93.13751983642578]], [[93.08344268798828]], [[93.05583190917969]], [[92.9834213256836]], [[92.91474151611328]], [[92.85384368896484]], [[92.75143432617188]], [[92.69842529296875]], [[92.60315704345703]], [[92.5480728149414]], [[92.44927215576172]], [[92.36295318603516]], [[92.27561950683594]], [[92.2020034790039]], [[92.09771728515625]], [[91.97712707519531]], [[91.91634368896484]], [[1.0533000230789185]], [[9.781157493591309]], [[15.433697700500488]], [[23.604511260986328]], [[31.15064239501953]], [[35.75583267211914]], [[42.16770935058594]], [[49.486629486083984]], [[54.07948303222656]], [[59.22287368774414]], [[60.294715881347656]], [[62.326194763183594]], [[67.0650634765625]], [[67.67530059814453]], [[69.79722595214844]], [[70.66108703613281]], [[71.75530242919922]], [[72.90519714355469]], [[74.11802673339844]], [[75.47969818115234]], [[75.69007110595703]], [[75.947265625]], [[76.04003143310547]], [[76.0766830444336]], [[76.0737075805664]], [[76.04939270019531]], [[76.00082397460938]], [[75.94812774658203]], [[75.8604507446289]], [[75.7757568359375]], [[75.16340637207031]], [[75.07096099853516]], [[74.93944549560547]], [[74.82479858398438]], [[74.72845458984375]], [[74.59152221679688]], [[1.104699969291687]], [[5.3713812828063965]], [[11.704902648925781]], [[19.793373107910156]], [[21.659379959106445]], [[28.886974334716797]], [[32.163291931152344]], [[38.20463562011719]], [[40.85848617553711]], [[43.335426330566406]], [[47.69541549682617]], [[51.317344665527344]], [[52.8802490234375]], [[54.92412567138672]], [[56.1146240234375]], [[58.16463088989258]], [[59.79523849487305]], [[61.8896484375]], [[62.34645462036133]], [[63.11610794067383]], [[63.852901458740234]], [[64.79727935791016]], [[65.13394165039062]], [[65.41220092773438]], [[65.49938201904297]], [[65.58149719238281]], [[65.62525177001953]], [[65.62480163574219]], [[65.60315704345703]], [[65.55603790283203]], [[65.51138305664062]], [[65.43651580810547]], [[65.38919067382812]], [[65.29865264892578]], [[65.2574691772461]], [[65.11225128173828]], [[64.98886108398438]], [[64.84408569335938]], [[64.76139831542969]], [[0.6033599972724915]], [[9.925079345703125]], [[15.276158332824707]], [[22.06233787536621]], [[25.222293853759766]], [[28.24880599975586]], [[33.828277587890625]], [[37.583091735839844]], [[40.9568977355957]], [[43.96526336669922]], [[46.632965087890625]], [[48.98078918457031]], [[50.38026428222656]], [[52.834354400634766]], [[54.38719940185547]], [[56.54058074951172]], [[59.059112548828125]], [[59.99179458618164]], [[60.75861740112305]], [[61.52816390991211]], [[62.335472106933594]], [[62.76781463623047]], [[63.2821159362793]], [[63.56077575683594]], [[63.67308044433594]], [[63.883567810058594]], [[64.01773071289062]], [[64.11946868896484]], [[64.19649505615234]], [[64.24520111083984]], [[64.29512023925781]], [[64.32826232910156]], [[64.34382629394531]], [[64.3567123413086]], [[64.36054992675781]], [[64.36099243164062]], [[64.35698699951172]], [[64.34796905517578]], [[64.33697509765625]], [[64.32347106933594]], [[64.31058502197266]], [[64.2964096069336]], [[64.27142333984375]], [[64.25101470947266]], [[64.22943878173828]], [[0.35506001114845276]], [[7.881568431854248]], [[13.71480941772461]], [[23.1798095703125]], [[30.250587463378906]], [[35.41522216796875]], [[40.595664978027344]], [[44.15679931640625]], [[48.652645111083984]], [[50.41185760498047]], [[52.591896057128906]], [[54.53593444824219]], [[56.18351745605469]], [[56.67560958862305]], [[57.379634857177734]], [[57.96221160888672]], [[58.78021240234375]], [[59.19930648803711]], [[59.59620666503906]], [[59.78871154785156]], [[60.07477569580078]], [[60.31277847290039]], [[60.40266799926758]], [[60.61461639404297]], [[60.73082733154297]], [[60.856449127197266]], [[60.97014236450195]], [[61.07361602783203]], [[61.169944763183594]], [[61.259159088134766]], [[61.31581115722656]], [[61.424041748046875]], [[61.488407135009766]], [[61.575096130371094]], [[61.611751556396484]], [[61.71790313720703]], [[61.775787353515625]], [[61.832393646240234]], [[61.87775421142578]], [[62.00039291381836]], [[62.04437255859375]], [[62.099525451660156]], [[62.17643356323242]], [[62.242332458496094]], [[62.29743957519531]], [[62.35213088989258]], [[62.44047927856445]], [[62.517765045166016]], [[62.5955810546875]], [[62.629024505615234]], [[62.69586181640625]], [[62.76326370239258]], [[62.842281341552734]], [[62.89905548095703]], [[62.95625686645508]], [[0.1057400032877922]], [[3.987787961959839]], [[12.49116039276123]], [[16.057416915893555]], [[21.08466148376465]], [[27.09431266784668]], [[30.365453720092773]], [[33.32155227661133]], [[37.353885650634766]], [[39.47782516479492]], [[41.6785774230957]], [[43.26260757446289]], [[45.14438247680664]], [[46.491756439208984]], [[47.643882751464844]], [[48.935054779052734]], [[49.62137222290039]], [[50.237701416015625]], [[50.894744873046875]], [[51.567779541015625]], [[52.08181381225586]], [[52.545719146728516]], [[52.97352981567383]], [[53.17337417602539]], [[53.55474853515625]], [[53.96767807006836]], [[54.30233383178711]], [[54.673057556152344]], [[54.92755126953125]], [[55.27206039428711]], [[55.41762161254883]], [[55.74788284301758]], [[56.07177734375]], [[56.30038070678711]], [[56.6632080078125]], [[56.84199142456055]], [[57.11058044433594]], [[57.378692626953125]], [[57.69186782836914]], [[57.960697174072266]], [[58.140865325927734]], [[58.59254837036133]], [[58.820865631103516]], [[59.27988052368164]], [[59.32606887817383]], [[59.651302337646484]], [[60.17041015625]], [[60.3133544921875]], [[60.69706344604492]], [[60.988094329833984]], [[61.23385238647461]], [[61.48057174682617]], [[61.879459381103516]], [[0.05844400078058243]], [[3.524930715560913]], [[5.241580009460449]], [[9.174917221069336]], [[13.48713493347168]], [[16.055004119873047]], [[18.97669792175293]], [[20.817930221557617]], [[24.63656234741211]], [[26.194719314575195]], [[28.705957412719727]], [[30.02457046508789]], [[32.70809555053711]], [[33.51017761230469]], [[35.49980545043945]], [[36.61295700073242]], [[37.83989334106445]], [[39.82574462890625]], [[40.783016204833984]], [[41.66830825805664]], [[42.62019729614258]], [[43.00818634033203]], [[43.62205123901367]], [[44.65817642211914]], [[45.30367660522461]], [[45.921321868896484]], [[46.513427734375]], [[47.08671569824219]], [[47.641876220703125]], [[48.27183151245117]], [[48.536705017089844]], [[49.23348617553711]], [[49.830238342285156]], [[50.253021240234375]], [[50.75664520263672]], [[51.1749153137207]], [[51.6735954284668]], [[52.256378173828125]], [[52.75640106201172]], [[53.25510787963867]], [[53.67390060424805]], [[54.261741638183594]], [[55.194129943847656]], [[55.707984924316406]], [[56.22376251220703]], [[56.9184455871582]], [[57.182647705078125]], [[57.71062469482422]], [[58.244712829589844]], [[58.9622917175293]], [[59.23408889770508]], [[59.87309265136719]]]}