{"vc": [[-0.01681247167289257, -0.12747636437416077, 0.12734703719615936], [-0.08828391879796982, -2.3613204956054688, 2.361138343811035], [-0.008523127064108849, -0.04034992307424545, 0.040147267282009125], [-0.01091716531664133, -0.05940099433064461, 0.059490643441677094], [-0.030187513679265976, 0.00342981587164104, -0.003457445651292801], [-0.032532334327697754, 0.02002129517495632, -0.020190611481666565], [-0.09561928361654282, 0.8228320479393005, -0.82292640209198], [0.0009317848598584533, 0.003637628862634301, -0.003877828363329172], [0.024216407909989357, 0.03641819581389427, -0.03640895336866379], [-0.0031854372937232256, 0.028554754331707954, -0.028288861736655235]], "true_y1": [[[0.4006600081920624]], [[0.2429654747247696]], [[0.23178885877132416]], [[0.2247815877199173]], [[0.24980145692825317]], [[0.2985770106315613]], [[0.3175336718559265]], [[0.4151296019554138]], [[0.49926984310150146]], [[0.6200844645500183]], [[0.7117530107498169]], [[0.772433340549469]], [[0.8312367796897888]], [[0.8880293965339661]], [[1.018125295639038]], [[1.1059385538101196]], [[1.1779499053955078]], [[1.245795488357544]], [[1.2833337783813477]], [[1.3229081630706787]], [[1.319075584411621]], [[1.300532579421997]], [[1.25764799118042]], [[1.2352313995361328]], [[1.1937612295150757]], [[1.151458501815796]], [[1.1335251331329346]], [[1.0925555229187012]], [[1.0589872598648071]], [[1.0322203636169434]], [[0.9920092821121216]], [[0.9731238484382629]], [[0.9419144988059998]], [[0.9252728223800659]], [[0.8976541757583618]], [[0.8755943179130554]], [[0.8549937009811401]], [[0.8388291001319885]], [[0.8176025152206421]], [[0.7952191233634949]], [[0.7847201228141785]], [[1.0533000230789185]], [[0.923480212688446]], [[0.8731930255889893]], [[0.8353392481803894]], [[0.8298864364624023]], [[0.8385683298110962]], [[0.8647361397743225]], [[0.9144248962402344]], [[0.9569119811058044]], [[1.0158661603927612]], [[1.0297869443893433]], [[1.0578118562698364]], [[1.131711721420288]], [[1.1420485973358154]], [[1.1789703369140625]], [[1.1941313743591309]], [[1.212850570678711]], [[1.2306649684906006]], [[1.2435078620910645]], [[1.228842854499817]], [[1.2166436910629272]], [[1.1856327056884766]], [[1.159019947052002]], [[1.1308966875076294]], [[1.102537751197815]], [[1.0790612697601318]], [[1.051522135734558]], [[1.0293667316436768]], [[0.9997904300689697]], [[0.9759523272514343]], [[0.8597395420074463]], [[0.8472490310668945]], [[0.8308892250061035]], [[0.8178184628486633]], [[0.8075953722000122]], [[0.7941346168518066]], [[1.104699969291687]], [[1.022260308265686]], [[0.939529299736023]], [[0.8838549256324768]], [[0.8772233128547668]], [[0.869378924369812]], [[0.8741272687911987]], [[0.8949411511421204]], [[0.9087579846382141]], [[0.9241440296173096]], [[0.956978440284729]], [[0.9897252917289734]], [[1.0053216218948364]], [[1.026917576789856]], [[1.040022373199463]], [[1.063105821609497]], [[1.0812442302703857]], [[1.1016309261322021]], [[1.104978322982788]], [[1.1087478399276733]], [[1.1085621118545532]], [[1.0954853296279907]], [[1.0819299221038818]], [[1.0597875118255615]], [[1.0475279092788696]], [[1.028523325920105]], [[1.002725601196289]], [[0.9866324663162231]], [[0.9676538109779358]], [[0.9464373588562012]], [[0.9319557547569275]], [[0.9125603437423706]], [[0.9021338224411011]], [[0.8846885561943054]], [[0.8775718212127686]], [[0.8554302453994751]], [[0.8393620252609253]], [[0.8229053020477295]], [[0.8144542574882507]], [[0.6033599972724915]], [[0.4863354563713074]], [[0.4506165385246277]], [[0.4301050901412964]], [[0.4288020431995392]], [[0.432139128446579]], [[0.4498721659183502]], [[0.47051137685775757]], [[0.4955337941646576]], [[0.5236040353775024]], [[0.5536627769470215]], [[0.5847487449645996]], [[0.605631947517395]], [[0.647165060043335]], [[0.6771644353866577]], [[0.724416196346283]], [[0.7894807457923889]], [[0.8164828419685364]], [[0.8397201299667358]], [[0.8635754585266113]], [[0.88800048828125]], [[0.899775505065918]], [[0.9104323387145996]], [[0.9129816889762878]], [[0.9128422141075134]], [[0.90958571434021]], [[0.9042237997055054]], [[0.8971483111381531]], [[0.8888146877288818]], [[0.8812670707702637]], [[0.8701171875]], [[0.8586663007736206]], [[0.8504839539527893]], [[0.8390758037567139]], [[0.8312071561813354]], [[0.8250105381011963]], [[0.8145241141319275]], [[0.804579496383667]], [[0.7964891195297241]], [[0.7888051867485046]], [[0.7827184796333313]], [[0.7769140005111694]], [[0.768203854560852]], [[0.7621012330055237]], [[0.7563751935958862]], [[0.35506001114845276]], [[0.26711562275886536]], [[0.22802448272705078]], [[0.2050219476222992]], [[0.21644069254398346]], [[0.2408740073442459]], [[0.2817777693271637]], [[0.32213205099105835]], [[0.3930661082267761]], [[0.4291397035121918]], [[0.4827704429626465]], [[0.5413577556610107]], [[0.6012060046195984]], [[0.6211717128753662]], [[0.6514488458633423]], [[0.6778832077980042]], [[0.7161991596221924]], [[0.7354796528816223]], [[0.7524526119232178]], [[0.7598175406455994]], [[0.7690466046333313]], [[0.774461567401886]], [[0.7757963538169861]], [[0.7770094275474548]], [[0.7763361930847168]], [[0.7743967771530151]], [[0.7714869379997253]], [[0.7678677439689636]], [[0.7636935114860535]], [[0.7591913938522339]], [[0.7560516595840454]], [[0.7495562434196472]], [[0.745456337928772]], [[0.7397582530975342]], [[0.7373141050338745]], [[0.730221152305603]], [[0.7263941764831543]], [[0.722712516784668]], [[0.7198196053504944]], [[0.7123223543167114]], [[0.709766149520874]], [[0.7066684365272522]], [[0.7025564312934875]], [[0.6992290019989014]], [[0.6965852379798889]], [[0.6940847635269165]], [[0.6902985572814941]], [[0.6872326731681824]], [[0.6843655109405518]], [[0.6831978559494019]], [[0.6809750199317932]], [[0.678875744342804]], [[0.6765850186347961]], [[0.6750454902648926]], [[0.6735786199569702]], [[0.1057400032877922]], [[0.06107442080974579]], [[4.8317015171051025e-05]], [[-0.01398306805640459]], [[-0.02402845211327076]], [[-0.021473893895745277]], [[-0.012803640216588974]], [[0.00031589996069669724]], [[0.028541002422571182]], [[0.04974668473005295]], [[0.07801485061645508]], [[0.10349559783935547]], [[0.14112137258052826]], [[0.17436592280864716]], [[0.20805111527442932]], [[0.2527657449245453]], [[0.2799374759197235]], [[0.3064793646335602]], [[0.33697643876075745]], [[0.37032434344291687]], [[0.3968712389469147]], [[0.4212234914302826]], [[0.4435974657535553]], [[0.45389214158058167]], [[0.4730222523212433]], [[0.4926086366176605]], [[0.5073183178901672]], [[0.5221232175827026]], [[0.53127121925354]], [[0.542250394821167]], [[0.5463941693305969]], [[0.5547126531600952]], [[0.5614593029022217]], [[0.5654305815696716]], [[0.5705091953277588]], [[0.5725102424621582]], [[0.5749638676643372]], [[0.5768252015113831]], [[0.578362226486206]], [[0.5792194604873657]], [[0.5795913338661194]], [[0.5799413323402405]], [[0.5798619985580444]], [[0.579317569732666]], [[0.5792397856712341]], [[0.5785998702049255]], [[0.5773285031318665]], [[0.5769414901733398]], [[0.5758536458015442]], [[0.5749987363815308]], [[0.5742677450180054]], [[0.573532223701477]], [[0.5723522901535034]], [[0.05844400078058243]], [[0.015720833092927933]], [[-0.0013203304260969162]], [[-0.032139360904693604]], [[-0.05515936389565468]], [[-0.06437318027019501]], [[-0.07116612792015076]], [[-0.07349377870559692]], [[-0.07342156022787094]], [[-0.07137409597635269]], [[-0.06530404090881348]], [[-0.06058259308338165]], [[-0.04709514230489731]], [[-0.0418936163187027]], [[-0.026186710223555565]], [[-0.015384489670395851]], [[-0.0015074238181114197]], [[0.026099583134055138]], [[0.04202074557542801]], [[0.05842146277427673]], [[0.07793541252613068]], [[0.08645353466272354]], [[0.10058550536632538]], [[0.1261466145515442]], [[0.14301753044128418]], [[0.1596924215555191]], [[0.1760212928056717]], [[0.19199900329113007]], [[0.20747721195220947]], [[0.22485551238059998]], [[0.2320539355278015]], [[0.2505382001399994]], [[0.2657020688056946]], 