{"vc": [[-0.053031742572784424, 0.0, 0.0], [0.0, -0.045275308191776276, 0.04532522335648537], [0.0015624191146343946, 0.30447667837142944, -0.30444827675819397], [0.05695512890815735, 0.0, 0.0], [0.0, 0.0, 0.0], [0.0, 0.0, 0.0], [0.0, 0.011061596684157848, -0.010993861593306065], [0.0, 0.0, 0.0], [0.0, 0.0, 0.0], [0.7073885798454285, 0.0, 0.0]], "true_y1": [[[0.4006600081920624]], [[38.20381546020508]], [[45.17148971557617]], [[65.59020233154297]], [[83.89385986328125]], [[100.17704772949219]], [[104.78594207763672]], [[122.29210662841797]], [[132.8639373779297]], [[144.1813507080078]], [[150.80979919433594]], [[154.53213500976562]], [[157.7349090576172]], [[160.51016235351562]], [[165.93115234375]], [[169.0298309326172]], [[171.3451690673828]], [[173.4535675048828]], [[174.68763732910156]], [[176.55307006835938]], [[177.57102966308594]], [[178.11016845703125]], [[178.71078491210938]], [[178.92495727539062]], [[179.24795532226562]], [[179.52516174316406]], [[179.63377380371094]], [[179.87109375]], [[180.06039428710938]], [[180.2114715576172]], [[180.44354248046875]], [[180.5563507080078]], [[180.7506103515625]], [[180.85919189453125]], [[181.04896545410156]], [[181.21078491210938]], [[181.3717041015625]], [[181.505615234375]], [[181.69317626953125]], [[181.90757751464844]], [[182.0148162841797]], [[1.0533000230789185]], [[16.5499267578125]], [[26.627059936523438]], [[41.28632736206055]], [[54.962982177734375]], [[63.396053314208984]], [[75.2772445678711]], [[89.0934829711914]], [[97.94284057617188]], [[108.0685806274414]], [[110.21373748779297]], [[114.31907653808594]], [[124.14663696289062]], [[125.44463348388672]], [[130.03684997558594]], [[131.94944763183594]], [[134.41958618164062]], [[137.09254455566406]], [[140.04786682128906]], [[143.77146911621094]], [[144.46258544921875]], [[145.48455810546875]], [[146.025390625]], [[146.4410400390625]], [[146.76524353027344]], [[146.98675537109375]], [[147.20953369140625]], [[147.36785888671875]], [[147.5588836669922]], [[147.70118713378906]], [[148.3509063720703]], [[148.42901611328125]], [[148.535400390625]], [[148.62466430664062]], [[148.69773864746094]], [[148.79922485351562]], [[1.104699969291687]], [[8.714299201965332]], [[20.046588897705078]], [[34.621246337890625]], [[38.0058708190918]], [[51.220191955566406]], [[57.27664566040039]], [[68.5833511352539]], [[73.61857604980469]], [[78.36312103271484]], [[86.83948516845703]], [[94.03018188476562]], [[97.1849365234375]], [[101.36798858642578]], [[103.83956146240234]], [[108.16990661621094]], [[111.69972229003906]], [[116.39671325683594]], [[117.45662689208984]], [[119.28561401367188]], [[121.10926055908203]], [[123.64917755126953]], [[124.68213653564453]], [[125.6888656616211]], [[126.07998657226562]], [[126.55745697021484]], [[127.04825592041016]], [[127.29485321044922]], [[127.54539489746094]], [[127.78793334960938]], [[127.93675231933594]], [[128.12062072753906]], [[128.2139892578125]], [[128.36427307128906]], [[128.42408752441406]], [[128.60777282714844]], [[128.7416534423828]], [[128.88255310058594]], [[128.95748901367188]], [[0.6033599972724915]], [[17.28101348876953]], [[26.90395736694336]], [[39.19524002075195]], [[44.9632453918457]], [[50.520721435546875]], [[60.8686637878418]], [[67.9236068725586]], [[74.33931732177734]], [[80.13284301757812]], [[85.33815002441406]], [[89.9814682006836]], [[92.7812728881836]], [[97.7590103149414]], [[100.96154022216797]], [[105.48763275146484]], [[110.95225524902344]], [[113.04353332519531]], [[114.80287170410156]], [[116.61823272705078]], [[118.60316467285156]], [[119.71971893310547]], [[121.13279724121094]], [[121.96470642089844]], [[122.32183074951172]], [[123.04541015625]], [[123.56616973876953]], [[124.01705169677734]], [[124.41617584228516]], [[124.7149887084961]], [[125.09477996826172]], [[125.43925476074219]], [[125.66825866699219]], [[125.97344970703125]], [[126.17865753173828]], [[126.3390884399414]], [[126.61140441894531]], [[126.8744125366211]], [[127.09473419189453]], [[127.3116226196289]], [[127.490234375]], [[127.66744232177734]], [[127.94880676269531]], [[128.15939331054688]], [[128.3692169189453]], [[0.35506001114845276]], [[13.865188598632812]], [[24.38038444519043]], [[41.601661682128906]], [[54.6688346862793]], [[64.37200927734375]], [[74.28624725341797]], [[81.23770141601562]], [[90.22462463378906]], [[93.8238525390625]], [[98.36900329589844]], [[102.52499389648438]], [[106.15393829345703]], [[107.26386260986328]], [[108.87965393066406]], [[110.24806213378906]], [[112.23705291748047]], [[113.30005645751953]], [[114.34737396240234]], [[114.874267578125]], [[115.68741607666016]], [[116.39928436279297]], [[116.67855072021484]], [[117.36460876464844]], [[117.7599105834961]], [[118.20501708984375]], [[118.62557983398438]], [[119.02429962158203]], [[119.40995025634766]], [[119.7799301147461]], [[120.02130126953125]], [[120.49609375]], [[120.78667449951172]], [[121.18714141845703]], [[121.35945129394531]], [[121.8675308227539]], [[122.14981079101562]], [[122.4290542602539]], [[122.65492248535156]], [[123.27384185791016]], [[123.49840545654297]], [[123.78172302246094]], [[124.17967224121094]], [[124.52304077148438]], [[124.81170654296875]], [[125.09945678710938]], [[125.5666732788086]], [[125.97758483886719]], [[126.39319610595703]], [[126.57234954833984]], [[126.93131256103516]], [[127.29446411132812]], [[127.72159576416016]], [[128.02935791015625]], [[128.34014892578125]], [[0.1057400032877922]], [[7.137634754180908]], [[22.59132957458496]], [[29.112197875976562]], [[38.36739730834961]], [[49.56387710571289]], [[55.738250732421875]], [[61.37871170043945]], [[69.18563842773438]], [[73.36043548583984]], [[77.74056243896484]], [[80.93244934082031]], [[84.77352142333984]], [[87.56135559082031]], [[89.97369384765625]], [[92.71276092529297]], [[94.18592834472656]], [[95.5201644897461]], [[96.95527648925781]], [[98.44001770019531]], [[99.58466339111328]], [[100.62594604492188]], [[101.5932846069336]], [[102.04747009277344]], [[102.91822814941406]], [[103.86670684814453]], [[104.63939666748047]], [[105.49909210205078]], [[106.09123992919922]], [[106.89498138427734]], [[107.2352066040039]], [[108.00825500488281]], [[108.7675552368164]], [[109.30393981933594]], [[110.15574645996094]], [[110.5755844116211]], [[111.20632934570312]], [[111.83586883544922]], [[112.57098388671875]], [[113.20171356201172]], [[113.62425231933594]], [[114.68281555175781]], [[115.21746063232422]], [[116.2913818359375]], [[116.39936828613281]], [[117.1594009399414]], [[118.37107849121094]], [[118.70442199707031]], [[119.59857940673828]], [[120.276123046875]], [[120.84783935546875]], [[121.42139434814453]], [[122.34785461425781]], [[0.05844400078058243]], [[6.435528755187988]], [[9.596226692199707]], [[16.850696563720703]], [[24.834537506103516]], [[29.610218048095703]], [[35.06889343261719]], [[38.52497863769531]], [[45.73970031738281]], [[48.70433044433594]], [[53.5111083984375]], [[56.05046081542969]], [[61.25392532348633]], [[62.81895446777344]], [[66.72135925292969]], [[68.91743469238281]], [[71.34854888916016]], [[75.30585479736328]], [[77.22244262695312]], [[78.99932098388672]], [[80.91365051269531]], [[81.69477844238281]], [[82.93134307861328]], [[85.019287109375]], [[86.31970977783203]], [[87.56309509277344]], [[88.75373840332031]], [[89.90487670898438]], [[91.0177001953125]], [[92.27778625488281]], [[92.80667877197266]], [[94.1951904296875]], [[95.38096618652344]], [[96.2190933227539]], [[97.21534729003906]], [[98.04100799560547]], [[99.02334594726562]], [[100.16861724853516]], [[101.14898681640625]], [[102.12479400634766]], [[102.94277954101562]], [[104.0888442993164]], [[105.90199279785156]], [[106.8990249633789]], [[107.8983383178711]], [[109.24215698242188]], [[109.75264739990234]], [[110.77188873291016]], [[111.8017578125]], [[113.18376159667969]], [[113.70674896240234]], [[114.93537139892578]]]}