{"vc": [[-0.06317479908466339, 0.0, 0.0], [0.0, -0.04867037385702133, 0.04856961593031883], [-0.006048666313290596, 0.30735307931900024, -0.30740949511528015], [0.021978361532092094, 0.0, 0.0], [0.0, 0.0, 0.0], [0.0, 0.0, 0.0], [0.0, 0.011523941531777382, -0.01173253171145916], [0.0, 0.0, 0.0], [0.0, 0.0, 0.0], [0.6577804088592529, 0.0, 0.0]], "true_y1": [[[0.4006600081920624]], [[35.469757080078125]], [[41.93568801879883]], [[60.892127990722656]], [[77.89961242675781]], [[93.04635620117188]], [[97.3371810913086]], [[113.653564453125]], [[123.52430725097656]], [[134.11045837402344]], [[140.32240295410156]], [[143.8155517578125]], [[146.82431030273438]], [[149.4341583251953]], [[154.54066467285156]], [[157.46575927734375]], [[159.6549072265625]], [[161.65118408203125]], [[162.82069396972656]], [[164.5884552001953]], [[165.55059814453125]], [[166.0577850341797]], [[166.6188507080078]], [[166.8174591064453]], [[167.11521911621094]], [[167.3689727783203]], [[167.46798706054688]], [[167.6836700439453]], [[167.85525512695312]], [[167.9920654296875]], [[168.2023162841797]], [[168.3046417236328]], [[168.48121643066406]], [[168.58018493652344]], [[168.75369262695312]], [[168.90225219726562]], [[169.0506134033203]], [[169.17457580566406]], [[169.34901428222656]], [[169.5496063232422]], [[169.65042114257812]], [[1.0533000230789185]], [[15.418539047241211]], [[24.760101318359375]], [[38.351768493652344]], [[51.037559509277344]], [[58.863502502441406]], [[69.89620971679688]], [[82.73936462402344]], [[90.97563171386719]], [[100.41265106201172]], [[102.41401672363281]], [[106.24656677246094]], [[115.43638610839844]], [[116.6520767211914]], [[120.9575424194336]], [[122.75302124023438]], [[125.07421875]], [[127.58932495117188]], [[130.37474060058594]], [[133.8909149169922]], [[134.54368591308594]], [[135.50738525390625]], [[136.01535034179688]], [[136.40362548828125]], [[136.70423889160156]], [[136.90792846679688]], [[137.11082458496094]], [[137.25350952148438]], [[137.42364501953125]], [[137.5487823486328]], [[138.10348510742188]], [[138.16949462890625]], [[138.25936889648438]], [[138.3348388671875]], [[138.39674377441406]], [[138.48297119140625]], [[1.104699969291687]], [[8.154922485351562]], [[18.653560638427734]], [[32.157493591308594]], [[35.29409408569336]], [[47.5440673828125]], [[53.161434173583984]], [[63.65532302856445]], [[68.33222198486328]], [[72.74165344238281]], [[80.62664794921875]], [[87.32476043701172]], [[90.26661682128906]], [[94.17095184326172]], [[96.48001098632812]], [[100.5301513671875]], [[103.83655548095703]], [[108.2448959350586]], [[109.24129486083984]], [[110.96232604980469]], [[112.68058776855469]], [[115.07760620117188]], [[116.05339813232422]], [[117.00405883789062]], [[117.37291717529297]], [[117.82233428955078]], [[118.28242492675781]], [[118.51238250732422]], [[118.74475860595703]], [[118.96807861328125]], [[119.10408782958984]], [[119.27085876464844]], [[119.35494995117188]], [[119.48942565917969]], [[119.54265594482422]], [[119.70513153076172]], [[119.82278442382812]], [[119.94615173339844]], [[120.01168823242188]], [[0.6033599972724915]], [[16.05194664001465]], [[24.966869354248047]], [[36.35765838623047]], [[41.705413818359375]], [[46.85987854003906]], [[56.46376419067383]], [[63.01740646362305]], [[68.9825439453125]], [[74.37442016601562]], [[79.2238998413086]], [[83.55455017089844]], [[86.1683120727539]], [[90.82064819335938]], [[93.81803131103516]], [[98.06098175048828]], [[103.1971435546875]], [[105.1677017211914]], [[106.82816314697266]], [[108.54454040527344]], [[110.42549896240234]], [[111.48592376708984]], [[112.83088684082031]], [[113.62448120117188]], [[113.96561431884766]], [[114.65774536132812]], [[115.15675354003906]], [[115.5895004272461]], [[115.97322082519531]], [[116.26097869873047]], [[116.6274642944336]], [[116.96076965332031]], [[117.18292999267578]], [[117.47986602783203]], [[117.68017578125]], [[117.83718872070312]], [[118.10462188720703]], [[118.36412048339844]], [[118.58250427246094]], [[118.79843139648438]], [[118.97699737548828]], [[119.15484619140625]], [[119.43868255615234]], [[119.6523208618164]], [[119.8662338256836]], [[0.35506001114845276]], [[12.864729881286621]], [[22.602886199951172]], [[38.561012268066406]], [[50.6839485168457]], [[59.69835662841797]], [[68.92411804199219]], [[75.40499114990234]], [[83.80352783203125]], [[87.1752700805664]], [[91.44181823730469]], [[95.35376739501953]], [[98.78072357177734]], [[99.83151245117188]], [[101.36394500732422]], [[102.66472625732422]], [[104.56149291992188]], [[105.57891845703125]], [[106.58456420898438]], [[107.09193420410156]], [[107.8772201538086]], [[108.5673599243164]], [[108.8388900756836]], [[109.50811004638672]], [[109.8952865600586]], [[110.33280181884766]], [[110.74787139892578]], [[111.14303588867188]], [[111.52689361572266]], [[111.89678192138672]], [[112.13899230957031]], [[112.61759948730469]], [[112.91197204589844]], [[113.31954956054688]], [[113.49559783935547]], [[114.01712036132812]], [[114.3084487915039]], [[114.5977554321289]], [[114.83257293701172]], [[115.47974395751953]], [[115.71590423583984]], [[116.0148696899414]], [[116.43670654296875]], [[116.8024673461914]], [[117.11122131347656]], [[117.4201431274414]], [[117.92415618896484]], [[118.369873046875]], [[118.82298278808594]], [[119.01901245117188]], [[119.41305541992188]], [[119.81341552734375]], [[120.28649139404297]], [[120.6288070678711]], [[120.97572326660156]], [[0.1057400032877922]], [[6.610254764556885]], [[20.90862274169922]], [[26.945552825927734]], [[35.520206451416016]], [[45.90785598754883]], [[51.645565032958984]], [[56.89473342895508]], [[64.1753158569336]], [[68.07774353027344]], [[72.18067169189453]], [[75.17720794677734]], [[78.79232025146484]], [[81.42375946044922]], [[83.70713806152344]], [[86.3086166381836]], [[87.7125015258789]], [[88.9874038696289]], [[90.36289978027344]], [[91.79132843017578]], [[92.89691925048828]], [[93.90647888183594]], [[94.84801483154297]], [[95.29142761230469]], [[96.14412689208984]], [[97.07714080810547]], [[97.84074401855469]], [[98.6943130493164]], [[99.2848129272461]], [[100.08982849121094]], [[100.43184661865234]], [[101.21179962158203]], [[101.98178100585938]], [[102.52808380126953]], [[103.39968872070312]], [[103.83112335205078]], [[104.48155212402344]], [[105.13343811035156]], [[105.89803314208984]], [[106.55693817138672]], [[106.99981689453125]], [[108.11443328857422]], [[108.68011474609375]], [[109.8217544555664]], [[109.93694305419922]], [[110.74964141845703]], [[112.0523452758789]], [[112.41222381591797]], [[113.38063049316406]], [[114.11737823486328]], [[114.7409896850586]], [[115.36834716796875]], [[116.38534545898438]], [[0.05844400078058243]], [[5.947921276092529]], [[8.867191314697266]], [[15.569108963012695]], [[22.949378967285156]], [[27.3675594329834]], [[32.42210388183594]], [[35.625404357910156]], [[42.32227325439453]], [[45.07880401611328]], [[49.55535125732422]], [[51.924407958984375]], [[56.78975296020508]], [[58.25637435913086]], [[61.9212760925293]], [[63.98933410644531]], [[66.28425598144531]], [[70.03453063964844]], [[71.85856628417969]], [[73.55491638183594]], [[75.38890075683594]], [[76.13935089111328]], [[77.3300552368164]], [[79.34879302978516]], [[80.61183166503906]], [[81.82395935058594]], [[82.98905944824219]], [[84.11981201171875]], [[85.21715545654297]], [[86.4649429321289]], [[86.9903793334961]], [[88.37471008300781]], [[89.5626449584961]], [[90.40553283691406]], [[91.41094207763672]], [[92.2470703125]], [[93.2452621459961]], [[94.41363525390625]], [[95.41769409179688]], [[96.42061614990234]], [[97.26400756835938]], [[98.44969177246094]], [[100.33485412597656]], [[101.37621307373047]], [[102.42321014404297]], [[103.83615112304688]], [[104.37435913085938]], [[105.45128631591797]], [[106.54254913330078]], [[108.01167297363281]], [[108.56900787353516]], [[109.8812026977539]]]}