{"vc": [[-0.024463335052132607, 0.0, 0.0], [0.0, -0.012849975377321243, 0.013169984333217144], [0.02771058678627014, 0.18024100363254547, -0.18007026612758636], [0.14549149572849274, 0.0, 0.0], [0.0, 0.0, 0.0], [0.0, 0.0, 0.0], [0.0, 0.005168764386326075, 0.0], [0.0, 0.0, 0.0], [0.0, 0.0, 0.0], [0.8411930203437805, 0.0, 0.0]], "true_y1": [[[0.4006600081920624]], [[46.39979934692383]], [[55.27473068237305]], [[82.68913269042969]], [[109.9493179321289]], [[137.626708984375]], [[146.291259765625]], [[184.18199157714844]], [[212.7614288330078]], [[251.68809509277344]], [[281.171875]], [[301.18792724609375]], [[321.26849365234375]], [[341.5751953125]], [[393.4225158691406]], [[435.4681396484375]], [[477.9073181152344]], [[531.2340087890625]], [[573.6192626953125]], [[667.3385009765625]], [[745.423583984375]], [[798.5106201171875]], [[866.5513305664062]], [[891.405517578125]], [[925.983642578125]], [[949.2059936523438]], [[955.9000854492188]], [[965.2138671875]], [[968.1046142578125]], [[968.9418334960938]], [[972.0777587890625]], [[976.5454711914062]], [[992.5277709960938]], [[1007.4592895507812]], [[1045.871826171875]], [[1091.462646484375]], [[1147.2861328125]], [[1199.635986328125]], [[1276.900390625]], [[1361.16015625]], [[1398.039306640625]], [[1.0533000230789185]], [[19.705951690673828]], [[32.0942268371582]], [[50.823020935058594]], [[69.4954833984375]], [[81.85469055175781]], [[100.82174682617188]], [[126.21747589111328]], [[145.3376922607422]], [[171.5323944091797]], [[177.90895080566406]], [[191.19778442382812]], [[231.43931579589844]], [[238.05982971191406]], [[265.39361572265625]], [[279.1891174316406]], [[300.0689392089844]], [[328.28204345703125]], [[370.8577575683594]], [[463.3856201171875]], [[491.1903381347656]], [[545.3470458984375]], [[583.4267578125]], [[618.800048828125]], [[650.4152221679688]], [[673.6475830078125]], [[697.3226318359375]], [[713.3067016601562]], [[729.9401245117188]], [[739.1723022460938]], [[757.682373046875]], [[766.7273559570312]], [[786.7289428710938]], [[811.5580444335938]], [[837.67041015625]], [[882.0099487304688]], [[1.104699969291687]], [[10.244462966918945]], [[24.062400817871094]], [[42.58074188232422]], [[47.064903259277344]], [[65.55140686035156]], [[74.70770263671875]], [[93.46028137207031]], [[102.73468017578125]], [[112.16352844238281]], [[131.21337890625]], [[150.52532958984375]], [[160.30181884765625]], [[174.95611572265625]], [[184.77761840820312]], [[204.85400390625]], [[225.06712341308594]], [[261.0007629394531]], [[271.3553161621094]], [[292.2580871582031]], [[318.5570983886719]], [[371.30682373046875]], [[402.52667236328125]], [[442.9365234375]], [[462.51080322265625]], [[490.3377990722656]], [[524.2156982421875]], [[543.2452392578125]], [[563.4954833984375]], [[582.9877319335938]], [[594.1251831054688]], [[605.938720703125]], [[610.71826171875]], [[616.2221069335938]], [[617.6209106445312]], [[619.6361694335938]], [[620.5487670898438]], [[624.2830200195312]], [[628.9202270507812]], [[0.6033599972724915]], [[20.771005630493164]], [[32.78946304321289]], [[48.937137603759766]], [[56.96171951293945]], [[65.05475616455078]], [[81.36607360839844]], [[93.73234558105469]], [[106.18720245361328]], [[118.75257110595703]], [[131.4628448486328]], [[144.311767578125]], [[152.94790649414062]], [[170.49887084960938]], [[183.76657104492188]], [[206.36257934570312]], [[243.39964294433594]], [[262.28350830078125]], [[281.38983154296875]], [[305.4863586425781]], [[339.4183044433594]], [[363.63775634765625]], [[402.099853515625]], [[430.1894836425781]], [[443.74462890625]], [[474.17584228515625]], [[498.3975524902344]], [[520.4606323242188]], [[540.123291015625]], [[554.3148803710938]], [[570.7191162109375]], [[582.9813842773438]], [[589.29052734375]], [[595.11181640625]], [[597.4126586914062]], [[598.4564819335938]], [[599.2890014648438]], [[600.0953979492188]], [[601.9600830078125]], [[605.9777221679688]], [[611.656005859375]], [[619.9639282226562]], [[639.5845336914062]], [[659.8433837890625]], [[684.6773681640625]], [[0.35506001114845276]], [[16.666303634643555]], [[29.745668411254883]], [[52.791778564453125]], [[72.6960678100586]], [[89.77275085449219]], [[110.48187255859375]], [[128.0680389404297]], [[157.11312866210938]], [[171.9207305908203]], [[194.83493041992188]], [[222.16500854492188]], [[254.37188720703125]], [[266.58709716796875]], [[287.15692138671875]], [[307.88128662109375]], [[345.3627624511719]], [[370.0343933105469]], [[398.1679992675781]], [[413.8316345214844]], [[439.83203125]], [[463.9009704589844]], [[473.46368408203125]], [[496.47601318359375]], [[508.89013671875]], [[521.5222778320312]], [[531.653564453125]], [[539.2713012695312]], [[544.6220092773438]], [[547.9293212890625]], [[549.2409057617188]], [[550.4627685546875]], [[550.845947265625]], [[551.8782348632812]], [[552.791259765625]], [[558.4402465820312]], [[564.2025756835938]], [[572.2234497070312]], [[580.5844116210938]], [[612.5800170898438]], [[627.3822021484375]], [[648.1687622070312]], [[680.4805908203125]], [[710.086669921875]], [[735.1966552734375]], [[759.546875]], [[795.5994873046875]], [[821.7999877929688]], [[841.7351684570312]], [[848.181396484375]], [[857.3753662109375]], [[862.2760620117188]], [[864.0556640625]], [[864.0684814453125]], [[864.2843627929688]], [[0.1057400032877922]], [[8.575337409973145]], [[27.754344940185547]], [[36.33330535888672]], [[49.362884521484375]], [[67.18412780761719]], [[78.4719467163086]], [[90.10806274414062]], [[109.23312377929688]], [[121.5312271118164]], [[136.69439697265625]], [[149.72625732421875]], [[168.49581909179688]], [[185.00863647460938]], [[201.96823120117188]], [[225.23666381835938]], [[239.99789428710938]], [[255.01268005371094]], [[273.15545654296875]], [[294.3291015625]], [[312.3935852050781]], [[330.0860290527344]], [[347.434326171875]], [[355.80670166015625]], [[372.07196044921875]], [[389.72247314453125]], [[403.6297302246094]], [[418.090087890625]], [[427.14508056640625]], [[437.9034423828125]], [[441.8480224609375]], [[449.33514404296875]], [[454.6452941894531]], [[457.22906494140625]], [[459.6407775878906]], [[460.2454528808594]], [[460.7397766113281]], [[461.134521484375]], [[462.1317138671875]], [[464.0396728515625]], [[466.12872314453125]], [[475.19732666015625]], [[482.2607421875]], [[502.0789794921875]], [[504.4921569824219]], [[523.5335083007812]], [[560.2063598632812]], [[571.2717895507812]], [[601.8861083984375]], [[625.0005493164062]], [[643.690673828125]], [[661.1361083984375]], [[685.4411010742188]], [[0.05844400078058243]], [[7.766488075256348]], [[11.62527084350586]], [[20.680681228637695]], [[31.174135208129883]], [[37.850955963134766]], [[45.994537353515625]], [[51.510032653808594]], [[64.22400665283203]], [[70.05149841308594]], [[80.4906005859375]], [[86.6133804321289]], [[100.87265014648438]], [[105.71421813964844]], [[119.20975494384766]], [[127.87838745117188]], [[138.58349609375]], [[159.08551025390625]], [[170.67630004882812]], [[182.5580291748047]], [[196.70443725585938]], [[202.90084838867188]], [[213.2261199951172]], [[232.08230590820312]], [[244.66921997070312]], [[257.2155456542969]], [[269.58343505859375]], [[281.7285461425781]], [[293.48333740234375]], [[306.5769348144531]], [[311.9365234375]], [[325.4029541015625]], [[335.9626159667969]], [[342.7611389160156]], [[350.0089416503906]], [[355.2640380859375]], [[360.57635498046875]], [[365.4584045410156]], [[368.5508117675781]], [[370.7195739746094]], [[371.9335632324219]], [[372.9166564941406]], [[373.57049560546875]], [[373.97137451171875]], [[374.78033447265625]], [[377.0329284667969]], [[378.3655700683594]], [[381.9991760253906]], [[387.1734619140625]], [[396.773193359375]], [[401.23919677734375]], [[413.5305480957031]]]}