{"vc": [[-0.11119060963392258, -0.1578698605298996, 0.15791426599025726], [-0.20608218014240265, -2.40594482421875, 2.405827760696411], [-0.039351288229227066, -0.0228012353181839, 0.02270933799445629], [-0.06110991910099983, -0.16284862160682678, 0.1630622297525406], [-0.07567411661148071, -0.003348452737554908, 0.003313765162602067], [-0.06652773171663284, 0.03672559931874275, -0.036813925951719284], [-0.20191890001296997, 0.5647732019424438, -0.5648407936096191], [0.0023302414920181036, 0.0021058470010757446, -0.002231880323961377], [0.064878910779953, 0.05773786082863808, -0.05765124037861824], [-0.0071964808739721775, 0.04495556652545929, -0.044738247990608215]], "true_y1": [[[0.4006600081920624]], [[0.08809337019920349]], [[0.08410947024822235]], [[0.13899308443069458]], [[0.2611326575279236]], [[0.4239917993545532]], [[0.4795795977115631]], [[0.7320860624313354]], [[0.9193635582923889]], [[1.1518645286560059]], [[1.3029829263687134]], [[1.391526699066162]], [[1.4685893058776855]], [[1.5346662998199463]], [[1.6528030633926392]], [[1.7022737264633179]], [[1.7187130451202393]], [[1.7034320831298828]], [[1.6707082986831665]], [[1.5579030513763428]], [[1.44016432762146]], [[1.3521387577056885]], [[1.2278358936309814]], [[1.1768900156021118]], [[1.0947145223617554]], [[1.021103024482727]], [[0.9920622110366821]], [[0.9293113946914673]], [[0.8808116912841797]], [[0.843575656414032]], [[0.7894527912139893]], [[0.764606773853302]], [[0.7241107225418091]], [[0.7027174830436707]], [[0.667372465133667]], [[0.6391645073890686]], [[0.6127350926399231]], [[0.5918736457824707]], [[0.5642231106758118]], [[0.5346210598945618]], [[0.5205325484275818]], [[1.0533000230789185]], [[0.7790644764900208]], [[0.6959977746009827]], [[0.6642153859138489]], [[0.7032512426376343]], [[0.7525201439857483]], [[0.8483421206474304]], [[0.9917582869529724]], [[1.098012089729309]], [[1.2290194034576416]], [[1.257464051246643]], [[1.3118594884872437]], [[1.4349470138549805]], [[1.449373722076416]], [[1.493140697479248]], [[1.506465196609497]], [[1.517002820968628]], [[1.5158110857009888]], [[1.4889518022537231]], [[1.3718215227127075]], [[1.3300368785858154]], [[1.2446738481521606]], [[1.1828422546386719]], [[1.1240108013153076]], [[1.0694119930267334]], [[1.026948094367981]], [[0.9796470403671265]], [[0.9432181715965271]], [[0.89643394947052]], [[0.8599890470504761]], [[0.6913866400718689]], [[0.6737515926361084]], [[0.650454044342041]], [[0.6316419243812561]], [[0.6167775988578796]], [[0.5969592928886414]], [[1.104699969291687]], [[0.9228311777114868]], [[0.76520174741745]], [[0.6940171718597412]], [[0.6925962567329407]], [[0.7271681427955627]], [[0.7604527473449707]], [[0.8452323079109192]], [[0.8907901048660278]], [[0.9372699856758118]], [[1.0269155502319336]], [[1.1067324876785278]], [[1.1417486667633057]], [[1.1869374513626099]], [[1.2123064994812012]], [[1.252378225326538]], [[1.2781134843826294]], [[1.2941268682479858]], [[1.293089509010315]], [[1.2850208282470703]], [[1.265945553779602]], [[1.2085343599319458]], [[1.1679636240005493]], [[1.1118806600570679]], [[1.0838615894317627]], [[1.043251395225525]], [[0.9922019243240356]], [[0.9621945023536682]], [[0.9282607436180115]], [[0.8918793201446533]], [[0.867838978767395]], [[0.8364816308021545]], [[0.819964587688446]], [[0.792766809463501]], [[0.781804621219635]], [[0.7480665445327759]], [[0.7238103747367859]], [[0.6990255117416382]], [[0.686273455619812]], [[0.6033599972724915]], [[0.3382855951786041]], [[0.277861624956131]], [[0.26487189531326294]], [[0.27819544076919556]], [[0.30095374584198]], [[0.3664741516113281]], [[0.4269220232963562]], [[0.4923253059387207]], [[0.5596397519111633]], [[0.6266027688980103]], [[0.6912918090820312]], [[0.7324056625366211]], [[0.8088833093643188]], [[0.8597884178161621]], [[0.9322834610939026]], [[1.0144670009613037]], [[1.0410710573196411]], [[1.0591987371444702]], [[1.071507453918457]], [[1.073190689086914]], [[1.0659728050231934]], [[1.0442819595336914]], [[1.0227128267288208]], [[1.010973334312439]], [[0.9819434285163879]], [[0.956346869468689]], [[0.9309022426605225]], [[0.9059592485427856]], [[0.8859772086143494]], [[0.8593149185180664]], [[0.834357500076294]], [[0.817619800567627]], [[0.7954509854316711]], [[0.7808018326759338]], [[0.7695713043212891]], [[0.7510815262794495]], [[0.7340403199195862]], [[0.7204592227935791]], [[0.7077460289001465]], [[0.6977762579917908]], [[0.688331663608551]], [[0.674234926700592]], [[0.6643831729888916]], [[0.6551347374916077]], [[0.35506001114845276]], [[0.1371905505657196]], [[0.060517244040966034]], [[0.04570084810256958]], [[0.10096059739589691]], [[0.17351311445236206]], [[0.2751409411430359]], [[0.36398595571517944]], [[0.502223014831543]], [[0.5652034878730774]], [[0.6503363251686096]], [[0.7315951585769653]], [[0.8008768558502197]], [[0.8205152750015259]], [[0.8464351296424866]], [[0.8646286129951477]], [[0.8812421560287476]], [[0.8832032680511475]], [[0.8787420392036438]], [[0.8736882209777832]], [[0.8617998361587524]], [[0.8471842408180237]], [[0.8404017090797424]], [[0.8214441537857056]], [[0.8092430233955383]], [[0.7946459054946899]], [[0.7802735567092896]], [[0.7663736939430237]], [[0.7528924345970154]], [[0.7401025891304016]], [[0.7319061160087585]], [[0.716269314289093]], [[0.7070877552032471]], [[0.6949875354766846]], [[0.6899908781051636]], [[0.676018238067627]], [[0.6687503457069397]], [[0.661904513835907]], [[0.6566121578216553]], [[0.6431854367256165]], [[0.6386843919754028]], [[0.6332701444625854]], [[0.626136839389801]], [[0.6203964352607727]], [[0.6158477663993835]], [[0.6115500330924988]], [[0.6050388813018799]], [[0.5997521877288818]], [[0.5947864055633545]], [[0.5927557945251465]], [[0.5888734459877014]], [[0.585182785987854]], [[0.5811232328414917]], [[0.5783727169036865]], [[0.575732946395874]], [[0.1057400032877922]], [[-0.025402002036571503]], [[-0.17335164546966553]], [[-0.1978282630443573]], [[-0.20507997274398804]], [[-0.17778503894805908]], [[-0.14699792861938477]], [[-0.10866785049438477]], [[-0.03755251318216324]], [[0.010494738817214966]], [[0.06982195377349854]], [[0.11961744725704193]], [[0.18777891993522644]], [[0.24325573444366455]], [[0.2952740788459778]], [[0.35812506079673767]], [[0.39295583963394165]], [[0.4245472848415375]], [[0.4578646421432495]], [[0.4905773103237152]], [[0.5137411952018738]], [[0.532624363899231]], [[0.5478371381759644]], [[0.5540990829467773]], [[0.5643894672393799]], [[0.5729069709777832]], [[0.577741801738739]], [[0.5809726715087891]], [[0.5819692015647888]], [[0.5818828344345093]], [[0.5814001560211182]], [[0.5794567465782166]], [[0.5765946507453918]], [[0.5741264224052429]], [[0.5696476101875305]], [[0.5672566294670105]], [[0.5635149478912354]], [[0.5596715211868286]], [[0.5551332831382751]], [[0.5512562990188599]], [[0.5486894845962524]], [[0.5424322485923767]], [[0.5393912196159363]], [[0.5335660576820374]], [[0.5330024361610413]], [[0.5291537642478943]], [[0.5234470963478088]], [[0.5219687223434448]], [[0.5181922912597656]], [[0.515508234500885]], [[0.5133572220802307]], [[0.5112996101379395]], [[0.5081771612167358]], [[0.05844400078058243]], [[-0.07818063348531723]], [[-0.12804816663265228]], [[-0.21018119156360626]], [[-0.2624920606613159]], [[-0.27974748611450195]], [[-0.2891955077648163]], [[-0.2902030050754547]], [[-0.2810317873954773]], [[-0.2730097770690918]], [[-0.25464993715286255]], [[-0.24215227365493774]], [[-0.20991024374961853]], [[-0.19830887019634247]], [[-0.16506707668304443]], [[-0.14340096712112427]], [[-0.11668255180120468]], [[-0.06655742228031158]], [[-0.03921150043606758]], [[-0.012106215581297874]], [[0.018828608095645905]], [[0.0319029837846756]], [[0.05303647741675377]], [[0.08953948318958282]], [[0.11244389414787292]], [[0.13416670262813568]], [[0.15456192195415497]], [[0.17367945611476898]], [[0.19140496850013733]], [[0.21036657691001892]], [[0.2179265022277832]], [[0.2365356832742691]], [[0.2509205639362335]], [[0.26022008061408997]], 