{"vc": [[-0.05968867614865303, 0.0, 0.0], [0.0, -1.8748114109039307, 1.8752954006195068], [-0.010338127613067627, 0.09722697734832764, -0.0972653403878212], [-0.1399308145046234, 0.0, 0.0], [0.0, 0.0, 0.0], [0.0, 0.0, 0.0], [0.0, 0.7155119180679321, -0.7158327102661133], [0.0, 0.0, 0.0], [0.0, 0.0, 0.0], [0.022934144362807274, 0.0, 0.0]], "true_y1": [[[0.4006600081920624]], [[1.1888511180877686]], [[1.3217923641204834]], [[1.683524250984192]], [[1.9680371284484863]], [[2.1852328777313232]], [[2.2399611473083496]], [[2.4173874855041504]], [[2.497804880142212]], [[2.5556535720825195]], [[2.5718111991882324]], [[2.5732340812683105]], [[2.5688235759735107]], [[2.5597288608551025]], [[2.521984338760376]], [[2.48185396194458]], [[2.4365882873535156]], [[2.3759148120880127]], [[2.3258893489837646]], [[2.2111318111419678]], [[2.109522581100464]], [[2.0344772338867188]], [[1.9233990907669067]], [[1.874669075012207]], [[1.7905131578445435]], [[1.7076609134674072]], [[1.6726059913635254]], [[1.5914547443389893]], [[1.5229239463806152]], [[1.4663751125335693]], [[1.3773332834243774]], [[1.3334932327270508]], [[1.2577359676361084]], [[1.2154723405838013]], [[1.1421571969985962]], [[1.080527663230896]], [[1.0203533172607422]], [[0.9713055491447449]], [[0.9044436812400818]], [[0.831051230430603]], [[0.7957092523574829]], [[1.0533000230789185]], [[1.3384835720062256]], [[1.501291275024414]], [[1.7064127922058105]], [[1.8644375801086426]], [[1.9460856914520264]], [[2.040773391723633]], [[2.1203348636627197]], [[2.152911424636841]], [[2.1701154708862305]], [[2.170602798461914]], [[2.167956590652466]], [[2.137730598449707]], [[2.130462169647217]], [[2.0959832668304443]], [[2.076509952545166]], [[2.0452256202697754]], [[2.0005996227264404]], [[1.9303882122039795]], [[1.7730283737182617]], [[1.7247873544692993]], [[1.6284743547439575]], [[1.5574404001235962]], [[1.4870352745056152]], [[1.4180129766464233]], [[1.361141324043274]], [[1.2937527894973755]], [[1.2384341955184937]], [[1.162292718887329]], [[1.0984450578689575]], [[0.7430999279022217]], [[0.6984683871269226]], [[0.6384763121604919]], [[0.5894997119903564]], [[0.5507617592811584]], [[0.4996267855167389]], [[1.104699969291687]], [[1.2319600582122803]], [[1.3973841667175293]], [[1.5693821907043457]], [[1.603018879890442]], [[1.7124687433242798]], [[1.7512249946594238]], [[1.804505467414856]], [[1.8200671672821045]], [[1.8299028873443604]], [[1.8348673582077026]], [[1.8245192766189575]], [[1.8149189949035645]], [[1.7963967323303223]], [[1.7817728519439697]], [[1.7478010654449463]], [[1.7096960544586182]], [[1.6364185810089111]], [[1.614540457725525]], [[1.5698117017745972]], [[1.5129036903381348]], [[1.39774489402771]], [[1.3288902044296265]], [[1.2380343675613403]], [[1.1927696466445923]], [[1.1260672807693481]], [[1.0387769937515259]], [[0.9848918318748474]], [[0.9210343360900879]], [[0.848466694355011]], [[0.7978311777114868]], [[0.7281901240348816]], [[0.6897501349449158]], [[0.623682975769043]], [[0.5960685014724731]], [[0.5076813697814941]], [[0.441424697637558]], [[0.3724488317966461]], [[0.33705151081085205]], [[0.6033599972724915]], [[0.858302116394043]], [[0.9861685037612915]], [[1.12797212600708]], [[1.185935616493225]], [[1.23643958568573]], [[1.315958857536316]], [[1.3587042093276978]], [[1.3887802362442017]], [[1.4079768657684326]], [[1.417928695678711]], [[1.4200570583343506]], [[1.4177720546722412]], [[1.4057382345199585]], [[1.3914088010787964]], [[1.359458327293396]], [[1.2937747240066528]], [[1.2564218044281006]], [[1.2170135974884033]], [[1.1657394170761108]], [[1.0915749073028564]], [[1.0375899076461792]], [[0.9500458836555481]], [[0.8842267394065857]], [[0.8516572117805481]], [[0.775771975517273]], [[0.7113665342330933]], [[0.6477970480918884]], [[0.5848466753959656]], [[0.5334385633468628]], [[0.46291276812553406]], [[0.39442214369773865]], [[0.3469786047935486]], [[0.28221622109413147]], [[0.23828569054603577]], [[0.20409385859966278]], [[0.14718806743621826]], [[0.09479670226573944]], [[0.053961265832185745]], [[0.017490636557340622]], [[0.0010000000474974513]], [[0.0010000000474974513]], [[0.0010000000474974513]], [[0.0010000000474974513]], [[0.0010000000474974513]], [[0.35506001114845276]], [[0.5444685816764832]], [[0.6775398254394531]], [[0.8641679286956787]], [[0.9760990142822266]], [[1.0397534370422363]], [[1.0840449333190918]], [[1.0994319915771484]], [[1.0929502248764038]], [[1.0787572860717773]], [[1.0469956398010254]], [[0.9984978437423706]], [[0.9322800636291504]], [[0.9055023789405823]], [[0.8589696288108826]], [[0.8106486797332764]], [[0.7203015089035034]], [[0.6587825417518616]], [[0.586174488067627]], [[0.5442636609077454]], [[0.4714032709598541]], [[0.398627907037735]], [[0.3676535487174988]], [[0.28571367263793945]], [[0.23487460613250732]], [[0.17479273676872253]], [[0.11572979390621185]], [[0.058266401290893555]], [[0.0020063817501068115]], [[0.0010000000474974513]], [[0.0010000000474974513]], [[0.0010000000474974513]], [[0.0010000000474974513]], [[0.0010000000474974513]], [[0.0010000000474974513]], [[0.0010000000474974513]], [[0.0010000000474974513]], [[0.0010000000474974513]], [[0.0010000000474974513]], [[0.0010000000474974513]], [[0.0010000000474974513]], [[0.0010000000474974513]], [[0.0010000000474974513]], [[0.0010000000474974513]], [[0.0010000000474974513]], [[0.0010000000474974513]], [[0.14794418215751648]], [[0.2924123704433441]], [[0.4396040439605713]], [[0.5011941194534302]], [[0.6179509162902832]], [[0.7238582372665405]], [[0.8293784856796265]], [[0.8917927742004395]], [[0.9433706998825073]], [[0.1057400032877922]], [[0.17697766423225403]], [[0.3239312767982483]], [[0.3807438313961029]], [[0.4545113444328308]], [[0.530116081237793]], [[0.5635605454444885]], [[0.5874862670898438]], [[0.6069226264953613]], [[0.6086642742156982]], [[0.601678729057312]], [[0.5892199277877808]], [[0.5632462501525879]], [[0.5344685912132263]], [[0.500643253326416]], [[0.449065625667572]], [[0.41398370265960693]], [[0.37678420543670654]], [[0.3300456702709198]], [[0.27316978573799133]], [[0.22258546948432922]], [[0.17093980312347412]], [[0.11783085018396378]], [[0.09112922102212906]], [[0.03673441335558891]], [[0.0010000000474974513]], [[0.0010000000474974513]], [[0.0010000000474974513]], [[0.0010000000474974513]], [[0.0010000000474974513]], [[0.0010000000474974513]], [[0.0010000000474974513]], [[0.0010000000474974513]], [[0.0010000000474974513]], [[0.0010000000474974513]], [[0.0010000000474974513]], [[0.0010000000474974513]], [[0.0010000000474974513]], [[0.0010000000474974513]], [[0.0010000000474974513]], [[0.0010000000474974513]], [[0.0010000000474974513]], [[0.0010000000474974513]], [[0.0010000000474974513]], [[0.0010000000474974513]], [[0.0010000000474974513]], [[0.0010000000474974513]], [[0.0010000000474974513]], [[0.0010000000474974513]], [[0.0010000000474974513]], [[0.0010000000474974513]], [[0.0010000000474974513]], [[0.0010000000474974513]], [[0.05844400078058243]], [[0.08080334216356277]], [[0.09138858318328857]], [[0.11424090713262558]], [[0.13664618134498596]], [[0.14838282763957977]], [[0.15994150936603546]], [[0.16605345904827118]], [[0.17506316304206848]], [[0.1769668310880661]], [[0.1772170215845108]], [[0.17564938962459564]], [[0.16777315735816956]], [[0.1639266014099121]], [[0.15061332285404205]], [[0.14035938680171967]], [[0.1262129545211792]], [[0.09560510516166687]], [[0.07677967846393585]], [[0.05664700269699097]], [[0.03182613104581833]], [[0.020719515159726143]], [[0.0019502360373735428]], [[0.0010000000474974513]], [[0.0010000000474974513]], [[0.0010000000474974513]], [[0.0010000000474974513]], [[0.0010000000474974513]], [[0.0010000000474974513]], [[0.0010000000474974513]], [[0.0010000000474974513]], [[0.0010000000474974513]], [[0.0010000000474974513]], [[0.0010000000474974513]], [[0.0010000000474974513]], [[0.0010000000474974513]], [[0.0010000000474974513]], [[0.0010000000474974513]], [[0.0010000000474974513]], [[0.0010000000474974513]], 