{"vc": [[-0.2569664716720581, -0.1488814353942871, 0.1489252895116806], [-0.3270476758480072, -2.435926675796509, 2.435847282409668], [-0.08355049043893814, -0.008059337735176086, 0.008115684613585472], [-0.1413324773311615, -0.2513963580131531, 0.2512614130973816], [-0.12706826627254486, -0.031371477991342545, 0.03132209926843643], [-0.11564198136329651, 0.07786857336759567, -0.07787323743104935], [-0.2320036143064499, 0.41281986236572266, -0.4129936993122101], [-0.0003531260590534657, -0.0015990841202437878, 0.0016579291550442576], [0.11844881623983383, 0.06783466786146164, -0.06787833571434021], [-0.009581295773386955, 0.05472651869058609, -0.05487694963812828]], "true_y1": [[[0.4006600081920624]], [[0.04668805003166199]], [[0.0696677714586258]], [[0.24008214473724365]], [[0.4975464344024658]], [[0.7935225963592529]], [[0.8871190547943115]], [[1.273881435394287]], [[1.5217355489730835]], [[1.7789956331253052]], [[1.9100342988967896]], [[1.9696534872055054]], [[2.0079734325408936]], [[2.0273005962371826]], [[2.0055809020996094]], [[1.934757947921753]], [[1.8337478637695312]], [[1.684129238128662]], [[1.5576674938201904]], [[1.2774286270141602]], [[1.057008981704712]], [[0.9136360883712769]], [[0.7309398651123047]], [[0.6613199710845947]], [[0.554446816444397]], [[0.4639763832092285]], [[0.4296059012413025]], [[0.3578936755657196]], [[0.3049311637878418]], [[0.2658018171787262]], [[0.21146957576274872]], [[0.18760979175567627]], [[0.1502988338470459]], [[0.1314278244972229]], [[0.10161181539297104]], [[0.07910914719104767]], [[0.05913102254271507]], [[0.04415351524949074]], [[0.025424065068364143]], [[0.006844747811555862]], [[-0.001447918824851513]], [[1.0533000230789185]], [[0.7443515062332153]], [[0.6841382384300232]], [[0.721750795841217]], [[0.8466163873672485]], [[0.9528638124465942]], [[1.1276662349700928]], [[1.3502147197723389]], [[1.4921008348464966]], [[1.639072060585022]], [[1.6662095785140991]], [[1.7121915817260742]], [[1.773120641708374]], [[1.773611307144165]], [[1.7533032894134521]], [[1.7318536043167114]], [[1.688663363456726]], [[1.615577220916748]], [[1.4872138500213623]], [[1.1898164749145508]], [[1.1066666841506958]], [[0.951745331287384]], [[0.8482717275619507]], [[0.7547611594200134]], [[0.6714539527893066]], [[0.6086260676383972]], [[0.5404184460639954]], [[0.4890535771846771]], [[0.42447221279144287]], [[0.375205397605896]], [[0.15699608623981476]], [[0.13707974553108215]], [[0.11065590381622314]], [[0.08946056663990021]], [[0.07290659844875336]], [[0.05120375007390976]], [[1.104699969291687]], [[0.8888986706733704]], [[0.7327808737754822]], [[0.7163001894950867]], [[0.7324953675270081]], [[0.8444339632987976]], [[0.9147672653198242]], [[1.0650838613510132]], [[1.1362158060073853]], [[1.2034910917282104]], [[1.3189958333969116]], [[1.4046075344085693]], [[1.435808539390564]], [[1.4682778120040894]], [[1.4812382459640503]], [[1.4887245893478394]], [[1.4751906394958496]], [[1.4147961139678955]], [[1.3916507959365845]], [[1.3399467468261719]], [[1.268963098526001]], [[1.1197924613952637]], [[1.0330262184143066]], [[0.9243228435516357]], [[0.8732118606567383]], [[0.8017750382423401]], [[0.7152584195137024]], [[0.6656551361083984]], [[0.6103612184524536]], [[0.5517481565475464]], [[0.5132647156715393]], [[0.46321597695350647]], [[0.436871200799942]], [[0.39343830943107605]], [[0.3758949041366577]], [[0.3216688930988312]], [[0.28238511085510254]], [[0.24189308285713196]], [[0.22089329361915588]], [[0.6033599972724915]], [[0.2626185417175293]], [[0.21079207956790924]], [[0.24007369577884674]], [[0.2812406122684479]], [[0.3341051936149597]], [[0.4610424339771271]], [[0.5648037195205688]], [[0.6685153841972351]], [[0.7677780985832214]], [[0.8596110343933105]], [[0.941789448261261]], [[0.9905166625976562]], [[1.0731316804885864]], [[1.1214343309402466]], [[1.1782007217407227]], [[1.2144347429275513]], [[1.2126621007919312]], [[1.2007468938827515]], [[1.1749376058578491]], [[1.1249176263809204]], [[1.0832037925720215]], [[1.0112988948822021]], [[0.956443727016449]], [[0.9295149445533752]], [[0.8680077791213989]], [[0.8176564574241638]], [[0.7698866724967957]], [[0.724547266960144]], [[0.6889515519142151]], [[0.6420896053314209]], [[0.598555326461792]], [[0.5693835616111755]], [[0.5306017398834229]], [[0.5047925114631653]], [[0.4848610758781433]], [[0.45168405771255493]], [[0.420596718788147]], [[0.3953826427459717]], [[0.3713551163673401]], [[0.35217905044555664]], [[0.3337049186229706]], [[0.3054914176464081]], [[0.28525257110595703]], [[0.26580432057380676]], [[0.35506001114845276]], [[0.0393243134021759]], [[-0.05108467489480972]], [[-0.023387715220451355]], [[0.0953134149312973]], [[0.2245398908853531]], [[0.386821985244751]], [[0.5157951712608337]], [[0.6944984793663025]], [[0.7665969729423523]], [[0.8532233238220215]], [[0.9212825894355774]], [[0.962182343006134]], [[0.9690487384796143]], [[0.9722214937210083]], [[0.966876208782196]], [[0.9415432214736938]], [[0.9172841310501099]], [[0.8845118880271912]], [[0.8643988966941833]], [[0.8283926248550415]], [[0.792036235332489]], [[0.7766279578208923]], [[0.7363823056221008]], [[0.7119321227073669]], [[0.6836180090904236]], [[0.6564019322395325]], [[0.6304613351821899]], [[0.6054801940917969]], [[0.5818058252334595]], [[0.5665910840034485]], [[0.5373449921607971]], [[0.5199668407440186]], [[0.49673569202423096]], [[0.4870091676712036]], [[0.45929497480392456]], [[0.4445249140262604]], [[0.4303484857082367]], [[0.41919147968292236]], [[0.389980286359787]], [[0.3798534572124481]], [[0.3674139380455017]], [[0.3505438268184662]], [[0.3365187346935272]], [[0.3250841498374939]], [[0.3139900267124176]], [[0.29657769203186035]], [[0.2818298041820526]], [[0.26740309596061707]], [[0.26132509112358093]], [[0.2493843138217926]], [[0.23760466277599335]], [[0.22410298883914948]], [[0.21459148824214935]], [[0.20515520870685577]], [[0.1057400032877922]], [[-0.11805599182844162]], [[-0.3490234315395355]], [[-0.3787323534488678]], [[-0.3738308250904083]], [[-0.30904531478881836]], [[-0.24932676553726196]], [[-0.1803993433713913]], [[-0.06191108375787735]], [[0.012835025787353516]], [[0.09997401386499405]], [[0.16893820464611053]], [[0.2572803497314453]], [[0.32397720217704773]], [[0.3821293115615845]], [[0.4463512599468231]], [[0.47883644700050354]], [[0.5061429142951965]], [[0.532392680644989]], [[0.5550721287727356]], [[0.5687223672866821]], [[0.5777887105941772]], [[0.5831036567687988]], [[0.5845299959182739]], [[0.5853428244590759]], [[0.5834310054779053]], [[0.5798603296279907]], [[0.5739896893501282]], [[0.5689361691474915]], [[0.5609806180000305]], [[0.5572956800460815]], [[0.5483688116073608]], [[0.539039671421051]], [[0.5322272181510925]], [[0.5212011337280273]], [[0.515729546546936]], [[0.5075228214263916]], [[0.49939972162246704]], [[0.4900610148906708]], [[0.4822136461734772]], [[0.47705522179603577]], [[0.4645143747329712]], [[0.4584009349346161]], [[0.4465790092945099]], [[0.44542431831359863]], [[0.4374710023403168]], [[0.42540448904037476]], [[0.4222131371498108]], [[0.4139130711555481]], [[0.40786677598953247]], [[0.4029201567173004]], [[0.39809450507164]], [[0.39057469367980957]], [[0.05844400078058243]], [[-0.1896618902683258]], [[-0.2773979902267456]], [[-0.41621196269989014]], [[-0.496614009141922]], [[-0.5185562968254089]], [[-0.5248451828956604]], [[-0.5198870897293091]], [[-0.48983249068260193]], [[-0.4702982008457184]], [[-0.43003520369529724]], [[-0.404483824968338]], [[-0.3427160084247589]], [[-0.3216211199760437]], [[-0.2638666331768036]], [[-0.2281452715396881]], [[-0.18599024415016174]], [[-0.11212710291147232]], [[-0.07452023774385452]], [[-0.03902347385883331]], [[-0.0005997754633426666]], [[0.01498844102025032]], [[0.03938440978527069]], [[0.07923773676156998]], [[0.10279704630374908]], [[0.12412351369857788]], [[0.14325019717216492]], [[0.16038984060287476]], [[0.17559406161308289]], [[0.19111335277557373]], [[0.19708135724067688]], [[0.2112184762954712]], 