{"vc": [[-0.02524174004793167, 0.0, 0.0], [0.0, -0.023327743634581566, 0.023747175931930542], [0.027148166671395302, 0.1850438117980957, -0.1850711703300476], [0.14101865887641907, 0.0, 0.0], [0.0, 0.0, 0.0], [0.0, 0.0, 0.0], [0.0, 0.010407756082713604, -0.010715369135141373], [0.0, 0.0, 0.0], [0.0, 0.0, 0.0], [0.8334820866584778, 0.0, 0.0]], "true_y1": [[[0.4006600081920624]], [[44.98226547241211]], [[53.11271667480469]], [[76.64765930175781]], [[97.2464370727539]], [[115.03916931152344]], [[119.96537017822266]], [[138.14418029785156]], [[148.6390838623047]], [[159.36952209472656]], [[165.35899353027344]], [[168.6078643798828]], [[171.32742309570312]], [[173.62014770507812]], [[177.8961639404297]], [[180.19256591796875]], [[181.8190155029297]], [[183.21783447265625]], [[183.9930419921875]], [[185.09461975097656]], [[185.66140747070312]], [[185.95687866210938]], [[186.29135131835938]], [[186.41455078125]], [[186.60696411132812]], [[186.78004455566406]], [[186.85008239746094]], [[187.0075225830078]], [[187.13717651367188]], [[187.242919921875]], [[187.40863037109375]], [[187.49032592773438]], [[187.63232421875]], [[187.71224975585938]], [[187.8525848388672]], [[187.97265625]], [[188.09225463867188]], [[188.1918182373047]], [[188.33120727539062]], [[188.4902801513672]], [[188.5697021484375]], [[1.0533000230789185]], [[19.41960906982422]], [[31.32699966430664]], [[48.51472091674805]], [[64.31815338134766]], [[73.90751647949219]], [[87.16041564941406]], [[102.09841918945312]], [[111.33525085449219]], [[121.5143051147461]], [[123.6091537475586]], [[127.5504379272461]], [[136.569091796875]], [[137.70936584472656]], [[141.62937927246094]], [[143.20339965820312]], [[145.1773681640625]], [[147.22767639160156]], [[149.3695068359375]], [[151.82501220703125]], [[152.24313354492188]], [[152.83908081054688]], [[153.14662170410156]], [[153.38327026367188]], [[153.57186889648438]], [[153.7053985595703]], [[153.84617614746094]], [[153.95187377929688]], [[154.08770751953125]], [[154.19602966308594]], [[154.78184509277344]], [[154.8594970703125]], [[154.96730041503906]], [[155.05923461914062]], [[155.13531494140625]], [[155.24192810058594]], [[1.104699969291687]], [[10.13752555847168]], [[23.575916290283203]], [[40.73193359375]], [[44.680450439453125]], [[59.90680694580078]], [[66.75943756103516]], [[79.2785415649414]], [[84.71759796142578]], [[89.75330352783203]], [[98.50318145751953]], [[105.63648223876953]], [[108.66864013671875]], [[112.58494567871094]], [[114.83740997314453]], [[118.6595230102539]], [[121.6413803100586]], [[125.38341522216797]], [[126.18550109863281]], [[127.52627563476562]], [[128.8011932373047]], [[130.4525146484375]], [[131.07485961914062]], [[131.65126037597656]], [[131.86766052246094]], [[132.12762451171875]], [[132.3935089111328]], [[132.52886962890625]], [[132.66986083984375]], [[132.81214904785156]], [[132.9036407470703]], [[133.0225830078125]], [[133.0859832763672]], [[133.19290161132812]], [[133.2372589111328]], [[133.38021850585938]], [[133.4907989501953]], [[133.61257934570312]], [[133.67938232421875]], [[0.6033599972724915]], [[20.380046844482422]], [[31.71131134033203]], [[45.99595642089844]], [[52.59660720825195]], [[58.878150939941406]], [[70.32876586914062]], [[77.91732788085938]], [[84.63642120361328]], [[90.53356170654297]], [[95.67586517333984]], [[100.1228256225586]], [[102.73359680175781]], [[107.2289810180664]], [[110.01110076904297]], [[113.77401733398438]], [[118.00244140625]], [[119.51014709472656]], [[120.7219009399414]], [[121.91041564941406]], [[123.12694549560547]], [[123.76758575439453]], [[124.52738952636719]], [[124.94605255126953]], [[125.11907958984375]], [[125.45761108398438]], [[125.69192504882812]], [[125.88937377929688]], [[126.06080627441406]], [[126.18765258789062]], [[126.34773254394531]], [[126.49246978759766]], [[126.58872985839844]], [[126.71728515625]], [[126.8039779663086]], [[126.87191009521484]], [[126.98751831054688]], [[127.0994644165039]], [[127.1933822631836]], [[127.28588104248047]], [[127.3620376586914]], [[127.43753051757812]], [[127.55715942382812]], [[127.64643096923828]], [[127.73509979248047]], [[0.35506001114845276]], [[16.384998321533203]], [[28.762502670288086]], [[48.5928955078125]], [[63.05732727050781]], [[73.34364318847656]], [[83.34602355957031]], [[89.98907470703125]], [[98.02487182617188]], [[101.0357894897461]], [[104.63574981689453]], [[107.69639587402344]], [[110.15119934082031]], [[110.85458374023438]], [[111.8334732055664]], [[112.61682891845703]], [[113.67222595214844]], [[114.19207000732422]], [[114.67217254638672]], [[114.90143585205078]], [[115.2392807006836]], [[115.51969146728516]], [[115.6259994506836]], [[115.8790054321289]], [[116.01996612548828]], [[116.17494201660156]], [[116.31812286376953]], [[116.45128631591797]], [[116.57797241210938]], [[116.69776916503906]], [[116.77508544921875]], [[116.92540740966797]], [[117.0163345336914]], [[117.14041137695312]], [[117.19337463378906]], [[117.34815216064453]], [[117.43327331542969]], [[117.51688385009766]], [[117.58409118652344]], [[117.76638793945312]], [[117.83187103271484]], [[117.91399383544922]], [[118.02843475341797]], [[118.1263427734375]], [[118.20806884765625]], [[118.28901672363281]], [[118.41935729980469]], [[118.53289794921875]], [[118.64672088623047]], [[118.69548034667969]], [[118.7926254272461]], [[118.89016723632812]], [[119.00396728515625]], [[119.08535766601562]], [[119.16704559326172]], [[0.1057400032877922]], [[8.468216896057129]], [[26.63736343383789]], [[34.12726974487305]], [[44.47759246826172]], [[56.42152404785156]], [[62.67131423950195]], [[68.13299560546875]], [[75.24378967285156]], [[78.80352020263672]], [[82.33221435546875]], [[84.75696563720703]], [[87.49286651611328]], [[89.34114837646484]], [[90.8376693725586]], [[92.41033172607422]], [[93.19617462158203]], [[93.86949157714844]], [[94.55131530761719]], [[95.20906066894531]], [[95.68252563476562]], [[96.08783721923828]], [[96.44304656982422]], [[96.60291290283203]], [[96.89746856689453]], [[97.20125579833984]], [[97.43643188476562]], [[97.68609619140625]], [[97.85128784179688]], [[98.06743621826172]], [[98.15634155273438]], [[98.35308837890625]], [[98.53985595703125]], [[98.66830444335938]], [[98.86695861816406]], [[98.96267700195312]], [[99.10401153564453]], [[99.24235534667969]], [[99.4007797241211]], [[99.53427124023438]], [[99.62254333496094]], [[99.8399658203125]], [[99.94792938232422]], [[100.16140747070312]], [[100.1826400756836]], [[100.3309555053711]], [[100.56360626220703]], [[100.6268539428711]], [[100.79499816894531]], [[100.92102813720703]], [[101.02649688720703]], [[101.13153839111328]], [[101.29967498779297]], [[0.05844400078058243]], [[7.660979747772217]], [[11.410520553588867]], [[19.916748046875]], [[29.02521514892578]], [[34.29789352416992]], [[40.12406921386719]], [[43.686397552490234]], [[50.761756896972656]], [[53.51288986206055]], [[57.760345458984375]], [[59.89096450805664]], [[63.99415588378906]], [[65.15557861328125]], [[67.8967056274414]], [[69.33818054199219]], [[70.84545135498047]], [[73.09253692626953]], [[74.08612060546875]], [[74.95100402832031]], [[75.82188415527344]], [[76.15914154052734]], [[76.67176055908203]], [[77.47916412353516]], [[77.94619750976562]], [[78.36808013916016]], [[78.7504653930664]], [[79.1010971069336]], [[79.42326354980469]], [[79.76947784423828]], [[79.9092788696289]], [[80.26191711425781]], [[80.54785919189453]], [[80.7422866821289]], [[80.9658203125]], [[81.14532470703125]], [[81.35267639160156]], [[81.58666229248047]], [[81.78096771240234]], [[81.96942138671875]], [[82.1239242553711]], [[82.33556365966797]], [[82.66023254394531]], [[82.8341064453125]], [[83.00545501708984]], [[83.23171997070312]], [[83.3165283203125]], [[83.48414611816406]], [[83.65135955810547]], [[83.8726806640625]], [[83.95559692382812]], [[84.14872741699219]]]}