{"vc": [[-0.1514762043952942, 0.0, 0.0], [0.0, -0.39738285541534424, 0.39841824769973755], [-0.06985887140035629, 0.19200453162193298, -0.19136552512645721], [-0.3219354748725891, 0.0, 0.0], [0.0, 0.0, 0.0], [0.0, 0.0, 0.0], [0.0, 0.10930918902158737, -0.10913954675197601], [0.0, 0.0, 0.0], [0.0, 0.0, 0.0], [0.13018694519996643, 0.0, 0.0]], "true_y1": [[[0.4006600081920624]], [[6.3352155685424805]], [[7.390135765075684]], [[10.366552352905273]], [[12.850896835327148]], [[14.879326820373535]], [[15.417961120605469]], [[17.301462173461914]], [[18.29816436767578]], [[19.223901748657227]], [[19.683549880981445]], [[19.90855598449707]], [[20.07908058166504]], [[20.206161499023438]], [[20.380041122436523]], [[20.413408279418945]], [[20.38545799255371]], [[20.29305076599121]], [[20.18863868713379]], [[19.891963958740234]], [[19.587305068969727]], [[19.345285415649414]], [[18.967212677001953]], [[18.7951717376709]], [[18.49042510986328]], [[18.18182373046875]], [[18.048852920532227]], [[17.735742568969727]], [[17.465635299682617]], [[17.238784790039062]], [[16.874042510986328]], [[16.690893173217773]], [[16.36842155456543]], [[16.184982299804688]], [[15.860129356384277]], [[15.579803466796875]], [[15.298798561096191]], [[15.063672065734863]], [[14.732901573181152]], [[14.35341739654541]], [[14.163252830505371]], [[1.0533000230789185]], [[3.4145665168762207]], [[4.915196418762207]], [[7.025149345397949]], [[8.892343521118164]], [[9.984565734863281]], [[11.434651374816895]], [[12.971441268920898]], [[13.858885765075684]], [[14.766447067260742]], [[14.94205093383789]], [[15.259857177734375]], [[15.90584659576416]], [[15.976442337036133]], [[16.18980598449707]], [[16.258344650268555]], [[16.323604583740234]], [[16.354787826538086]], [[16.31525230407715]], [[16.024681091308594]], [[15.903575897216797]], [[15.633923530578613]], [[15.416677474975586]], [[15.189215660095215]], [[14.95624828338623]], [[14.757681846618652]], [[14.515254020690918]], [[14.310711860656738]], [[14.021159172058105]], [[13.771102905273438]], [[12.23229694366455]], [[12.014803886413574]], [[11.709328651428223]], [[11.44614315032959]], [[11.226869583129883]], [[10.917859077453613]], [[1.104699969291687]], [[2.2288174629211426]], [[3.872373104095459]], [[5.906637191772461]], [[6.362726211547852]], [[8.071413040161133]], [[8.81125545501709]], [[10.108003616333008]], [[10.646223068237305]], [[11.12891674041748]], [[11.926210403442383]], [[12.528216361999512]], [[12.767434120178223]], [[13.057524681091309]], [[13.212461471557617]], [[13.448691368103027]], [[13.599908828735352]], [[13.717916488647461]], [[13.725740432739258]], [[13.715394020080566]], [[13.66352653503418]], [[13.470606803894043]], [[13.317313194274902]], [[13.085177421569824]], [[12.959426879882812]], [[12.763932228088379]], [[12.492094993591309]], [[12.316123008728027]], [[12.099981307983398]], [[11.844494819641113]], [[11.65988540649414]], [[11.396967887878418]], [[11.247023582458496]], [[10.9803466796875]], [[10.865147590637207]], [[10.478649139404297]], [[10.166563034057617]], [[9.812793731689453]], [[9.615208625793457]], [[0.6033599972724915]], [[3.0161304473876953]], [[4.3698039054870605]], [[6.034395217895508]], [[6.7843122482299805]], [[7.484766483306885]], [[8.723442077636719]], [[9.51259994506836]], [[10.18614387512207]], [[10.754242897033691]], [[11.228545188903809]], [[11.61939525604248]], [[11.838722229003906]], [[12.194095611572266]], [[12.395771980285645]], [[12.636359214782715]], [[12.832159996032715]], [[12.867179870605469]], [[12.871580123901367]], [[12.843387603759766]], [[12.757149696350098]], [[12.670966148376465]], [[12.501940727233887]], [[12.35686206817627]], [[12.2804536819458]], [[12.092264175415039]], [[11.922622680664062]], [[11.747077941894531]], [[11.56566333770752]], [[11.411941528320312]], [[11.19260025024414]], [[10.969425201416016]], [[10.808199882507324]], [[10.577795028686523]], [[10.413374900817871]], [[10.279858589172363]], [[10.04405689239502]], [[9.806563377380371]], [[9.601274490356445]], [[9.394407272338867]], [[9.22103214263916]], [[9.046760559082031]], [[8.76634407043457]], [[8.55418586730957]], [[8.34142017364502]], [[0.35506001114845276]], [[2.262110710144043]], [[3.7122368812561035]], [[5.9713544845581055]], [[7.548489570617676]], [[8.619989395141602]], [[9.60797119140625]], [[10.22401237487793]], [[10.903985023498535]], [[11.130287170410156]], [[11.366740226745605]], [[11.519115447998047]], [[11.579395294189453]], [[11.578722953796387]], [[11.55606460571289]], [[11.511460304260254]], [[11.389244079589844]], [[11.28576946258545]], [[11.148484230041504]], [[11.063190460205078]], [[10.906109809875488]], [[10.739483833312988]], [[10.665884017944336]], [[10.463882446289062]], [[10.333294868469238]], [[10.17363452911377]], [[10.010663032531738]], [[9.845701217651367]], [[9.677051544189453]], [[9.50751781463623]], [[9.393184661865234]], [[9.160635948181152]], [[9.013904571533203]], [[8.807032585144043]], [[8.716575622558594]], [[8.445646286010742]], [[8.292865753173828]], [[8.140469551086426]], [[8.016439437866211]], [[7.673994541168213]], [[7.5490922927856445]], [[7.3912153244018555]], [[7.169179916381836]], [[6.977603912353516]], [[6.816738128662109]], [[6.656697750091553]], [[6.3978471755981445]], [[6.171609878540039]], [[5.944558143615723]], [[5.847339153289795]], [[5.653931617736816]], [[5.4604058265686035]], [[5.236004829406738]], [[5.07680082321167]], [[4.918422222137451]], [[0.1057400032877922]], [[1.0312397480010986]], [[3.0259768962860107]], [[3.8377625942230225]], [[4.944409370422363]], [[6.191044807434082]], [[6.825141429901123]], [[7.364945411682129]], [[8.039097785949707]], [[8.358622550964355]], [[8.656986236572266]], [[8.84640121459961]], [[9.036338806152344]], [[9.1423921585083]], [[9.207334518432617]], [[9.243356704711914]], [[9.242380142211914]], [[9.226761817932129]], [[9.191898345947266]], [[9.13308334350586]], [[9.069768905639648]], [[8.997085571289062]], [[8.915692329406738]], [[8.87265396118164]], [[8.781279563903809]], [[8.668331146240234]], [[8.566033363342285]], [[8.441681861877441]], [[8.34986400604248]], [[8.217703819274902]], [[8.159308433532715]], [[8.02164363861084]], [[7.880298614501953]], [[7.777194499969482]], [[7.60862398147583]], [[7.523608207702637]], [[7.393797874450684]], [[7.262036323547363]], [[7.105800628662109]], [[6.9700164794921875]], [[6.878283500671387]], [[6.646210670471191]], [[6.527973651885986]], [[6.288861274719238]], [[6.264716625213623]], [[6.094365119934082]], [[5.821586608886719]], [[5.746357440948486]], [[5.544322967529297]], [[5.391105651855469]], [[5.261815547943115]], [[5.132171630859375]], [[4.923050403594971]], [[0.05844400078058243]], [[0.79786217212677]], [[1.1621352434158325]], [[1.9876532554626465]], [[2.8702588081359863]], [[3.3803365230560303]], [[3.942793846130371]], [[4.285750865936279]], [[4.963067531585693]], [[5.224136829376221]], [[5.622770309448242]], [[5.819705009460449]], [[6.189476013183594]], [[6.290797710418701]], [[6.520644187927246]], [[6.634080410003662]], [[6.74452018737793]], [[6.885344505310059]], [[6.933725357055664]], [[6.965526580810547]], [[6.984477996826172]], [[6.98735237121582]], [[6.985851287841797]], [[6.965739727020264]], [[6.941638946533203]], [[6.9101057052612305]], [[6.872107982635498]], [[6.828186511993408]], [[6.779162883758545]], [[6.71614408493042]], [[6.687411308288574]], [[6.605904579162598]], [[6.529768943786621]], [[6.472609043121338]], [[6.401340484619141]], [[6.339742183685303]], [[6.263710021972656]], [[6.171641826629639]], [[6.090188980102539]], [[6.006937503814697]], [[5.935628890991211]], [[5.833607196807861]], [[5.667752265930176]], [[5.574501037597656]], [[5.479734897613525]], [[5.35042142868042]], [[5.300773620605469]], [[5.2008376121521]], [[5.098820686340332]], [[4.960384368896484]], [[4.907558917999268]], [[4.782556533813477]]]}