{"vc": [[-0.10795481503009796, 0.0, 0.0], [0.0, -0.09201741963624954, 0.09217440336942673], [-0.04154123365879059, 0.3255515396595001, -0.3255362808704376], [-0.14148278534412384, 0.0, 0.0], [0.0, 0.0, 0.0], [0.0, 0.0, 0.0], [0.0, 0.020766736939549446, -0.020711973309516907], [0.0, 0.0, 0.0], [0.0, 0.0, 0.0], [0.4182215929031372, 0.0, 0.0]], "true_y1": [[[0.4006600081920624]], [[22.22205924987793]], [[26.22797203063965]], [[37.91766357421875]], [[48.3128547668457]], [[57.47136688232422]], [[60.045127868652344]], [[69.73065185546875]], [[75.4966812133789]], [[81.58116149902344]], [[85.092041015625]], [[87.04259490966797]], [[88.70654296875]], [[90.13587951660156]], [[92.88526916503906]], [[94.4217300415039]], [[95.54383087158203]], [[96.53466796875]], [[97.09215545654297]], [[97.87397003173828]], [[98.23780822753906]], [[98.39451599121094]], [[98.51988983154297]], [[98.54751586914062]], [[98.56819915771484]], [[98.5639877319336]], [[98.55668640136719]], [[98.53007507324219]], [[98.49919891357422]], [[98.46916198730469]], [[98.41519165039062]], [[98.38610076904297]], [[98.33248138427734]], [[98.30089569091797]], [[98.24346923828125]], [[98.19268798828125]], [[98.14088439941406]], [[98.09696197509766]], [[98.034423828125]], [[97.96175384521484]], [[97.92500305175781]], [[1.0533000230789185]], [[9.956711769104004]], [[15.73082160949707]], [[24.098302841186523]], [[31.8592586517334]], [[36.61701965332031]], [[43.276554107666016]], [[50.9429817199707]], [[55.799861907958984]], [[61.294349670410156]], [[62.448360443115234]], [[64.6457290649414]], [[69.83564758300781]], [[70.51219940185547]], [[72.88441467285156]], [[73.86080169677734]], [[75.10905456542969]], [[76.43900299072266]], [[77.87239837646484]], [[79.56456756591797]], [[79.84759521484375]], [[80.22411346435547]], [[80.3884506225586]], [[80.48603820800781]], [[80.53548431396484]], [[80.5501708984375]], [[80.54403686523438]], [[80.52378845214844]], [[80.4781265258789]], [[80.42694091796875]], [[79.99044799804688]], [[79.9209976196289]], [[79.82127380371094]], [[79.73365020751953]], [[79.65962219238281]], [[79.55389404296875]], [[1.104699969291687]], [[5.457241058349609]], [[11.92431354522705]], [[20.205429077148438]], [[22.121139526367188]], [[29.56734275817871]], [[32.9597053527832]], [[39.251380920410156]], [[42.03330612182617]], [[44.64179229736328]], [[49.26686477661133]], [[53.14924240112305]], [[54.83854675292969]], [[57.0632209777832]], [[58.36846160888672]], [[60.63594055175781]], [[62.462120056152344]], [[64.84982299804688]], [[65.37947845458984]], [[66.28228759765625]], [[67.16348266601562]], [[68.33695220947266]], [[68.78106689453125]], [[69.177001953125]], [[69.31478881835938]], [[69.46382904052734]], [[69.58424377441406]], [[69.62629699707031]], [[69.65133666992188]], [[69.65345764160156]], [[69.64131927490234]], [[69.609375]], [[69.58509826660156]], [[69.53350067138672]], [[69.50846099853516]], [[69.41507720947266]], [[69.33149719238281]], [[69.23025512695312]], [[69.17131805419922]], [[0.6033599972724915]], [[10.11758804321289]], [[15.590887069702148]], [[22.55559730529785]], [[25.811140060424805]], [[28.938613891601562]], [[34.73381042480469]], [[38.660369873046875]], [[42.21104431152344]], [[45.398651123046875]], [[48.245479583740234]], [[50.76953125]], [[52.283660888671875]], [[54.95927429199219]], [[56.668209075927734]], [[59.06367111206055]], [[61.91655349731445]], [[62.99298858642578]], [[63.88950729370117]], [[64.80318450927734]], [[65.78345489501953]], [[66.3222885131836]], [[66.98416137695312]], [[67.35840606689453]], [[67.51421356201172]], [[67.81830596923828]], [[68.02511596679688]], [[68.19393920898438]], [[68.333984375]], [[68.43229675292969]], [[68.5484390258789]], [[68.64480590820312]], [[68.70407104492188]], [[68.77721405029297]], [[68.82280731201172]], [[68.85655975341797]], [[68.91033172607422]], [[68.9584732055664]], [[68.99629974365234]], [[69.0315933227539]], [[69.05939483642578]], [[69.08599090576172]], [[69.1264877319336]], [[69.15562438964844]], [[69.18382263183594]], [[0.35506001114845276]], [[8.037269592285156]], [[14.003271102905273]], [[23.73219871520996]], [[31.064069747924805]], [[36.47062683105469]], [[41.95307540893555]], [[45.76691818237305]], [[50.652645111083984]], [[52.592559814453125]], [[55.025794982910156]], [[57.23133850097656]], [[59.13764190673828]], [[59.71599578857422]], [[60.55291748046875]], [[61.255977630615234]], [[62.265235900878906]], [[62.79627990722656]], [[63.311710357666016]], [[63.56741714477539]], [[63.956356048583984]], [[64.2903060913086]], [[64.4194564819336]], [[64.73194885253906]], [[64.9088134765625]], [[65.10514831542969]], [[65.28799438476562]], [[65.45907592773438]], [[65.62261962890625]], [[65.77791595458984]], [[65.87847137451172]], [[66.07478332519531]], [[66.194091796875]], [[66.3576889038086]], [[66.42782592773438]], [[66.63396453857422]], [[66.74815368652344]], [[66.8609390258789]], [[66.95207214355469]], [[67.20150756835938]], [[67.29195404052734]], [[67.40605926513672]], [[67.56634521484375]], [[67.70469665527344]], [[67.82106018066406]], [[67.93711853027344]], [[68.12571716308594]], [[68.29176330566406]], [[68.45989990234375]], [[68.53244018554688]], [[68.67789459228516]], [[68.82521057128906]], [[68.99869537353516]], [[69.12384033203125]], [[69.25035095214844]], [[0.1057400032877922]], [[4.068783760070801]], [[12.76852798461914]], [[16.43293571472168]], [[21.62420654296875]], [[27.884876251220703]], [[31.32628631591797]], [[34.46225357055664]], [[38.789344787597656]], [[41.0966911315918]], [[43.51271057128906]], [[45.270469665527344]], [[47.383148193359375]], [[48.915374755859375]], [[50.241065979003906]], [[51.7470817565918]], [[52.55790328979492]], [[53.29309844970703]], [[54.08512878417969]], [[54.90639114379883]], [[55.541202545166016]], [[56.120269775390625]], [[56.659828186035156]], [[56.91377639770508]], [[57.40186309814453]], [[57.935546875]], [[58.3720588684082]], [[58.859718322753906]], [[59.1969108581543]], [[59.65636444091797]], [[59.85148239135742]], [[60.296226501464844]], [[60.7349739074707]], [[61.04604721069336]], [[61.541927337646484]], [[61.78717041015625]], [[62.15660095214844]], [[62.52647018432617]], [[62.95975112915039]], [[63.332637786865234]], [[63.58299255371094]], [[64.21202850341797]], [[64.53067779541016]], [[65.1724853515625]], [[65.23714447021484]], [[65.69283294677734]], [[66.42137145996094]], [[66.6222152709961]], [[67.16177368164062]], [[67.57138061523438]], [[67.91749572753906]], [[68.26514434814453]], [[68.82756042480469]], [[0.05844400078058243]], [[3.5999033451080322]], [[5.355062007904053]], [[9.383854866027832]], [[13.819377899169922]], [[16.474111557006836]], [[19.510663986206055]], [[21.434789657592773]], [[25.456933975219727]], [[27.112491607666016]], [[29.801456451416016]], [[31.224903106689453]], [[34.14998245239258]], [[35.03242111206055]], [[37.239681243896484]], [[38.487022399902344]], [[39.87325668334961]], [[42.14482498168945]], [[43.253273010253906]], [[44.28675842285156]], [[45.40739822387695]], [[45.8670539855957]], [[46.59778594970703]], [[47.84093475341797]], [[48.62162399291992]], [[49.373023986816406]], [[50.09729766845703]], [[50.802101135253906]], [[51.48779296875]], [[52.26941680908203]], [[52.599124908447266]], [[53.4692497253418]], [[54.2174072265625]], [[54.74893569946289]], [[55.38353729248047]], [[55.91166687011719]], [[56.54246139526367]], [[57.2810173034668]], [[57.915706634521484]], [[58.54952621459961]], [[59.08230209350586]], [[59.830814361572266]], [[61.019290924072266]], [[61.67475128173828]], [[62.332889556884766]], [[63.219539642333984]], [[63.556785583496094]], [[64.23074340820312]], [[64.91246795654297]], [[65.82826232910156]], [[66.1750717163086]], [[66.99024200439453]]]}