{"vc": [[-0.15355853736400604, 0.0, 0.0], [0.0, -0.36604979634284973, 0.3653547763824463], [-0.06824801862239838, 0.2343810796737671, -0.23438884317874908], [-0.3061586618423462, 0.0, 0.0], [0.0, 0.0, 0.0], [0.0, 0.0, 0.0], [0.0, 0.09176921099424362, -0.09268563240766525], [0.0, 0.0, 0.0], [0.0, 0.0, 0.0], [0.13928723335266113, 0.0, 0.0]], "true_y1": [[[0.4006600081920624]], [[6.875781059265137]], [[8.035945892333984]], [[11.336669921875]], [[14.135139465332031]], [[16.463163375854492]], [[17.090030670166016]], [[19.321706771850586]], [[20.537782669067383]], [[21.704872131347656]], [[22.308666229248047]], [[22.61551284790039]], [[22.85702896118164]], [[23.046140670776367]], [[23.343217849731445]], [[23.449138641357422]], [[23.477447509765625]], [[23.439224243164062]], [[23.36894416809082]], [[23.130992889404297]], [[22.865989685058594]], [[22.649362564086914]], [[22.3055477142334]], [[22.147789001464844]], [[21.867124557495117]], [[21.581857681274414]], [[21.458721160888672]], [[21.16840934753418]], [[20.917680740356445]], [[20.70697021484375]], [[20.368003845214844]], [[20.197744369506836]], [[19.89790916442871]], [[19.727323532104492]], [[19.425201416015625]], [[19.164464950561523]], [[18.903074264526367]], [[18.68433952331543]], [[18.3765926361084]], [[18.023454666137695]], [[17.84645652770996]], [[1.0533000230789185]], [[3.6364712715148926]], [[5.285567283630371]], [[7.620762825012207]], [[9.710673332214355]], [[10.947125434875488]], [[12.609869003295898]], [[14.40789794921875]], [[15.47021770477295]], [[16.58454704284668]], [[16.804811477661133]], [[17.208881378173828]], [[18.065584182739258]], [[18.164480209350586]], [[18.479042053222656]], [[18.590330123901367]], [[18.711524963378906]], [[18.804546356201172]], [[18.836111068725586]], [[18.645265579223633]], [[18.545713424682617]], [[18.31218910217285]], [[18.11760902404785]], [[17.91046714782715]], [[17.69602394104004]], [[17.51201820373535]], [[17.28631019592285]], [[17.095224380493164]], [[16.824005126953125]], [[16.589303970336914]], [[15.140604972839355]], [[14.935587882995605]], [[14.647568702697754]], [[14.39936351776123]], [[14.192527770996094]], [[13.900967597961426]], [[1.104699969291687]], [[2.3388314247131348]], [[4.149460315704346]], [[6.408155918121338]], [[6.9183573722839355]], [[8.846816062927246]], [[9.692251205444336]], [[11.194748878479004]], [[11.82823657989502]], [[12.402728080749512]], [[13.368812561035156]], [[14.11867618560791]], [[14.424088478088379]], [[14.80320930480957]], [[15.01145076751709]], [[15.342450141906738]], [[15.572453498840332]], [[15.798368453979492]], [[15.831260681152344]], [[15.865124702453613]], [[15.859066009521484]], [[15.735230445861816]], [[15.613429069519043]], [[15.415821075439453]], [[15.305146217346191]], [[15.130024909973145]], [[14.882461547851562]], [[14.720541000366211]], [[14.520440101623535]], [[14.282671928405762]], [[14.110257148742676]], [[13.864066123962402]], [[13.72340202331543]], [[13.472879409790039]], [[13.364545822143555]], [[13.000710487365723]], [[12.706604957580566]], [[12.37296199798584]], [[12.186516761779785]], [[0.6033599972724915]], [[3.260716438293457]], [[4.760617256164551]], [[6.62089729309082]], [[7.466859340667725]], [[8.26270580291748]], [[9.686969757080078]], [[10.608855247497559]], [[11.407547950744629]], [[12.092301368713379]], [[12.674351692199707]], [[13.163662910461426]], [[13.443441390991211]], [[13.908371925354004]], [[14.182036399841309]], [[14.526671409606934]], [[14.852851867675781]], [[14.939793586730957]], [[14.98918628692627]], [[15.00918197631836]], [[14.978706359863281]], [[14.926024436950684]], [[14.802850723266602]], [[14.687408447265625]], [[14.624544143676758]], [[14.465738296508789]], [[14.319229125976562]], [[14.16537094116211]], [[14.00465202331543]], [[13.867449760437012]], [[13.670466423034668]], [[13.46893310546875]], [[13.322806358337402]], [[13.113367080688477]], [[12.963545799255371]], [[12.841696739196777]], [[12.62614631652832]], [[12.408652305603027]], [[12.220367431640625]], [[12.030389785766602]], [[11.870988845825195]], [[11.710598945617676]], [[11.452169418334961]], [[11.25634479522705]], [[11.059677124023438]], [[0.35506001114845276]], [[2.4618637561798096]], [[4.072436332702637]], [[6.6117329597473145]], [[8.420787811279297]], [[9.677033424377441]], [[10.865462303161621]], [[11.62929916381836]], [[12.50968074798584]], [[12.819515228271484]], [[13.164682388305664]], [[13.420524597167969]], [[13.575794219970703]], [[13.605416297912598]], [[13.62829303741455]], [[13.623954772949219]], [[13.564160346984863]], [[13.496661186218262]], [[13.39725399017334]], [[13.332134246826172]], [[13.207940101623535]], [[13.072102546691895]], [[13.011143684387207]], [[12.841635704040527]], [[12.730727195739746]], [[12.59406566619873]], [[12.453619956970215]], [[12.310686111450195]], [[12.163908958435059]], [[12.015822410583496]], [[11.915693283081055]], [[11.711488723754883]], [[11.582311630249023]], [[11.399809837341309]], [[11.319880485534668]], [[11.080047607421875]], [[10.944526672363281]], [[10.809151649475098]], [[10.698830604553223]], [[10.393538475036621]], [[10.281917572021484]], [[10.140606880187988]], [[9.941414833068848]], [[9.76907730102539]], [[9.623990058898926]], [[9.479269027709961]], [[9.244291305541992]], [[9.037856101989746]], [[8.829496383666992]], [[8.739866256713867]], [[8.560709953308105]], [[8.38016128540039]], [[8.168900489807129]], [[8.017550468444824]], [[7.865559101104736]], [[0.1057400032877922]], [[1.1376500129699707]], [[3.373232841491699]], [[4.292062759399414]], [[5.558566093444824]], [[7.013577938079834]], [[7.770549774169922]], [[8.427973747253418]], [[9.273968696594238]], [[9.690035820007324]], [[10.093552589416504]], [[10.362382888793945]], [[10.651527404785156]], [[10.832563400268555]], [[10.964877128601074]], [[11.080891609191895]], [[11.124831199645996]], [[11.15127182006836]], [[11.163345336914062]], [[11.155241012573242]], [[11.132730484008789]], [[11.098608016967773]], [[11.05436897277832]], [[11.029239654541016]], [[10.973054885864258]], [[10.899735450744629]], [[10.830718040466309]], [[10.744416236877441]], [[10.679404258728027]], [[10.584357261657715]], [[10.541909217834473]], [[10.44095516204834]], [[10.336249351501465]], [[10.259331703186035]], [[10.13278579711914]], [[10.068653106689453]], [[9.970391273498535]], [[9.870290756225586]], [[9.751193046569824]], [[9.647375106811523]], [[9.577091217041016]], [[9.398799896240234]], [[9.30771541595459]], [[9.123022079467773]], [[9.10433578491211]], [[8.972302436828613]], [[8.76013469696045]], [[8.701446533203125]], [[8.543421745300293]], [[8.423139572143555]], [[8.321310043334961]], [[8.218864440917969]], [[8.052807807922363]], [[0.05844400078058243]], [[0.8983818888664246]], [[1.3129266500473022]], [[2.2561304569244385]], [[3.2739105224609375]], [[3.8686676025390625]], [[4.532171249389648]], [[4.941738605499268]], [[5.765483856201172]], [[6.089871406555176]], [[6.595429420471191]], [[6.851117134094238]], [[7.346607685089111]], [[7.487244606018066]], [[7.818448543548584]], [[7.991180896759033]], [[8.169353485107422]], [[8.425688743591309]], [[8.532646179199219]], [[8.620469093322754]], [[8.701781272888184]], [[8.730737686157227]], [[8.771318435668945]], [[8.824572563171387]], [[8.847697257995605]], [[8.862452507019043]], [[8.869832038879395]], [[8.87076473236084]], [[8.866012573242188]], [[8.8541841506958]], [[8.847265243530273]], [[8.823920249938965]], [[8.798439025878906]], [[8.777605056762695]], [[8.750051498413086]], [[8.725105285644531]], [[8.693156242370605]], [[8.653106689453125]], [[8.616689682006836]], [[8.57870864868164]], [[8.545676231384277]], [[8.49776840209961]], [[8.418638229370117]], [[8.373638153076172]], [[8.32762336730957]], [[8.264474868774414]], [[8.240140914916992]], [[8.191040992736816]], [[8.140785217285156]], [[8.07242488861084]], [[8.046300888061523]], [[7.984417915344238]]]}