{"vc": [[-0.05657209828495979, 0.0, 0.0], [0.0, -1.453267216682434, 1.4537973403930664], [-0.012308241799473763, 0.08741094172000885, -0.08740527927875519], [-0.191512793302536, 0.0, 0.0], [0.0, 0.0, 0.0], [0.0, 0.0, 0.0], [0.0, 0.5681061744689941, -0.5682653188705444], [0.0, 0.0, 0.0], [0.0, 0.0, 0.0], [0.03272056579589844, 0.0, 0.0]], "true_y1": [[[0.4006600081920624]], [[1.55585777759552]], [[1.7508331537246704]], [[2.278938055038452]], [[2.6895675659179688]], [[2.998126268386841]], [[3.074915647506714]], [[3.32002854347229]], [[3.428309202194214]], [[3.5040462017059326]], [[3.5241775512695312]], [[3.525364398956299]], [[3.519094705581665]], [[3.506945848464966]], [[3.458237648010254]], [[3.4075677394866943]], [[3.351128101348877]], [[3.276217222213745]], [[3.214865207672119]], [[3.07487416267395]], [[2.951220989227295]], [[2.8598313331604004]], [[2.724231719970703]], [[2.664572238922119]], [[2.5612435340881348]], [[2.4591033458709717]], [[2.4157536029815674]], [[2.3150689601898193]], [[2.2296547889709473]], [[2.1588826179504395]], [[2.0468530654907227]], [[1.991401195526123]], [[1.8950622081756592]], [[1.8410011529922485]], [[1.746608018875122]], [[1.6665700674057007]], [[1.5877057313919067]], [[1.5228118896484375]], [[1.433292269706726]], [[1.333296298980713]], [[1.284343957901001]], [[1.0533000230789185]], [[1.4791250228881836]], [[1.7279890775680542]], [[2.048025369644165]], [[2.300377368927002]], [[2.433377265930176]], [[2.5911002159118652]], [[2.7296791076660156]], [[2.791599988937378]], [[2.8336782455444336]], [[2.838149309158325]], [[2.84175968170166]], [[2.818120241165161]], [[2.8106634616851807]], [[2.772937297821045]], [[2.7506778240203857]], [[2.714165449142456]], [[2.6611380577087402]], [[2.5765504837036133]], [[2.384977340698242]], [[2.3260018825531006]], [[2.2080612182617188]], [[2.1209170818328857]], [[2.034397840499878]], [[1.9494125843048096]], [[1.8792444467544556]], [[1.7959040403366089]], [[1.727306842803955]], [[1.6325700283050537]], [[1.5527957677841187]], [[1.099841833114624]], [[1.0411993265151978]], [[0.9613270163536072]], [[0.8949894309043884]], [[0.8415900468826294]], [[0.7694374918937683]], [[1.104699969291687]], [[1.296151041984558]], [[1.5522754192352295]], [[1.8294456005096436]], [[1.8853614330291748]], [[2.073288917541504]], [[2.143282890319824]], [[2.2465507984161377]], [[2.280768394470215]], [[2.3060739040374756]], [[2.3333334922790527]], [[2.336069345474243]], [[2.33031964302063]], [[2.31488037109375]], [[2.3008575439453125]], [[2.265334367752075]], [[2.2229063510894775]], [[2.1377055644989014]], [[2.1117422580718994]], [[2.0582025051116943]], [[1.9894607067108154]], [[1.8491129875183105]], [[1.76472806930542]], [[1.6530407667160034]], [[1.5972797870635986]], [[1.5149765014648438]], [[1.4070194959640503]], [[1.3402173519134521]], [[1.2608675956726074]], [[1.1704033613204956]], [[1.1070581674575806]], [[1.0195685625076294]], [[0.9710568785667419]], [[0.887225866317749]], [[0.8519843220710754]], [[0.7381405830383301]], [[0.6513954997062683]], [[0.5591558218002319]], [[0.5107060670852661]], [[0.6033599972724915]], [[0.9907985925674438]], [[1.1897282600402832]], [[1.414241075515747]], [[1.5073974132537842]], [[1.5894044637680054]], [[1.7208378314971924]], [[1.7935991287231445]], [[1.8469109535217285]], [[1.8835389614105225]], [[1.9060531854629517]], [[1.9166831970214844]], [[1.9181733131408691]], [[1.9100244045257568]], [[1.896003246307373]], [[1.8608944416046143]], [[1.7837802171707153]], [[1.7388677597045898]], [[1.6911251544952393]], [[1.6287071704864502]], [[1.5381361246109009]], [[1.4721163511276245]], [[1.3649976253509521]], [[1.2844353914260864]], [[1.2445602416992188]], [[1.1516081094741821]], [[1.0726368427276611]], [[0.9945745468139648]], [[0.9171068072319031]], [[0.8536754250526428]], [[0.7663199305534363]], [[0.6809768080711365]], [[0.6214603185653687]], [[0.5394968390464783]], [[0.48326608538627625]], [[0.4390324354171753]], [[0.36418431997299194]], [[0.29330897331237793]], [[0.23601742088794708]], [[0.18237176537513733]], [[0.14086684584617615]], [[0.1026168242096901]], [[0.04916934669017792]], [[0.01614687591791153]], [[0.0010000000474974513]], [[0.35506001114845276]], [[0.6447488069534302]], [[0.8513809442520142]], [[1.1449437141418457]], [[1.3233890533447266]], [[1.4265750646591187]], [[1.5012154579162598]], [[1.53089439868927]], [[1.532474398612976]], [[1.5174205303192139]], [[1.4802038669586182]], [[1.421097993850708]], [[1.3393040895462036]], [[1.306136131286621]], [[1.2484958171844482]], [[1.1886955499649048]], [[1.0771362781524658]], [[1.0013805627822876]], [[0.9121742248535156]], [[0.8607729077339172]], [[0.7715458869934082]], [[0.68255215883255]], [[0.6447016000747681]], [[0.5446023941040039]], [[0.4824830889701843]], [[0.409004271030426]], [[0.336635947227478]], [[0.26600921154022217]], [[0.19653302431106567]], [[0.12955130636692047]], [[0.08606947958469391]], [[0.0021367520093917847]], [[0.0010000000474974513]], [[0.0010000000474974513]], [[0.0010000000474974513]], [[0.0010000000474974513]], [[0.0010000000474974513]], [[0.0010000000474974513]], [[0.0010000000474974513]], [[0.0010000000474974513]], [[0.0010000000474974513]], [[0.0010000000474974513]], [[0.0010000000474974513]], [[0.0010000000474974513]], [[0.0010000000474974513]], [[0.0010000000474974513]], [[0.0010000000474974513]], [[0.08877991139888763]], [[0.22786438465118408]], [[0.29071518778800964]], [[0.4186832904815674]], [[0.5467573404312134]], [[0.6893599033355713]], [[0.7834672927856445]], [[0.8692690134048462]], [[0.1057400032877922]], [[0.21937596797943115]], [[0.4552736282348633]], [[0.5465919375419617]], [[0.6648765802383423]], [[0.7854247689247131]], [[0.8384888768196106]], [[0.8764776587486267]], [[0.9081103801727295]], [[0.9122080206871033]], [[0.9038664102554321]], [[0.8874709010124207]], [[0.8527200818061829]], [[0.8141825795173645]], [[0.7690670490264893]], [[0.7007235884666443]], [[0.6545347571372986]], [[0.6057968139648438]], [[0.5448765754699707]], [[0.47116562724113464]], [[0.40595465898513794]], [[0.33967629075050354]], [[0.2718082070350647]], [[0.23778900504112244]], [[0.16868801414966583]], [[0.08769211918115616]], [[0.017478719353675842]], [[0.0010000000474974513]], [[0.0010000000474974513]], [[0.0010000000474974513]], [[0.0010000000474974513]], [[0.0010000000474974513]], [[0.0010000000474974513]], [[0.0010000000474974513]], [[0.0010000000474974513]], [[0.0010000000474974513]], [[0.0010000000474974513]], [[0.0010000000474974513]], [[0.0010000000474974513]], [[0.0010000000474974513]], [[0.0010000000474974513]], [[0.0010000000474974513]], [[0.0010000000474974513]], [[0.0010000000474974513]], [[0.0010000000474974513]], [[0.0010000000474974513]], [[0.0010000000474974513]], [[0.0010000000474974513]], [[0.0010000000474974513]], [[0.0010000000474974513]], [[0.0010000000474974513]], [[0.0010000000474974513]], [[0.0010000000474974513]], [[0.05844400078058243]], [[0.10528473556041718]], [[0.12782493233680725]], [[0.17736271023750305]], [[0.22736284136772156]], [[0.25438392162323]], [[0.2819671332836151]], [[0.2972661256790161]], [[0.32246655225753784]], [[0.32960543036460876]], [[0.33615684509277344]], [[0.3366342782974243]], [[0.32952776551246643]], [[0.3248533308506012]], [[0.3068760931491852]], [[0.2921023666858673]], [[0.2710663080215454]], [[0.2241845726966858]], [[0.19481131434440613]], [[0.16309528052806854]], [[0.12364034354686737]], [[0.10586952418088913]], [[0.07567796856164932]], [[0.01884724199771881]], [[0.0010000000474974513]], [[0.0010000000474974513]], [[0.0010000000474974513]], [[0.0010000000474974513]], [[0.0010000000474974513]], [[0.0010000000474974513]], [[0.0010000000474974513]], [[0.0010000000474974513]], [[0.0010000000474974513]], [[0.0010000000474974513]], [[0.0010000000474974513]], [[0.0010000000474974513]], [[0.0010000000474974513]], [[0.0010000000474974513]], [[0.0010000000474974513]], [[0.0010000000474974513]], [[0.0010000000474974513]], [[0.0010000000474974513]], [[0.0010000000474974513]], 