{"vc": [[-0.08542560786008835, 0.0, 0.0], [0.0, -2.182218551635742, 2.1824240684509277], [-0.028290798887610435, 0.13996723294258118, -0.13983240723609924], [-0.11531880497932434, 0.0, 0.0], [0.0, 0.0, 0.0], [0.0, 0.0, 0.0], [0.0, 0.7013302445411682, -0.7017974853515625], [0.0, 0.0, 0.0], [0.0, 0.0, 0.0], [0.018390459939837456, 0.0, 0.0]], "true_y1": [[[0.4006600081920624]], [[1.0212196111679077]], [[1.1274783611297607]], [[1.4212857484817505]], [[1.6593217849731445]], [[1.8471856117248535]], [[1.895628571510315]], [[2.056565523147583]], [[2.1316287517547607]], [[2.1853489875793457]], [[2.198061943054199]], [[2.1963112354278564]], [[2.187826633453369]], [[2.173621416091919]], [[2.1182563304901123]], [[2.059357166290283]], [[1.991628885269165]], [[1.8984733819961548]], [[1.8196982145309448]], [[1.6330013275146484]], [[1.4618996381759644]], [[1.3327908515930176]], [[1.1385560035705566]], [[1.0525155067443848]], [[0.9032765626907349]], [[0.7562135457992554]], [[0.6941641569137573]], [[0.5515066981315613]], [[0.4328632056713104]], [[0.33696722984313965]], [[0.1915970891714096]], [[0.123597152531147]], [[0.01410406082868576]], [[-0.04115565866231918]], [[-0.12335251271724701]], [[-0.17444762587547302]], [[-0.2027052789926529]], [[-0.20528127253055573]], [[-0.1710163652896881]], [[-0.07089480012655258]], [[0.004326857626438141]], [[1.0533000230789185]], [[1.271722435951233]], [[1.396423101425171]], [[1.5538724660873413]], [[1.6754072904586792]], [[1.7380532026290894]], [[1.8098427057266235]], [[1.8670732975006104]], [[1.8866101503372192]], [[1.8883696794509888]], [[1.8852671384811401]], [[1.8751541376113892]], [[1.8211747407913208]], [[1.80972158908844]], [[1.756948709487915]], [[1.7276029586791992]], [[1.6805707216262817]], [[1.6131980419158936]], [[1.5057543516159058]], [[1.2570070028305054]], [[1.178621530532837]], [[1.0194815397262573]], [[0.9001617431640625]], [[0.7805982828140259]], [[0.6624693274497986]], [[0.5647449493408203]], [[0.4489118456840515]], [[0.3542035222053528]], [[0.22529996931552887]], [[0.1196046695113182]], [[-0.31434404850006104]], [[-0.32272690534591675]], [[-0.2976793646812439]], [[-0.23627765476703644]], [[-0.15450355410575867]], [[0.0075216591358184814]], [[1.104699969291687]], [[1.1999742984771729]], [[1.3230136632919312]], [[1.4495395421981812]], [[1.4739716053009033]], [[1.551736831665039]], [[1.5779097080230713]], [[1.6100372076034546]], [[1.6167935132980347]], [[1.618431568145752]], [[1.6082682609558105]], [[1.5834159851074219]], [[1.5664877891540527]], [[1.5367780923843384]], [[1.5144450664520264]], [[1.4640419483184814]], [[1.4083783626556396]], [[1.301320195198059]], [[1.2691236734390259]], [[1.2028183937072754]], [[1.1174203157424927]], [[0.9408556818962097]], [[0.8329404592514038]], [[0.6880747675895691]], [[0.6149592995643616]], [[0.5062374472618103]], [[0.36259400844573975]], [[0.2734658122062683]], [[0.16783222556114197]], [[0.04857596755027771]], [[-0.033424243330955505]], [[-0.1430627405643463]], [[-0.20111340284347534]], [[-0.2943073809146881]], [[-0.3297809660434723]], [[-0.4209900498390198]], [[-0.4529617428779602]], [[-0.42642730474472046]], [[-0.3754422664642334]], [[0.6033599972724915]], [[0.7941423058509827]], [[0.8897087574005127]], [[0.9957814812660217]], [[1.0391266345977783]], [[1.0768060684204102]], [[1.1355329751968384]], [[1.1661473512649536]], [[1.1863473653793335]], [[1.1972864866256714]], [[1.2000455856323242]], [[1.195607304573059]], [[1.1891157627105713]], [[1.168647289276123]], [[1.1477888822555542]], [[1.1039804220199585]], [[1.0160934925079346]], [[0.965966522693634]], [[0.9126376509666443]], [[0.8424183130264282]], [[0.7390311360359192]], [[0.6623823642730713]], [[0.5355987548828125]], [[0.4382905662059784]], [[0.3895241320133209]], [[0.27437201142311096]], [[0.17503610253334045]], [[0.07565907388925552]], [[-0.023888058960437775]], [[-0.10584410279989243]], [[-0.2187977135181427]], [[-0.3281950354576111]], [[-0.4029763340950012]], [[-0.5018645524978638]], [[-0.5650319457054138]], [[-0.6105059385299683]], [[-0.6742597818374634]], [[-0.7097806334495544]], [[-0.7089051604270935]], [[-0.6694290637969971]], [[-0.6000131964683533]], [[-0.4921454191207886]], [[-0.23461228609085083]], [[0.021259725093841553]], [[0.3107667863368988]], [[0.35506001114845276]], [[0.4950023889541626]], [[0.5933593511581421]], [[0.7321413159370422]], [[0.8159484267234802]], [[0.8632517457008362]], [[0.8943583965301514]], [[0.9020491242408752]], [[0.8859171867370605]], [[0.8671355247497559]], [[0.8277522921562195]], [[0.7686132192611694]], [[0.6871629953384399]], [[0.6538106203079224]], [[0.5952163934707642]], [[0.5334939956665039]], [[0.41568559408187866]], [[0.33369317650794983]], [[0.2350931167602539]], [[0.17728303372859955]], [[0.07522120326757431]], [[-0.02870987355709076]], [[-0.07355156540870667]], [[-0.19393211603164673]], [[-0.26989662647247314]], [[-0.360892653465271]], [[-0.45153284072875977]], [[-0.5406274795532227]], [[-0.6282974481582642]], [[-0.7118750214576721]], [[-0.7648767232894897]], [[-0.8610490560531616]], [[-0.9106549620628357]], [[-0.9592933058738708]], [[-0.9701970219612122]], [[-0.9495972394943237]], [[-0.8915233612060547]], [[-0.79066002368927]], [[-0.672539472579956]], [[-0.17410194873809814]], [[0.05872400104999542]], [[0.3702455163002014]], [[0.7965049743652344]], [[1.1123080253601074]], [[1.323020339012146]], [[1.4803105592727661]], [[1.6356422901153564]], [[1.6927416324615479]], [[1.698477029800415]], [[1.6894350051879883]], [[1.6563955545425415]], [[1.6082476377487183]], [[1.5391463041305542]], [[1.4838147163391113]], [[1.4247870445251465]], [[0.1057400032877922]], [[0.1549580991268158]], [[0.2565644681453705]], [[0.29614028334617615]], [[0.3480342626571655]], [[0.402083158493042]], [[0.4263189733028412]], [[0.44369399547576904]], [[0.4572221040725708]], [[0.45736441016197205]], [[0.4498397707939148]], [[0.4376448690891266]], [[0.41251567006111145]], [[0.38446179032325745]], [[0.35105425119400024]], [[0.2992202937602997]], [[0.2633932828903198]], [[0.22494301199913025]], [[0.176016703248024]], [[0.1156398206949234]], [[0.06124412640929222]], [[0.00509503111243248]], [[-0.05323170870542526]], [[-0.08276471495628357]], [[-0.14332666993141174]], [[-0.2152363657951355]], [[-0.278331458568573]], [[-0.3530871272087097]], [[-0.40719664096832275]], [[-0.48376139998435974]], [[-0.5171616077423096]], [[-0.5949955582618713]], [[-0.6737351417541504]], [[-0.7305024266242981]], [[-0.8222150802612305]], [[-0.8679872751235962]], [[-0.9372930526733398]], [[-1.0069537162780762]], [[-1.0887011289596558]], [[-1.1590287685394287]], [[-1.2061752080917358]], [[-1.3241820335388184]], [[-1.383628010749817]], [[-1.5025080442428589]], [[-1.5144151449203491]], [[-1.5979335308074951]], [[-1.7299339771270752]], [[-1.7659759521484375]], [[-1.8620253801345825]], [[-1.934165596961975]], [[-1.9945859909057617]], [[-2.054765462875366]], [[-2.1510026454925537]], [[0.05844400078058243]], [[0.06585291773080826]], [[0.06915459781885147]], [[0.07573319226503372]], [[0.08117904514074326]], [[0.08339401334524155]], [[0.084793321788311]], [[0.0849529579281807]], [[0.08305159211158752]], [[0.08120423555374146]], [[0.07653482258319855]], [[0.07306718081235886]], [[0.06322486698627472]], [[0.05940058454871178]], [[0.047701574862003326]], [[0.039523810148239136]], [[0.028875289484858513]], [[0.007296085357666016]], [[-0.005334179848432541]], [[-0.018445322290062904]], [[-0.034131258726119995]], [[-0.04099346324801445]], [[-0.05237863212823868]], [[-0.07288976013660431]], [[-0.08628717809915543]], [[-0.099332794547081]], [[-0.11182574182748795]], [[-0.12366543710231781]], [[-0.13463269174098969]], [[-0.14613139629364014]], [[-0.1505669802427292]], [[-0.1607876718044281]], [[-0.16751226782798767]], [[-0.17092810571193695]], [[-0.17334553599357605]], [[-0.17386293411254883]], [[-0.1725786030292511]], [[-0.16830725967884064]], [[-0.16217420995235443]], [[-0.15375633537769318]], [[-0.14492826163768768]], [[-0.12991732358932495]], 