{"vc": [[-0.11610113829374313, 0.0, 0.0], [0.0, -0.1032663956284523, 0.10344456136226654], [-0.03918438404798508, 0.3279968798160553, -0.3279263973236084], [-0.1562332957983017, 0.0, 0.0], [0.0, 0.0, 0.0], [0.0, 0.0, 0.0], [0.0, 0.02319067157804966, -0.023281827569007874], [0.0, 0.0, 0.0], [0.0, 0.0, 0.0], [0.3797292113304138, 0.0, 0.0]], "true_y1": [[[0.4006600081920624]], [[20.12717628479004]], [[23.744909286499023]], [[34.2907600402832]], [[43.65018844604492]], [[51.87644958496094]], [[54.18414306640625]], [[62.84857940673828]], [[67.98863220214844]], [[73.39344024658203]], [[76.50077819824219]], [[78.22264099121094]], [[79.68846130371094]], [[80.94499206542969]], [[83.35338592529297]], [[84.6925277709961]], [[85.66585540771484]], [[86.52017974853516]], [[86.99737548828125]], [[87.65784454345703]], [[87.9564208984375]], [[88.07949829101562]], [[88.16903686523438]], [[88.18452453613281]], [[88.18777465820312]], [[88.1695785522461]], [[88.15706634521484]], [[88.11961364746094]], [[88.08060455322266]], [[88.04439544677734]], [[87.98143768310547]], [[87.94817352294922]], [[87.88764953613281]], [[87.85234069824219]], [[87.78861999511719]], [[87.732666015625]], [[87.6758804321289]], [[87.6279296875]], [[87.5599136352539]], [[87.481201171875]], [[87.44152069091797]], [[1.0533000230789185]], [[9.096155166625977]], [[14.308694839477539]], [[21.85504150390625]], [[28.8438720703125]], [[33.12189483642578]], [[39.099853515625]], [[45.96373748779297]], [[50.29987335205078]], [[55.19082260131836]], [[56.21577835083008]], [[58.16486358642578]], [[62.75251388549805]], [[63.34856033325195]], [[65.43379974365234]], [[66.28956604003906]], [[67.38093566894531]], [[68.5395278930664]], [[69.78118133544922]], [[71.22769165039062]], [[71.46466064453125]], [[71.77313232421875]], [[71.90180206298828]], [[71.97245788574219]], [[72.00147247314453]], [[72.00267791748047]], [[71.98355865478516]], [[71.95455932617188]], [[71.8990249633789]], [[71.841064453125]], [[71.3814926147461]], [[71.31002807617188]], [[71.20781707763672]], [[71.11831665039062]], [[71.04287719726562]], [[70.93537139892578]], [[1.104699969291687]], [[5.033605098724365]], [[10.867995262145996]], [[18.3305721282959]], [[20.05517578125]], [[26.750598907470703]], [[29.795978546142578]], [[35.434024810791016]], [[37.92206573486328]], [[40.25184631347656]], [[44.3741455078125]], [[47.82440185546875]], [[49.3222541809082]], [[51.29107666015625]], [[52.4439697265625]], [[54.442138671875]], [[56.046199798583984]], [[58.133880615234375]], [[58.5949821472168]], [[59.37861251831055]], [[60.13969039916992]], [[61.14326477050781]], [[61.517276763916016]], [[61.8443603515625]], [[61.95531463623047]], [[62.071632385253906]], [[62.15865707397461]], [[62.18416213989258]], [[62.19266891479492]], [[62.1792106628418]], [[62.157806396484375]], [[62.11481857299805]], [[62.08513641357422]], [[62.02518844604492]], [[61.99695587158203]], [[61.89427947998047]], [[61.80443572998047]], [[61.697078704833984]], [[61.63508224487305]], [[0.6033599972724915]], [[9.18640422821045]], [[14.120036125183105]], [[20.391319274902344]], [[23.319398880004883]], [[26.12986946105957]], [[31.330245971679688]], [[34.84729766845703]], [[38.02229690551758]], [[40.86762237548828]], [[43.404136657714844]], [[45.64888000488281]], [[46.99332809448242]], [[49.36464309692383]], [[50.87580490112305]], [[52.988670349121094]], [[55.49449157714844]], [[56.43600845336914]], [[57.217926025390625]], [[58.01213455200195]], [[58.860130310058594]], [[59.32368850708008]], [[59.88929748535156]], [[60.206336975097656]], [[60.33747863769531]], [[60.591426849365234]], [[60.762062072753906]], [[60.899566650390625]], [[61.01194763183594]], [[61.08962631225586]], [[61.179691314697266]], [[61.252593994140625]], [[61.296390533447266]], [[61.34910202026367]], [[61.38108825683594]], [[61.4042854309082]], [[61.4403076171875]], [[61.471519470214844]], [[61.49531936645508]], [[61.51695251464844]], [[61.53361511230469]], [[61.549259185791016]], [[61.57256317138672]], [[61.588985443115234]], [[61.604644775390625]], [[0.35506001114845276]], [[7.281085968017578]], [[12.656309127807617]], [[21.40981674194336]], [[27.991779327392578]], [[32.833984375]], [[37.73140335083008]], [[41.12885284423828]], [[45.466835021972656]], [[47.18376159667969]], [[49.33179473876953]], [[51.27232360839844]], [[52.943111419677734]], [[53.448516845703125]], [[54.178348541259766]], [[54.7898063659668]], [[55.66424560546875]], [[56.12234878540039]], [[56.56528854370117]], [[56.784297943115234]], [[57.116329193115234]], [[57.40023422241211]], [[57.50971221923828]], [[57.773826599121094]], [[57.92281723022461]], [[58.08780288696289]], [[58.2410888671875]], [[58.38423538208008]], [[58.52086639404297]], [[58.65046310424805]], [[58.73432540893555]], [[58.897979736328125]], [[58.9974365234375]], [[59.133846282958984]], [[59.19235610961914]], [[59.36444091796875]], [[59.45986557006836]], [[59.554203033447266]], [[59.630496978759766]], [[59.83967208862305]], [[59.91565704345703]], [[60.01162338256836]], [[60.14664077758789]], [[60.26338195800781]], [[60.361717224121094]], [[60.459930419921875]], [[60.61981964111328]], [[60.76089096069336]], [[60.90401840209961]], [[60.965858459472656]], [[61.09001922607422]], [[61.21598434448242]], [[61.364601135253906]], [[61.47199249267578]], [[61.58070755004883]], [[0.1057400032877922]], [[3.6725902557373047]], [[11.498603820800781]], [[14.791942596435547]], [[19.45278549194336]], [[25.063867568969727]], [[28.142309188842773]], [[30.943082809448242]], [[34.79944610595703]], [[36.85125732421875]], [[38.99580764770508]], [[40.55327224731445]], [[42.4217529296875]], [[43.7742805480957]], [[44.94258117675781]], [[46.26750564575195]], [[46.97978210449219]], [[47.62498092651367]], [[48.31938934326172]], [[49.03874588012695]], [[49.59436798095703]], [[50.100948333740234]], [[50.57281494140625]], [[50.79487609863281]], [[51.22167205810547]], [[51.688411712646484]], [[52.07029724121094]], [[52.49715042114258]], [[52.79248046875]], [[53.195186614990234]], [[53.3663215637207]], [[53.75669479370117]], [[54.142234802246094]], [[54.41586685180664]], [[54.85258102416992]], [[55.06880187988281]], [[55.39482879638672]], [[55.721622467041016]], [[56.10493850708008]], [[56.43524932861328]], [[56.65724182128906]], [[57.21580123901367]], [[57.49917221069336]], [[58.07078552246094]], [[58.12843704223633]], [[58.53504943847656]], [[59.186279296875]], [[59.366058349609375]], [[59.84954071044922]], [[60.21707534790039]], [[60.52796936035156]], [[60.840538024902344]], [[61.346824645996094]], [[0.05844400078058243]], [[3.2366623878479004]], [[4.811558723449707]], [[8.425483703613281]], [[12.401594161987305]], [[14.779524803161621]], [[17.49734115600586]], [[19.2181396484375]], [[22.811288833618164]], [[24.28852081298828]], [[26.685420989990234]], [[27.952959060668945]], [[30.55462646484375]], [[31.338666915893555]], [[33.298065185546875]], [[34.404239654541016]], [[35.63268280029297]], [[37.64377212524414]], [[38.62437438964844]], [[39.538326263427734]], [[40.52910232543945]], [[40.93545150756836]], [[41.58143615722656]], [[42.68055725097656]], [[43.371009826660156]], [[44.03580856323242]], [[44.676918029785156]], [[45.301151275634766]], [[45.90885925292969]], [[46.602149963378906]], [[46.89479446411133]], [[47.66770553588867]], [[48.33302307128906]], [[48.8061408996582]], [[49.37151336669922]], [[49.84245300292969]], [[50.40546417236328]], [[51.06538009643555]], [[51.633121490478516]], [[52.20066452026367]], [[52.67818069458008]], [[53.34973907470703]], [[54.41765213012695]], [[55.0074577331543]], [[55.600257873535156]], [[56.39978790283203]], [[56.704166412353516]], [[57.3128776550293]], [[57.92918014526367]], [[58.75798416137695]], [[59.07210922241211]], [[59.81101608276367]]]}