{"vc": [[-0.09252656996250153, 0.0, 0.0], [0.0, -2.24548602104187, 2.2451422214508057], [-0.05001252517104149, 0.11869565397500992, -0.118560791015625], [-0.09175479412078857, 0.0, 0.0], [0.0, 0.0, 0.0], [0.0, 0.0, 0.0], [0.0, 0.8211583495140076, -0.822223424911499], [0.0, 0.0, 0.0], [0.0, 0.0, 0.0], [0.005193950142711401, 0.0, 0.0]], "true_y1": [[[0.4006600081920624]], [[0.40236443281173706]], [[0.4007284939289093]], [[0.39193370938301086]], [[0.37796908617019653]], [[0.35901975631713867]], [[0.35219159722328186]], [[0.3179129362106323]], [[0.2879312038421631]], [[0.24252930283546448]], [[0.20535939931869507]], [[0.17904698848724365]], [[0.15193672478199005]], [[0.12392479181289673]], [[0.050476089119911194]], [[-0.010240256786346436]], [[-0.07176756858825684]], [[-0.14844650030136108]], [[-0.2081715613603592]], [[-0.3330099582672119]], [[-0.4235374331474304]], [[-0.4719657301902771]], [[-0.5014946460723877]], [[-0.49392470717430115]], [[-0.4448382556438446]], [[-0.347748339176178]], [[-0.2922084629535675]], [[-0.1356876939535141]], [[0.01656678318977356]], [[0.1450682133436203]], [[0.3289699852466583]], [[0.4028491973876953]], [[0.4945237636566162]], [[0.5237581729888916]], [[0.53669273853302]], [[0.5125893354415894]], [[0.4615628123283386]], [[0.40234243869781494]], [[0.29972416162490845]], [[0.16268610954284668]], [[0.08903668820858002]], [[1.0533000230789185]], [[1.022356629371643]], [[0.9967868328094482]], [[0.9516647458076477]], [[0.9001699090003967]], [[0.8631218671798706]], [[0.8025040030479431]], [[0.7157192230224609]], [[0.6472002863883972]], [[0.5502127408981323]], [[0.5261938571929932]], [[0.47574883699417114]], [[0.3208227753639221]], [[0.2951435148715973]], [[0.18888112902641296]], [[0.13519325852394104]], [[0.053974002599716187]], [[-0.055565834045410156]], [[-0.22024881839752197]], [[-0.5763657689094543]], [[-0.6834662556648254]], [[-0.8929603099822998]], [[-1.0406548976898193]], [[-1.176055669784546]], [[-1.290013313293457]], [[-1.360501766204834]], [[-1.398917555809021]], [[-1.3735581636428833]], [[-1.2084699869155884]], [[-0.9098749160766602]], [[1.9197163581848145]], [[1.7851024866104126]], [[1.582618236541748]], [[1.4021028280258179]], [[1.249817967414856]], [[1.0341140031814575]], [[1.104699969291687]], [[1.0773283243179321]], [[1.0304453372955322]], [[0.959074079990387]], [[0.940572202205658]], [[0.8602797985076904]], [[0.8185162544250488]], [[0.7298747301101685]], [[0.6848291158676147]], [[0.6384109854698181]], [[0.5432107448577881]], [[0.44545865058898926]], [[0.39570969343185425]], [[0.32099586725234985]], [[0.27090248465538025]], [[0.16864964365959167]], [[0.06610057502985]], [[-0.11478746682405472]], [[-0.1665436327457428]], [[-0.2705387473106384]], [[-0.4005645215511322]], [[-0.6595940589904785]], [[-0.8126154541969299]], [[-1.0112125873565674]], [[-1.107568621635437]], [[-1.243708848953247]], [[-1.4020613431930542]], [[-1.4789248704910278]], [[-1.5322153568267822]], [[-1.5055031776428223]], [[-1.3961074352264404]], [[-1.0596344470977783]], [[-0.7609963417053223]], [[-0.07801085710525513]], [[0.2425110638141632]], [[1.1565762758255005]], [[1.5542232990264893]], [[1.6816030740737915]], [[1.65837824344635]], [[0.6033599972724915]], [[0.5332221388816833]], [[0.487726628780365]], [[0.42323654890060425]], [[0.39003685116767883]], [[0.3559342324733734]], [[0.2857336699962616]], [[0.23158691823482513]], [[0.1765742003917694]], [[0.12084892392158508]], [[0.06448637694120407]], [[0.007724754512310028]], [[-0.03021085634827614]], [[-0.10654090344905853]], [[-0.16337814927101135]], [[-0.2580249309539795]], [[-0.40581178665161133]], [[-0.476876437664032]], [[-0.5452499389648438]], [[-0.6255432367324829]], [[-0.7245702743530273]], [[-0.782147228717804]], [[-0.841433048248291]], [[-0.8484316468238831]], [[-0.8363586068153381]], [[-0.7582176327705383]], [[-0.6268018484115601]], [[-0.4327476918697357]], [[-0.18347963690757751]], [[0.048191606998443604]], [[0.3717251420021057]], [[0.6473379135131836]], [[0.79569011926651]], [[0.9290675520896912]], [[0.9732415080070496]], [[0.9830859303474426]], [[0.9556867480278015]], [[0.8857647180557251]], [[0.8019906282424927]], [[0.7026658058166504]], [[0.611336886882782]], [[0.5142603516578674]], [[0.35055625438690186]], [[0.22276970744132996]], [[0.09266397356987]], [[0.35506001114845276]], [[0.2844499349594116]], [[0.22555796802043915]], [[0.11892496794462204]], [[0.025867417454719543]], [[-0.053330764174461365]], [[-0.14722628891468048]], [[-0.22414274513721466]], [[-0.3433939218521118]], [[-0.39958134293556213]], [[-0.4790855050086975]], [[-0.5598023533821106]], [[-0.6303122043609619]], [[-0.6485983729362488]], [[-0.6668090224266052]], [[-0.6666117310523987]], [[-0.60785973072052]], [[-0.5194926857948303]], [[-0.3630876839160919]], [[-0.24946314096450806]], [[-0.022737354040145874]], [[0.21766994893550873]], [[0.31659382581710815]], [[0.5470457077026367]], [[0.6574286222457886]], [[0.7497228980064392]], [[0.7997821569442749]], [[0.8124138116836548]], [[0.7940864562988281]], [[0.7515015602111816]], [[0.7123458981513977]], [[0.6138696074485779]], [[0.5422847270965576]], [[0.43302860856056213]], [[0.38303476572036743]], [[0.22812889516353607]], [[0.13867396116256714]], [[0.04878328740596771]], [[-0.024476677179336548]], [[-0.2248850017786026]], [[-0.2964962124824524]], [[-0.38516297936439514]], [[-0.5050333142280579]], [[-0.6021304130554199]], [[-0.6774278283119202]], [[-0.7448305487632751]], [[-0.8318265676498413]], [[-0.8758965730667114]], [[-0.8763751983642578]], [[-0.8590940237045288]], [[-0.7859802842140198]], [[-0.6529077291488647]], [[-0.4177427291870117]], [[-0.20385092496871948]], [[0.034210264682769775]], [[0.1057400032877922]], [[0.04871516674757004]], [[-0.08027494698762894]], [[-0.13710367679595947]], [[-0.2213737815618515]], [[-0.3308525085449219]], [[-0.3956230878829956]], [[-0.4577970802783966]], [[-0.5477195978164673]], [[-0.5959153175354004]], [[-0.6428933143615723]], [[-0.6704786419868469]], [[-0.6856362819671631]], [[-0.6709408760070801]], [[-0.6244742274284363]], [[-0.5039761662483215]], [[-0.39322471618652344]], [[-0.2560376226902008]], [[-0.06511323153972626]], [[0.17421723902225494]], [[0.3731172978878021]], [[0.5468894839286804]], [[0.6859201192855835]], [[0.7397814989089966]], [[0.8177307844161987]], [[0.8611217141151428]], [[0.864311158657074]], [[0.8366851210594177]], [[0.8008990287780762]], [[0.734005868434906]], [[0.7002850770950317]], [[0.6138948202133179]], [[0.5183955430984497]], [[0.44606226682662964]], [[0.3251109719276428]], [[0.2634601294994354]], [[0.16910839080810547]], [[0.07359158992767334]], [[-0.038675323128700256]], [[-0.13486486673355103]], [[-0.19889086484909058]], [[-0.356350839138031]], [[-0.4334157109260559]], [[-0.5803017616271973]], [[-0.5943104028701782]], [[-0.6876186728477478]], [[-0.8097544312477112]], [[-0.8352640271186829]], [[-0.8789478540420532]], [[-0.8804818987846375]], [[-0.8538636565208435]], [[-0.795830488204956]], [[-0.624664843082428]], [[0.05844400078058243]], [[-0.0245058611035347]], [[-0.06593519449234009]], [[-0.16233497858047485]], [[-0.27151355147361755]], [[-0.33890727162361145]], [[-0.4182559549808502]], [[-0.46987634897232056]], [[-0.5808736085891724]], [[-0.627324104309082]], [[-0.7020259499549866]], [[-0.7399003505706787]], [[-0.8069146275520325]], [[-0.821621835231781]], [[-0.835716187953949]], [[-0.8199982643127441]], [[-0.7686835527420044]], [[-0.5582034587860107]], [[-0.3741488456726074]], [[-0.14770421385765076]], [[0.14598798751831055]], [[0.2737889885902405]], [[0.47438758611679077]], [[0.7716108560562134]], [[0.9086851477622986]], [[0.9969308972358704]], [[1.042140007019043]], [[1.0526280403137207]], [[1.0362842082977295]], [[0.9923619031906128]], [[0.9673718214035034]], [[0.8873311281204224]], [[0.8061375021934509]], [[0.7434711456298828]], [[0.6646831035614014]], [[0.5966516733169556]], [[0.5132879614830017]], [[0.41369789838790894]], [[0.3270567059516907]], [[0.24002370238304138]], [[0.16672232747077942]], 