{"vc": [[-0.054610323160886765, 0.0, 0.0], [0.0, -1.8422260284423828, 1.8428863286972046], [-0.009234542027115822, 0.08995229005813599, -0.08988454192876816], [-0.13927115499973297, 0.0, 0.0], [0.0, 0.0, 0.0], [0.0, 0.0, 0.0], [0.0, 0.7168869972229004, -0.716858983039856], [0.0, 0.0, 0.0], [0.0, 0.0, 0.0], [0.023246068507432938, 0.0, 0.0]], "true_y1": [[[0.4006600081920624]], [[1.2067495584487915]], [[1.3425593376159668]], [[1.7116553783416748]], [[2.0013556480407715]], [[2.222069501876831]], [[2.27762508392334]], [[2.457674264907837]], [[2.5394608974456787]], [[2.5989317893981934]], [[2.6163549423217773]], [[2.6187028884887695]], [[2.615285873413086]], [[2.6072640419006348]], [[2.5725486278533936]], [[2.535128116607666]], [[2.492769241333008]], [[2.4359264373779297]], [[2.3890528678894043]], [[2.281554698944092]], [[2.186382293701172]], [[2.11606502532959]], [[2.0118911266326904]], [[1.9661388397216797]], [[1.8870301246643066]], [[1.8090054988861084]], [[1.7759442329406738]], [[1.6992807388305664]], [[1.634382963180542]], [[1.5807082653045654]], [[1.4959299564361572]], [[1.454054594039917]], [[1.3814481496810913]], [[1.3407899141311646]], [[1.2699565887451172]], [[1.210065484046936]], [[1.1512209177017212]], [[1.1029385328292847]], [[1.0365630388259888]], [[0.96277916431427]], [[0.9268172979354858]], [[1.0533000230789185]], [[1.34634268283844]], [[1.5137410163879395]], [[1.7247587442398071]], [[1.8874818086624146]], [[1.971684217453003]], [[2.0696120262145996]], [[2.1525986194610596]], [[2.187326192855835]], [[2.2071683406829834]], [[2.208268880844116]], [[2.206882953643799]], [[2.1804449558258057]], [[2.1738054752349854]], [[2.1419565677642822]], [[2.1238317489624023]], [[2.0946145057678223]], [[2.0528247356414795]], [[1.9869636297225952]], [[1.8392465114593506]], [[1.7939516305923462]], [[1.7034919261932373]], [[1.6367288827896118]], [[1.5704952478408813]], [[1.5054807662963867]], [[1.451833963394165]], [[1.3881545066833496]], [[1.3357717990875244]], [[1.2634769678115845]], [[1.2026456594467163]], [[0.8581444621086121]], [[0.8136714100837708]], [[0.7531532645225525]], [[0.7029414772987366]], [[0.6625585556030273]], [[0.6080470085144043]], [[1.104699969291687]], [[1.2360790967941284]], [[1.407110333442688]], [[1.585378885269165]], [[1.6203292608261108]], [[1.7344671487808228]], [[1.7751774787902832]], [[1.8318960666656494]], [[1.8489478826522827]], [[1.860196590423584]], [[1.8677982091903687]], [[1.8599482774734497]], [[1.8515779972076416]], [[1.8348791599273682]], [[1.8214716911315918]], [[1.7899879217147827]], [[1.7544013261795044]], [[1.685644507408142]], [[1.6650781631469727]], [[1.6230067014694214]], [[1.5694549083709717]], [[1.4610587358474731]], [[1.3962324857711792]], [[1.3106541633605957]], [[1.2679911851882935]], [[1.2050721645355225]], [[1.1226050853729248]], [[1.0715991258621216]], [[1.0110262632369995]], [[0.941977322101593]], [[0.8936268091201782]], [[0.8268370628356934]], [[0.7897936105728149]], [[0.72575443983078]], [[0.698819637298584]], [[0.6117272973060608]], [[0.5452387928962708]], [[0.4743397533893585]], [[0.43697553873062134]], [[0.6033599972724915]], [[0.8672248125076294]], [[0.9997216463088989]], [[1.1468160152435303]], [[1.207021951675415]], [[1.259549617767334]], [[1.3425182104110718]], [[1.3874248266220093]], [[1.4193825721740723]], [[1.4402587413787842]], [[1.4517548084259033]], [[1.4553418159484863]], [[1.4540008306503296]], [[1.4438393115997314]], [[1.4309114217758179]], [[1.4013653993606567]], [[1.3397423028945923]], [[1.3045274019241333]], [[1.2673274278640747]], [[1.218897819519043]], [[1.148842215538025]], [[1.0978609323501587]], [[1.0152171850204468]], [[0.9530983567237854]], [[0.9223607778549194]], [[0.8507319092750549]], [[0.7899059653282166]], [[0.7298137545585632]], [[0.6702213883399963]], [[0.6214656233787537]], [[0.5543934106826782]], [[0.48896875977516174]], [[0.44341841340065]], [[0.3808165192604065]], [[0.33797505497932434]], [[0.3043488562107086]], [[0.2476368397474289]], [[0.19421759247779846]], [[0.15131205320358276]], [[0.111447773873806]], [[0.08089221268892288]], [[0.05304697901010513]], [[0.014938008040189743]], [[0.0010000000474974513]], [[0.0010000000474974513]], [[0.35506001114845276]], [[0.5520361065864563]], [[0.6905450820922852]], [[0.884964644908905]], [[1.001831293106079]], [[1.0686689615249634]], [[1.1159299612045288]], [[1.1333674192428589]], [[1.129831314086914]], [[1.1170663833618164]], [[1.0875262022018433]], [[1.0417728424072266]], [[0.9789708256721497]], [[0.9535422921180725]], [[0.909346878528595]], [[0.8634624481201172]], [[0.7777321934700012]], [[0.7194117903709412]], [[0.6506344079971313]], [[0.6109586954116821]], [[0.5420158505439758]], [[0.47317683696746826]], [[0.44387874007225037]], [[0.36635127663612366]], [[0.31821298599243164]], [[0.26125454902648926]], [[0.20514823496341705]], [[0.15039555728435516]], [[0.09655258059501648]], [[0.044677652418613434]], [[0.011032473295927048]], [[0.0010000000474974513]], [[0.0010000000474974513]], [[0.0010000000474974513]], [[0.0010000000474974513]], [[0.0010000000474974513]], [[0.0010000000474974513]], [[0.0010000000474974513]], [[0.0010000000474974513]], [[0.0010000000474974513]], [[0.0010000000474974513]], [[0.0010000000474974513]], [[0.0010000000474974513]], [[0.0010000000474974513]], [[0.0010000000474974513]], [[0.0010000000474974513]], [[0.0010000000474974513]], [[0.08312378078699112]], [[0.20292173326015472]], [[0.2565159201622009]], [[0.3646170198917389]], [[0.47141343355178833]], [[0.5885857939720154]], [[0.6648145318031311]], [[0.7334609627723694]], [[0.1057400032877922]], [[0.18131029605865479]], [[0.3373161852359772]], [[0.39764097332954407]], [[0.475978821516037]], [[0.5563686490058899]], [[0.5920810699462891]], [[0.6178527474403381]], [[0.6395323872566223]], [[0.6423680782318115]], [[0.6365100145339966]], [[0.6249086856842041]], [[0.6000956892967224]], [[0.5723338723182678]], [[0.539588451385498]], [[0.48959165811538696]], [[0.4555838704109192]], [[0.4195387661457062]], [[0.3742828369140625]], [[0.31926700472831726]], [[0.2703910768032074]], [[0.22054240107536316]], [[0.16933608055114746]], [[0.14361165463924408]], [[0.09124946594238281]], [[0.029695827513933182]], [[0.0010000000474974513]], [[0.0010000000474974513]], [[0.0010000000474974513]], [[0.0010000000474974513]], [[0.0010000000474974513]], [[0.0010000000474974513]], [[0.0010000000474974513]], [[0.0010000000474974513]], [[0.0010000000474974513]], [[0.0010000000474974513]], [[0.0010000000474974513]], [[0.0010000000474974513]], [[0.0010000000474974513]], [[0.0010000000474974513]], [[0.0010000000474974513]], [[0.0010000000474974513]], [[0.0010000000474974513]], [[0.0010000000474974513]], [[0.0010000000474974513]], [[0.0010000000474974513]], [[0.0010000000474974513]], [[0.0010000000474974513]], [[0.0010000000474974513]], [[0.0010000000474974513]], [[0.0010000000474974513]], [[0.0010000000474974513]], [[0.0010000000474974513]], [[0.05844400078058243]], [[0.0852520614862442]], [[0.09801631420850754]], [[0.1257626712322235]], [[0.15330711007118225]], [[0.16795149445533752]], [[0.18264085054397583]], [[0.1906089186668396]], [[0.20310719311237335]], [[0.20626357197761536]], [[0.2082696110010147]], [[0.20746926963329315]], [[0.2007412612438202]], [[0.19710910320281982]], [[0.18400877714157104]], [[0.17363889515399933]], [[0.1591266244649887]], [[0.12727029621601105]], [[0.1074828952550888]], [[0.08620376139879227]], [[0.05982635170221329]], [[0.047975413501262665]], [[0.027881959453225136]], [[0.0010000000474974513]], [[0.0010000000474974513]], [[0.0010000000474974513]], [[0.0010000000474974513]], [[0.0010000000474974513]], [[0.0010000000474974513]], [[0.0010000000474974513]], [[0.0010000000474974513]], [[0.0010000000474974513]], [[0.0010000000474974513]], [[0.0010000000474974513]], [[0.0010000000474974513]], [[0.0010000000474974513]], [[0.0010000000474974513]], [[0.0010000000474974513]], [[0.0010000000474974513]], [[0.0010000000474974513]], [[0.0010000000474974513]], 