{"vc": [[0.021600984036922455, 0.0, 0.0], [0.0, 0.0, 0.0], [0.04700446128845215, -0.05047539621591568, 0.050563275814056396], [0.25098228454589844, 0.0, 0.0], [0.0, 0.0, 0.0], [0.0, 0.0, 0.0], [0.0, 0.0012887860648334026, 0.0], [0.0, 0.0, 0.0], [0.0, 0.0, 0.0], [0.9494422674179077, 0.0, 0.0]], "true_y1": [[[0.4006600081920624]], [[52.56207275390625]], [[62.60669708251953]], [[93.545166015625]], [[124.12832641601562]], [[154.9425506591797]], [[164.53346252441406]], [[206.13320922851562]], [[237.12168884277344]], [[278.7785949707031]], [[309.91693115234375]], [[330.8639831542969]], [[351.73272705078125]], [[372.6994323730469]], [[425.705078125]], [[468.2898864746094]], [[511.1131286621094]], [[565.053466796875]], [[608.3796997070312]], [[707.6428833007812]], [[797.7804565429688]], [[866.603759765625]], [[972.9209594726562]], [[1021.5023803710938]], [[1108.6142578125]], [[1198.89306640625]], [[1238.614013671875]], [[1334.5128173828125]], [[1420.3536376953125]], [[1495.0465087890625]], [[1620.9339599609375]], [[1687.2115478515625]], [[1809.639404296875]], [[1882.9237060546875]], [[2020.086669921875]], [[2147.041015625]], [[2283.488037109375]], [[2405.6787109375]], [[2591.760009765625]], [[2829.13232421875]], [[2959.239990234375]], [[1.0533000230789185]], [[22.271991729736328]], [[36.396324157714844]], [[57.76424026489258]], [[79.04873657226562]], [[93.10840606689453]], [[114.61705780029297]], [[143.24490356445312]], [[164.64212036132812]], [[193.71023559570312]], [[200.74114990234375]], [[215.33596801757812]], [[259.06402587890625]], [[266.1935729980469]], [[295.45465087890625]], [[310.1265869140625]], [[332.2308044433594]], [[361.9519958496094]], [[406.67327880859375]], [[505.20953369140625]], [[535.8734741210938]], [[598.4987182617188]], [[646.193603515625]], [[694.9827270507812]], [[744.4969482421875]], [[786.711181640625]], [[838.6036376953125]], [[882.9071655273438]], [[946.7678833007812]], [[1003.2794189453125]], [[1394.78076171875]], [[1458.6319580078125]], [[1553.1502685546875]], [[1639.69921875]], [[1715.890625]], [[1830.3974609375]], [[1.104699969291687]], [[11.510232925415039]], [[27.297889709472656]], [[48.51604461669922]], [[53.657745361328125]], [[74.84303283691406]], [[85.31751251220703]], [[106.7018814086914]], [[117.23429107666016]], [[127.90692138671875]], [[149.3482666015625]], [[170.90292358398438]], [[181.7415008544922]], [[197.89459228515625]], [[208.65879821777344]], [[230.51417541503906]], [[252.33389282226562]], [[290.7578430175781]], [[301.7679443359375]], [[323.9516906738281]], [[351.8650207519531]], [[408.4650573730469]], [[442.8971252441406]], [[489.4696044921875]], [[513.2737426757812]], [[549.2166748046875]], [[598.062744140625]], [[629.4056396484375]], [[667.9143676757812]], [[713.755859375]], [[747.266845703125]], [[795.77587890625]], [[823.944091796875]], [[875.1220092773438]], [[897.7125854492188]], [[975.9885864257812]], [[1042.4375]], [[1121.9556884765625]], [[1168.6024169921875]], [[0.6033599972724915]], [[23.579517364501953]], [[37.28514862060547]], [[55.666805267333984]], [[64.77372741699219]], [[73.93224334716797]], [[92.29193878173828]], [[106.1063232421875]], [[119.915283203125]], [[133.7317657470703]], [[147.583740234375]], [[161.45651245117188]], [[170.7064971923828]], [[189.32229614257812]], [[203.236572265625]], [[226.63876342773438]], [[264.3003845214844]], [[283.24139404296875]], [[302.28375244140625]], [[326.2063903808594]], [[359.94140625]], [[384.25897216796875]], [[423.810302734375]], [[453.93804931640625]], [[469.0394287109375]], [[504.86865234375]], [[536.142822265625]], [[567.967041015625]], [[600.6004028320312]], [[628.2239379882812]], [[667.81982421875]], [[708.5587768554688]], [[738.398681640625]], [[781.8050537109375]], [[813.4315185546875]], [[839.5706787109375]], [[886.8648681640625]], [[936.1514892578125]], [[980.2756958007812]], [[1026.342529296875]], [[1066.3231201171875]], [[1107.896240234375]], [[1178.033203125]], [[1234.0701904296875]], [[1293.162841796875]], [[0.35506001114845276]], [[18.935426712036133]], [[33.825321197509766]], [[59.911598205566406]], [[82.17042541503906]], [[100.99668884277344]], [[123.43807220458984]], [[142.13572692871094]], [[172.28201293945312]], [[187.3107452392578]], [[210.1511993408203]], [[236.816650390625]], [[267.62249755859375]], [[279.1859130859375]], [[298.5787658691406]], [[318.10015869140625]], [[353.73004150390625]], [[377.74835205078125]], [[406.1603088378906]], [[422.6839904785156]], [[451.7713623046875]], [[481.455810546875]], [[494.33099365234375]], [[529.24755859375]], [[551.6550903320312]], [[579.0342407226562]], [[607.0889892578125]], [[635.7135620117188]], [[665.3199462890625]], [[695.52734375]], [[716.1978759765625]], [[759.1091918945312]], [[786.8661499023438]], [[827.0242919921875]], [[844.9972534179688]], [[900.5125122070312]], [[933.0447387695312]], [[966.4730224609375]], [[994.4569702148438]], [[1075.7633056640625]], [[1107.056396484375]], [[1148.0067138671875]], [[1208.4820556640625]], [[1263.6607666015625]], [[1312.375732421875]], [[1363.213134765625]], [[1451.035888671875]], [[1534.2327880859375]], [[1624.7222900390625]], [[1665.8778076171875]], [[1752.5809326171875]], [[1846.55419921875]], [[1966.0518798828125]], [[2058.82275390625]], [[2158.78271484375]], [[0.1057400032877922]], [[9.763773918151855]], [[31.548362731933594]], [[41.20397186279297]], [[55.70767593383789]], [[75.15182495117188]], [[87.19683074951172]], [[99.37690734863281]], [[118.86027526855469]], [[131.03953552246094]], [[145.69476318359375]], [[157.98963928222656]], [[175.25387573242188]], [[190.06092834472656]], [[204.95733642578125]], [[224.99981689453125]], [[237.5513153076172]], [[250.2498016357422]], [[265.5838623046875]], [[283.61285400390625]], [[299.2647399902344]], [[315.0092468261719]], [[331.0517883300781]], [[339.08636474609375]], [[355.4333801269531]], [[374.70489501953125]], [[391.5680847167969]], [[411.5755920410156]], [[426.1207275390625]], [[446.85357666015625]], [[455.9700012207031]], [[477.4258117675781]], [[499.4896545410156]], [[515.659423828125]], [[542.3216552734375]], [[555.9063110351562]], [[576.8677368164062]], [[598.4573364257812]], [[624.5299072265625]], [[647.66162109375]], [[663.563720703125]], [[704.8975219726562]], [[726.62646484375]], [[772.1295166015625]], [[776.8493041992188]], [[810.8572387695312]], [[868.1342163085938]], [[884.6028442382812]], [[930.4228515625]], [[966.8477172851562]], [[998.8160400390625]], [[1032.096435546875]], [[1088.6121826171875]], [[0.05844400078058243]], [[8.872282028198242]], [[13.276244163513184]], [[23.556930541992188]], [[35.319305419921875]], [[42.689510345458984]], [[51.535247802734375]], [[57.427833557128906]], [[70.68438720703125]], [[76.60248565673828]], [[86.95182800292969]], [[92.87262725830078]], [[106.24712371826172]], [[110.66170501708984]], [[122.65121459960938]], [[130.12411499023438]], [[139.1298065185547]], [[155.78355407714844]], [[164.91360473632812]], [[174.10604858398438]], [[184.88475036621094]], [[189.56565856933594]], [[197.33297729492188]], [[211.5007781982422]], [[221.02883911132812]], [[230.66358947753906]], [[240.37847900390625]], [[250.2279052734375]], [[260.1740417480469]], [[271.93218994140625]], [[277.021240234375]], [[290.80242919921875]], [[303.03900146484375]], [[311.93841552734375]], [[322.77777099609375]], [[331.9698486328125]], [[343.1464538574219]], [[356.4990539550781]], [[368.199951171875]], [[380.09234619140625]], [[390.25018310546875]], [[404.7738342285156]], [[428.461181640625]], [[441.8697204589844]], [[455.5931396484375]], [[474.516357421875]], [[481.85162353515625]], [[496.74993896484375]], [[512.1603393554688]], [[533.4371337890625]], [[541.6767578125]], [[561.4632568359375]]]}