{"vc": [[0.06096269562840462, 0.0, 0.0], [0.0, 0.0, 0.0], [0.06508223712444305, -0.051895953714847565, 0.05176442116498947], [0.3373572528362274, 0.0, 0.0], [0.0, 0.0, 0.0], [0.0, 0.0, 0.0], [0.0, 0.0008682218613103032, 0.0], [0.0, 0.0, 0.0], [0.0, 0.0, 0.0], [1.0376163721084595, 0.0, 0.0]], "true_y1": [[[0.4006600081920624]], [[57.5868034362793]], [[68.59903717041016]], [[102.5176010131836]], [[136.0457763671875]], [[169.82559204101562]], [[180.33905029296875]], [[225.9363555908203]], [[259.8971252441406]], [[305.53900146484375]], [[339.6456604003906]], [[362.5833435058594]], [[385.42950439453125]], [[408.37640380859375]], [[466.3536376953125]], [[512.8895263671875]], [[559.6387939453125]], [[618.4441528320312]], [[665.6022338867188]], [[773.3342895507812]], [[870.7064208984375]], [[944.702392578125]], [[1058.3115234375]], [[1109.9095458984375]], [[1201.883544921875]], [[1296.4012451171875]], [[1337.7132568359375]], [[1436.7269287109375]], [[1524.450439453125]], [[1600.0611572265625]], [[1725.940673828125]], [[1791.418701171875]], [[1910.9188232421875]], [[1981.5518798828125]], [[2111.962646484375]], [[2230.623779296875]], [[2356.026123046875]], [[2466.50927734375]], [[2631.594970703125]], [[2836.924072265625]], [[2947.10400390625]], [[1.0533000230789185]], [[24.33338737487793]], [[39.83015060424805]], [[63.274600982666016]], [[86.62760925292969]], [[102.05352020263672]], [[125.6517333984375]], [[157.05889892578125]], [[180.53118896484375]], [[212.41363525390625]], [[220.12425231933594]], [[236.1284637451172]], [[284.0638427734375]], [[291.876708984375]], [[323.93267822265625]], [[339.9994812011719]], [[364.195556640625]], [[396.7087707519531]], [[445.5779113769531]], [[552.9562377929688]], [[586.2671508789062]], [[654.1077270507812]], [[705.5784912109375]], [[758.0303344726562]], [[811.0325317382812]], [[856.0216064453125]], [[911.0540161132812]], [[957.7859497070312]], [[1024.71142578125]], [[1083.482177734375]], [[1477.7479248046875]], [[1539.8118896484375]], [[1630.5283203125]], [[1712.40087890625]], [[1783.547119140625]], [[1888.876708984375]], [[1.104699969291687]], [[12.528858184814453]], [[29.86237144470215]], [[53.158653259277344]], [[58.803993225097656]], [[82.0644302368164]], [[93.56478118896484]], [[117.04280090332031]], [[128.60580444335938]], [[140.3221893310547]], [[163.85816955566406]], [[187.51437377929688]], [[199.40765380859375]], [[217.12953186035156]], [[228.93678283691406]], [[252.903076171875]], [[276.81939697265625]], [[318.90240478515625]], [[330.9517517089844]], [[355.2148742675781]], [[385.71337890625]], [[447.4261474609375]], [[484.8666687011719]], [[535.361328125]], [[561.096435546875]], [[599.849609375]], [[652.2904052734375]], [[685.7905883789062]], [[726.7763061523438]], [[775.2991333007812]], [[810.5747680664062]], [[861.3289794921875]], [[890.6260986328125]], [[943.5131225585938]], [[966.714111328125]], [[1046.402099609375]], [[1113.173095703125]], [[1191.9991455078125]], [[1237.6904296875]], [[0.6033599972724915]], [[25.836246490478516]], [[40.88827896118164]], [[61.07574462890625]], [[71.07723999023438]], [[81.13526916503906]], [[101.29747009277344]], [[116.4671630859375]], [[131.6297149658203]], [[146.7989501953125]], [[162.0051727294922]], [[177.2317657470703]], [[187.3828125]], [[207.80735778808594]], [[223.0688018798828]], [[248.7256622314453]], [[289.97906494140625]], [[310.70538330078125]], [[331.5256652832031]], [[357.6544494628906]], [[394.4403991699219]], [[420.906982421875]], [[463.84918212890625]], [[496.4613952636719]], [[512.7725830078125]], [[551.368408203125]], [[584.9281616210938]], [[618.9431762695312]], [[653.6707763671875]], [[682.938720703125]], [[724.674072265625]], [[767.3314208984375]], [[798.3856201171875]], [[843.2583618164062]], [[875.7223510742188]], [[902.4032592773438]], [[950.3247680664062]], [[999.7734375]], [[1043.6116943359375]], [[1088.94287109375]], [[1127.9228515625]], [[1168.099853515625]], [[1235.0662841796875]], [[1287.8447265625]], [[1342.8162841796875]], [[0.35506001114845276]], [[20.77092742919922]], [[37.13189697265625]], [[65.79510498046875]], [[90.25133514404297]], [[110.9339370727539]], [[135.583740234375]], [[156.11610412597656]], [[189.2059326171875]], [[205.69329833984375]], [[230.7362060546875]], [[259.9459533691406]], [[293.6457824707031]], [[306.2806091308594]], [[327.44940185546875]], [[348.7291259765625]], [[387.48101806640625]], [[413.5312805175781]], [[444.2608947753906]], [[462.08551025390625]], [[493.371337890625]], [[525.1687622070312]], [[538.9164428710938]], [[576.0562744140625]], [[599.7744750976562]], [[628.6246337890625]], [[658.031005859375]], [[687.8651733398438]], [[718.5357666015625]], [[749.6267700195312]], [[770.781494140625]], [[814.37841796875]], [[842.3453369140625]], [[882.4779052734375]], [[900.3123779296875]], [[954.901611328125]], [[986.54150390625]], [[1018.7847290039062]], [[1045.5689697265625]], [[1122.3299560546875]], [[1151.4603271484375]], [[1189.24072265625]], [[1244.3448486328125]], [[1293.923828125]], [[1337.1568603515625]], [[1381.750732421875]], [[1457.57470703125]], [[1528.0482177734375]], [[1603.276611328125]], [[1637.0213623046875]], [[1707.1910400390625]], [[1781.8929443359375]], [[1874.96630859375]], [[1945.8228759765625]], [[2020.87451171875]], [[0.1057400032877922]], [[10.731684684753418]], [[34.699459075927734]], [[45.3224983215332]], [[61.278682708740234]], [[82.66761779785156]], [[95.9150619506836]], [[109.30850219726562]], [[130.72549438476562]], [[144.10757446289062]], [[160.20248413085938]], [[173.69740295410156]], [[192.63238525390625]], [[208.8566131591797]], [[225.1615447998047]], [[247.0673828125]], [[260.7646484375]], [[274.603759765625]], [[291.2878112792969]], [[310.8617858886719]], [[327.814208984375]], [[344.8251953125]], [[362.1117248535156]], [[370.7506103515625]], [[388.2863464355469]], [[408.885009765625]], [[426.8395080566406]], [[448.05206298828125]], [[463.4091491699219]], [[485.20184326171875]], [[494.746826171875]], [[517.117919921875]], [[539.9823608398438]], [[556.6456909179688]], [[583.9451904296875]], [[597.7684936523438]], [[618.9823608398438]], [[640.6834106445312]], [[666.6876831054688]], [[689.5718994140625]], [[705.2015991210938]], [[745.438232421875]], [[766.3658447265625]], [[809.6947631835938]], [[814.1509399414062]], [[846.0507202148438]], [[898.96240234375]], [[913.9907836914062]], [[955.3798828125]], [[987.8479614257812]], [[1016.035400390625]], [[1045.08154296875]], [[1093.7315673828125]], [[0.05844400078058243]], [[9.774942398071289]], [[14.629934310913086]], [[25.96343231201172]], [[38.92990493774414]], [[47.05409240722656]], [[56.803924560546875]], [[63.2980842590332]], [[77.9051742553711]], [[84.42455291748047]], [[95.82223510742188]], [[102.34063720703125]], [[117.05792236328125]], [[121.9132080078125]], [[135.0920867919922]], [[143.29998779296875]], [[153.18402099609375]], [[171.43728637695312]], [[181.42852783203125]], [[191.4752655029297]], [[203.23765563964844]], [[208.33921813964844]], [[216.795166015625]], [[232.18666076660156]], [[242.5121612548828]], [[252.9307403564453]], [[263.41156005859375]], [[274.0109558105469]], [[284.685791015625]], [[297.2662048339844]], [[302.6974182128906]], [[317.3617248535156]], [[330.3270263671875]], [[339.7223205566406]], [[351.12548828125]], [[360.76019287109375]], [[372.4299011230469]], [[386.3050231933594]], [[398.40277099609375]], [[410.63885498046875]], [[421.04180908203125]], [[435.8372802734375]], [[459.7662048339844]], [[473.1992492675781]], [[486.86309814453125]], [[505.56317138671875]], [[512.7679443359375]], [[527.3255615234375]], [[542.2771606445312]], [[562.74365234375]], [[570.61474609375]], [[589.3923950195312]]]}