{"vc": [[-0.0021474570967257023, -0.10787123441696167, 0.10768403112888336], [-0.038702771067619324, -2.312039613723755, 2.311948537826538], [0.0025896753650158644, -0.032910190522670746, 0.03284357115626335], [-0.009421160444617271, -0.035239238291978836, 0.03509918227791786], [-0.011175808496773243, 0.0076513634994626045, -0.0076563176698982716], [-0.0233631394803524, 0.02158137410879135, -0.02159513160586357], [-0.03192105516791344, 0.9526610374450684, -0.9527590870857239], [0.0008484176942147315, 0.0038992019835859537, -0.003911145962774754], [0.006984042003750801, 0.023470470681786537, -0.023472601547837257], [0.00243271142244339, 0.013388496823608875, -0.013443312607705593]], "true_y1": [[[0.4006600081920624]], [[0.48485302925109863]], [[0.501296877861023]], [[0.5520874261856079]], [[0.6021146178245544]], [[0.6518286466598511]], [[0.6670815944671631]], [[0.7315529584884644]], [[0.7773371338844299]], [[0.8351236581802368]], [[0.8751049637794495]], [[0.9003249406814575]], [[0.9240555763244629]], [[0.9464654922485352]], [[0.9966523051261902]], [[1.0303549766540527]], [[1.0585850477218628]], [[1.086700439453125]], [[1.1038951873779297]], [[1.1283317804336548]], [[1.1368129253387451]], [[1.1371749639511108]], [[1.1309504508972168]], [[1.1263113021850586]], [[1.1163444519042969]], [[1.10481858253479]], [[1.099595546722412]], [[1.0870108604431152]], [[1.0760879516601562]], [[1.0670199394226074]], [[1.0528520345687866]], [[1.0459901094436646]], [[1.0343875885009766]], [[1.0280790328979492]], [[1.0174463987350464]], [[1.008829951286316]], [[1.0007061958312988]], [[0.9942941665649414]], [[0.985846221446991]], [[0.9769362807273865]], [[0.9727683067321777]], [[1.0533000230789185]], [[1.062613606452942]], [[1.070694088935852]], [[1.0846909284591675]], [[1.0997278690338135]], [[1.1098116636276245]], [[1.1249407529830933]], [[1.1437039375305176]], [[1.1562339067459106]], [[1.1707890033721924]], [[1.1738550662994385]], [[1.1796420812606812]], [[1.1923649311065674]], [[1.1938058137893677]], [[1.1979877948760986]], [[1.1990989446640015]], [[1.1996400356292725]], [[1.1984409093856812]], [[1.1931562423706055]], [[1.1713923215866089]], [[1.1629009246826172]], [[1.1443408727645874]], [[1.1297401189804077]], [[1.1148536205291748]], [[1.1000995635986328]], [[1.0879597663879395]], [[1.0737195014953613]], [[1.062220811843872]], [[1.0467664003372192]], [[1.0341970920562744]], [[0.9713468551635742]], [[0.9643427729606628]], [[0.9551439881324768]], [[0.9477797150611877]], [[0.9420150518417358]], [[0.9344252943992615]], [[1.104699969291687]], [[1.1034183502197266]], [[1.1040985584259033]], [[1.1082518100738525]], [[1.109603762626648]], [[1.1158461570739746]], [[1.1190693378448486]], [[1.1253455877304077]], [[1.128124475479126]], [[1.1306511163711548]], [[1.1346955299377441]], [[1.1372331380844116]], [[1.1379112005233765]], [[1.1381882429122925]], [[1.1378998756408691]], [[1.1362173557281494]], [[1.133195161819458]], [[1.125119924545288]], [[1.1222659349441528]], [[1.1159242391586304]], [[1.1070307493209839]], [[1.0869567394256592]], [[1.0740611553192139]], [[1.0564712285995483]], [[1.0475819110870361]], [[1.0344460010528564]], [[1.0173561573028564]], [[1.0069427490234375]], [[0.9947953820228577]], [[0.9812963604927063]], [[0.9720907211303711]], [[0.9597315192222595]], [[0.9530601501464844]], [[0.9418364763259888]], [[0.9372312426567078]], [[0.9227856993675232]], [[0.9121749401092529]], [[0.9011825323104858]], [[0.8954851031303406]], [[0.6033599972724915]], [[0.6203557252883911]], [[0.6321352124214172]], [[0.6491527557373047]], [[0.6579115390777588]], [[0.6668403744697571]], [[0.6848486661911011]], [[0.6982769966125488]], [[0.7114216685295105]], [[0.7241681814193726]], [[0.7364382147789001]], [[0.7481356263160706]], [[0.7555761337280273]], [[0.7696213126182556]], [[0.7792765498161316]], [[0.7938543558120728]], [[0.8130056858062744]], [[0.8207312226295471]], [[0.8273084163665771]], [[0.8340145349502563]], [[0.8408595323562622]], [[0.8441590666770935]], [[0.8471282124519348]], [[0.8477819561958313]], [[0.8476871848106384]], [[0.8465555906295776]], [[0.8447475433349609]], [[0.8423383831977844]], [[0.8394480347633362]], [[0.8367772698402405]], [[0.8327374458312988]], [[0.828468918800354]], [[0.8253427743911743]], [[0.8208755254745483]], [[0.8177182674407959]], [[0.8151869177818298]], [[0.8108099699020386]], [[0.8065466284751892]], [[0.8029938340187073]], [[0.7995463013648987]], [[0.7967627644538879]], [[0.7940633893013]], [[0.789927065372467]], [[0.7869651317596436]], [[0.7841359972953796]], [[0.35506001114845276]], [[0.37380021810531616]], [[0.3899890184402466]], [[0.4200022220611572]], [[0.4464583694934845]], [[0.46889743208885193]], [[0.49519822001457214]], [[0.5164000391960144]], [[0.5486195683479309]], [[0.5635926127433777]], [[0.5847939252853394]], [[0.6070473790168762]], [[0.6293566823005676]], [[0.6368085741996765]], [[0.6482203602790833]], [[0.6583963632583618]], [[0.6738581657409668]], [[0.6822516918182373]], [[0.6903529167175293]], [[0.6942610144615173]], [[0.6998994946479797]], [[0.7042597532272339]], [[0.7057780027389526]], [[0.7089470624923706]], [[0.7103654146194458]], [[0.7115724682807922]], [[0.7123209238052368]], [[0.7126808762550354]], [[0.7127189040184021]], [[0.7124900221824646]], [[0.7122133374214172]], [[0.711412787437439]], [[0.7107793688774109]], [[0.7097630500793457]], [[0.7092836499214172]], [[0.7077590823173523]], [[0.7068595886230469]], [[0.7059460878372192]], [[0.7051960825920105]], [[0.7031236290931702]], [[0.7023749947547913]], [[0.7014392018318176]], [[0.700148344039917]], [[0.6990626454353333]], [[0.6981733441352844]], [[0.6973100900650024]], [[0.6959609985351562]], [[0.6948304772377014]], [[0.6937412619590759]], [[0.6932885646820068]], [[0.6924117803573608]], [[0.691565215587616]], [[0.6906202435493469]], [[0.6899723410606384]], [[0.689345121383667]], [[0.1057400032877922]], [[0.11723898351192474]], [[0.14366289973258972]], [[0.15556415915489197]], [[0.17361187934875488]], [[0.1980191469192505]], [[0.21318361163139343]], [[0.22849048674106598]], [[0.25277864933013916]], [[0.26774972677230835]], [[0.2854544520378113]], [[0.2999827563762665]], [[0.3197803497314453]], [[0.33611446619033813]], [[0.351874440908432]], [[0.3719214200973511]], [[0.3837619721889496]], [[0.3951636850833893]], [[0.4081474542617798]], [[0.42231541872024536]], [[0.4336671233177185]], [[0.444221556186676]], [[0.4541177749633789]], [[0.4587613046169281]], [[0.4675940275192261]], [[0.4770068824291229]], [[0.4844210147857666]], [[0.4923074543476105]], [[0.4974732995033264]], [[0.5040902495384216]], [[0.5067446231842041]], [[0.5124359726905823]], [[0.5175570845603943]], [[0.5208943486213684]], [[0.5257278680801392]], [[0.5279068946838379]], [[0.5309404730796814]], [[0.5336958765983582]], [[0.5365936160087585]], [[0.5388271808624268]], [[0.5402030944824219]], [[0.5432671308517456]], [[0.5446268916130066]], [[0.5470274686813354]], [[0.5472466349601746]], [[0.5486859679222107]], [[0.5506479144096375]], [[0.5511248111724854]], [[0.5522875189781189]], [[0.553067147731781]], [[0.5536648631095886]], [[0.554214596748352]], [[0.5550086498260498]], [[0.05844400078058243]], [[0.06668301671743393]], [[0.07084108144044876]], [[0.08065592497587204]], [[0.09206749498844147]], [[0.09931162744760513]], [[0.1080930158495903]], [[0.11399010568857193]], [[0.1273711919784546]], [[0.13338488340377808]], [[0.1439388394355774]], [[0.1499878466129303]], [[0.16364267468452454]], [[0.1681370586156845]], [[0.18027950823307037]], [[0.18778157234191895]], [[0.1967320591211319]], [[0.21295009553432465]], [[0.22161757946014404]], [[0.2301580309867859]], [[0.2399096041917801]], [[0.24404995143413544]], [[0.2507871389389038]], [[0.2626270651817322]], [[0.27024906873703003]], [[0.27766895294189453]], [[0.2848529517650604]], [[0.2918289303779602]], [[0.298559308052063]], [[0.3061121106147766]], [[0.30924713611602783]], [[0.31733909249305725]], [[0.3240503668785095]], [[0.3286615312099457]], 