{"vc": [[-0.022811362519860268, -0.13342878222465515, 0.1331414133310318], [-0.1021590530872345, -2.369927406311035, 2.3695666790008545], [-0.011677530594170094, -0.03942247852683067, 0.039176248013973236], [-0.011553020216524601, -0.06893406808376312, 0.06885803490877151], [-0.03532443568110466, 0.002524652983993292, -0.0025803835596889257], [-0.035856667906045914, 0.02064480446279049, -0.020864909514784813], [-0.11209910362958908, 0.7882123589515686, -0.788603663444519], [0.0007906404207460582, 0.003871390363201499, -0.0040662107057869434], [0.02945614419877529, 0.03988220542669296, -0.04005469009280205], [-0.004757530987262726, 0.031138848513364792, -0.03092268854379654]], "true_y1": [[[0.4006600081920624]], [[0.18620149791240692]], [[0.1703721582889557]], [[0.15681329369544983]], [[0.18364650011062622]], [[0.23975157737731934]], [[0.26180562376976013]], [[0.37587594985961914]], [[0.47427433729171753]], [[0.615020751953125]], [[0.7210769057273865]], [[0.7907934188842773]], [[0.8578854203224182]], [[0.9221518635749817]], [[1.0667239427566528]], [[1.1612768173217773]], [[1.2358304262161255]], [[1.3016431331634521]], [[1.3341981172561646]], [[1.3552277088165283]], [[1.3307809829711914]], [[1.2962852716445923]], [[1.2302632331848145]], [[1.1981656551361084]], [[1.1408287286758423]], [[1.0840001106262207]], [[1.0602349042892456]], [[1.0064131021499634]], [[0.9626092314720154]], [[0.9277477264404297]], [[0.8752878904342651]], [[0.8505368828773499]], [[0.8093509078025818]], [[0.7871902585029602]], [[0.7499962449073792]], [[0.7198107242584229]], [[0.6911331415176392]], [[0.6682279109954834]], [[0.6374961137771606]], [[0.6041054725646973]], [[0.5880255699157715]], [[1.0533000230789185]], [[0.8890060782432556]], [[0.8264367580413818]], [[0.7803115844726562]], [[0.7746877670288086]], [[0.7861132025718689]], [[0.8192535638809204]], [[0.8810551166534424]], [[0.9332984089851379]], [[1.0050197839736938]], [[1.0218170881271362]], [[1.0554507970809937]], [[1.1426321268081665]], [[1.1545886993408203]], [[1.1965364217758179]], [[1.2132704257965088]], [[1.2332552671432495]], [[1.2509057521820068]], [[1.2602537870407104]], [[1.2295557260513306]], [[1.2113357782363892]], [[1.1677097082138062]], [[1.1316914558410645]], [[1.0944029092788696]], [[1.0573325157165527]], [[1.0269273519515991]], [[0.9914881587028503]], [[0.9630962610244751]], [[0.9252772927284241]], [[0.8947977423667908]], [[0.7440450191497803]], [[0.7272212505340576]], [[0.7048965096473694]], [[0.6867765188217163]], [[0.672395646572113]], [[0.6531311869621277]], [[1.104699969291687]], [[1.0016101598739624]], [[0.8999419212341309]], [[0.8337863683700562]], [[0.8263407945632935]], [[0.8197250962257385]], [[0.8270044326782227]], [[0.8552290201187134]], [[0.873323380947113]], [[0.8932191729545593]], [[0.9351015090942383]], [[0.9762668609619141]], [[0.9956687092781067]], [[1.0222902297973633]], [[1.038281798362732]], [[1.0660505294799805]], [[1.0873240232467651]], [[1.1098580360412598]], [[1.113137125968933]], [[1.1160058975219727]], [[1.113498330116272]], [[1.0930132865905762]], [[1.0739943981170654]], [[1.0440752506256104]], [[1.027840256690979]], [[1.0029723644256592]], [[0.9696313738822937]], [[0.9490094780921936]], [[0.924818217754364]], [[0.8978937864303589]], [[0.8795636296272278]], [[0.8550422191619873]], [[0.8418605923652649]], [[0.8197824358940125]], [[0.8107602596282959]], [[0.7825922966003418]], [[0.7620121836662292]], [[0.7407551407814026]], [[0.7297467589378357]], [[0.6033599972724915]], [[0.4533078074455261]], [[0.40819790959358215]], [[0.38247889280319214]], [[0.38081032037734985]], [[0.3848702907562256]], [[0.406497597694397]], [[0.4315697252750397]], [[0.4618372619152069]], [[0.4956381320953369]], [[0.5316585898399353]], [[0.5687137246131897]], [[0.5934873223304749]], [[0.642439067363739]], [[0.677495002746582]], [[0.7320770621299744]], [[0.8054724335670471]], [[0.8350397944450378]], [[0.8598389029502869]], [[0.8843647241592407]], [[0.9077118039131165]], [[0.9175766706466675]], [[0.9237467050552368]], [[0.9221662878990173]], [[0.9198271632194519]], [[0.911200225353241]], [[0.90114426612854]], [[0.8894200325012207]], [[0.8765369057655334]], [[0.8653464913368225]], [[0.8493356108665466]], [[0.8333315253257751]], [[0.8220925331115723]], [[0.8066300749778748]], [[0.7960771322250366]], [[0.7878188490867615]], [[0.773928701877594]], [[0.7608329057693481]], [[0.7502181529998779]], [[0.7401576042175293]], [[0.7321957945823669]], [[0.7246040105819702]], [[0.7132022976875305]], [[0.7051982879638672]], [[0.6976693272590637]], [[0.35506001114845276]], [[0.240144744515419]], [[0.18961334228515625]], [[0.1593848168849945]], [[0.17229890823364258]], [[0.20119301974773407]], [[0.24965964257717133]], [[0.29731911420822144]], [[0.38052594661712646]], [[0.4224953353404999]], [[0.484347403049469]], [[0.550967276096344]], [[0.6176095008850098]], [[0.6394153833389282]], [[0.6719420552253723]], [[0.6996568441390991]], [[0.7381405234336853]], [[0.7562806606292725]], [[0.7709695100784302]], [[0.7766693234443665]], [[0.7825747132301331]], [[0.7843052744865417]], [[0.7840033173561096]], [[0.7807863354682922]], [[0.777340292930603]], [[0.7721421718597412]], [[0.7660747766494751]], [[0.7594435214996338]], [[0.7523837685585022]], [[0.7451752424240112]], [[0.74031662940979]], [[0.7305757403373718]], [[0.7245908379554749]], [[0.7164323329925537]], [[0.7129800915718079]], [[0.7030931711196899]], [[0.6978275775909424]], [[0.692799985408783]], [[0.6888726353645325]], [[0.6787745952606201]], [[0.6753539443016052]], [[0.671221137046814]], [[0.6657531261444092]], [[0.661340594291687]], [[0.6578407883644104]], [[0.6545343399047852]], [[0.6495321989059448]], [[0.6454833745956421]], [[0.6416963934898376]], [[0.6401535272598267]], [[0.6372147798538208]], [[0.6344367861747742]], [[0.6314015984535217]], [[0.6293590664863586]], [[0.6274105906486511]], [[0.1057400032877922]], [[0.046030547469854355]], [[-0.03426789864897728]], [[-0.052635714411735535]], [[-0.06610134989023209]], [[-0.06414772570133209]], [[-0.05429184436798096]], [[-0.039111845195293427]], [[-0.00628117099404335]], [[0.018390970304608345]], [[0.0512334406375885]], [[0.0807722955942154]], [[0.12424874305725098]], [[0.16249202191829681]], [[0.20104341208934784]], [[0.25183767080307007]], [[0.2824475169181824]], [[0.3121244013309479]], [[0.3459046483039856]], [[0.3823775351047516]], [[0.4109940528869629]], [[0.4368515610694885]], [[0.46021026372909546]], [[0.4708080589771271]], [[0.4902057945728302]], [[0.5095889568328857]], [[0.5237472057342529]], [[0.5375505685806274]], [[0.5457925200462341]], [[0.5552999973297119]], [[0.5587496757507324]], [[0.565367579460144]], [[0.5703221559524536]], [[0.5729835629463196]], [[0.5759530663490295]], [[0.5769167542457581]], [[0.5778312087059021]], [[0.5781936049461365]], [[0.5780441164970398]], [[0.5775192975997925]], [[0.5770019888877869]], [[0.5752612352371216]], [[0.5742018222808838]], [[0.5718409419059753]], [[0.5715914964675903]], [[0.5697983503341675]], [[0.5668772459030151]], [[0.5660744905471802]], [[0.5639466047286987]], [[0.5623718500137329]], [[0.5610756874084473]], [[0.5598095655441284]], [[0.5578433871269226]], [[0.05844400078058243]], [[0.0019214600324630737]], [[-0.020319489762187004]], [[-0.06005067378282547]], [[-0.08926890045404434]], [[-0.10084816068410873]], [[-0.10936389863491058]], [[-0.11231058090925217]], [[-0.11247628182172775]], [[-0.11013412475585938]], [[-0.10309901833534241]], [[-0.09761416167020798]], [[-0.08195929229259491]], [[-0.07593096047639847]], [[-0.05775760859251022]], [[-0.04528333619236946]], [[-0.029284510761499405]], [[0.0024605058133602142]], [[0.0207170769572258]], [[0.039481453597545624]], [[0.06174612045288086]], [[0.07144180685281754]], [[0.08749312162399292]], [[0.11640352010726929]], [[0.13538606464862823]], [[0.15405896306037903]], [[0.1722477674484253]], [[0.18994154036045074]], [[0.20697250962257385]], [[0.2259497344493866]], [[0.23376120626926422]], [[0.25367265939712524]], 