{"vc": [[-0.01517742034047842, 0.0, 0.0], [0.0, -2.260678768157959, 2.261268138885498], [-0.017757873982191086, 0.05585559457540512, -0.05630318447947502], [-0.010880855843424797, 0.0, 0.0], [0.0, 0.0, 0.0], [0.0, 0.0, 0.0], [0.0, 1.0347613096237183, -1.0344336032867432], [0.0, 0.0, 0.0], [0.0, 0.0, 0.0], [0.008236484602093697, -2.7084492981721553e-10, 0.0]], "true_y1": [[[0.4006600081920624]], [[0.7830185294151306]], [[0.8483788967132568]], [[1.0303140878677368]], [[1.180711030960083]], [[1.3036224842071533]], [[1.336388111114502]], [[1.4515371322631836]], [[1.5125380754470825]], [[1.567973256111145]], [[1.5936012268066406]], [[1.6047534942626953]], [[1.6117911338806152]], [[1.6153571605682373]], [[1.6119589805603027]], [[1.5995758771896362]], [[1.5810118913650513]], [[1.551457166671753]], [[1.5242029428482056]], [[1.4544739723205566]], [[1.3863543272018433]], [[1.3330286741256714]], [[1.2502377033233643]], [[1.2126524448394775]], [[1.1461299657821655]], [[1.0787951946258545]], [[1.0497848987579346]], [[0.9814738631248474]], [[0.9225412011146545]], [[0.8730422258377075]], [[0.7934413552284241]], [[0.753462016582489]], [[0.683048665523529]], [[0.6429774165153503]], [[0.5719761848449707]], [[0.5106553435325623]], [[0.44912517070770264]], [[0.39758431911468506]], [[0.3249751329421997]], [[0.24150186777114868]], [[0.19959695637226105]], [[1.0533000230789185]], [[1.2007594108581543]], [[1.2832800149917603]], [[1.386257290840149]], [[1.4655801057815552]], [[1.5069562196731567]], [[1.5558594465255737]], [[1.5988705158233643]], [[1.6180775165557861]], [[1.630737543106079]], [[1.631913423538208]], [[1.6324058771133423]], [[1.6213552951812744]], [[1.6181483268737793]], [[1.6018974781036377]], [[1.5921854972839355]], [[1.5759905576705933]], [[1.5518547296524048]], [[1.5118529796600342]], [[1.4148679971694946]], [[1.3834015130996704]], [[1.3184103965759277]], [[1.268749475479126]], [[1.2181644439697266]], [[1.1673014163970947]], [[1.124462604522705]], [[1.0726138353347778]], [[1.0291545391082764]], [[0.9679606556892395]], [[0.9153434634208679]], [[0.5936367511749268]], [[0.5482120513916016]], [[0.48434343934059143]], [[0.42921894788742065]], [[0.38319820165634155]], [[0.3181586265563965]], [[1.104699969291687]], [[1.17706298828125]], [[1.2693411111831665]], [[1.3638336658477783]], [[1.3822544813156128]], [[1.4425783157348633]], [[1.4643628597259521]], [[1.495539903640747]], [[1.5054208040237427]], [[1.512380599975586]], [[1.518661379814148]], [[1.516796588897705]], [[1.513429880142212]], [[1.5059845447540283]], [[1.4996569156646729]], [[1.484088659286499]], [[1.4656612873077393]], [[1.428236722946167]], [[1.4166486263275146]], [[1.3924381732940674]], [[1.3607054948806763]], [[1.2936100959777832]], [[1.251795768737793]], [[1.1947884559631348]], [[1.1656289100646973]], [[1.1217467784881592]], [[1.062657117843628]], [[1.0252078771591187]], [[0.9798122644424438]], [[0.9267840385437012]], [[0.888785719871521]], [[0.8350149989128113]], [[0.8044921159744263]], [[0.750401496887207]], [[0.7270961999893188]], [[0.6490874290466309]], [[0.5862103700637817]], [[0.5149386525154114]], [[0.4750896692276001]], [[0.6033599972724915]], [[0.75823974609375]], [[0.8357448577880859]], [[0.9227238893508911]], [[0.9590234756469727]], [[0.9913067817687988]], [[1.0443600416183472]], [[1.0751328468322754]], [[1.09908926486969]], [[1.1171334981918335]], [[1.130084753036499]], [[1.1386253833770752]], [[1.142176628112793]], [[1.14488685131073]], [[1.1436142921447754]], [[1.136345386505127]], [[1.11448073387146]], [[1.1000075340270996]], [[1.0837113857269287]], [[1.061279296875]], [[1.0268744230270386]], [[1.0006155967712402]], [[0.9561594724655151]], [[0.921349048614502]], [[0.9037078022956848]], [[0.8615643382072449]], [[0.8246580958366394]], [[0.7871828675270081]], [[0.7489945292472839]], [[0.7169538736343384]], [[0.6716138124465942]], [[0.6258243322372437]], [[0.5929085612297058]], [[0.5460509061813354]], [[0.5127145051956177]], [[0.4856923222541809]], [[0.43804794549942017]], [[0.3901289403438568]], [[0.3487328886985779]], [[0.30701687932014465]], [[0.27203643321990967]], [[0.2368432730436325]], [[0.18011200428009033]], [[0.1370742917060852]], [[0.09378387778997421]], [[0.35506001114845276]], [[0.4833725392818451]], [[0.5741362571716309]], [[0.7051987648010254]], [[0.7895424962043762]], [[0.8430519700050354]], [[0.8885307312011719]], [[0.9137054085731506]], [[0.9351370334625244]], [[0.9388231039047241]], [[0.9375473260879517]], [[0.9278600215911865]], [[0.9086161255836487]], [[0.8996992707252502]], [[0.8831216096878052]], [[0.8647485971450806]], [[0.8279645442962646]], [[0.8014562726020813]], [[0.7688928246498108]], [[0.7495253682136536]], [[0.7149258255958557]], [[0.6792266368865967]], [[0.6636884808540344]], [[0.6215644478797913]], [[0.5946447849273682]], [[0.5619802474975586]], [[0.5288598537445068]], [[0.4955141246318817]], [[0.4615707993507385]], [[0.42756980657577515]], [[0.40469491481781006]], [[0.3582759499549866]], [[0.3290436267852783]], [[0.2878798246383667]], [[0.2698925733566284]], [[0.21603360772132874]], [[0.1856551170349121]], [[0.15533486008644104]], [[0.130637526512146]], [[0.062302835285663605]], [[0.03730856627225876]], [[0.005648959428071976]], [[-0.03902101889252663]], [[-0.07771512120962143]], [[-0.1103237122297287]], [[-0.14287370443344116]], [[-0.1957390308380127]], [[-0.24212238192558289]], [[-0.2887430191040039]], [[-0.3086860775947571]], [[-0.34821924567222595]], [[-0.387382835149765]], [[-0.4318123459815979]], [[-0.4622332751750946]], [[-0.4910585582256317]], [[0.1057400032877922]], [[0.172628253698349]], [[0.3127649426460266]], [[0.36847102642059326]], [[0.44336265325546265]], [[0.5262826085090637]], [[0.5677001476287842]], [[0.6022907495498657]], [[0.64382004737854]], [[0.6621783971786499]], [[0.6776390671730042]], [[0.6857799291610718]], [[0.6909641623497009]], [[0.6905693411827087]], [[0.6864808797836304]], [[0.6762696504592896]], [[0.6676445603370667]], [[0.6574928760528564]], [[0.6436423063278198]], [[0.6255519986152649]], [[0.6085891723632812]], [[0.5905982851982117]], [[0.5715144276618958]], [[0.5617265701293945]], [[0.5414368510246277]], [[0.5170254707336426]], [[0.4953685998916626]], [[0.46946486830711365]], [[0.45056864619255066]], [[0.4236401319503784]], [[0.4118272364139557]], [[0.3841518461704254]], [[0.3559514284133911]], [[0.335496187210083]], [[0.3022296726703644]], [[0.2855246663093567]], [[0.2600986659526825]], [[0.2343779355287552]], [[0.20397618412971497]], [[0.17762471735477448]], [[0.15985290706157684]], [[0.11497613787651062]], [[0.09214452654123306]], [[0.046000685542821884]], [[0.04134160280227661]], [[0.008461084216833115]], [[-0.04426146671175957]], [[-0.058826666325330734]], [[-0.09801550209522247]], [[-0.12781809270381927]], [[-0.1530291885137558]], [[-0.1783694624900818]], [[-0.2193678617477417]], [[0.05844400078058243]], [[0.11514580249786377]], [[0.14272037148475647]], [[0.20431746542453766]], [[0.26875388622283936]], [[0.30526822805404663]], [[0.3448258638381958]], [[0.368519127368927]], [[0.41406479477882385]], [[0.43102455139160156]], [[0.4559631943702698]], [[0.4676869213581085]], [[0.4879840612411499]], [[0.49296048283576965]], [[0.5026566386222839]], [[0.5061571598052979]], [[0.5081021189689636]], [[0.5061148405075073]], [[0.5024415850639343]], [[0.4972020983695984]], [[0.48936814069747925]], [[0.4854683578014374]], [[0.47841113805770874]], [[0.4639088213443756]], [[0.4531629979610443]], [[0.44162750244140625]], [[0.4294220805168152]], [[0.41655614972114563]], [[0.4031487703323364]], [[0.38686516880989075]], [[0.3796979784965515]], [[0.360005646944046]], [[0.3422583043575287]], [[0.3292452394962311]], [[0.3133190870285034]], [[0.299777090549469]], [[0.2833012640476227]], [[0.26364919543266296]], [[0.24649402499198914]], [[0.2291523665189743]], [[0.2144344598054886]], [[0.19356946647167206]], [[0.16006366908550262]], [[0.14141812920570374]], [[0.1225927546620369]], [[0.09708110988140106]], [[0.08733478933572769]], 