{"vc": [[-0.06493116170167923, 0.0, 0.0], [0.0, -1.2177326679229736, 1.2185395956039429], [-0.016565915197134018, 0.07098796963691711, -0.07105092704296112], [-0.21210543811321259, 0.0, 0.0], [0.0, 0.0, 0.0], [0.0, 0.0, 0.0], [0.0, 0.49472877383232117, -0.49473121762275696], [0.0, 0.0, 0.0], [0.0, 0.0, 0.0], [0.03829161077737808, 0.0, 0.0]], "true_y1": [[[0.4006600081920624]], [[1.7880982160568237]], [[2.0228958129882812]], [[2.659031867980957]], [[3.1532840728759766]], [[3.524050712585449]], [[3.616199493408203]], [[3.909985065460205]], [[4.039710998535156]], [[4.130851745605469]], [[4.155693531036377]], [[4.157796859741211]], [[4.151096343994141]], [[4.137463092803955]], [[4.0817341804504395]], [[4.023240089416504]], [[3.9577667713165283]], [[3.8704516887664795]], [[3.798614501953125]], [[3.633632183074951]], [[3.486720561981201]], [[3.3774683475494385]], [[3.2143893241882324]], [[3.14229416847229]], [[3.0169570446014404]], [[2.892500400543213]], [[2.839515209197998]], [[2.716078996658325]], [[2.610954761505127]], [[2.523561716079712]], [[2.384665012359619]], [[2.315650224685669]], [[2.1953036785125732]], [[2.1275086402893066]], [[2.008645534515381]], [[1.9073280096054077]], [[1.806968092918396]], [[1.7239525318145752]], [[1.6087154150009155]], [[1.4788674116134644]], [[1.4148073196411133]], [[1.0533000230789185]], [[1.5703990459442139]], [[1.8762913942337036]], [[2.274061918258667]], [[2.5917882919311523]], [[2.7610929012298584]], [[2.9642529487609863]], [[3.146589756011963]], [[3.2309813499450684]], [[3.2928640842437744]], [[3.3006370067596436]], [[3.309593915939331]], [[3.292606830596924]], [[3.285227060317993]], [[3.2457311153411865]], [[3.2215676307678223]], [[3.1812217235565186]], [[3.121649980545044]], [[3.0251758098602295]], [[2.802842378616333]], [[2.733626365661621]], [[2.5943050384521484]], [[2.4906439781188965]], [[2.387148857116699]], [[2.2849390506744385]], [[2.2001395225524902]], [[2.098933219909668]], [[2.015223264694214]], [[1.8989841938018799]], [[1.8005038499832153]], [[1.2282135486602783]], [[1.1519421339035034]], [[1.0469236373901367]], [[0.9585365653038025]], [[0.886480450630188]], [[0.7875769138336182]], [[1.104699969291687]], [[1.338733434677124]], [[1.6563103199005127]], [[2.0068533420562744]], [[2.078641891479492]], [[2.323573589324951]], [[2.416818857192993]], [[2.5582010746002197]], [[2.60703706741333]], [[2.6447060108184814]], [[2.690408706665039]], [[2.704723596572876]], [[2.702706813812256]], [[2.6907458305358887]], [[2.6778757572174072]], [[2.6424057483673096]], [[2.5976521968841553]], [[2.5043864250183105]], [[2.4754412174224854]], [[2.4152393341064453]], [[2.337157964706421]], [[2.1757476329803467]], [[2.0776805877685547]], [[1.9468737840652466]], [[1.8811577558517456]], [[1.783669114112854]], [[1.654888391494751]], [[1.5746639966964722]], [[1.47880220413208]], [[1.3686978816986084]], [[1.291032075881958]], [[1.1829005479812622]], [[1.1224626302719116]], [[1.0170984268188477]], [[0.9724133610725403]], [[0.8261748552322388]], [[0.712367594242096]], [[0.588330090045929]], [[0.5215500593185425]], [[0.6033599972724915]], [[1.0807563066482544]], [[1.3288612365722656]], [[1.6115548610687256]], [[1.7298301458358765]], [[1.8345451354980469]], [[2.0039854049682617]], [[2.0991933345794678]], [[2.170266628265381]], [[2.220595359802246]], [[2.253364324569702]], [[2.2713370323181152]], [[2.2763471603393555]], [[2.272541046142578]], [[2.2598135471343994]], [[2.224027633666992]], [[2.140622138977051]], [[2.090925931930542]], [[2.037627935409546]], [[1.967440128326416]], [[1.8648523092269897]], [[1.7896302938461304]], [[1.6668893098831177]], [[1.5740386247634888]], [[1.5279088020324707]], [[1.419916033744812]], [[1.3276287317276]], [[1.23587167263031]], [[1.144232988357544]], [[1.0687164068222046]], [[0.9639062285423279]], [[0.8604492545127869]], [[0.7875651121139526]], [[0.6860001087188721]], [[0.6153643727302551]], [[0.5591419339179993]], [[0.46239858865737915]], [[0.3684072196483612]], [[0.290147066116333]], [[0.21432512998580933]], [[0.15333911776542664]], [[0.09461025893688202]], [[0.006159275770187378]], [[-0.055143989622592926]], [[-0.11104343086481094]], [[0.35506001114845276]], [[0.7145931720733643]], [[0.9730931520462036]], [[1.34320068359375]], [[1.5702788829803467]], [[1.7031161785125732]], [[1.801474928855896]], [[1.8432337045669556]], [[1.8536922931671143]], [[1.8395498991012573]], [[1.800638198852539]], [[1.736257791519165]], [[1.6455422639846802]], [[1.6084964275360107]], [[1.5438920259475708]], [[1.4766335487365723]], [[1.350660800933838]], [[1.2647861242294312]], [[1.163322925567627]], [[1.104682445526123]], [[1.0025527477264404]], [[0.9002124667167664]], [[0.856521725654602]], [[0.7404316067695618]], [[0.6679288148880005]], [[0.5816221237182617]], [[0.4959297478199005]], [[0.41149255633354187]], [[0.3274652063846588]], [[0.24530993402004242]], [[0.19122692942619324]], [[0.08462914079427719]], [[0.019844718277454376]], [[-0.0679568350315094]], [[-0.10494615882635117]], [[-0.2100181132555008]], [[-0.2650368809700012]], [[-0.31643566489219666]], [[-0.355410099029541]], [[-0.44733840227127075]], [[-0.4741593897342682]], [[-0.5020042657852173]], [[-0.5280741453170776]], [[-0.5363354682922363]], [[-0.5315908789634705]], [[-0.5150436758995056]], [[-0.46048787236213684]], [[-0.38208919763565063]], [[-0.27320653200149536]], [[-0.21742810308933258]], [[-0.09116153419017792]], [[0.053105950355529785]], [[0.23708857595920563]], [[0.3739079535007477]], [[0.5111533403396606]], [[0.1057400032877922]], [[0.2515244781970978]], [[0.5551246404647827]], [[0.6727913618087769]], [[0.8251829147338867]], [[0.98051917552948]], [[1.049115777015686]], [[1.0986506938934326]], [[1.1414562463760376]], [[1.1488641500473022]], [[1.1416246891021729]], [[1.1242462396621704]], [[1.0859116315841675]], [[1.0427839756011963]], [[0.9920388460159302]], [[0.9150065183639526]], [[0.862923800945282]], [[0.807977557182312]], [[0.7393278479576111]], [[0.6563174724578857]], [[0.5829262137413025]], [[0.5083728432655334]], [[0.43206411600112915]], [[0.39382362365722656]], [[0.31616145372390747]], [[0.22514042258262634]], [[0.14623035490512848]], [[0.05377469211816788]], [[-0.012500211596488953]], [[-0.10541585832834244]], [[-0.14564552903175354]], [[-0.23870143294334412]], [[-0.3318619430065155]], [[-0.398405522108078]], [[-0.5047522187232971]], [[-0.5572491884231567]], [[-0.6359173059463501]], [[-0.7138585448265076]], [[-0.8035954236984253]], [[-0.8789611458778381]], [[-0.9283217191696167]], [[-1.0465283393859863]], [[-1.1023027896881104]], [[-1.202889084815979]], [[-1.2119426727294922]], [[-1.2685660123825073]], [[-1.3246471881866455]], [[-1.3301752805709839]], [[-1.3165053129196167]], [[-1.2716833353042603]], [[-1.2051241397857666]], [[-1.1075571775436401]], [[-0.8766657114028931]], [[0.05844400078058243]], [[0.12818890810012817]], [[0.16193105280399323]], [[0.2364787459373474]], [[0.31230297684669495]], [[0.35359835624694824]], [[0.3961324691772461]], [[0.4200116693973541]], [[0.46045687794685364]], [[0.4726375937461853]], [[0.48555779457092285]], [[0.48837417364120483]], [[0.4834435284137726]], [[0.4786393940448761]], [[0.458487331867218]], [[0.4411773681640625]], [[0.4160664975643158]], [[0.3592527210712433]], [[0.3233753442764282]], [[0.2845066487789154]], [[0.23602208495140076]], [[0.21414443850517273]], [[0.17692211270332336]], [[0.10666495561599731]], [[0.058159515261650085]], [[0.008439678698778152]], [[-0.042096562683582306]], [[-0.09348106384277344]], [[-0.145271897315979]], [[-0.20605234801769257]], [[-0.2321239858865738]], [[-0.3017371892929077]], [[-0.36201003193855286]], [[-0.4047270715236664]], [[-0.45527076721191406]], [[-0.49669089913368225]], [[-0.5450495481491089]], [[-0.5995905995368958]], [[-0.6441451907157898]], [[-0.6859752535820007]], [[-0.7186774015426636]], [[-0.7600986957550049]], [[-0.8124383687973022]], [[-0.8326364159584045]], [[-0.8454462289810181]], [[-0.8488919138908386]], [[-0.8455020189285278]], [[-0.8300500512123108]],