{"vc": [[0.04715312644839287, 0.0, 0.0], [0.0, 0.0, 0.0], [0.05866323783993721, -0.052966926246881485, 0.05279804766178131], [0.3074478507041931, 0.0, 0.0], [0.0, 0.0, 0.0], [0.0, 0.0, 0.0], [0.0, 0.0012490939116105437, 0.0], [0.0, 0.0, 0.0], [0.0, 0.0, 0.0], [1.0072438716888428, 0.0, 0.0]], "true_y1": [[[0.4006600081920624]], [[55.85607147216797]], [[66.53520965576172]], [[99.42855834960938]], [[131.945068359375]], [[164.7084503173828]], [[174.90634155273438]], [[219.14080810546875]], [[252.09457397460938]], [[296.39788818359375]], [[329.5185546875]], [[351.801513671875]], [[374.0032958984375]], [[396.3116455078125]], [[452.72137451171875]], [[498.0559997558594]], [[543.6604614257812]], [[601.1307373046875]], [[647.317138671875]], [[753.2333374023438]], [[849.5576171875]], [[923.2154541015625]], [[1037.2203369140625]], [[1089.4132080078125]], [[1183.1719970703125]], [[1280.5897216796875]], [[1323.5377197265625]], [[1427.4564208984375]], [[1520.7628173828125]], [[1602.1812744140625]], [[1739.9049072265625]], [[1812.672607421875]], [[1947.5667724609375]], [[2028.61279296875]], [[2180.9091796875]], [[2322.57373046875]], [[2475.58056640625]], [[2613.252685546875]], [[2824.075439453125]], [[3095.003662109375]], [[3244.42919921875]], [[1.0533000230789185]], [[23.623403549194336]], [[38.64789581298828]], [[61.3785514831543]], [[84.02168273925781]], [[98.97952270507812]], [[121.8634262084961]], [[152.32427978515625]], [[175.0937042236328]], [[206.0294189453125]], [[213.5127410888672]], [[229.0475616455078]], [[275.6002502441406]], [[283.191650390625]], [[314.3526306152344]], [[329.9801025390625]], [[353.52789306640625]], [[385.198486328125]], [[432.87371826171875]], [[538.027099609375]], [[570.7870483398438]], [[637.7577514648438]], [[688.8276977539062]], [[741.13525390625]], [[794.2950439453125]], [[839.6819458007812]], [[895.5620727539062]], [[943.351318359375]], [[1012.3766479492188]], [[1073.6041259765625]], [[1501.9696044921875]], [[1572.5755615234375]], [[1677.487060546875]], [[1773.966064453125]], [[1859.225341796875]], [[1987.930908203125]], [[1.104699969291687]], [[12.177960395812988]], [[28.979503631591797]], [[51.56183624267578]], [[57.03438949584961]], [[79.58409881591797]], [[90.73394775390625]], [[113.49883270263672]], [[124.71209716796875]], [[136.0753173828125]], [[158.90625]], [[181.86114501953125]], [[193.4051971435547]], [[210.611572265625]], [[222.07901000976562]], [[245.36582946777344]], [[268.6199951171875]], [[309.58489990234375]], [[321.3270263671875]], [[344.99163818359375]], [[374.7806396484375]], [[435.2326354980469]], [[472.04486083984375]], [[521.8883056640625]], [[547.3896484375]], [[585.930908203125]], [[638.383056640625]], [[672.0892333984375]], [[713.55859375]], [[763.0118408203125]], [[799.2267456054688]], [[851.7503662109375]], [[882.3065795898438]], [[937.9344482421875]], [[962.5361938476562]], [[1048.01123046875]], [[1120.860107421875]], [[1208.3955078125]], [[1259.9300537109375]], [[0.6033599972724915]], [[25.05901527404785]], [[39.64787292480469]], [[59.21497344970703]], [[68.90962219238281]], [[78.65950012207031]], [[98.20567321777344]], [[112.91378784179688]], [[127.61710357666016]], [[142.3295135498047]], [[157.08094787597656]], [[171.8559112548828]], [[181.70828247070312]], [[201.5386962890625]], [[216.36300659179688]], [[241.30059814453125]], [[281.44805908203125]], [[301.64739990234375]], [[321.9611511230469]], [[347.4909362792969]], [[383.5135803222656]], [[409.49755859375]], [[451.7945861816406]], [[484.0467529296875]], [[500.2247009277344]], [[538.6421508789062]], [[572.217529296875]], [[606.4270629882812]], [[641.5552978515625]], [[671.3318481445312]], [[714.0835571289062]], [[758.159912109375]], [[790.50537109375]], [[837.6526489257812]], [[872.0789794921875]], [[900.5807495117188]], [[952.2640380859375]], [[1006.2849731445312]], [[1054.7891845703125]], [[1105.57373046875]], [[1149.7698974609375]], [[1195.8465576171875]], [[1273.859619140625]], [[1336.4405517578125]], [[1402.6748046875]], [[0.35506001114845276]], [[20.138612747192383]], [[35.99327850341797]], [[63.77123260498047]], [[87.47537994384766]], [[107.52581787109375]], [[131.4290771484375]], [[151.3474578857422]], [[183.468505859375]], [[199.48538208007812]], [[223.83328247070312]], [[252.268798828125]], [[285.1359558105469]], [[297.4783630371094]], [[318.18487548828125]], [[339.03863525390625]], [[377.12957763671875]], [[402.8309020996094]], [[433.2618408203125]], [[450.97491455078125]], [[482.185546875]], [[514.07861328125]], [[527.92578125]], [[565.5238037109375]], [[589.6890258789062]], [[619.2572021484375]], [[649.6044311523438]], [[680.6218872070312]], [[712.7626953125]], [[745.6204223632812]], [[768.14306640625]], [[815.0021362304688]], [[845.3881225585938]], [[889.45703125]], [[909.2218627929688]], [[970.4363403320312]], [[1006.4248046875]], [[1043.49462890625]], [[1074.59765625]], [[1165.33056640625]], [[1200.39599609375]], [[1246.403076171875]], [[1314.5941162109375]], [[1377.0682373046875]], [[1432.4241943359375]], [[1490.3897705078125]], [[1590.9951171875]], [[1686.838623046875]], [[1791.6632080078125]], [[1839.5347900390625]], [[1940.7803955078125]], [[2051.107666015625]], [[2192.269287109375]], [[2302.5126953125]], [[2421.924072265625]], [[0.1057400032877922]], [[10.39812183380127]], [[33.61405944824219]], [[43.90440368652344]], [[59.36208724975586]], [[80.08659362792969]], [[92.92584991455078]], [[105.91019439697266]], [[126.68304443359375]], [[139.67066955566406]], [[155.30145263671875]], [[168.41754150390625]], [[186.83999633789062]], [[202.6458740234375]], [[218.55299377441406]], [[239.96595764160156]], [[253.38270568847656]], [[266.962646484375]], [[283.3700256347656]], [[302.67462158203125]], [[319.4469909667969]], [[336.3319091796875]], [[353.5512390136719]], [[362.1811218261719]], [[379.752197265625]], [[400.49017333984375]], [[418.6585998535156]], [[440.242919921875]], [[455.9544982910156]], [[478.3807067871094]], [[488.2535095214844]], [[511.5188903808594]], [[535.4879760742188]], [[553.08349609375]], [[582.1527709960938]], [[596.9912719726562]], [[619.9244995117188]], [[643.5928344726562]], [[672.241455078125]], [[697.7196655273438]], [[715.2684326171875]], [[761.0112915039062]], [[785.1331176757812]], [[835.8153076171875]], [[841.0853271484375]], [[879.1301879882812]], [[943.4917602539062]], [[962.0633544921875]], [[1013.8876953125]], [[1055.245361328125]], [[1091.658203125]], [[1129.6787109375]], [[1194.5050048828125]], [[0.05844400078058243]], [[9.463815689086914]], [[14.163394927978516]], [[25.13434600830078]], [[37.686885833740234]], [[45.55252456665039]], [[54.993324279785156]], [[61.28264617919922]], [[75.4329833984375]], [[81.75077056884766]], [[92.80032348632812]], [[99.1225357055664]], [[113.40642547607422]], [[118.1220932006836]], [[130.93199157714844]], [[138.91842651367188]], [[148.54554748535156]], [[166.35687255859375]], [[176.12680053710938]], [[185.96771240234375]], [[197.5126953125]], [[202.5285186767578]], [[210.8546142578125]], [[226.05209350585938]], [[236.28082275390625]], [[246.63128662109375]], [[257.07562255859375]], [[267.67303466796875]], [[278.3835754394531]], [[291.0577697753906]], [[296.547607421875]], [[311.4278869628906]], [[324.6578369140625]], [[334.29046630859375]], [[346.0354919433594]], [[356.0068054199219]], [[368.1451416015625]], [[382.6677551269531]], [[395.41326904296875]], [[408.3863525390625]], [[419.482666015625]], [[435.3733215332031]], [[461.3550109863281]], [[476.0985412597656]], [[491.21588134765625]], [[512.1073608398438]], [[520.2200927734375]], [[536.7225341796875]], [[553.8276977539062]], [[577.50390625]], [[586.6913452148438]], [[608.7960815429688]]]}