{"vc": [[-0.024681737646460533, 0.0, 0.0], [0.0, 8.71515405524681e-33, 0.0], [0.027363814413547516, 0.08393970131874084, -0.0846540778875351], [0.14644257724285126, 0.0, 0.0], [0.0, 0.0, 0.0], [0.0, 0.0, 0.0], [0.0, 0.00026864628307521343, 0.0], [0.0, 0.0, 0.0], [0.0, 0.0, 0.0], [0.8429573178291321, 0.0, 0.0]], "true_y1": [[[0.4006600081920624]], [[46.45823669433594]], [[55.319000244140625]], [[82.59264373779297]], [[109.5235824584961]], [[136.624755859375]], [[145.052490234375]], [[181.5607452392578]], [[208.70120239257812]], [[245.09739685058594]], [[272.2269287109375]], [[290.43536376953125]], [[308.5387878417969]], [[326.68695068359375]], [[372.3647155761719]], [[408.821533203125]], [[445.2313537597656]], [[490.6819763183594]], [[526.812255859375]], [[608.1068115234375]], [[679.8304443359375]], [[733.0379638671875]], [[812.248046875]], [[847.137451171875]], [[907.50927734375]], [[966.98193359375]], [[992.123291015625]], [[1050.201904296875]], [[1099.041259765625]], [[1139.1439208984375]], [[1201.8267822265625]], [[1232.442626953125]], [[1284.903076171875]], [[1313.8997802734375]], [[1363.6956787109375]], [[1405.0211181640625]], [[1444.869140625]], [[1476.9666748046875]], [[1520.15478515625]], [[1566.8076171875]], [[1589.0009765625]], [[1.0533000230789185]], [[19.756061553955078]], [[32.175655364990234]], [[50.91847610473633]], [[69.53195190429688]], [[81.79579162597656]], [[100.50730895996094]], [[125.31503295898438]], [[143.78094482421875]], [[168.75634765625]], [[174.77732849121094]], [[187.249755859375]], [[224.3970184326172]], [[230.4202423095703]], [[255.03564453125]], [[267.3116455078125]], [[285.7173767089844]], [[310.2873840332031]], [[346.8403015136719]], [[425.3519287109375]], [[449.1414489746094]], [[496.6602783203125]], [[531.8152465820312]], [[566.7816162109375]], [[601.1806640625]], [[629.6055908203125]], [[663.369384765625]], [[691.1422119140625]], [[729.4373168945312]], [[761.6007080078125]], [[941.8626708984375]], [[964.8715209960938]], [[996.1220092773438]], [[1022.03466796875]], [[1042.9000244140625]], [[1071.1751708984375]], [[1.104699969291687]], [[10.269689559936523]], [[24.134340286254883]], [[42.68999481201172]], [[47.17290115356445]], [[65.58688354492188]], [[74.65682983398438]], [[93.10134887695312]], [[102.14920043945312]], [[111.29222106933594]], [[129.5813446044922]], [[147.8562469482422]], [[157.00186157226562]], [[170.5753631591797]], [[179.5818328857422]], [[197.76905822753906]], [[215.7876434326172]], [[247.1559295654297]], [[256.053955078125]], [[273.8525695800781]], [[295.98974609375]], [[339.9188232421875]], [[365.96002197265625]], [[400.2879943847656]], [[417.41278076171875]], [[442.7025451660156]], [[475.9272766113281]], [[496.5249938964844]], [[521.0357055664062]], [[549.0447387695312]], [[568.7047119140625]], [[595.9364624023438]], [[611.084228515625]], [[637.366455078125]], [[648.4655151367188]], [[684.60693359375]], [[712.5747680664062]], [[742.9771728515625]], [[759.3575439453125]], [[0.6033599972724915]], [[20.81915283203125]], [[32.84404373168945]], [[48.93047332763672]], [[56.88236999511719]], [[64.86701965332031]], [[80.83512115478516]], [[92.81478881835938]], [[104.75797271728516]], [[116.67425537109375]], [[128.58584594726562]], [[140.47793579101562]], [[148.38543701171875]], [[164.24351501464844]], [[176.04490661621094]], [[195.7860870361328]], [[227.24365234375]], [[242.90328979492188]], [[258.5274963378906]], [[277.973876953125]], [[305.0218505859375]], [[324.22344970703125]], [[354.8747253417969]], [[377.7027282714844]], [[388.96490478515625]], [[415.17755126953125]], [[437.44573974609375]], [[459.49102783203125]], [[481.4280090332031]], [[499.45233154296875]], [[524.3966064453125]], [[548.9458618164062]], [[566.20361328125]], [[590.2149047851562]], [[606.900146484375]], [[620.1817016601562]], [[643.0640869140625]], [[665.3814086914062]], [[684.0894165039062]], [[702.3978881835938]], [[717.3234252929688]], [[731.9420776367188]], [[754.6571655273438]], [[771.1820068359375]], [[787.18310546875]], [[0.35506001114845276]], [[16.700260162353516]], [[29.77150535583496]], [[52.60982894897461]], [[72.03004455566406]], [[88.40193176269531]], [[107.84598541259766]], [[123.979736328125]], [[149.845947265625]], [[162.66473388671875]], [[182.03634643554688]], [[204.46316528320312]], [[230.08204650878906]], [[239.60894775390625]], [[255.4662628173828]], [[271.2657165527344]], [[299.6387939453125]], [[318.39495849609375]], [[340.1609191894531]], [[352.59600830078125]], [[374.0625915527344]], [[395.3833923339844]], [[404.43878173828125]], [[428.3882751464844]], [[443.2763671875]], [[460.94305419921875]], [[478.43670654296875]], [[495.642822265625]], [[512.7525634765625]], [[529.4912719726562]], [[540.5300903320312]], [[562.3845825195312]], [[575.7726440429688]], [[594.1329345703125]], [[601.9743041992188]], [[624.7890625]], [[637.2150268554688]], [[649.2965698242188]], [[658.8997192382812]], [[684.3516235351562]], [[693.249267578125]], [[704.203125]], [[719.0587158203125]], [[731.364013671875]], [[741.3333129882812]], [[750.9251708984375]], [[765.7576904296875]], [[778.0411987304688]], [[789.7418212890625]], [[794.5624389648438]], [[803.8201293945312]], [[812.6470336914062]], [[822.3467407226562]], [[828.8868408203125]], [[835.11767578125]], [[0.1057400032877922]], [[8.59195613861084]], [[27.711204528808594]], [[36.17460632324219]], [[48.87294387817383]], [[65.86422729492188]], [[76.36719512939453]], [[86.96696472167969]], [[103.87017822265625]], [[114.39795684814453]], [[127.01952362060547]], [[137.56362915039062]], [[152.29046630859375]], [[164.83755493164062]], [[177.37184143066406]], [[194.07765197753906]], [[204.43643188476562]], [[214.8276824951172]], [[227.24693298339844]], [[241.65353393554688]], [[253.97560119628906]], [[266.184326171875]], [[278.4200744628906]], [[284.467041015625]], [[296.59588623046875]], [[310.5823974609375]], [[322.5320739746094]], [[336.3468017578125]], [[346.135498046875]], [[359.70953369140625]], [[365.53509521484375]], [[378.8968811035156]], [[392.1230163574219]], [[401.4839172363281]], [[416.3079528808594]], [[423.5706481933594]], [[434.39776611328125]], [[445.0758056640625]], [[457.3459777832031]], [[467.6766052246094]], [[474.48486328125]], [[491.1099853515625]], [[499.257568359375]], [[515.0872192382812]], [[516.6382446289062]], [[527.339111328125]], [[543.6060180664062]], [[547.9081420898438]], [[559.0767822265625]], [[567.1792602539062]], [[573.7750244140625]], [[580.1710205078125]], [[590.0385131835938]], [[0.05844400078058243]], [[7.779350757598877]], [[11.635045051574707]], [[20.6297607421875]], [[30.90896224975586]], [[37.34220886230469]], [[45.054203033447266]], [[50.185142517089844]], [[61.705902099609375]], [[66.83747863769531]], [[75.79096984863281]], [[80.90001678466797]], [[92.39961242675781]], [[96.18125915527344]], [[106.41136932373047]], [[112.75454711914062]], [[120.36092376708984]], [[134.30364990234375]], [[141.87094116210938]], [[149.42892456054688]], [[158.20640563964844]], [[161.9878387451172]], [[168.2195587158203]], [[179.43934631347656]], [[186.8706817626953]], [[194.28575134277344]], [[201.65606689453125]], [[209.01426696777344]], [[216.3231658935547]], [[224.7998046875]], [[228.4119110107422]], [[238.0165557861328]], [[246.32254028320312]], [[252.2289276123047]], [[259.26727294921875]], [[265.1005554199219]], [[272.0241394042969]], [[280.0508117675781]], [[286.8648376464844]], [[293.58026123046875]], [[299.14923095703125]], [[306.84674072265625]], [[318.74267578125]], [[325.1229248046875]], [[331.3954772949219]], [[339.6297302246094]], [[342.69580078125]], [[348.7134094238281]], [[354.65106201171875]], [[362.3906555175781]], [[365.2508239746094]], [[371.82098388671875]]]}