{"vc": [[0.04386724904179573, 0.0, 0.0], [0.0, 0.0, 0.0], [0.05709928646683693, -0.052885912358760834, 0.05264890193939209], [0.3002946376800537, 0.0, 0.0], [0.0, 0.0, 0.0], [0.0, 0.0, 0.0], [0.0, 0.0008477887604385614, 0.0], [0.0, 0.0, 0.0], [0.0, 0.0, 0.0], [0.999981701374054, 0.0, 0.0]], "true_y1": [[[0.4006600081920624]], [[55.44187927246094]], [[66.04110717773438]], [[98.68760681152344]], [[130.95831298828125]], [[163.47105407714844]], [[173.590087890625]], [[217.4762420654297]], [[250.16177368164062]], [[294.0882568359375]], [[326.91156005859375]], [[348.9852600097656]], [[370.9700622558594]], [[393.05084228515625]], [[448.8348388671875]], [[493.6041259765625]], [[538.572021484375]], [[595.125244140625]], [[640.4664916992188]], [[744.0045166015625]], [[837.5223388671875]], [[908.5405883789062]], [[1017.4814453125]], [[1066.916015625]], [[1154.9583740234375]], [[1245.3265380859375]], [[1284.787353515625]], [[1379.265625]], [[1462.84814453125]], [[1534.792236328125]], [[1654.3577880859375]], [[1716.444580078125]], [[1829.560791015625]], [[1896.3001708984375]], [[2019.283447265625]], [[2130.9150390625]], [[2248.606689453125]], [[2352.05712890625]], [[2506.219482421875]], [[2697.27978515625]], [[2799.496826171875]], [[1.0533000230789185]], [[23.45351791381836]], [[38.36481475830078]], [[60.923851013183594]], [[83.39522552490234]], [[98.23892211914062]], [[120.94664001464844]], [[151.16880798339844]], [[173.75546264648438]], [[204.43467712402344]], [[211.85423278808594]], [[227.254150390625]], [[273.37799072265625]], [[280.89532470703125]], [[311.7375183105469]], [[327.1951599121094]], [[350.47271728515625]], [[381.7490539550781]], [[428.75225830078125]], [[531.9915771484375]], [[564.0045776367188]], [[629.1762084960938]], [[678.595703125]], [[728.93017578125]], [[779.7617797851562]], [[822.8814697265625]], [[875.590576171875]], [[920.3155517578125]], [[984.3079223632812]], [[1040.4417724609375]], [[1415.310791015625]], [[1474.02392578125]], [[1559.6884765625]], [[1636.8426513671875]], [[1703.7655029296875]], [[1802.6317138671875]], [[1.104699969291687]], [[12.094015121459961]], [[28.76807975769043]], [[51.17863464355469]], [[56.609432220458984]], [[78.9862060546875]], [[90.0498275756836]], [[112.63652038574219]], [[123.7606430053711]], [[135.03236389160156]], [[157.67507934570312]], [[180.4333038330078]], [[191.875]], [[208.92372131347656]], [[220.2822723388672]], [[243.3371124267578]], [[266.3427429199219]], [[306.8194580078125]], [[318.4078063964844]], [[341.7408142089844]], [[371.0662536621094]], [[430.3887634277344]], [[466.3658447265625]], [[514.8673095703125]], [[539.5767822265625]], [[576.7713623046875]], [[627.072998046875]], [[659.1865844726562]], [[698.4524536132812]], [[744.903076171875]], [[778.6458740234375]], [[827.15283203125]], [[855.129150390625]], [[905.585693359375]], [[927.7009887695312]], [[1003.565185546875]], [[1067.014404296875]], [[1141.7742919921875]], [[1185.034912109375]], [[0.6033599972724915]], [[24.87298583984375]], [[39.35065841674805]], [[58.768043518066406]], [[68.38809967041016]], [[78.06256103515625]], [[97.45594787597656]], [[112.04719543457031]], [[126.63151550292969]], [[141.22215270996094]], [[155.84817504882812]], [[170.49351501464844]], [[180.2568817138672]], [[199.90084838867188]], [[214.5784454345703]], [[239.25234985351562]], [[278.92047119140625]], [[298.8475036621094]], [[318.8625793457031]], [[343.97711181640625]], [[379.326904296875]], [[404.7532958984375]], [[445.993408203125]], [[477.2994079589844]], [[492.9523620605469]], [[529.9763793945312]], [[562.1515502929688]], [[594.74462890625]], [[627.9994506835938]], [[656.0084838867188]], [[695.918701171875]], [[736.6717529296875]], [[766.3134155273438]], [[809.1039428710938]], [[840.0299072265625]], [[865.4261474609375]], [[910.9920654296875]], [[957.9430541992188]], [[999.5082397460938]], [[1042.4295654296875]], [[1079.2882080078125]], [[1117.23046875]], [[1180.362060546875]], [[1230.020263671875]], [[1281.650146484375]], [[0.35506001114845276]], [[19.987316131591797]], [[35.72050094604492]], [[63.28413391113281]], [[86.80223083496094]], [[106.6912841796875]], [[130.39483642578125]], [[150.1383514404297]], [[181.95492553710938]], [[197.80667114257812]], [[221.8821258544922]], [[249.95965576171875]], [[282.3468322753906]], [[294.4873962402344]], [[314.82513427734375]], [[335.2652893066406]], [[372.4759216308594]], [[397.4798583984375]], [[426.96307373046875]], [[444.05810546875]], [[474.05047607421875]], [[504.51495361328125]], [[517.68017578125]], [[553.2264404296875]], [[575.9107666015625]], [[603.4851684570312]], [[631.5694580078125]], [[660.0387573242188]], [[689.2802734375]], [[718.8945922851562]], [[739.02783203125]], [[780.4755859375]], [[807.0316162109375]], [[845.0941772460938]], [[861.9912719726562]], [[913.6430053710938]], [[943.5324096679688]], [[973.9551391601562]], [[999.19873046875]], [[1071.4005126953125]], [[1098.74462890625]], [[1134.162353515625]], [[1185.7274169921875]], [[1232.0283203125]], [[1272.3306884765625]], [[1313.831787109375]], [[1384.2359619140625]], [[1449.4930419921875]], [[1518.96630859375]], [[1550.0679931640625]], [[1614.621826171875]], [[1683.1705322265625]], [[1768.3316650390625]], [[1832.9864501953125]], [[1901.3052978515625]], [[0.1057400032877922]], [[10.318345069885254]], [[33.35390090942383]], [[43.563758850097656]], [[58.89923858642578]], [[79.45575714111328]], [[92.1872787475586]], [[105.05870056152344]], [[125.63982391357422]], [[138.4987030029297]], [[153.96316528320312]], [[166.92828369140625]], [[185.11770629882812]], [[200.7007293701172]], [[216.35867309570312]], [[237.3905487060547]], [[250.5382080078125]], [[263.81927490234375]], [[279.8265380859375]], [[298.60028076171875]], [[314.85369873046875]], [[331.1571960449219]], [[347.718017578125]], [[355.9915466308594]], [[372.77972412109375]], [[392.4895935058594]], [[409.65936279296875]], [[429.9319152832031]], [[444.5993347167969]], [[465.3994445800781]], [[474.50433349609375]], [[495.8307189941406]], [[517.6074829101562]], [[533.4649047851562]], [[559.4192504882812]], [[572.5492553710938]], [[592.682861328125]], [[613.2579956054688]], [[637.8845825195312]], [[659.5302734375]], [[674.2998046875]], [[712.2677612304688]], [[731.9841918945312]], [[772.7366943359375]], [[776.922607421875]], [[806.85888671875]], [[856.4017944335938]], [[870.4478759765625]], [[909.0737915039062]], [[939.3150024414062]], [[965.5272216796875]], [[992.4974975585938]], [[1037.57958984375]], [[0.05844400078058243]], [[9.389399528503418]], [[14.051761627197266]], [[24.935588836669922]], [[37.387542724609375]], [[45.18927764892578]], [[54.551998138427734]], [[60.7881965637207]], [[74.81458282470703]], [[81.07451629638672]], [[92.01809692382812]], [[98.27644348144531]], [[112.40544891357422]], [[117.06625366210938]], [[129.716064453125]], [[137.59347534179688]], [[147.07838439941406]], [[164.5907440185547]], [[174.17404174804688]], [[183.80862426757812]], [[195.08575439453125]], [[199.97586059570312]], [[208.07992553710938]], [[222.82606506347656]], [[232.71482849121094]], [[242.6893768310547]], [[252.7198944091797]], [[262.8599853515625]], [[273.0680236816406]], [[285.09259033203125]], [[290.28179931640625]], [[304.286376953125]], [[316.6603088378906]], [[325.6221008300781]], [[336.4932861328125]], [[345.67333984375]], [[356.7858581542969]], [[369.98883056640625]], [[381.4917297363281]], [[393.1175537109375]], [[402.9947204589844]], [[417.03106689453125]], [[439.703369140625]], [[452.4149475097656]], [[465.33282470703125]], [[482.99188232421875]], [[489.7892761230469]], [[503.5130310058594]], [[517.5931396484375]], [[536.8416137695312]], [[544.2365112304688]], [[561.8607177734375]]]}