{"vc": [[-0.12102538347244263, 0.0, 0.0], [0.0, -0.11419105529785156, 0.11435496807098389], [-0.0433424673974514, 0.3316849172115326, -0.33170565962791443], [-0.1749015897512436, 0.0, 0.0], [0.0, 0.0, 0.0], [0.0, 0.0, 0.0], [0.0, 0.02630528435111046, -0.026183858513832092], [0.0, 0.0, 0.0], [0.0, 0.0, 0.0], [0.351125031709671, 0.0, 0.0]], "true_y1": [[[0.4006600081920624]], [[18.540111541748047]], [[21.85966682434082]], [[31.513565063476562]], [[40.042564392089844]], [[47.49699401855469]], [[49.5793342590332]], [[57.35393524169922]], [[61.925209045410156]], [[66.6867904663086]], [[69.3960952758789]], [[70.88555908203125]], [[72.14514923095703]], [[73.21735382080078]], [[75.2457504272461]], [[76.35063934326172]], [[77.13615417480469]], [[77.80447387695312]], [[78.16238403320312]], [[78.61659240722656]], [[78.77838897705078]], [[78.8164291381836]], [[78.79528045654297]], [[78.76600646972656]], [[78.69544982910156]], [[78.6074447631836]], [[78.56592559814453]], [[78.46200561523438]], [[78.36717224121094]], [[78.28483581542969]], [[78.14868927001953]], [[78.07899475097656]], [[77.95465850830078]], [[77.8831787109375]], [[77.75553131103516]], [[77.64447784423828]], [[77.53246307373047]], [[77.43827056884766]], [[77.30513000488281]], [[77.15155029296875]], [[77.07427215576172]], [[1.0533000230789185]], [[8.444079399108887]], [[13.228233337402344]], [[20.140823364257812]], [[26.52219009399414]], [[30.4154052734375]], [[35.83462142944336]], [[42.018428802490234]], [[45.89756774902344]], [[50.23964309692383]], [[51.14408493041992]], [[52.857704162597656]], [[56.85018539428711]], [[57.36348342895508]], [[59.145626068115234]], [[59.869422912597656]], [[60.783905029296875]], [[61.74049377441406]], [[62.74002456665039]], [[63.82736587524414]], [[63.98420333862305]], [[64.15804290771484]], [[64.20309448242188]], [[64.20012664794922]], [[64.1635513305664]], [[64.11438751220703]], [[64.03880310058594]], [[63.96540451049805]], [[63.850791931152344]], [[63.74449157714844]], [[63.01678466796875]], [[62.909088134765625]], [[62.75648498535156]], [[62.623924255371094]], [[62.51280212402344]], [[62.35523986816406]], [[1.104699969291687]], [[4.711930751800537]], [[10.06356430053711]], [[16.893571853637695]], [[18.468626022338867]], [[24.56737518310547]], [[27.331085205078125]], [[32.425872802734375]], [[34.663360595703125]], [[36.7513427734375]], [[40.42561340332031]], [[43.47630310058594]], [[44.79197311401367]], [[46.511470794677734]], [[47.512237548828125]], [[49.23340606689453]], [[50.59935760498047]], [[52.345848083496094]], [[52.724632263183594]], [[53.35974884033203]], [[53.96196365356445]], [[54.715431213378906]], [[54.971351623535156]], [[55.16687774658203]], [[55.22008514404297]], [[55.25851058959961]], [[55.25361633300781]], [[55.22665786743164]], [[55.176151275634766]], [[55.098731994628906]], [[55.03409194946289]], [[54.93282699584961]], [[54.871307373046875]], [[54.75672149658203]], [[54.705543518066406]], [[54.528160095214844]], [[54.37998962402344]], [[54.208072662353516]], [[54.110572814941406]], [[0.6033599972724915]], [[8.477556228637695]], [[12.996196746826172]], [[18.726016998291016]], [[21.394067764282227]], [[23.949554443359375]], [[28.66119956970215]], [[31.832523345947266]], [[34.682464599609375]], [[37.22400665283203]], [[39.47787857055664]], [[41.461421966552734]], [[42.643611907958984]], [[44.71604919433594]], [[46.02661895751953]], [[47.842044830322266]], [[49.95902633666992]], [[50.73945236206055]], [[51.378395080566406]], [[52.01567459106445]], [[52.67688751220703]], [[53.025543212890625]], [[53.430904388427734]], [[53.6428337097168]], [[53.72562789916992]], [[53.87421417236328]], [[53.96160125732422]], [[54.020931243896484]], [[54.058650970458984]], [[54.07670974731445]], [[54.086021423339844]], [[54.08063507080078]], [[54.06968307495117]], [[54.04612731933594]], [[54.024776458740234]], [[54.00517272949219]], [[53.96646499633789]], [[53.92320251464844]], [[53.88304901123047]], [[53.84047317504883]], [[53.803409576416016]], [[53.76506423950195]], [[53.70139694213867]], [[53.65183639526367]], [[53.60108184814453]], [[0.35506001114845276]], [[6.704939842224121]], [[11.625787734985352]], [[19.612186431884766]], [[25.58199691772461]], [[29.945457458496094]], [[34.325294494628906]], [[37.337764739990234]], [[41.14189910888672]], [[42.630035400390625]], [[44.472625732421875]], [[46.112396240234375]], [[47.496482849121094]], [[47.90803527832031]], [[48.49443817138672]], [[48.97663497924805]], [[49.64618682861328]], [[49.98381805419922]], [[50.29818344116211]], [[50.44804000854492]], [[50.66642379760742]], [[50.84294891357422]], [[50.9080696105957]], [[51.05744171142578]], [[51.13641357421875]], [[51.21902847290039]], [[51.2910270690918]], [[51.35404586791992]], [[51.41041564941406]], [[51.46057891845703]], [[51.49140167236328]], [[51.5480842590332]], [[51.58046340942383]], [[51.622596740722656]], [[51.63993453979492]], [[51.688663482666016]], [[51.714393615722656]], [[51.739044189453125]], [[51.758460998535156]], [[51.809654235839844]], [[51.827606201171875]], [[51.849857330322266]], [[51.88045120239258]], [[51.90631103515625]], [[51.92771911621094]], [[51.948787689208984]], [[51.98249053955078]], [[52.01167678833008]], [[52.04082107543945]], [[52.053279876708984]], [[52.078067779541016]], [[52.10292053222656]], [[52.131893157958984]], [[52.15260696411133]], [[52.173397064208984]], [[0.1057400032877922]], [[3.369819402694702]], [[10.521645545959473]], [[13.523237228393555]], [[17.758108139038086]], [[22.828022003173828]], [[25.591915130615234]], [[28.092599868774414]], [[31.508588790893555]], [[33.31011962890625]], [[35.178199768066406]], [[36.52338790893555]], [[38.12150192260742]], [[39.26520919799805]], [[40.242191314697266]], [[41.33499526977539]], [[41.91444396972656]], [[42.433589935302734]], [[42.985382080078125]], [[43.548336029052734]], [[43.97636795043945]], [[44.36094665527344]], [[44.713958740234375]], [[44.878273010253906]], [[45.190738677978516]], [[45.52735137939453]], [[45.798824310302734]], [[46.098167419433594]], [[46.30284118652344]], [[46.57890701293945]], [[46.69522476196289]], [[46.95846939086914]], [[47.21583557128906]], [[47.397064208984375]], [[47.68409729003906]], [[47.82530212402344]], [[48.037193298339844]], [[48.24846267700195]], [[48.4950065612793]], [[48.70648193359375]], [[48.8481559753418]], [[49.20319747924805]], [[49.382625579833984]], [[49.743350982666016]], [[49.7796516418457]], [[50.0352897644043]], [[50.4434700012207]], [[50.555912017822266]], [[50.85784912109375]], [[51.086971282958984]], [[51.280540466308594]], [[51.474945068359375]], [[51.78943634033203]], [[0.05844400078058243]], [[2.9570863246917725]], [[4.392771244049072]], [[7.683856010437012]], [[11.296029090881348]], [[13.449959754943848]], [[15.904096603393555]], [[17.452861785888672]], [[20.67120361328125]], [[21.987131118774414]], [[24.11162757873535]], [[25.229066848754883]], [[27.507375717163086]], [[28.18943977355957]], [[29.88346290588379]], [[30.83246421813965]], [[31.87937355041504]], [[33.57538986206055]], [[34.39335250854492]], [[35.14985656738281]], [[35.96312713623047]], [[36.29452896118164]], [[36.81870651245117]], [[37.70287322998047]], [[38.25324249267578]], [[38.77947235107422]], [[39.28355407714844]], [[39.771236419677734]], [[40.24314498901367]], [[40.77821731567383]], [[41.00307083129883]], [[41.5942497253418]], [[42.100223541259766]], [[42.458534240722656]], [[42.885215759277344]], [[43.23948669433594]], [[43.66177749633789]], [[44.15520477294922]], [[44.578521728515625]], [[45.0007209777832]], [[45.35527420043945]], [[45.85299301147461]], [[46.642616271972656]], [[47.07791519165039]], [[47.514949798583984]], [[48.103763580322266]], [[48.327762603759766]], [[48.7755012512207]], [[49.22856903076172]], [[49.83753204345703]], [[50.068260192871094]], [[50.61087417602539]]]}