{"vc": [[-0.10555777698755264, 0.0, 0.0], [0.0, -0.08680291473865509, 0.08715128153562546], [-0.039471372961997986, 0.324579656124115, -0.32436951994895935], [-0.1323181390762329, 0.0, 0.0], [0.0, 0.0, 0.0], [0.0, 0.0, 0.0], [0.0, 0.02021375112235546, -0.020298507064580917], [0.0, 0.0, 0.0], [0.0, 0.0, 0.0], [0.4322250783443451, 0.0, 0.0]], "true_y1": [[[0.4006600081920624]], [[22.98290252685547]], [[27.124298095703125]], [[39.19527053833008]], [[49.90510559082031]], [[59.314083099365234]], [[61.95256042480469]], [[71.85334014892578]], [[77.72096252441406]], [[83.88335418701172]], [[87.42105865478516]], [[89.37904357910156]], [[91.04412841796875]], [[92.4698715209961]], [[95.19683074951172]], [[96.70823669433594]], [[97.80331420898438]], [[98.76082611083984]], [[99.29341125488281]], [[100.0261459350586]], [[100.35436248779297]], [[100.48844909667969]], [[100.58466339111328]], [[100.60074615478516]], [[100.60281372070312]], [[100.58148956298828]], [[100.56721496582031]], [[100.52490234375]], [[100.48108673095703]], [[100.44051361083984]], [[100.37003326416016]], [[100.33280944824219]], [[100.26505279541016]], [[100.22550201416016]], [[100.15406799316406]], [[100.09127807617188]], [[100.02748107910156]], [[99.97354888916016]], [[99.89695739746094]], [[99.80818176269531]], [[99.76336669921875]], [[1.0533000230789185]], [[10.273832321166992]], [[16.25119972229004]], [[24.90595817565918]], [[32.92129898071289]], [[37.82699966430664]], [[44.68021774291992]], [[52.54450225830078]], [[57.50859451293945]], [[63.10204315185547]], [[64.2731704711914]], [[66.49893188476562]], [[71.7289047241211]], [[72.40716552734375]], [[74.77684783935547]], [[75.74755859375]], [[76.9835205078125]], [[78.29240417480469]], [[79.68978881835938]], [[81.30508422851562]], [[81.56714630126953]], [[81.90595245361328]], [[82.04579162597656]], [[82.12156677246094]], [[82.15169525146484]], [[82.15178680419922]], [[82.12964630126953]], [[82.09713745117188]], [[82.03565979003906]], [[81.9719467163086]], [[81.47208404541016]], [[81.39449310302734]], [[81.28360748291016]], [[81.18656921386719]], [[81.10480499267578]], [[80.98833465576172]], [[1.104699969291687]], [[5.614282131195068]], [[12.312971115112305]], [[20.882888793945312]], [[22.863441467285156]], [[30.551549911499023]], [[34.04741668701172]], [[40.516361236572266]], [[43.369239807128906]], [[46.03926467895508]], [[50.75931167602539]], [[54.704139709472656]], [[56.41451644897461]], [[58.66009521484375]], [[59.973392486572266]], [[62.24587631225586]], [[64.06575012207031]], [[66.42568969726562]], [[66.94507598876953]], [[67.82560729980469]], [[68.67738342285156]], [[69.7923812866211]], [[70.20380401611328]], [[70.5599594116211]], [[70.67937469482422]], [[70.80301666259766]], [[70.89293670654297]], [[70.91754150390625]], [[70.92305755615234]], [[70.904296875]], [[70.87826538085938]], [[70.82791900634766]], [[70.79375457763672]], [[70.72547149658203]], [[70.69352722167969]], [[70.57806396484375]], [[70.4776382446289]], [[70.35809326171875]], [[70.28922271728516]], [[0.6033599972724915]], [[10.460906982421875]], [[16.127243041992188]], [[23.328014373779297]], [[26.6887264251709]], [[29.91327667236328]], [[35.875755310058594]], [[39.904212951660156]], [[43.537200927734375]], [[46.789207458496094]], [[49.684539794921875]], [[52.24319076538086]], [[53.773677825927734]], [[56.46870803833008]], [[58.182559967041016]], [[60.572654724121094]], [[63.39409637451172]], [[64.44880676269531]], [[65.32152557373047]], [[66.20402526855469]], [[67.14018249511719]], [[67.64813232421875]], [[68.2624282836914]], [[68.6028823852539]], [[68.74254608154297]], [[69.01033782958984]], [[69.18756866455078]], [[69.32806396484375]], [[69.44068908691406]], [[69.51692199707031]], [[69.60298156738281]], [[69.67005920410156]], [[69.70880126953125]], [[69.75332641601562]], [[69.77890014648438]], [[69.79658508300781]], [[69.82231140136719]], [[69.84252166748047]], [[69.85636901855469]], [[69.86759948730469]], [[69.87528228759766]], [[69.88166809082031]], [[69.8896255493164]], [[69.89408874511719]], [[69.8974609375]], [[0.35506001114845276]], [[8.31700325012207]], [[14.495168685913086]], [[24.548677444458008]], [[32.09638214111328]], [[37.638668060302734]], [[43.231143951416016]], [[47.10017395019531]], [[52.022193908691406]], [[53.96256637573242]], [[56.38151931762695]], [[58.55559158325195]], [[60.415061950683594]], [[60.97441864013672]], [[61.778785705566406]], [[62.448890686035156]], [[63.39913558959961]], [[63.891849517822266]], [[64.36372375488281]], [[64.5949935913086]], [[64.94244384765625]], [[65.23589324951172]], [[65.34800720214844]], [[65.6157455444336]], [[65.764892578125]], [[65.92830657958984]], [[66.0783920288086]], [[66.21697998046875]], [[66.34781646728516]], [[66.47061920166016]], [[66.54943084716797]], [[66.7017822265625]], [[66.7934799194336]], [[66.91822814941406]], [[66.97138977050781]], [[67.12665557861328]], [[67.21209716796875]], [[67.29613494873047]], [[67.36381530761719]], [[67.54814910888672]], [[67.61470031738281]], [[67.69847106933594]], [[67.81582641601562]], [[67.91685485839844]], [[68.00166320800781]], [[68.08610534667969]], [[68.22305297851562]], [[68.34337615966797]], [[68.46500396728516]], [[68.51741790771484]], [[68.62242126464844]], [[68.7286376953125]], [[68.85356140136719]], [[68.9435806274414]], [[69.03450012207031]], [[0.1057400032877922]], [[4.216536998748779]], [[13.231161117553711]], [[17.020191192626953]], [[22.374908447265625]], [[28.80442237854004]], [[32.32119369506836]], [[35.512210845947266]], [[39.88898849487305]], [[42.2076416015625]], [[44.62164306640625]], [[46.36745071411133]], [[48.45181655883789]], [[49.95219421386719]], [[51.24119186401367]], [[52.693321228027344]], [[53.468868255615234]], [[54.167755126953125]], [[54.915565490722656]], [[55.684791564941406]], [[56.2746696472168]], [[56.80890655517578]], [[57.30324172973633]], [[57.534725189208984]], [[57.97748565673828]], [[58.45839309692383]], [[58.84928894042969]], [[59.28348922729492]], [[59.58225631713867]], [[59.987571716308594]], [[60.159114837646484]], [[60.5489387512207]], [[60.932037353515625]], [[61.20287322998047]], [[61.63344192504883]], [[61.845916748046875]], [[62.16548156738281]], [[62.484893798828125]], [[62.858497619628906]], [[63.17961120605469]], [[63.3950309753418]], [[63.93578338623047]], [[64.20948791503906]], [[64.76046752929688]], [[64.81596374511719]], [[65.20697784423828]], [[65.83199310302734]], [[66.00428771972656]], [[66.4671859741211]], [[66.81864166259766]], [[67.11566925048828]], [[67.41407775878906]], [[67.89698791503906]], [[0.05844400078058243]], [[3.736182928085327]], [[5.558076858520508]], [[9.735790252685547]], [[14.324203491210938]], [[17.062461853027344]], [[20.185014724731445]], [[22.15736961364746]], [[26.261394500732422]], [[27.9420166015625]], [[30.659130096435547]], [[32.09047317504883]], [[35.014427185058594]], [[35.8914794921875]], [[38.07380294799805]], [[39.29920196533203]], [[40.653778076171875]], [[42.85539245605469]], [[43.92088317871094]], [[44.908756256103516]], [[45.9736328125]], [[46.40847396850586]], [[47.09740447998047]], [[48.26277160644531]], [[48.990360260009766]], [[49.68762969970703]], [[50.357017517089844]], [[51.005977630615234]], [[51.63517379760742]], [[52.34999084472656]], [[52.65080642700195]], [[53.442832946777344]], [[54.12192153930664]], [[54.60344696044922]], [[55.17747116088867]], [[55.65454864501953]], [[56.22372817993164]], [[56.88941955566406]], [[57.46100616455078]], [[58.03147888183594]], [[58.510826110839844]], [[59.184104919433594]], [[60.253028869628906]], [[60.842647552490234]], [[61.43482971191406]], [[62.232975006103516]], [[62.536685943603516]], [[63.14387893676758]], [[63.758445739746094]], [[64.58468627929688]], [[64.89779663085938]], [[65.6342544555664]]]}