{"vc": [[-0.024892345070838928, 0.0, 0.0], [0.0, -0.029724247753620148, 0.029632097110152245], [0.02738504856824875, 0.18423134088516235, -0.18437989056110382], [0.14080607891082764, 0.0, 0.0], [0.0, 0.0, 0.0], [0.0, 0.0, 0.0], [0.0, 0.008721179328858852, 0.0], [0.0, 0.0, 0.0], [0.0, 0.0, 0.0], [0.8324515223503113, 0.0, 0.0]], "true_y1": [[[0.4006600081920624]], [[45.99196243286133]], [[54.82730484008789]], [[82.26045227050781]], [[109.81698608398438]], [[138.1612548828125]], [[147.12277221679688]], [[186.8813934326172]], [[217.55810546875]], [[260.4263916015625]], [[293.8112487792969]], [[316.95843505859375]], [[340.5913391113281]], [[364.92401123046875]], [[429.11822509765625]], [[483.45257568359375]], [[540.4344482421875]], [[615.1259765625]], [[676.9296875]], [[820.7590942382812]], [[946.6148681640625]], [[1033.5220947265625]], [[1142.0694580078125]], [[1178.94921875]], [[1224.2249755859375]], [[1246.623779296875]], [[1250.7796630859375]], [[1254.2198486328125]], [[1258.756103515625]], [[1270.6864013671875]], [[1315.7540283203125]], [[1351.991455078125]], [[1433.89892578125]], [[1486.198974609375]], [[1575.6005859375]], [[1636.821533203125]], [[1675.241943359375]], [[1689.9166259765625]], [[1693.73193359375]], [[1700.95361328125]], [[1716.7227783203125]], [[1.0533000230789185]], [[19.51782989501953]], [[31.809133529663086]], [[50.47380828857422]], [[69.22765350341797]], [[81.74517059326172]], [[101.15373992919922]], [[127.5923843383789]], [[147.8993377685547]], [[176.3672332763672]], [[183.42092895507812]], [[198.28773498535156]], [[244.79379272460938]], [[252.67404174804688]], [[285.9454650878906]], [[303.2064208984375]], [[329.95758056640625]], [[367.3512268066406]], [[426.6273193359375]], [[567.8886108398438]], [[613.694580078125]], [[707.072021484375]], [[775.5184326171875]], [[840.3810424804688]], [[898.3486328125]], [[939.9338989257812]], [[979.9423217773438]], [[1004.24462890625]], [[1024.9112548828125]], [[1032.5242919921875]], [[1147.2010498046875]], [[1189.0047607421875]], [[1251.44580078125]], [[1300.920654296875]], [[1334.1123046875]], [[1364.2379150390625]], [[1.104699969291687]], [[10.149040222167969]], [[23.846757888793945]], [[42.304229736328125]], [[46.79915237426758]], [[65.47207641601562]], [[74.82205200195312]], [[94.22904205322266]], [[103.97357940673828]], [[113.99200439453125]], [[134.61273193359375]], [[156.0957489013672]], [[167.21560668945312]], [[184.21517944335938]], [[195.84332275390625]], [[220.23651123046875]], [[245.6962890625]], [[293.3758239746094]], [[307.72515869140625]], [[337.5681457519531]], [[376.8420104980469]], [[461.7012939453125]], [[515.8557739257812]], [[590.2244262695312]], [[627.8656005859375]], [[682.9178466796875]], [[751.55419921875]], [[790.1635131835938]], [[830.3065795898438]], [[866.457275390625]], [[884.8300170898438]], [[900.7371215820312]], [[905.3796997070312]], [[908.6945190429688]], [[909.3344116210938]], [[916.0671997070312]], [[935.321533203125]], [[978.97705078125]], [[1012.8870849609375]], [[0.6033599972724915]], [[20.57955551147461]], [[32.54118347167969]], [[48.73896789550781]], [[56.860618591308594]], [[65.11067199707031]], [[81.95014190673828]], [[94.93585968017578]], [[108.23392486572266]], [[121.89801025390625]], [[135.99765014648438]], [[150.55935668945312]], [[160.53250122070312]], [[181.29200744628906]], [[197.44886779785156]], [[225.9506378173828]], [[275.5753479003906]], [[302.3685607910156]], [[330.55975341796875]], [[367.7214660644531]], [[423.18731689453125]], [[465.05706787109375]], [[535.408935546875]], [[589.612548828125]], [[616.5309448242188]], [[678.4041137695312]], [[728.4989013671875]], [[773.9423217773438]], [[813.24658203125]], [[839.9981079101562]], [[867.6032104492188]], [[883.9246826171875]], [[889.7758178710938]], [[892.864013671875]], [[894.0142211914062]], [[896.0118408203125]], [[905.4046020507812]], [[926.3698120117188]], [[955.4046630859375]], [[993.9475708007812]], [[1031.1937255859375]], [[1070.2412109375]], [[1128.423583984375]], [[1162.51904296875]], [[1184.92822265625]], [[0.35506001114845276]], [[16.508739471435547]], [[29.52945327758789]], [[52.778541564941406]], [[73.3383560180664]], [[91.45469665527344]], [[114.15020751953125]], [[134.14962768554688]], [[168.8671875]], [[187.46470642089844]], [[217.5551300048828]], [[255.68576049804688]], [[303.9897766113281]], [[323.312255859375]], [[357.1377868652344]], [[392.87957763671875]], [[461.7842102050781]], [[510.05877685546875]], [[567.69287109375]], [[600.805908203125]], [[656.9181518554688]], [[709.2924194335938]], [[729.8965454101562]], [[777.7905883789062]], [[801.6851196289062]], [[823.3588256835938]], [[837.5607299804688]], [[845.217041015625]], [[848.334228515625]], [[849.615234375]], [[851.0658569335938]], [[859.8787231445312]], [[871.8099365234375]], [[898.9596557617188]], [[914.6061401367188]], [[972.072021484375]], [[1008.0922241210938]], [[1043.2059326171875]], [[1069.281005859375]], [[1120.28125]], [[1129.973876953125]], [[1136.2734375]], [[1138.1265869140625]], [[1139.2314453125]], [[1144.57080078125]], [[1157.4022216796875]], [[1200.2047119140625]], [[1263.1524658203125]], [[1348.688720703125]], [[1390.6572265625]], [[1479.516845703125]], [[1568.8792724609375]], [[1661.4293212890625]], [[1713.337158203125]], [[1750.3133544921875]], [[0.1057400032877922]], [[8.48849105834961]], [[27.611433029174805]], [[36.28950119018555]], [[49.693695068359375]], [[68.60115814208984]], [[81.00128173828125]], [[94.18757629394531]], [[116.87352752685547]], [[132.20286560058594]], [[151.98321533203125]], [[169.8157958984375]], [[196.94801330566406]], [[222.31698608398438]], [[249.9107666015625]], [[290.41790771484375]], [[317.75042724609375]], [[346.8741760253906]], [[383.8404235839844]], [[429.3784484863281]], [[470.1448974609375]], [[511.57861328125]], [[553.3539428710938]], [[573.7935180664062]], [[613.6868896484375]], [[656.5144653320312]], [[689.0153198242188]], [[720.3497314453125]], [[737.8251342773438]], [[755.1526489257812]], [[760.2003784179688]], [[767.1254272460938]], [[769.5722045898438]], [[770.5027465820312]], [[774.71240234375]], [[779.6306762695312]], [[792.3120727539062]], [[812.3698120117188]], [[845.064453125]], [[879.2605590820312]], [[903.8280029296875]], [[963.0670776367188]], [[987.6807250976562]], [[1019.5208740234375]], [[1021.37109375]], [[1028.640869140625]], [[1030.1875]], [[1031.5997314453125]], [[1044.5533447265625]], [[1067.4337158203125]], [[1097.4588623046875]], [[1137.78173828125]], [[1222.2801513671875]], [[0.05844400078058243]], [[7.689670562744141]], [[11.523574829101562]], [[20.593341827392578]], [[31.302776336669922]], [[38.27170944213867]], [[46.976234436035156]], [[53.019344329833984]], [[67.47898864746094]], [[74.38352966308594]], [[87.24050903320312]], [[95.09613800048828]], [[114.37744903564453]], [[121.258544921875]], [[141.3994598388672]], [[155.12083435058594]], [[172.95870971679688]], [[210.02682495117188]], [[232.75013732910156]], [[257.4131774902344]], [[288.6119689941406]], [[302.9072265625]], [[327.5716857910156]], [[375.25006103515625]], [[408.8378601074219]], [[443.5335388183594]], [[478.6798095703125]], [[513.7692260742188]], [[547.8365478515625]], [[585.174560546875]], [[600.0284423828125]], [[635.334716796875]], [[659.8302612304688]], [[673.34521484375]], [[685.076416015625]], [[691.3937377929688]], [[695.546630859375]], [[697.4296264648438]], [[698.5153198242188]], [[701.209228515625]], [[706.1176147460938]], [[718.9005126953125]], [[755.6051635742188]], [[783.4146118164062]], [[814.385498046875]], [[856.0833129882812]], [[870.630615234375]], [[895.679931640625]], [[914.174560546875]], [[927.6771850585938]], [[929.9152221679688]], [[931.463623046875]]]}