{"vc": [[-0.13341721892356873, -0.15418489277362823, 0.15407517552375793], [-0.2284885048866272, -2.409811496734619, 2.409868001937866], [-0.04696287587285042, -0.017425742000341415, 0.017462991178035736], [-0.07133122533559799, -0.17936833202838898, 0.1790897250175476], [-0.08549990504980087, -0.004959148354828358, 0.005005354527384043], [-0.07446084171533585, 0.04334002360701561, -0.04322255775332451], [-0.21134322881698608, 0.5285630226135254, -0.5286939144134521], [0.0026568621397018433, 0.0015270032454282045, -0.0014757304452359676], [0.07165004312992096, 0.060478948056697845, -0.06050734221935272], [-0.006038452964276075, 0.04712294042110443, -0.047307439148426056]], "true_y1": [[[0.4006600081920624]], [[0.13456043601036072]], [[0.14080169796943665]], [[0.22693118453025818]], [[0.3773290514945984]], [[0.5638382434844971]], [[0.625548779964447]], [[0.8968325853347778]], [[1.0895295143127441]], [[1.3184292316436768]], [[1.4599881172180176]], [[1.5395444631576538]], [[1.6061172485351562]], [[1.6605433225631714]], [[1.7468329668045044]], [[1.7708803415298462]], [[1.7637507915496826]], [[1.722922444343567]], [[1.673330545425415]], [[1.5329930782318115]], [[1.400761604309082]], [[1.306217908859253]], [[1.1767421960830688]], [[1.124741554260254]], [[1.0419578552246094]], [[0.9688435792922974]], [[0.9402552843093872]], [[0.8789696097373962]], [[0.8320661783218384]], [[0.7963427305221558]], [[0.744897186756134]], [[0.7214869260787964]], [[0.6836404800415039]], [[0.6638160943984985]], [[0.6313484907150269]], [[0.6057191491127014]], [[0.5819597244262695]], [[0.5633967518806458]], [[0.5390785932540894]], [[0.5134435296058655]], [[0.501401960849762]], [[1.0533000230789185]], [[0.7929970026016235]], [[0.7215806245803833]], [[0.7080972194671631]], [[0.7640409469604492]], [[0.8230257034301758]], [[0.9308363795280457]], [[1.0842493772506714]], [[1.193552851676941]], [[1.3232979774475098]], [[1.3506298065185547]], [[1.4018707275390625]], [[1.510392189025879]], [[1.5219601392745972]], [[1.5532913208007812]], [[1.5601892471313477]], [[1.5611073970794678]], [[1.5475163459777832]], [[1.5039525032043457]], [[1.359732985496521]], [[1.312242031097412]], [[1.218053936958313]], [[1.1515185832977295]], [[1.0892006158828735]], [[1.032082200050354]], [[0.9880741238594055]], [[0.9394375085830688]], [[0.9022359848022461]], [[0.8547669649124146]], [[0.8180202841758728]], [[0.6504386067390442]], [[0.6333721280097961]], [[0.6108777523040771]], [[0.5927817225456238]], [[0.5785385966300964]], [[0.559639573097229]], [[1.104699969291687]], [[0.9271564483642578]], [[0.7795037031173706]], [[0.7239282131195068]], [[0.7262424230575562]], [[0.7748600244522095]], [[0.8139635324478149]], [[0.9077946543693542]], [[0.9563477635383606]], [[1.0048906803131104]], [[1.0959124565124512]], [[1.1738752126693726]], [[1.206954836845398]], [[1.2482728958129883]], [[1.2705416679382324]], [[1.3034271001815796]], [[1.3213026523590088]], [[1.3232178688049316]], [[1.3182926177978516]], [[1.3027631044387817]], [[1.2751580476760864]], [[1.2036292552947998]], [[1.1564668416976929]], [[1.093416690826416]], [[1.0625511407852173]], [[1.018371343612671]], [[0.9635725021362305]], [[0.9316691160202026]], [[0.8958154320716858]], [[0.8575971722602844]], [[0.8324487209320068]], [[0.7997509837150574]], [[0.7825687527656555]], [[0.7543266415596008]], [[0.7429590821266174]], [[0.7080183625221252]], [[0.6829313039779663]], [[0.6573183536529541]], [[0.6441465616226196]], [[0.6033599972724915]], [[0.34969741106033325]], [[0.2989436984062195]], [[0.29959535598754883]], [[0.3194386065006256]], [[0.34838172793388367]], [[0.4247468113899231]], [[0.4917018413543701]], [[0.5620405077934265]], [[0.632684051990509]], [[0.7014046311378479]], [[0.766364574432373]], [[0.8069002628326416]], [[0.8806069493293762]], [[0.9282651543617249]], [[0.9936280846595764]], [[1.0618668794631958]], [[1.0811207294464111]], [[1.0919963121414185]], [[1.0956695079803467]], [[1.0864499807357788]], [[1.0724222660064697]], [[1.0414948463439941]], [[1.0142720937728882]], [[1.0000890493392944]], [[0.9661460518836975]], [[0.9371086955070496]], [[0.9088002443313599]], [[0.8814436197280884]], [[0.8597432971000671]], [[0.8310170769691467]], [[0.8043068051338196]], [[0.7864645719528198]], [[0.7628934979438782]], [[0.7473422288894653]], [[0.7354269027709961]], [[0.715811550617218]], [[0.6977218985557556]], [[0.683288037776947]], [[0.6697555184364319]], [[0.6591247320175171]], [[0.6490356922149658]], [[0.6339375972747803]], [[0.6233528852462769]], [[0.6133875250816345]], [[0.35506001114845276]], [[0.14398077130317688]], [[0.07648075371980667]], [[0.07991628348827362]], [[0.14959293603897095]], [[0.23209625482559204]], [[0.3420710563659668]], [[0.43470674753189087]], [[0.5732574462890625]], [[0.6340810060501099]], [[0.7136703729629517]], [[0.786098837852478]], [[0.8436967730522156]], [[0.8588690757751465]], [[0.8774591684341431]], [[0.8886627554893494]], [[0.8939300179481506]], [[0.8893996477127075]], [[0.8784316182136536]], [[0.8701323866844177]], [[0.8533757328987122]], [[0.8347378969192505]], [[0.8264603614807129]], [[0.804067850112915]], [[0.7900556921958923]], [[0.7735723853111267]], [[0.7575643062591553]], [[0.7422378063201904]], [[0.7274812459945679]], [[0.7135534882545471]], [[0.7046543955802917]], [[0.6877138614654541]], [[0.6777781248092651]], [[0.6646832823753357]], [[0.6592724919319153]], [[0.6441194415092468]], [[0.6362184882164001]], [[0.6287602186203003]], [[0.622981607913971]], [[0.6082598567008972]], [[0.603301465511322]], [[0.5973189473152161]], [[0.5894033312797546]], [[0.5830022096633911]], [[0.5779080986976624]], [[0.5730754733085632]], [[0.5657142400741577]], [[0.5596982836723328]], [[0.5540120005607605]], [[0.5516760349273682]], [[0.5471912026405334]], [[0.5429034233093262]], [[0.5381572246551514]], [[0.534922182559967]], [[0.531801700592041]], [[0.1057400032877922]], [[-0.025425098836421967]], [[-0.16509807109832764]], [[-0.18412010371685028]], [[-0.1824336051940918]], [[-0.1431451141834259]], [[-0.10550294816493988]], [[-0.06099163740873337]], [[0.01799199730157852]], [[0.06950642168521881]], [[0.13142499327659607]], [[0.18206444382667542]], [[0.2494775652885437]], [[0.30271315574645996]], [[0.3512473404407501]], [[0.4079636037349701]], [[0.4383891820907593]], [[0.4652769863605499]], [[0.49278634786605835]], [[0.518753707408905]], [[0.5363190770149231]], [[0.5499294400215149]], [[0.5602075457572937]], [[0.5641751885414124]], [[0.5701677203178406]], [[0.5742407441139221]], [[0.5757046937942505]], [[0.5755022764205933]], [[0.5743463635444641]], [[0.5716248750686646]], [[0.5701256394386292]], [[0.5660832524299622]], [[0.5614272356033325]], [[0.5578375458717346]], [[0.5517971515655518]], [[0.548724353313446]], [[0.5440530180931091]], [[0.5393808484077454]], [[0.5339807271957397]], [[0.5294402837753296]], [[0.5264623761177063]], [[0.5192716121673584]], [[0.5158024430274963]], [[0.5091859102249146]], [[0.5085470676422119]], [[0.5041877031326294]], [[0.4977246820926666]], [[0.49604862928390503]], [[0.49176061153411865]], [[0.48870494961738586]], [[0.4862499535083771]], [[0.4838954508304596]], [[0.4803090989589691]], [[0.05844400078058243]], [[-0.0818806067109108]], [[-0.132218137383461]], [[-0.21310314536094666]], [[-0.2614629566669464]], [[-0.2754649817943573]], [[-0.2805774211883545]], [[-0.27855610847473145]], [[-0.26248061656951904]], [[-0.2514355182647705]], [[-0.22801457345485687]], [[-0.21279971301555634]], [[-0.17504552006721497]], [[-0.1618453711271286]], [[-0.12489047646522522]], [[-0.10140813142061234]], [[-0.0730355978012085]], [[-0.021414417773485184]], [[0.005912547931075096]], [[0.032437197864055634]], [[0.06203697249293327]], [[0.0743333250284195]], [[0.09394122660160065]], [[0.1270265281200409]], [[0.14727535843849182]], [[0.1661083847284317]], [[0.18345357477664948]], [[0.19940650463104248]], [[0.21392294764518738]], [[0.2291433960199356]], [[0.23511815071105957]], [[0.24958163499832153]], [[0.2605045437812805]], 