{"vc": [[-0.1456720530986786, 0.0, 0.0], [0.0, -0.2494596391916275, 0.25024843215942383], [-0.0658332109451294, 0.3294553756713867, -0.32904452085494995], [-0.27232056856155396, 0.0, 0.0], [0.0, 0.0, 0.0], [0.0, 0.0, 0.0], [0.0, 0.05581386759877205, -0.055714257061481476], [0.0, 0.0, 0.0], [0.0, 0.0, 0.0], [0.19716694951057434, 0.0, 0.0]], "true_y1": [[[0.4006600081920624]], [[10.060651779174805]], [[11.812113761901855]], [[16.856775283813477]], [[21.23334503173828]], [[24.975522994995117]], [[26.00393295288086]], [[29.762653350830078]], [[31.89921760559082]], [[34.04603958129883]], [[35.218894958496094]], [[35.843143463134766]], [[36.35624694824219]], [[36.779415130615234]], [[37.529842376708984]], [[37.892547607421875]], [[38.11184310913086]], [[38.24746322631836]], [[38.27945327758789]], [[38.19880294799805]], [[38.023109436035156]], [[37.8558464050293]], [[37.56966018676758]], [[37.43327713012695]], [[37.18571853637695]], [[36.929603576660156]], [[36.818031311035156]], [[36.553138732910156]], [[36.32271194458008]], [[36.12812805175781]], [[35.81366729736328]], [[35.6551513671875]], [[35.375221252441406]], [[35.2155647277832]], [[34.93217849731445]], [[34.68703079223633]], [[34.44078063964844]], [[34.23436737060547]], [[33.943458557128906]], [[33.608970642089844]], [[33.44106674194336]], [[1.0533000230789185]], [[4.946447372436523]], [[7.450376510620117]], [[11.035510063171387]], [[14.299583435058594]], [[16.263906478881836]], [[18.956457138061523]], [[21.95611000061035]], [[23.788339614868164]], [[25.781118392944336]], [[26.18681526184082]], [[26.944807052612305]], [[28.641578674316406]], [[28.850425720214844]], [[29.551496505737305]], [[29.82244110107422]], [[30.14847755432129]], [[30.46119499206543]], [[30.73292350769043]], [[30.840316772460938]], [[30.795726776123047]], [[30.6436824798584]], [[30.492633819580078]], [[30.31942367553711]], [[30.131954193115234]], [[29.966772079467773]], [[29.76044273376465]], [[29.583478927612305]], [[29.32977867126465]], [[29.108522415161133]], [[27.7266845703125]], [[27.530101776123047]], [[27.2537784576416]], [[27.015567779541016]], [[26.817035675048828]], [[26.53717803955078]], [[1.104699969291687]], [[2.984893798828125]], [[5.759381294250488]], [[9.263460159301758]], [[10.064054489135742]], [[13.130905151367188]], [[14.500468254089355]], [[16.984695434570312]], [[18.056310653686523]], [[19.043846130371094]], [[20.747459411621094]], [[22.12128448486328]], [[22.69951629638672]], [[23.439105987548828]], [[23.859472274780273]], [[24.560165405273438]], [[25.089210510253906]], [[25.70882225036621]], [[25.82973289489746]], [[26.01462745666504]], [[26.157943725585938]], [[26.23978614807129]], [[26.20075035095215]], [[26.083345413208008]], [[26.00374412536621]], [[25.866559982299805]], [[25.65813446044922]], [[25.516023635864258]], [[25.33624839782715]], [[25.11846923828125]], [[24.95854949951172]], [[24.7281436920166]], [[24.595684051513672]], [[24.358713150024414]], [[24.25591278076172]], [[23.909671783447266]], [[23.62906265258789]], [[23.31034278869629]], [[23.132164001464844]], [[0.6033599972724915]], [[4.681519031524658]], [[7.004703044891357]], [[9.922903060913086]], [[11.268245697021484]], [[12.547140121459961]], [[14.875789642333984]], [[16.417741775512695]], [[17.782442092895508]], [[18.979721069335938]], [[20.023090362548828]], [[20.92431640625]], [[21.452547073364258]], [[22.35915184020996]], [[22.916841506958008]], [[23.66261100769043]], [[24.472856521606445]], [[24.745222091674805]], [[24.950899124145508]], [[25.132707595825195]], [[25.280366897583008]], [[25.328838348388672]], [[25.335302352905273]], [[25.297422409057617]], [[25.268226623535156]], [[25.178476333618164]], [[25.08245849609375]], [[24.972904205322266]], [[24.851856231689453]], [[24.74460792541504]], [[24.585939407348633]], [[24.419288635253906]], [[24.296350479125977]], [[24.11771011352539]], [[23.98847198486328]], [[23.882612228393555]], [[23.693931579589844]], [[23.501989364624023]], [[23.334749221801758]], [[23.165122985839844]], [[23.022186279296875]], [[22.87784767150879]], [[22.6442813873291]], [[22.46653938293457]], [[22.28741455078125]], [[0.35506001114845276]], [[3.6174142360687256]], [[6.131161212921143]], [[10.163724899291992]], [[13.121131896972656]], [[15.239483833312988]], [[17.31688117980957]], [[18.70865249633789]], [[20.406352996826172]], [[21.045446395874023]], [[21.808473587036133]], [[22.449350357055664]], [[22.94471549987793]], [[23.07948875427246]], [[23.256805419921875]], [[23.38490867614746]], [[23.521398544311523]], [[23.56129264831543]], [[23.56991958618164]], [[23.560129165649414]], [[23.522769927978516]], [[23.464481353759766]], [[23.43433952331543]], [[23.341442108154297]], [[23.27520179748535]], [[23.189210891723633]], [[23.096906661987305]], [[22.999746322631836]], [[22.89725685119629]], [[22.79157257080078]], [[22.71901512145996]], [[22.568723678588867]], [[22.472265243530273]], [[22.334428787231445]], [[22.27354621887207]], [[22.08919334411621]], [[21.984018325805664]], [[21.8783016204834]], [[21.79169464111328]], [[21.550050735473633]], [[21.46101951599121]], [[21.347806930541992]], [[21.18730354309082]], [[21.047592163085938]], [[20.929370880126953]], [[20.81089973449707]], [[20.61737060546875]], [[20.446125030517578]], [[20.272077560424805]], [[20.196821212768555]], [[20.045663833618164]], [[19.892295837402344]], [[19.7114200592041]], [[19.580821990966797]], [[19.448745727539062]], [[0.1057400032877922]], [[1.745263695716858]], [[5.323434352874756]], [[6.814670562744141]], [[8.902345657348633]], [[11.367572784423828]], [[12.690799713134766]], [[13.871931076049805]], [[15.45417594909668]], [[16.270204544067383]], [[17.098962783813477]], [[17.681997299194336]], [[18.35527992248535]], [[18.820331573486328]], [[19.202945709228516]], [[19.60972023010254]], [[19.81364631652832]], [[19.98762321472168]], [[20.161636352539062]], [[20.325162887573242]], [[20.43818473815918]], [[20.530031204223633]], [[20.60524559020996]], [[20.63703727722168]], [[20.691492080688477]], [[20.740936279296875]], [[20.773611068725586]], [[20.802120208740234]], [[20.81713104248047]], [[20.831806182861328]], [[20.836149215698242]], [[20.842172622680664]], [[20.843307495117188]], [[20.841527938842773]], [[20.834793090820312]], [[20.829883575439453]], [[20.82074737548828]], [[20.809728622436523]], [[20.794742584228516]], [[20.7802791595459]], [[20.769847869873047]], [[20.74142074584961]], [[20.725955963134766]], [[20.692964553833008]], [[20.689517974853516]], [[20.66464614868164]], [[20.622989654541016]], [[20.61113929748535]], [[20.578594207763672]], [[20.553245544433594]], [[20.531423568725586]], [[20.5091552734375]], [[20.47242546081543]], [[0.05844400078058243]], [[1.4582778215408325]], [[2.1509323120117188]], [[3.7358224391937256]], [[5.468352317810059]], [[6.496590614318848]], [[7.662392616271973]], [[8.394330024719238]], [[9.903745651245117]], [[10.515548706054688]], [[11.495211601257324]], [[12.005859375]], [[13.034990310668945]], [[13.339431762695312]], [[14.086779594421387]], [[14.49912166595459]], [[14.947774887084961]], [[15.658034324645996]], [[15.991881370544434]], [[16.294761657714844]], [[16.61334800720215]], [[16.740909576416016]], [[16.939834594726562]], [[17.267040252685547]], [[17.46517562866211]], [[17.650524139404297]], [[17.82429313659668]], [[17.988916397094727]], [[18.145017623901367]], [[18.318359375]], [[18.390094757080078]], [[18.575759887695312]], [[18.731525421142578]], [[18.84023666381836]], [[18.96812629699707]], [[19.07313346862793]], [[19.19704818725586]], [[19.340307235717773]], [[19.462066650390625]], [[19.582595825195312]], [[19.683204650878906]], [[19.823638916015625]], [[20.044891357421875]], [[20.16623306274414]], [[20.2877140045166]], [[20.450969696044922]], [[20.51297950744629]], [[20.636810302734375]], [[20.76200294494629]], [[20.9301815032959]], [[20.993894577026367]], [[21.143753051757812]]]}