{"vc": [[-0.14292287826538086, 0.0, 0.0], [0.0, -0.554294764995575, 0.5557807087898254], [-0.05000321567058563, 0.1162295937538147, -0.11568573117256165], [-0.32170772552490234, 0.0, 0.0], [0.0, 0.0, 0.0], [0.0, 0.0, 0.0], [0.0, 0.1879131942987442, -0.1880670040845871], [0.0, 0.0, 0.0], [0.0, 0.0, 0.0], [0.09076642245054245, 0.0, 0.0]], "true_y1": [[[0.4006600081920624]], [[4.236189842224121]], [[4.904454231262207]], [[6.753395080566406]], [[8.241719245910645]], [[9.405244827270508]], [[9.704133987426758]], [[10.704262733459473]], [[11.193843841552734]], [[11.605560302734375]], [[11.781402587890625]], [[11.853840827941895]], [[11.897685050964355]], [[11.918956756591797]], [[11.899521827697754]], [[11.83337688446045]], [[11.739263534545898]], [[11.596563339233398]], [[11.47008228302002]], [[11.160529136657715]], [[10.87040901184082]], [[10.648688316345215]], [[10.310776710510254]], [[10.159259796142578]], [[9.893274307250977]], [[9.626334190368652]], [[9.511919021606445]], [[9.243718147277832]], [[9.013561248779297]], [[8.821039199829102]], [[8.51285457611084]], [[8.358705520629883]], [[8.088232040405273]], [[7.934895038604736]], [[7.664268970489502]], [[7.43167781829834]], [[7.199403762817383]], [[7.005736827850342]], [[6.734367370605469]], [[6.424628257751465]], [[6.270077228546143]], [[1.0533000230789185]], [[2.555330991744995]], [[3.493788003921509]], [[4.784350395202637]], [[5.890164375305176]], [[6.517203330993652]], [[7.321518898010254]], [[8.128545761108398]], [[8.56514835357666]], [[8.97767162322998]], [[9.051775932312012]], [[9.179100036621094]], [[9.392541885375977]], [[9.408923149108887]], [[9.437263488769531]], [[9.432356834411621]], [[9.406655311584473]], [[9.345646858215332]], [[9.215178489685059]], [[8.844165802001953]], [[8.717631340026855]], [[8.453203201293945]], [[8.249964714050293]], [[8.042716979980469]], [[7.834467887878418]], [[7.659327507019043]], [[7.447766304016113]], [[7.270837306976318]], [[7.0223894119262695]], [[6.8094482421875]], [[5.524598121643066]], [[5.346108913421631]], [[5.096719741821289]], [[4.883108615875244]], [[4.706058502197266]], [[4.458042621612549]], [[1.104699969291687]], [[1.8086724281311035]], [[2.822174072265625]], [[4.042128562927246]], [[4.309168338775635]], [[5.283410549163818]], [[5.690151691436768]], [[6.374998092651367]], [[6.646288871765137]], [[6.881410598754883]], [[7.247817039489746]], [[7.498151779174805]], [[7.587843894958496]], [[7.6848249435424805]], [[7.728732585906982]], [[7.7767415046691895]], [[7.781521320343018]], [[7.717456817626953]], [[7.686870098114014]], [[7.613438606262207]], [[7.50406551361084]], [[7.24641752243042]], [[7.076427459716797]], [[6.839066982269287]], [[6.71620512008667]], [[6.530264854431152]], [[6.278822898864746]], [[6.119214057922363]], [[5.925736904144287]], [[5.699966907501221]], [[5.538466930389404]], [[5.310482501983643]], [[5.181414604187012]], [[4.953424453735352]], [[4.8555192947387695]], [[4.529476642608643]], [[4.268865585327148]], [[3.9763200283050537]], [[3.8142964839935303]], [[0.6033599972724915]], [[2.0933632850646973]], [[2.912738800048828]], [[3.8961007595062256]], [[4.328023910522461]], [[4.723866939544678]], [[5.4021172523498535]], [[5.816098690032959]], [[6.154829025268555]], [[6.426900863647461]], [[6.641232013702393]], [[6.80567741394043]], [[6.891286849975586]], [[7.0147504806518555]], [[7.071615219116211]], [[7.114326477050781]], [[7.084218502044678]], [[7.037670135498047]], [[6.976259708404541]], [[6.883667945861816]], [[6.7328009605407715]], [[6.61419677734375]], [[6.410582542419434]], [[6.250244617462158]], [[6.168939590454102]], [[5.974915027618408]], [[5.805462837219238]], [[5.633979797363281]], [[5.4599080085754395]], [[5.314413547515869]], [[5.109424591064453]], [[4.903506278991699]], [[4.756190299987793]], [[4.547544479370117]], [[4.399905681610107]], [[4.280745506286621]], [[4.071837425231934]], [[3.8633763790130615]], [[3.6847517490386963]], [[3.5062477588653564]], [[3.357832670211792]], [[3.2097842693328857]], [[2.974088191986084]], [[2.7979884147644043]], [[2.623485803604126]], [[0.35506001114845276]], [[1.5159271955490112]], [[2.38446044921875]], [[3.69588565826416]], [[4.565464496612549]], [[5.12329626083374]], [[5.601353168487549]], [[5.871397972106934]], [[6.121642589569092]], [[6.182398319244385]], [[6.216109275817871]], [[6.190317630767822]], [[6.102125644683838]], [[6.0577311515808105]], [[5.973241806030273]], [[5.878373146057129]], [[5.687887668609619]], [[5.551241874694824]], [[5.384554862976074]], [[5.286070823669434]], [[5.111327171325684]], [[4.932559490203857]], [[4.855207920074463]], [[4.646817684173584]], [[4.5145955085754395]], [[4.355101585388184]], [[4.194404125213623]], [[4.033630847930908]], [[3.871018409729004]], [[3.7091939449310303]], [[3.600935459136963]], [[3.3828248977661133]], [[3.246605396270752]], [[3.0563812255859375]], [[2.973881244659424]], [[2.7293145656585693]], [[2.5931382179260254]], [[2.4586234092712402]], [[2.3501687049865723]], [[2.0559141635894775]], [[1.950667381286621]], [[1.8194040060043335]], [[1.6384756565093994]], [[1.4862449169158936]], [[1.3615508079528809]], [[1.240678310394287]], [[1.0528720617294312]], [[0.8978328108787537]], [[0.7524294257164001]], [[0.693760871887207]], [[0.5843674540519714]], [[0.48599955439567566]], [[0.3882943093776703]], [[0.33140841126441956]], [[0.28666001558303833]], [[0.1057400032877922]], [[0.6439056992530823]], [[1.7886831760406494]], [[2.2438242435455322]], [[2.8483660221099854]], [[3.4973785877227783]], [[3.8082425594329834]], [[4.057685852050781]], [[4.339029788970947]], [[4.453361511230469]], [[4.540421485900879]], [[4.5785603523254395]], [[4.589615821838379]], [[4.568088054656982]], [[4.52424430847168]], [[4.438717365264893]], [[4.3733439445495605]], [[4.300089359283447]], [[4.204090118408203]], [[4.083172798156738]], [[3.972977876663208]], [[3.8585870265960693]], [[3.7394254207611084]], [[3.67903208732605]], [[3.555161952972412]], [[3.408146381378174]], [[3.279276132583618]], [[3.1267800331115723]], [[3.0165398120880127]], [[2.86075496673584]], [[2.7928719520568848]], [[2.6348631381988525]], [[2.4752848148345947]], [[2.3604180812835693]], [[2.1752049922943115]], [[2.0829625129699707]], [[1.943587303161621]], [[1.80392324924469]], [[1.6407039165496826]], [[1.5010219812393188]], [[1.4078495502471924]], [[1.17674720287323]], [[1.061763882637024]], [[0.8356980681419373]], [[0.8133977055549622]], [[0.6591289639472961]], [[0.42487049102783203]], [[0.36346834897994995]], [[0.20662865042686462]], [[0.09661488980054855]], [[0.010721072554588318]], [[-0.06817704439163208]], [[-0.17785042524337769]], [[0.05844400078058243]], [[0.44795340299606323]], [[0.6389017701148987]], [[1.0674800872802734]], [[1.5158498287200928]], [[1.768183708190918]], [[2.0384681224823]], [[2.1980271339416504]], [[2.497145891189575]], [[2.604839324951172]], [[2.75754451751709]], [[2.8259940147399902]], [[2.9356815814971924]], [[2.9596259593963623]], [[2.9982192516326904]], [[3.0050642490386963]], [[2.9983456134796143]], [[2.9502804279327393]], [[2.9079689979553223]], [[2.8561558723449707]], [[2.7855563163757324]], [[2.752060890197754]], [[2.6932082176208496]], [[2.576965093612671]], [[2.4935214519500732]], [[2.405703067779541]], [[2.3142917156219482]], [[2.219247579574585]], [[2.121354579925537]], [[2.0037412643432617]], [[1.9523521661758423]], [[1.8121672868728638]], [[1.6869254112243652]], [[1.5956673622131348]], [[1.484576940536499]], [[1.3905985355377197]], [[1.2768274545669556]], [[1.1419191360473633]], [[1.0248647928237915]], [[0.9072418808937073]], [[0.8080063462257385]], [[0.6683444976806641]], [[0.4469836354255676]], [[0.3256630301475525]], [[0.20480704307556152]], [[0.04416264593601227]], [[-0.01609627902507782]], [[-0.1347672939300537]], [[-0.2519283890724182]], [[-0.40351438522338867]], [[-0.45880889892578125]], [[-0.583190381526947]]]}