{"vc": [[-0.060329731553792953, 0.0, 0.0], [0.0, -1.5242258310317993, 1.5250383615493774], [-0.006622343324124813, 0.07937439531087875, -0.08003944158554077], [-0.1744435429573059, 0.0, 0.0], [0.0, 0.0, 0.0], [0.0, 0.0, 0.0], [0.0, 0.6150268316268921, -0.614330530166626], [0.0, 0.0, 0.0], [0.0, 0.0, 0.0], [0.03250006213784218, 0.0, 0.0]], "true_y1": [[[0.4006600081920624]], [[1.583106517791748]], [[1.7807719707489014]], [[2.311474323272705]], [[2.7179083824157715]], [[3.018568515777588]], [[3.092639684677124]], [[3.3268985748291016]], [[3.429591655731201]], [[3.5023579597473145]], [[3.523616075515747]], [[3.526989459991455]], [[3.523890733718872]], [[3.515791416168213]], [[3.4803402423858643]], [[3.4425437450408936]], [[3.400289297103882]], [[3.3442533016204834]], [[3.298449754714966]], [[3.194171190261841]], [[3.1021409034729004]], [[3.034058094024658]], [[2.932814359664917]], [[2.888157606124878]], [[2.8106210231781006]], [[2.7337119579315186]], [[2.7009849548339844]], [[2.6247618198394775]], [[2.5598526000976562]], [[2.505885124206543]], [[2.4200806617736816]], [[2.3774232864379883]], [[2.302985906600952]], [[2.2610156536102295]], [[2.187347173690796]], [[2.124447822570801]], [[2.0620219707489014]], [[2.010272979736328]], [[1.9382297992706299]], [[1.8566838502883911]], [[1.8162736892700195]], [[1.0533000230789185]], [[1.4954478740692139]], [[1.7520954608917236]], [[2.0793585777282715]], [[2.334533452987671]], [[2.4677867889404297]], [[2.6246232986450195]], [[2.761671304702759]], [[2.8233277797698975]], [[2.867117404937744]], [[2.8724000453948975]], [[2.8781893253326416]], [[2.8647613525390625]], [[2.8594300746917725]], [[2.8315250873565674]], [[2.814758062362671]], [[2.78709077835083]], [[2.746795177459717]], [[2.6825573444366455]], [[2.537698268890381]], [[2.4932193756103516]], [[2.4043047428131104]], [[2.3385560512542725]], [[2.273167133331299]], [[2.2087764739990234]], [[2.1554579734802246]], [[2.0919110774993896]], [[2.039398193359375]], [[1.9665156602859497]], [[1.904771327972412]], [[1.5444612503051758]], [[1.4959664344787598]], [[1.4288504123687744]], [[1.3719676733016968]], [[1.3252520561218262]], [[1.260484218597412]], [[1.104699969291687]], [[1.3065910339355469]], [[1.5753810405731201]], [[1.8638354539871216]], [[1.9216468334197998]], [[2.114921808242798]], [[2.1865618228912354]], [[2.2923474311828613]], [[2.32775616645813]], [[2.3544182777404785]], [[2.3852012157440186]], [[2.392857551574707]], [[2.3901429176330566]], [[2.3799045085906982]], [[2.36977219581604]], [[2.3430850505828857]], [[2.3105502128601074]], [[2.2447261810302734]], [[2.2246551513671875]], [[2.1833088397979736]], [[2.1303353309631348]], [[2.022563934326172]], [[1.9579393863677979]], [[1.8724827766418457]], [[1.8298084735870361]], [[1.7667592763900757]], [[1.6838542222976685]], [[1.6323814392089844]], [[1.5710091590881348]], [[1.5006510019302368]], [[1.4510773420333862]], [[1.3820909261703491]], [[1.3435293436050415]], [[1.2762541770935059]], [[1.247688889503479]], [[1.1539549827575684]], [[1.0805844068527222]], [[0.9999115467071533]], [[0.9560279250144958]], [[0.6033599972724915]], [[1.0142316818237305]], [[1.2237651348114014]], [[1.4583743810653687]], [[1.5549906492233276]], [[1.6396422386169434]], [[1.7745318412780762]], [[1.8489174842834473]], [[1.903548002243042]], [[1.9415594339370728]], [[1.9657905101776123]], [[1.9786441326141357]], [[1.981947898864746]], [[1.978311538696289]], [[1.9684184789657593]], [[1.941622257232666]], [[1.8809515237808228]], [[1.8454358577728271]], [[1.8077160120010376]], [[1.7585184574127197]], [[1.6874054670333862]], [[1.6357635259628296]], [[1.552259922027588]], [[1.4896315336227417]], [[1.458669662475586]], [[1.3865439891815186]], [[1.325268030166626]], [[1.264639139175415]], [[1.204354166984558]], [[1.1548569202423096]], [[1.0864046812057495]], [[1.019083857536316]], [[0.9717843532562256]], [[0.9060141444206238]], [[0.8603457808494568]], [[0.8240220546722412]], [[0.761527419090271]], [[0.7007380127906799]], [[0.6499719023704529]], [[0.6005411744117737]], [[0.5605000257492065]], [[0.5215815901756287]], [[0.46191665530204773]], [[0.41936159133911133]], [[0.37909379601478577]], [[0.35506001114845276]], [[0.6669678688049316]], [[0.88826584815979]], [[1.199439287185669]], [[1.3859796524047852]], [[1.4929428100585938]], [[1.570616364479065]], [[1.6028960943222046]], [[1.61050283908844]], [[1.5996030569076538]], [[1.5702345371246338]], [[1.5224450826644897]], [[1.4561128616333008]], [[1.429280161857605]], [[1.382781744003296]], [[1.3347266912460327]], [[1.2455614805221558]], [[1.1853320598602295]], [[1.1146870851516724]], [[1.0740963220596313]], [[1.0037953853607178]], [[0.93382728099823]], [[0.9040975570678711]], [[0.8255025744438171]], [[0.7767071723937988]], [[0.7189098596572876]], [[0.6618330478668213]], [[0.6058934926986694]], [[0.5505222082138062]], [[0.4966691732406616]], [[0.46136897802352905]], [[0.3921307921409607]], [[0.35025525093078613]], [[0.29370635747909546]], [[0.26993560791015625]], [[0.2024534046649933]], [[0.16702425479888916]], [[0.13372819125652313]], [[0.10823613405227661]], [[0.04610364884138107]], [[0.026756299659609795]], [[0.005104126408696175]], [[-0.019602708518505096]], [[-0.03501957654953003]], [[-0.043366361409425735]], [[-0.0471973642706871]], [[-0.04324229806661606]], [[-0.028795607388019562]], [[-0.0034150294959545135]], [[0.010868084616959095]], [[0.04539824277162552]], [[0.08796045184135437]], [[0.14682386815547943]], [[0.19423431158065796]], [[0.24545978009700775]], [[0.1057400032877922]], [[0.23466292023658752]], [[0.5012387037277222]], [[0.6035870313644409]], [[0.7350398898124695]], [[0.8673772811889648]], [[0.9251177906990051]], [[0.9664661884307861]], [[1.0019311904907227]], [[1.0081332921981812]], [[1.0025476217269897]], [[0.988888680934906]], [[0.9588679671287537]], [[0.9253048300743103]], [[0.8860560059547424]], [[0.8268904089927673]], [[0.7871300578117371]], [[0.7453702092170715]], [[0.6934398412704468]], [[0.6309772729873657]], [[0.5760324001312256]], [[0.5204715132713318]], [[0.4638586938381195]], [[0.43558448553085327]], [[0.37836015224456787]], [[0.3116343319416046]], [[0.2540964186191559]], [[0.1870703399181366]], [[0.13930177688598633]], [[0.0727611631155014]], [[0.04412089288234711]], [[-0.021687574684619904]], [[-0.08687237650156021]], [[-0.13293607532978058]], [[-0.20552782714366913]], [[-0.24081704020500183]], [[-0.2928924858570099]], [[-0.3433556854724884]], [[-0.3997270464897156]], [[-0.44527003169059753]], [[-0.47398731112480164]], [[-0.5379636287689209]], [[-0.5649349093437195]], [[-0.6049798727035522]], [[-0.6077784895896912]], [[-0.6199005842208862]], [[-0.6064113974571228]], [[-0.5942723751068115]], [[-0.5407485961914062]], [[-0.4779731035232544]], [[-0.40919268131256104]], [[-0.3256062865257263]], [[-0.16184069216251373]], [[0.05844400078058243]], [[0.12358635663986206]], [[0.1550232470035553]], [[0.2242320328950882]], [[0.2941650450229645]], [[0.331991970539093]], [[0.37070417404174805]], [[0.3922996520996094]], [[0.4285668134689331]], [[0.43937796354293823]], [[0.45072847604751587]], [[0.4531448185443878]], [[0.4486890435218811]], [[0.44446155428886414]], [[0.4268990159034729]], [[0.41192808747291565]], [[0.39032477140426636]], [[0.34177058935165405]], [[0.3112644553184509]], [[0.2783060669898987]], [[0.2372855544090271]], [[0.21879833936691284]], [[0.18736331164836884]], [[0.12804609537124634]], [[0.08706434071063995]], [[0.044994328171014786]], [[0.0021337680518627167]], [[-0.04158894717693329]], [[-0.08584833145141602]], [[-0.13810548186302185]], [[-0.1606484055519104]], [[-0.2213059663772583]], [[-0.27450695633888245]], [[-0.3127002716064453]], [[-0.35854750871658325]], [[-0.3967737555503845]], [[-0.4423496127128601]], [[-0.49535730481147766]], [[-0.5403851270675659]], [[-0.584658682346344]], [[-0.6211881637573242]], [[-0.6711848378181458]], [[-0.7464556694030762]], [[-0.7852033376693726]], [[-0.8216225504875183]], [[-0.8658577799797058]], [[-0.8809539079666138]], 