{"vc": [[-0.06204346567392349, 0.0, 0.0], [0.0, -0.05024830624461174, 0.050177063792943954], [-0.005110600497573614, 0.3055054545402527, -0.30562034249305725], [0.025314021855592728, 0.0, 0.0], [0.0, 0.0, 0.0], [0.0, 0.0, 0.0], [0.0, 0.012171078473329544, -0.01187743991613388], [0.0, 0.0, 0.0], [0.0, 0.0, 0.0], [0.6623371243476868, 0.0, 0.0]], "true_y1": [[[0.4006600081920624]], [[35.71413803100586]], [[42.22139358520508]], [[61.286128997802734]], [[78.36803436279297]], [[93.55571746826172]], [[97.85273742675781]], [[114.1656265258789]], [[124.00901794433594]], [[134.5386199951172]], [[140.70114135742188]], [[144.16014099121094]], [[147.13525390625]], [[149.7123565673828]], [[154.74346923828125]], [[157.6171417236328]], [[159.76280212402344]], [[161.71470642089844]], [[162.8555908203125]], [[164.57510375976562]], [[165.50733947753906]], [[165.9971466064453]], [[166.53695678710938]], [[166.72731018066406]], [[167.0116729736328]], [[167.25277709960938]], [[167.3464813232422]], [[167.54971313476562]], [[167.71041870117188]], [[167.83787536621094]], [[168.032470703125]], [[168.12660217285156]], [[168.28810119628906]], [[168.37808227539062]], [[168.53492736816406]], [[168.66830444335938]], [[168.80064392089844]], [[168.9105682373047]], [[169.0642547607422]], [[169.2395782470703]], [[169.32713317871094]], [[1.0533000230789185]], [[15.522202491760254]], [[24.929550170898438]], [[38.61174774169922]], [[51.373146057128906]], [[59.239707946777344]], [[70.31942749023438]], [[83.19789123535156]], [[91.44277954101562]], [[100.87264251708984]], [[102.86974334716797]], [[106.69107055664062]], [[115.83495330810547]], [[117.04222106933594]], [[121.31256103515625]], [[123.09066772460938]], [[125.38667297363281]], [[127.8705062866211]], [[130.61546325683594]], [[134.0687713623047]], [[134.70782470703125]], [[135.64950561523438]], [[136.1447296142578]], [[136.52249145507812]], [[136.81431579589844]], [[137.0115966796875]], [[137.20758056640625]], [[137.34498596191406]], [[137.50820922851562]], [[137.62767028808594]], [[138.14707946777344]], [[138.20736694335938]], [[138.28878784179688]], [[138.35658264160156]], [[138.41177368164062]], [[138.48802185058594]], [[1.104699969291687]], [[8.206419944763184]], [[18.781009674072266]], [[32.378536224365234]], [[35.53577423095703]], [[47.86042785644531]], [[53.50802993774414]], [[64.0494155883789]], [[68.74290466308594]], [[73.16490173339844]], [[81.0636978149414]], [[87.76311492919922]], [[90.70197296142578]], [[94.59845733642578]], [[96.90057373046875]], [[100.9338607788086]], [[104.22146606445312]], [[108.59626007080078]], [[109.58349609375]], [[111.2870864868164]], [[112.98561096191406]], [[115.35028076171875]], [[116.3108139038086]], [[117.24498748779297]], [[117.60687255859375]], [[118.04719543457031]], [[118.49703979492188]], [[118.72136688232422]], [[118.94754791259766]], [[119.16423797607422]], [[119.29576873779297]], [[119.45642852783203]], [[119.53710174560547]], [[119.66554260253906]], [[119.71615600585938]], [[119.86964416503906]], [[119.97970581054688]], [[120.09394836425781]], [[120.15410614013672]], [[0.6033599972724915]], [[16.164514541625977]], [[25.142398834228516]], [[36.60887908935547]], [[41.98947525024414]], [[47.173465728759766]], [[56.82543182373047]], [[63.405487060546875]], [[69.38910675048828]], [[74.79232025146484]], [[79.64692687988281]], [[83.97749328613281]], [[86.58880615234375]], [[91.23174285888672]], [[94.2192153930664]], [[98.44212341308594]], [[103.5426254272461]], [[105.49541473388672]], [[107.13874816894531]], [[108.83496856689453]], [[110.69032287597656]], [[111.73423767089844]], [[113.05535888671875]], [[113.83281707763672]], [[114.16638946533203]], [[114.84170532226562]], [[115.32701873779297]], [[115.74649047851562]], [[116.11707305908203]], [[116.3939437866211]], [[116.7450180053711]], [[117.06253814697266]], [[117.27310180664062]], [[117.55303192138672]], [[117.74081420898438]], [[117.88737487792969]], [[118.13566589355469]], [[118.3749008178711]], [[118.57490539550781]], [[118.77143859863281]], [[118.93304443359375]], [[119.09317016601562]], [[119.34700012207031]], [[119.53665924072266]], [[119.72537231445312]], [[0.35506001114845276]], [[12.956583976745605]], [[22.764488220214844]], [[38.82823181152344]], [[51.018653869628906]], [[60.072296142578125]], [[69.32496643066406]], [[75.81446075439453]], [[84.20787048339844]], [[87.57115936279297]], [[91.82049560546875]], [[95.70890808105469]], [[99.10746002197266]], [[100.14771270751953]], [[101.66288757324219]], [[102.9469223022461]], [[104.81478118896484]], [[105.81378173828125]], [[106.7984619140625]], [[107.2939453125]], [[108.05866241455078]], [[108.72802734375]], [[108.99055480957031]], [[109.6352310180664]], [[110.00645446777344]], [[110.42418670654297]], [[110.8185806274414]], [[111.19217681884766]], [[111.5531997680664]], [[111.89923095703125]], [[112.12479400634766]], [[112.56804656982422]], [[112.83901977539062]], [[113.21207427978516]], [[113.37244415283203]], [[113.84481048583984]], [[114.10691833496094]], [[114.36595916748047]], [[114.5753173828125]], [[115.14817810058594]], [[115.35572814941406]], [[115.61735534667969]], [[115.98441314697266]], [[116.30072784423828]], [[116.56636047363281]], [[116.83088684082031]], [[117.25983428955078]], [[117.63651275634766]], [[118.01696014404297]], [[118.1807861328125]], [[118.50873565673828]], [[118.84010314941406]], [[119.22932434082031]], [[119.5094223022461]], [[119.79198455810547]], [[0.1057400032877922]], [[6.658854007720947]], [[21.062725067138672]], [[27.142684936523438]], [[35.77544403076172]], [[46.2260856628418]], [[51.993568420410156]], [[57.26580047607422]], [[64.5699234008789]], [[68.47990417480469]], [[72.58601379394531]], [[75.5811767578125]], [[79.18953704833984]], [[81.81178283691406]], [[84.08352661132812]], [[86.66651916503906]], [[88.05752563476562]], [[89.31854248046875]], [[90.67625427246094]], [[92.08244323730469]], [[93.1676025390625]], [[94.15555572509766]], [[95.07396697998047]], [[95.50537109375]], [[96.33272552490234]], [[97.23426055908203]], [[97.96886444091797]], [[98.78622436523438]], [[99.34916687011719]], [[100.11311340332031]], [[100.43641662597656]], [[101.1707534790039]], [[101.89160919189453]], [[102.40052795410156]], [[103.2081069946289]], [[103.60584259033203]], [[104.20295715332031]], [[104.79839324951172]], [[105.49295806884766]], [[106.08824157714844]], [[106.48667907714844]], [[107.48356628417969]], [[107.98634338378906]], [[108.99473571777344]], [[109.09602355957031]], [[109.80828857421875]], [[110.94166564941406]], [[111.25300598144531]], [[112.08712005615234]], [[112.71819305419922]], [[113.25005340576172]], [[113.78302001953125]], [[114.64266967773438]], [[0.05844400078058243]], [[5.993011951446533]], [[8.934767723083496]], [[15.688783645629883]], [[23.127124786376953]], [[27.580230712890625]], [[32.6745719909668]], [[35.90281677246094]], [[42.65038299560547]], [[45.426876068115234]], [[49.93412399291992]], [[52.31829833984375]], [[57.2112922668457]], [[58.685115814208984]], [[62.364990234375]], [[64.43915557861328]], [[66.73834228515625]], [[70.48827362060547]], [[72.30792236328125]], [[73.99703979492188]], [[75.81912231445312]], [[76.56329345703125]], [[77.74213409423828]], [[79.73468017578125]], [[80.97687530517578]], [[82.16532897949219]], [[83.3039321899414]], [[84.4051513671875]], [[85.469970703125]], [[86.67582702636719]], [[87.18195343017578]], [[88.51051330566406]], [[89.64471435546875]], [[90.44608306884766]], [[91.3982162475586]], [[92.18688201904297]], [[93.1246337890625]], [[94.2170181274414]], [[95.15126037597656]], [[96.0802993774414]], [[96.8583755493164]], [[97.94738006591797]], [[99.66736602783203]], [[100.61158752441406]], [[101.55680084228516]], [[102.82599639892578]], [[103.30756378173828]], [[104.26810455322266]], [[105.23736572265625]], [[106.53596496582031]], [[107.02677154541016]], [[108.1784439086914]]]}