{"vc": [[-0.02986012026667595, 0.0, 0.0], [0.0, -0.03412081301212311, 0.034038327634334564], [0.022197764366865158, 0.21947501599788666, -0.2196793556213379], [0.1279565989971161, 0.0, 0.0], [0.0, 0.0, 0.0], [0.0, 0.0, 0.0], [0.0, 0.00906337145715952, 0.0], [0.0, 0.0, 0.0], [0.0, 0.0, 0.0], [0.8113981485366821, 0.0, 0.0]], "true_y1": [[[0.4006600081920624]], [[44.81941223144531]], [[53.433284759521484]], [[80.20175170898438]], [[107.13602447509766]], [[134.89878845214844]], [[143.6901092529297]], [[182.77780151367188]], [[213.03253173828125]], [[255.44613647460938]], [[288.57598876953125]], [[311.59039306640625]], [[335.11907958984375]], [[359.3713684082031]], [[423.4307556152344]], [[477.6523742675781]], [[534.4025268554688]], [[608.4044799804688]], [[669.0982055664062]], [[807.189453125]], [[922.0914916992188]], [[996.116455078125]], [[1078.0181884765625]], [[1101.292724609375]], [[1123.57470703125]], [[1129.43310546875]], [[1130.1248779296875]], [[1136.8438720703125]], [[1157.7061767578125]], [[1191.0894775390625]], [[1275.18115234375]], [[1327.1627197265625]], [[1419.806396484375]], [[1465.6483154296875]], [[1522.536865234375]], [[1544.087158203125]], [[1548.107421875]], [[1549.4244384765625]], [[1569.9061279296875]], [[1647.7894287109375]], [[1713.46044921875]], [[1.0533000230789185]], [[19.032564163208008]], [[30.99907875061035]], [[49.17529296875]], [[67.45209503173828]], [[79.66273498535156]], [[98.61881256103516]], [[124.49510192871094]], [[144.41738891601562]], [[172.418701171875]], [[179.36988830566406]], [[194.0372314453125]], [[240.05357360839844]], [[247.86871337890625]], [[280.9105224609375]], [[298.0752868652344]], [[324.6967468261719]], [[361.9212341308594]], [[420.8503112792969]], [[559.7239990234375]], [[603.8550415039062]], [[691.531982421875]], [[753.0462646484375]], [[808.1994018554688]], [[853.7530517578125]], [[883.2247314453125]], [[907.600830078125]], [[919.2540893554688]], [[925.6049194335938]], [[926.9088745117188]], [[1132.8232421875]], [[1172.4322509765625]], [[1216.2703857421875]], [[1238.7515869140625]], [[1247.0782470703125]], [[1249.1512451171875]], [[1.104699969291687]], [[9.910140991210938]], [[23.240840911865234]], [[41.2039794921875]], [[45.579994201660156]], [[63.77116012573242]], [[72.8897476196289]], [[91.84365844726562]], [[101.37652587890625]], [[111.18940734863281]], [[131.4276885986328]], [[152.57200622558594]], [[163.54026794433594]], [[180.3380584716797]], [[191.84791564941406]], [[216.03985595703125]], [[241.34642028808594]], [[288.8384704589844]], [[303.14202880859375]], [[332.88079833984375]], [[371.9489440917969]], [[455.71136474609375]], [[508.3421936035156]], [[578.9319458007812]], [[613.6412963867188]], [[662.7340698242188]], [[720.1200561523438]], [[749.7406005859375]], [[777.498046875]], [[798.3406372070312]], [[806.3682861328125]], [[810.72509765625]], [[811.418701171875]], [[814.0247802734375]], [[817.1343994140625]], [[843.7092895507812]], [[887.1663818359375]], [[955.100830078125]], [[995.7573852539062]], [[0.6033599972724915]], [[20.05205535888672]], [[31.700836181640625]], [[47.489479064941406]], [[55.415348052978516]], [[63.47455978393555]], [[79.95387268066406]], [[92.69233703613281]], [[105.767333984375]], [[119.23548889160156]], [[133.1690216064453]], [[147.59750366210938]], [[157.5013885498047]], [[178.17132568359375]], [[194.3059539794922]], [[222.85647583007812]], [[272.76220703125]], [[299.7630310058594]], [[328.176025390625]], [[365.57843017578125]], [[421.12713623046875]], [[462.68243408203125]], [[531.350830078125]], [[582.84423828125]], [[607.8087768554688]], [[663.1903076171875]], [[705.3367309570312]], [[740.6207275390625]], [[767.859619140625]], [[783.7958374023438]], [[796.6055297851562]], [[801.0822143554688]], [[801.953857421875]], [[804.9566650390625]], [[811.6561889648438]], [[821.452880859375]], [[850.1668090820312]], [[893.4064331054688]], [[938.795166015625]], [[986.3418579101562]], [[1022.9629516601562]], [[1053.2607421875]], [[1083.7039794921875]], [[1092.4417724609375]], [[1093.8563232421875]], [[0.35506001114845276]], [[16.08271598815918]], [[28.766929626464844]], [[51.4603157043457]], [[71.60414123535156]], [[89.42874908447266]], [[111.869140625]], [[131.74862670898438]], [[166.48194885253906]], [[185.19354248046875]], [[215.59805297851562]], [[254.29745483398438]], [[303.45562744140625]], [[323.119384765625]], [[357.484130859375]], [[393.64227294921875]], [[462.5558166503906]], [[509.8789978027344]], [[564.8591918945312]], [[595.46484375]], [[645.144775390625]], [[688.1658325195312]], [[703.892578125]], [[736.7021484375]], [[750.2435302734375]], [[759.8313598632812]], [[763.8267822265625]], [[764.97705078125]], [[766.8390502929688]], [[773.1424560546875]], [[781.4799194335938]], [[811.1112060546875]], [[838.5541381835938]], [[885.7601318359375]], [[908.0133666992188]], [[971.6901245117188]], [[1000.6823120117188]], [[1021.88525390625]], [[1033.0660400390625]], [[1042.1927490234375]], [[1042.3895263671875]], [[1045.1700439453125]], [[1061.2841796875]], [[1092.8843994140625]], [[1134.6253662109375]], [[1190.055908203125]], [[1304.0977783203125]], [[1416.921875]], [[1525.6083984375]], [[1566.3951416015625]], [[1631.1943359375]], [[1670.5458984375]], [[1687.569580078125]], [[1689.823974609375]], [[1694.6668701171875]], [[0.1057400032877922]], [[8.266206741333008]], [[26.90546989440918]], [[35.386592864990234]], [[48.527828216552734]], [[67.1693115234375]], [[79.47056579589844]], [[92.62106323242188]], [[115.41270446777344]], [[130.9282684326172]], [[151.073974609375]], [[169.34327697753906]], [[197.3014678955078]], [[223.57640075683594]], [[252.24774169921875]], [[294.3896484375]], [[322.7774353027344]], [[352.90740966796875]], [[390.8635559082031]], [[436.96246337890625]], [[477.3684997558594]], [[517.3170166015625]], [[556.110107421875]], [[574.41748046875]], [[608.5574340820312]], [[642.1913452148438]], [[664.8268432617188]], [[683.163330078125]], [[691.1571655273438]], [[696.5462036132812]], [[697.4385375976562]], [[698.4819946289062]], [[701.8670043945312]], [[708.2911987304688]], [[729.1973876953125]], [[745.0874633789062]], [[775.5333862304688]], [[811.7632446289062]], [[856.4227294921875]], [[891.5601196289062]], [[911.250244140625]], [[942.024658203125]], [[947.8679809570312]], [[949.649169921875]], [[949.8206176757812]], [[955.5845336914062]], [[996.2645263671875]], [[1016.7022705078125]], [[1092.3275146484375]], [[1167.06640625]], [[1237.679931640625]], [[1310.75537109375]], [[1420.424560546875]], [[0.05844400078058243]], [[7.4850287437438965]], [[11.218400955200195]], [[20.063899993896484]], [[30.546833038330078]], [[37.39827346801758]], [[45.99546813964844]], [[51.99223327636719]], [[66.44119262695312]], [[73.39183044433594]], [[86.4225082397461]], [[94.43910217285156]], [[114.28083038330078]], [[121.41476440429688]], [[142.436767578125]], [[156.86387634277344]], [[175.72389221191406]], [[215.18544006347656]], [[239.47557067871094]], [[265.8528137207031]], [[299.1432189941406]], [[314.3360595703125]], [[340.4117431640625]], [[390.1073303222656]], [[424.3301696777344]], [[458.76458740234375]], [[492.4417724609375]], [[524.5407104492188]], [[553.863525390625]], [[583.297119140625]], [[594.0115356445312]], [[616.4309692382812]], [[628.48486328125]], [[633.2842407226562]], [[635.9021606445312]], [[636.6580810546875]], [[637.7244873046875]], [[642.1763305664062]], [[651.2398071289062]], [[666.6901245117188]], [[684.9398193359375]], [[717.651123046875]], [[777.8602294921875]], [[808.906982421875]], [[834.260498046875]], [[855.9871826171875]], [[860.4862670898438]], [[864.6026611328125]], [[865.1337280273438]], [[867.9212036132812]], [[871.6639404296875]], [[890.352294921875]]]}