{"vc": [[-0.06501214951276779, 0.0, 0.0], [0.0, -1.071097493171692, 1.0717191696166992], [-0.012466290034353733, 0.0643463283777237, -0.06424378603696823], [-0.23242436349391937, 0.0, 0.0], [0.0, 0.0, 0.0], [0.0, 0.0, 0.0], [0.0, 0.47072508931159973, -0.47074756026268005], [0.0, 0.0, 0.0], [0.0, 0.0, 0.0], [0.040500279515981674, 0.0, 0.0]], "true_y1": [[[0.4006600081920624]], [[1.8493950366973877]], [[2.094700813293457]], [[2.7592668533325195]], [[3.275324583053589]], [[3.662022590637207]], [[3.7580339908599854]], [[4.063717365264893]], [[4.1984171867370605]], [[4.293008327484131]], [[4.319024085998535]], [[4.321562767028809]], [[4.315155029296875]], [[4.301763534545898]], [[4.246818542480469]], [[4.189429759979248]], [[4.125638008117676]], [[4.041280746459961]], [[3.9724509716033936]], [[3.816110610961914]], [[3.6785848140716553]], [[3.577133893966675]], [[3.4267165660858154]], [[3.3605308532714844]], [[3.2458298206329346]], [[3.1323063373565674]], [[3.084068536758423]], [[2.9718706607818604]], [[2.87648344039917]], [[2.7972803115844727]], [[2.671543598175049]], [[2.6091206073760986]], [[2.5003318786621094]], [[2.4390738010406494]], [[2.331697940826416]], [[2.240177869796753]], [[2.1495044231414795]], [[2.0744693279266357]], [[1.970226764678955]], [[1.8525835275650024]], [[1.794441819190979]], [[1.0533000230789185]], [[1.5918285846710205]], [[1.9111428260803223]], [[2.327200412750244]], [[2.6602230072021484]], [[2.8379411697387695]], [[3.0514755249023438]], [[3.2435173988342285]], [[3.332714319229126]], [[3.3987061977386475]], [[3.4071602821350098]], [[3.417243003845215]], [[3.4021120071411133]], [[3.394912004470825]], [[3.35603404045105]], [[3.3321726322174072]], [[3.292349100112915]], [[3.23370099067688]], [[3.1392552852630615]], [[2.9243288040161133]], [[2.8581504821777344]], [[2.725893259048462]], [[2.628230571746826]], [[2.5312812328338623]], [[2.436020612716675]], [[2.357311725616455]], [[2.2637178897857666]], [[2.186556816101074]], [[2.0797460079193115]], [[1.9895209074020386]], [[1.468478798866272]], [[1.3992276191711426]], [[1.303830862045288]], [[1.2234405279159546]], [[1.1577818393707275]], [[1.067378282546997]], [[1.104699969291687]], [[1.3472670316696167]], [[1.6771819591522217]], [[2.0424160957336426]], [[2.1173617839813232]], [[2.373490571975708]], [[2.4711992740631104]], [[2.619658946990967]], [[2.6710870265960693]], [[2.710867404937744]], [[2.759516477584839]], [[2.775481700897217]], [[2.7739429473876953]], [[2.7623939514160156]], [[2.749657154083252]], [[2.7142598628997803]], [[2.6694862842559814]], [[2.576383590698242]], [[2.547585964202881]], [[2.487861394882202]], [[2.4107539653778076]], [[2.2526369094848633]], [[2.157384157180786]], [[2.0312299728393555]], [[1.968216896057129]], [[1.8751602172851562]], [[1.7529574632644653]], [[1.6772183179855347]], [[1.5870788097381592]], [[1.4840021133422852]], [[1.4115666151046753]], [[1.311065673828125]], [[1.255057692527771]], [[1.1576753854751587]], [[1.116466999053955]], [[0.9819329380989075]], [[0.8775026202201843]], [[0.7638118863105774]], [[0.7025837898254395]], [[0.6033599972724915]], [[1.0962698459625244]], [[1.352816104888916]], [[1.6453664302825928]], [[1.7678107023239136]], [[1.8762181997299194]], [[2.051572799682617]], [[2.1500065326690674]], [[2.2233777046203613]], [[2.275212049484253]], [[2.308832883834839]], [[2.3271331787109375]], [[2.3321306705474854]], [[2.3278872966766357]], [[2.3145837783813477]], [[2.277578353881836]], [[2.1921226978302]], [[2.1415436267852783]], [[2.087531089782715]], [[2.016737222671509]], [[1.913895606994629]], [[1.8389334678649902]], [[1.7173744440078735]], [[1.6260067224502563]], [[1.5807931423187256]], [[1.4753910303115845]], [[1.3857917785644531]], [[1.2971200942993164]], [[1.2089563608169556]], [[1.1365878582000732]], [[1.0365568399429321]], [[0.9382668137550354]], [[0.8692803978919983]], [[0.7734869718551636]], [[0.7070879936218262]], [[0.6543613076210022]], [[0.5638702511787415]], [[0.4762045741081238]], [[0.40335679054260254]], [[0.3328500986099243]], [[0.27613791823387146]], [[0.22146174311637878]], [[0.1387947052717209]], [[0.08102366328239441]], [[0.027668002992868423]], [[0.35506001114845276]], [[0.7237820625305176]], [[0.9890346527099609]], [[1.3687517642974854]], [[1.6013368368148804]], [[1.7369130849838257]], [[1.836567759513855]], [[1.8781272172927856]], [[1.8866342306137085]], [[1.8710609674453735]], [[1.829704761505127]], [[1.7623825073242188]], [[1.6685112714767456]], [[1.6304022073745728]], [[1.5641981363296509]], [[1.4955813884735107]], [[1.3678122758865356]], [[1.2812215089797974]], [[1.1794025897979736]], [[1.1207866668701172]], [[1.0190844535827637]], [[0.9176435470581055]], [[0.8744757175445557]], [[0.7601671814918518]], [[0.6890594959259033]], [[0.60468989610672]], [[0.5212122797966003]], [[0.43923571705818176]], [[0.3579251766204834]], [[0.27867740392684937]], [[0.22663915157318115]], [[0.1243566945195198]], [[0.06236201897263527]], [[-0.021497037261724472]], [[-0.056785982102155685]], [[-0.15700878202915192]], [[-0.20957320928573608]], [[-0.2588435411453247]], [[-0.29640182852745056]], [[-0.386572003364563]], [[-0.4138275384902954]], [[-0.443325400352478]], [[-0.4743136763572693]], [[-0.4898521304130554]], [[-0.49384111166000366]], [[-0.48871341347694397]], [[-0.45907947421073914]], [[-0.40935397148132324]], [[-0.33530643582344055]], [[-0.29596784710884094]], [[-0.20412743091583252]], [[-0.09483183920383453]], [[0.05139201879501343]], [[0.16556960344314575]], [[0.2854195237159729]], [[0.1057400032877922]], [[0.2520379424095154]], [[0.5565363764762878]], [[0.6744030117988586]], [[0.8267732262611389]], [[0.9813637137413025]], [[1.0490552186965942]], [[1.0973353385925293]], [[1.1374891996383667]], [[1.1428982019424438]], [[1.1329833269119263]], [[1.113189458847046]], [[1.0712928771972656]], [[1.025027871131897]], [[0.9711125493049622]], [[0.889874279499054]], [[0.8352266550064087]], [[0.7777583003044128]], [[0.7061760425567627]], [[0.6198920011520386]], [[0.5438196063041687]], [[0.4667225480079651]], [[0.3879786431789398]], [[0.3485766351222992]], [[0.2686668336391449]], [[0.17518505454063416]], [[0.0942768007516861]], [[-0.0003811642527580261]], [[-0.06815583258867264]], [[-0.16308552026748657]], [[-0.20416246354579926]], [[-0.29914391040802]], [[-0.3942241072654724]], [[-0.46216821670532227]], [[-0.5708880424499512]], [[-0.6246607303619385]], [[-0.7054449319839478]], [[-0.7858335375785828]], [[-0.8790436387062073]], [[-0.9581389427185059]], [[-1.010519027709961]], [[-1.1388920545578003]], [[-1.2017462253570557]], [[-1.3225016593933105]], [[-1.3341493606567383]], [[-1.4129064083099365]], [[-1.5232617855072021]], [[-1.5492510795593262]], [[-1.6062026023864746]], [[-1.6333940029144287]], [[-1.6421862840652466]], [[-1.6345586776733398]], [[-1.5772632360458374]], [[0.05844400078058243]], [[0.12306820601224899]], [[0.15428410470485687]], [[0.22310671210289001]], [[0.2928166389465332]], [[0.3305799663066864]], [[0.36921268701553345]], [[0.39070284366607666]], [[0.4263733923435211]], [[0.4366757571697235]], [[0.446649968624115]], [[0.447956919670105]], [[0.44002479314804077]], [[0.43434005975723267]], [[0.41203469038009644]], [[0.39354175329208374]], [[0.36715245246887207]], [[0.30837202072143555]], [[0.2716320753097534]], [[0.23205450177192688]], [[0.18295574188232422]], [[0.16088935732841492]], [[0.12346582859754562]], [[0.053236231207847595]], [[0.005070116370916367]], [[-0.04401014372706413]], [[-0.09356537461280823]], [[-0.14357104897499084]], [[-0.19353139400482178]], [[-0.2515096962451935]], [[-0.276132196187973]], [[-0.34102028608322144]], [[-0.39600253105163574]], [[-0.434142142534256]], [[-0.4781869649887085]], [[-0.5132232904434204]], [[-0.5526326298713684]], [[-0.594600260257721]], [[-0.6262860298156738]], [[-0.6531106233596802]], [[-0.6713588237762451]], [[-0.6893616318702698]], [[-0.6963915228843689]], [[-0.6871740221977234]], [[-0.6674081087112427]], [[-0.6228536367416382]], [[-0.6002819538116455]], 