{"vc": [[-0.0641205832362175, 0.0, 0.0], [0.0, -1.1523263454437256, 1.1529515981674194], [-0.013576916418969631, 0.06869303435087204, -0.06851443648338318], [-0.21964918076992035, 0.0, 0.0], [0.0, 0.0, 0.0], [0.0, 0.0, 0.0], [0.0, 0.49173885583877563, -0.49183765053749084], [0.0, 0.0, 0.0], [0.0, 0.0, 0.0], [0.03944626823067665, 0.0, 0.0]], "true_y1": [[[0.4006600081920624]], [[1.826422929763794]], [[2.0671210289001465]], [[2.7175352573394775]], [[3.2203688621520996]], [[3.5953400135040283]], [[3.6881179809570312]], [[3.982280969619751]], [[4.110959053039551]], [[4.200368881225586]], [[4.224216938018799]], [[4.225915431976318]], [[4.219053268432617]], [[4.205508232116699]], [[4.1510820388793945]], [[4.094635963439941]], [[4.031967639923096]], [[3.9490318298339844]], [[3.8812403678894043]], [[3.7267332077026367]], [[3.590196371078491]], [[3.4891281127929688]], [[3.338810443878174]], [[3.272516965866089]], [[3.157444477081299]], [[3.0433568954467773]], [[2.994828701019287]], [[2.881854772567749]], [[2.7857110500335693]], [[2.7058215141296387]], [[2.578901767730713]], [[2.5158541202545166]], [[2.4059252738952637]], [[2.3439998626708984]], [[2.2354159355163574]], [[2.1428332328796387]], [[2.051083564758301]], [[1.9751441478729248]], [[1.8696327209472656]], [[1.7505542039871216]], [[1.6917080879211426]], [[1.0533000230789185]], [[1.5852330923080444]], [[1.8996293544769287]], [[2.307771682739258]], [[2.6328537464141846]], [[2.805567741394043]], [[3.012143611907959]], [[3.1966264247894287]], [[3.281547784805298]], [[3.343494176864624]], [[3.3512420654296875]], [[3.360154390335083]], [[3.3434484004974365]], [[3.336205244064331]], [[3.2975897789001465]], [[3.2740659713745117]], [[3.2349295616149902]], [[3.177424430847168]], [[3.0849015712738037]], [[2.8739590644836426]], [[2.808811902999878]], [[2.6782896518707275]], [[2.5816264152526855]], [[2.4854395389556885]], [[2.390716552734375]], [[2.312303304672241]], [[2.218897581100464]], [[2.1417667865753174]], [[2.0348260402679443]], [[1.9443473815917969]], [[1.4197227954864502]], [[1.3497812747955322]], [[1.2533737421035767]], [[1.1720880270004272]], [[1.1056771278381348]], [[1.0142230987548828]], [[1.104699969291687]], [[1.3454831838607788]], [[1.6720443964004517]], [[2.0318994522094727]], [[2.105463743209839]], [[2.3559303283691406]], [[2.450995683670044]], [[2.594682216644287]], [[2.644136667251587]], [[2.6821935176849365]], [[2.728217601776123]], [[2.742588996887207]], [[2.740596055984497]], [[2.7287375926971436]], [[2.716005325317383]], [[2.681037187576294]], [[2.637120008468628]], [[2.546172857284546]], [[2.518083095550537]], [[2.459843397140503]], [[2.384644031524658]], [[2.23024845123291]], [[2.1370491981506348]], [[2.0133509635925293]], [[1.9514448642730713]], [[1.8598732948303223]], [[1.7393484115600586]], [[1.6644952297210693]], [[1.5752590894699097]], [[1.4730181694030762]], [[1.401046633720398]], [[1.301024317741394]], [[1.2452012300491333]], [[1.1480035781860352]], [[1.1068216562271118]], [[0.972164511680603]], [[0.8674225807189941]], [[0.7531868815422058]], [[0.6915813684463501]], [[0.6033599972724915]], [[1.093902349472046]], [[1.3484249114990234]], [[1.637702465057373]], [[1.7583860158920288]], [[1.8649964332580566]], [[2.0368595123291016]], [[2.1329221725463867]], [[2.2042508125305176]], [[2.2544240951538086]], [[2.2867844104766846]], [[2.304222583770752]], [[2.30885648727417]], [[2.3043460845947266]], [[2.2911999225616455]], [[2.2550172805786133]], [[2.1719329357147217]], [[2.1228578090667725]], [[2.070478916168213]], [[2.0018343925476074]], [[1.9020761251449585]], [[1.8293040990829468]], [[1.7111551761627197]], [[1.6222164630889893]], [[1.5781586170196533]], [[1.4753265380859375]], [[1.3877711296081543]], [[1.3009923696517944]], [[1.2145816087722778]], [[1.1435556411743164]], [[1.0452370643615723]], [[0.9484680891036987]], [[0.8804538249969482]], [[0.7858800292015076]], [[0.7202376127243042]], [[0.6680600643157959]], [[0.5784052014350891]], [[0.4914226233959198]], [[0.41904914379119873]], [[0.34892359375953674]], [[0.292465478181839]], [[0.2379940301179886]], [[0.15557605028152466]], [[0.09795469045639038]], [[0.0447453036904335]], [[0.35506001114845276]], [[0.7241998910903931]], [[0.9891703128814697]], [[1.3670717477798462]], [[1.5973182916641235]], [[1.730898380279541]], [[1.828655481338501]], [[1.8692573308944702]], [[1.8775440454483032]], [[1.8624268770217896]], [[1.8223607540130615]], [[1.7572506666183472]], [[1.6665695905685425]], [[1.6297714710235596]], [[1.5658515691757202]], [[1.499598741531372]], [[1.3761866092681885]], [[1.2924962043762207]], [[1.194018840789795]], [[1.137289047241211]], [[1.038789987564087]], [[0.9404534697532654]], [[0.898578941822052]], [[0.7876156568527222]], [[0.7185319066047668]], [[0.6365092992782593]], [[0.5552988648414612]], [[0.47549986839294434]], [[0.3963068723678589]], [[0.31908923387527466]], [[0.26837021112442017]], [[0.1686631292104721]], [[0.10822973400354385]], [[0.02650562673807144]], [[-0.007868949323892593]], [[-0.10539636015892029]], [[-0.15645205974578857]], [[-0.20421022176742554]], [[-0.2405233383178711]], [[-0.3271230459213257]], [[-0.3530047833919525]], [[-0.3806939423084259]], [[-0.4089816212654114]], [[-0.4220327138900757]], [[-0.4238279163837433]], [[-0.4164462089538574]], [[-0.3831373453140259]], [[-0.33040985465049744]], [[-0.25393444299697876]], [[-0.21386030316352844]], [[-0.12135405838489532]], [[-0.012806840240955353]], [[0.13022318482398987]], [[0.24032866954803467]], [[0.35449111461639404]], [[0.1057400032877922]], [[0.2550889849662781]], [[0.5655488967895508]], [[0.6854479312896729]], [[0.8400911092758179]], [[0.9964630603790283]], [[1.0647528171539307]], [[1.1134296655654907]], [[1.1541179418563843]], [[1.1599544286727905]], [[1.150754451751709]], [[1.1317660808563232]], [[1.0913348197937012]], [[1.0466245412826538]], [[0.9945216178894043]], [[0.9160522222518921]], [[0.86329585313797]], [[0.807839035987854]], [[0.7387905716896057]], [[0.655595600605011]], [[0.5822731256484985]], [[0.5079849362373352]], [[0.43213099241256714]], [[0.3941829800605774]], [[0.317238986492157]], [[0.22725915908813477]], [[0.14941588044166565]], [[0.05839483439922333]], [[-0.006732918322086334]], [[-0.09787693619728088]], [[-0.13728094100952148]], [[-0.22829166054725647]], [[-0.3192143440246582]], [[-0.38404130935668945]], [[-0.4874357581138611]], [[-0.5383787155151367]], [[-0.6145957112312317]], [[-0.6899616122245789]], [[-0.7765519022941589]], [[-0.8491291999816895]], [[-0.8965970277786255]], [[-1.010111927986145]], [[-1.0636500120162964]], [[-1.160465955734253]], [[-1.1692248582839966]], [[-1.2244645357131958]], [[-1.282293677330017]], [[-1.289608120918274]], [[-1.2848831415176392]], [[-1.2521177530288696]], [[-1.2002352476119995]], [[-1.1221369504928589]], [[-0.9330418109893799]], [[0.05844400078058243]], [[0.12940803170204163]], [[0.1637120395898819]], [[0.2393803596496582]], [[0.3160589039325714]], [[0.3576184809207916]], [[0.4001808166503906]], [[0.42390701174736023]], [[0.46354562044143677]], [[0.4751832187175751]], [[0.48693159222602844]], [[0.48897331953048706]], [[0.4820931553840637]], [[0.4766028821468353]], [[0.454531192779541]], [[0.4360087811946869]], [[0.40944671630859375]], [[0.3500450551509857]], [[0.3128308951854706]], [[0.2726900577545166]], [[0.22281914949417114]], [[0.2003772258758545]], [[0.16227127611637115]], [[0.0905781239271164]], [[0.04123901203274727]], [[-0.00921238586306572]], [[-0.06036963313817978]], [[-0.11226028203964233]], [[-0.16443116962909698]], [[-0.2254822850227356]], [[-0.2516079843044281]], [[-0.3211628198623657]], [[-0.381112664937973]], [[-0.4234181046485901]], [[-0.4732387363910675]], [[-0.5138358473777771]], [[-0.5609052777290344]], [[-0.6134389638900757]], [[-0.6557600498199463]], [[-0.6948045492172241]], [[-0.724667489528656]], [[-0.7612053751945496]], [[-0.8032098412513733]], [[-0.8161046504974365]], [[-0.8202754855155945]], [[-0.8098596930503845]], [[-0.8005132675170898]], [[-0.7720699310302734]], 