{"vc": [[-0.10897877812385559, 0.0, 0.0], [0.0, -0.08809419721364975, 0.08831416070461273], [-0.033304646611213684, 0.32479000091552734, -0.32474997639656067], [-0.1280597597360611, 0.0, 0.0], [0.0, 0.0, 0.0], [0.0, 0.0, 0.0], [0.0, 0.020235510542988777, -0.019998665899038315], [0.0, 0.0, 0.0], [0.0, 0.0, 0.0], [0.42272046208381653, 0.0, 0.0]], "true_y1": [[[0.4006600081920624]], [[22.506750106811523]], [[26.56885528564453]], [[38.43517303466797]], [[49.00883865356445]], [[58.34724426269531]], [[60.97621536254883]], [[70.89166259765625]], [[76.814208984375]], [[83.0833969116211]], [[86.71159362792969]], [[88.731201171875]], [[90.4564437866211]], [[91.9403076171875]], [[94.79986572265625]], [[96.40120697021484]], [[97.57241821289062]], [[98.60814666748047]], [[99.19186401367188]], [[100.01335906982422]], [[100.39947509765625]], [[100.56875610351562]], [[100.70965576171875]], [[100.74342346191406]], [[100.77417755126953]], [[100.77945709228516]], [[100.77608489990234]], [[100.75843811035156]], [[100.73501586914062]], [[100.71106719970703]], [[100.66659545898438]], [[100.64215087890625]], [[100.59652709960938]], [[100.56938934326172]], [[100.51966094970703]], [[100.47535705566406]], [[100.42990112304688]], [[100.39118194580078]], [[100.33580780029297]], [[100.2711410522461]], [[100.23832702636719]], [[1.0533000230789185]], [[10.075222969055176]], [[15.928799629211426]], [[24.417993545532227]], [[32.30192565917969]], [[37.14143753051758]], [[43.925567626953125]], [[51.75353240966797]], [[56.72500228881836]], [[62.36296081542969]], [[63.549217224121094]], [[65.81021881103516]], [[71.16333770751953]], [[71.86264038085938]], [[74.31759643554688]], [[75.3294677734375]], [[76.6243667602539]], [[78.00570678710938]], [[79.49669647216797]], [[81.2615966796875]], [[81.55810546875]], [[81.95500183105469]], [[82.1308364868164]], [[82.23816680908203]], [[82.29627227783203]], [[82.31776428222656]], [[82.3195571899414]], [[82.30583190917969]], [[82.2693099975586]], [[82.22599792480469]], [[81.83943939208984]], [[81.77694702148438]], [[81.68705749511719]], [[81.60795593261719]], [[81.54106140136719]], [[81.44544219970703]], [[1.104699969291687]], [[5.516827583312988]], [[12.074460983276367]], [[20.4781494140625]], [[22.423721313476562]], [[29.993200302124023]], [[33.44628143310547]], [[39.859962463378906]], [[42.700340270996094]], [[45.36650085449219]], [[50.10144805908203]], [[54.084537506103516]], [[55.82035446166992]], [[58.10897445678711]], [[59.45322799682617]], [[61.791229248046875]], [[63.67680740356445]], [[66.1456069946289]], [[66.69373321533203]], [[67.62837219238281]], [[68.54094696044922]], [[69.75650787353516]], [[70.21672821044922]], [[70.62755584716797]], [[70.77092742919922]], [[70.9267349243164]], [[71.05431365966797]], [[71.1002426147461]], [[71.12960815429688]], [[71.13654327392578]], [[71.1278076171875]], [[71.10070037841797]], [[71.0792007446289]], [[71.03260803222656]], [[71.00975799560547]], [[70.92387390136719]], [[70.84650421142578]], [[70.75245666503906]], [[70.69760131835938]], [[0.6033599972724915]], [[10.250077247619629]], [[15.802877426147461]], [[22.87497329711914]], [[26.18389892578125]], [[29.3649959564209]], [[35.266693115234375]], [[39.27156066894531]], [[42.89799118041992]], [[46.158058166503906]], [[49.07347869873047]], [[51.6616096496582]], [[53.21571350097656]], [[55.96482849121094]], [[57.72259521484375]], [[60.18876266479492]], [[63.12820816040039]], [[64.23731231689453]], [[65.16059112548828]], [[66.1006088256836]], [[67.10710144042969]], [[67.65876007080078]], [[68.33369445800781]], [[68.71322631835938]], [[68.87057495117188]], [[69.17608642578125]], [[69.38220977783203]], [[69.54901123046875]], [[69.68598175048828]], [[69.78109741210938]], [[69.89195251464844]], [[69.98223114013672]], [[70.03672790527344]], [[70.10259246826172]], [[70.14268493652344]], [[70.17179870605469]], [[70.21701049804688]], [[70.25608825683594]], [[70.28573608398438]], [[70.3124771118164]], [[70.33287811279297]], [[70.35182189941406]], [[70.37956237792969]], [[70.39868927001953]], [[70.41654205322266]], [[0.35506001114845276]], [[8.145988464355469]], [[14.199464797973633]], [[24.08243179321289]], [[31.544511795043945]], [[37.05751419067383]], [[42.658748626708984]], [[46.56234359741211]], [[51.57164764404297]], [[53.56293869018555]], [[56.06163787841797]], [[58.32606887817383]], [[60.28056335449219]], [[60.8724365234375]], [[61.72737503051758]], [[62.44355773925781]], [[63.46662139892578]], [[64.00132751464844]], [[64.51677703857422]], [[64.77079772949219]], [[65.1544189453125]], [[65.4804916381836]], [[65.6056137084961]], [[65.90570068359375]], [[66.07366943359375]], [[66.25834655761719]], [[66.42851257324219]], [[66.58605194091797]], [[66.73506927490234]], [[66.8751220703125]], [[66.9650650024414]], [[67.13896942138672]], [[67.24361419677734]], [[67.3858642578125]], [[67.4464340209961]], [[67.62305450439453]], [[67.72004699707031]], [[67.81529235839844]], [[67.8918685913086]], [[68.0998306274414]], [[68.1746826171875]], [[68.26871490478516]], [[68.40010833740234]], [[68.51288604736328]], [[68.60731506347656]], [[68.70111846923828]], [[68.852783203125]], [[68.9855728149414]], [[69.11934661865234]], [[69.1768569946289]], [[69.29182434082031]], [[69.40778350830078]], [[69.54374694824219]], [[69.64144134521484]], [[69.73987579345703]], [[0.1057400032877922]], [[4.1274800300598145]], [[12.959554672241211]], [[16.682416915893555]], [[21.96059799194336]], [[28.33405113220215]], [[31.841693878173828]], [[35.040706634521484]], [[39.45853805541992]], [[41.81547927856445]], [[44.283485412597656]], [[46.0783805847168]], [[48.23362731933594]], [[49.79407501220703]], [[51.141197204589844]], [[52.66638946533203]], [[53.48432159423828]], [[54.223384857177734]], [[55.01617431640625]], [[55.83362579345703]], [[56.46162033081055]], [[57.03102493286133]], [[57.55824279785156]], [[57.80517578125]], [[58.27745819091797]], [[58.790191650390625]], [[59.20659255981445]], [[59.668548583984375]], [[59.985965728759766]], [[60.41587448120117]], [[60.597557067871094]], [[61.0097541809082]], [[61.41387939453125]], [[61.698974609375]], [[62.1511344909668]], [[62.37376403808594]], [[62.707977294921875]], [[63.04127502441406]], [[63.43016052246094]], [[63.76359176635742]], [[63.986854553222656]], [[64.54582977294922]], [[64.8279800415039]], [[65.39440155029297]], [[65.45133972167969]], [[65.85193634033203]], [[66.49020385742188]], [[66.66571807861328]], [[67.1363525390625]], [[67.4928207397461]], [[67.79351043701172]], [[68.09507751464844]], [[68.58201599121094]], [[0.05844400078058243]], [[3.656609058380127]], [[5.440011978149414]], [[9.534280776977539]], [[14.043340682983398]], [[16.74296760559082]], [[19.831701278686523]], [[21.789304733276367]], [[25.8820858001709]], [[27.566741943359375]], [[30.302474975585938]], [[31.750150680541992]], [[34.72278594970703]], [[35.61868667602539]], [[37.856895446777344]], [[39.119441986083984]], [[40.519962310791016]], [[42.806983947753906]], [[43.918304443359375]], [[44.951011657714844]], [[46.06639862060547]], [[46.52241134643555]], [[47.24540328979492]], [[48.469383239746094]], [[49.23383331298828]], [[49.96633529663086]], [[50.66923904418945]], [[51.35020065307617]], [[52.00978088378906]], [[52.758148193359375]], [[53.072723388671875]], [[53.89983367919922]], [[54.60755157470703]], [[55.10849380493164]], [[55.70465850830078]], [[56.19927978515625]], [[56.78834533691406]], [[57.475826263427734]], [[58.064849853515625]], [[58.651546478271484]], [[59.14362335205078]], [[59.83339309692383]], [[60.925228118896484]], [[61.52579879760742]], [[62.12779998779297]], [[62.93734359741211]], [[63.244850158691406]], [[63.8587532043457]], [[64.47893524169922]], [[65.31090545654297]], [[65.62564849853516]], [[66.36482238769531]]]}