{"vc": [[-0.012761096470057964, 0.0, 0.0], [0.0, 0.0, 0.0], [0.03169809281826019, -0.032724764198064804, 0.032424695789813995], [0.1738472431898117, 0.0, 0.0], [0.0, 0.0, 0.0], [0.0, 0.0, 0.0], [0.0, 0.0009171487181447446, 0.0], [0.0, 0.0, 0.0], [0.0, 0.0, 0.0], [0.870686948299408, 0.0, 0.0]], "true_y1": [[[0.4006600081920624]], [[48.0694580078125]], [[57.24766540527344]], [[85.51432037353516]], [[113.45067596435547]], [[141.5907440185547]], [[150.34751892089844]], [[188.31689453125]], [[216.58511352539062]], [[254.5575714111328]], [[282.91619873046875]], [[301.9786682128906]], [[320.9565734863281]], [[340.00872802734375]], [[388.0975341796875]], [[426.63824462890625]], [[465.2940673828125]], [[513.81640625]], [[552.6332397460938]], [[640.93115234375]], [[720.193359375]], [[780.0157470703125]], [[871.0601806640625]], [[912.0521850585938]], [[984.5089721679688]], [[1058.0877685546875]], [[1089.9488525390625]], [[1165.5302734375]], [[1231.532958984375]], [[1287.6693115234375]], [[1379.5323486328125]], [[1426.5128173828125]], [[1510.8179931640625]], [[1559.7725830078125]], [[1648.452880859375]], [[1727.240234375]], [[1808.5692138671875]], [[1878.6136474609375]], [[1980.5557861328125]], [[2102.999267578125]], [[2166.80859375]], [[1.0533000230789185]], [[20.42753791809082]], [[33.319923400878906]], [[52.817543029785156]], [[72.23076629638672]], [[85.04949951171875]], [[104.65164947509766]], [[130.72509765625]], [[150.19886779785156]], [[176.63156127929688]], [[183.02073669433594]], [[196.27757263183594]], [[235.94390869140625]], [[242.40281677246094]], [[268.88330078125]], [[282.142578125]], [[302.0928649902344]], [[328.8643493652344]], [[369.0153503417969]], [[456.79022216796875]], [[483.8719482421875]], [[538.771240234375]], [[580.1693115234375]], [[622.10498046875]], [[664.198974609375]], [[699.6893310546875]], [[742.7821044921875]], [[779.081787109375]], [[830.5696411132812]], [[875.275634765625]], [[1161.6427001953125]], [[1204.461181640625]], [[1265.92626953125]], [[1320.2652587890625]], [[1366.623046875]], [[1433.8101806640625]], [[1.104699969291687]], [[10.599194526672363]], [[24.998950958251953]], [[44.340885162353516]], [[49.02598571777344]], [[68.3215560913086]], [[77.85649108886719]], [[97.31112670898438]], [[106.88697052001953]], [[116.58587646484375]], [[136.0564727783203]], [[155.6083984375]], [[165.43089294433594]], [[180.05743408203125]], [[189.795654296875]], [[209.5444793701172]], [[229.2266845703125]], [[263.7906188964844]], [[273.66943359375]], [[293.5357971191406]], [[318.4544677734375]], [[368.6722106933594]], [[398.9876403808594]], [[439.6666259765625]], [[460.2992248535156]], [[491.2303466796875]], [[532.7998046875]], [[559.1691284179688]], [[591.2192993164062]], [[628.8446044921875]], [[655.9690551757812]], [[694.640380859375]], [[716.7650756835938]], [[756.324462890625]], [[773.5206298828125]], [[831.828369140625]], [[879.7622680664062]], [[935.2459716796875]], [[966.8550415039062]], [[0.6033599972724915]], [[21.55950164794922]], [[34.05535888671875]], [[50.808448791503906]], [[59.10575866699219]], [[67.44808197021484]], [[84.16499328613281]], [[96.73686218261719]], [[109.29756164550781]], [[121.8581314086914]], [[134.44317626953125]], [[147.03839111328125]], [[155.4311981201172]], [[172.3075714111328]], [[184.9078826904297]], [[206.0697784423828]], [[240.031982421875]], [[257.0610656738281]], [[274.1414794921875]], [[295.5364990234375]], [[325.5729675292969]], [[347.1148986816406]], [[381.9291687011719]], [[408.24224853515625]], [[421.35821533203125]], [[452.26556396484375]], [[478.9831237792969]], [[505.90228271484375]], [[533.206787109375]], [[556.0702514648438]], [[588.4249267578125]], [[621.1771240234375]], [[644.809326171875]], [[678.6304321289062]], [[702.8505249023438]], [[722.5960693359375]], [[757.69091796875]], [[793.3964233398438]], [[824.6128540039062]], [[856.45556640625]], [[883.4804077148438]], [[910.989990234375]], [[956.0672607421875]], [[990.917236328125]], [[1026.5899658203125]], [[0.35506001114845276]], [[17.293764114379883]], [[30.86416244506836]], [[54.62913513183594]], [[74.89537048339844]], [[92.02548217773438]], [[112.4286117553711]], [[129.4112091064453]], [[156.75144958496094]], [[170.35842895507812]], [[191.00289916992188]], [[215.04115295410156]], [[242.70928955078125]], [[253.06211853027344]], [[270.37945556640625]], [[287.7489013671875]], [[319.2679748535156]], [[340.36517333984375]], [[365.1466064453125]], [[379.46429443359375]], [[404.4857482910156]], [[429.76318359375]], [[440.6409912109375]], [[469.8640441894531]], [[488.39495849609375]], [[510.7895812988281]], [[533.4437255859375]], [[556.2421264648438]], [[579.477783203125]], [[602.816162109375]], [[618.5685424804688]], [[650.6988525390625]], [[671.0694580078125]], [[699.9669189453125]], [[712.6809692382812]], [[751.1048583984375]], [[773.034423828125]], [[795.124755859375]], [[813.2780151367188]], [[864.3207397460938]], [[883.314208984375]], [[907.6435546875]], [[942.5231323242188]], [[973.3042602539062]], [[999.6920166015625]], [[1026.478515625]], [[1071.0482177734375]], [[1111.412109375]], [[1153.4224853515625]], [[1171.919189453125]], [[1209.7183837890625]], [[1249.01220703125]], [[1296.6724853515625]], [[1332.0401611328125]], [[1368.6817626953125]], [[0.1057400032877922]], [[8.898998260498047]], [[28.729618072509766]], [[37.51721954345703]], [[50.713932037353516]], [[68.39762878417969]], [[79.34559631347656]], [[90.40972900390625]], [[108.09040832519531]], [[119.12908935546875]], [[132.39468383789062]], [[143.50672912597656]], [[159.07919311523438]], [[172.40188598632812]], [[185.76901245117188]], [[203.6884307861328]], [[214.8671875]], [[226.13925170898438]], [[239.69581604003906]], [[255.5505828857422]], [[269.23419189453125]], [[282.91668701171875]], [[296.7673645019531]], [[303.6678466796875]], [[317.6286315917969]], [[333.9444885253906]], [[348.0879821777344]], [[364.6988830566406]], [[376.65435791015625]], [[393.5141296386719]], [[400.8581237792969]], [[417.970947265625]], [[435.31219482421875]], [[447.8525085449219]], [[468.214111328125]], [[478.435791015625]], [[494.0044860839844]], [[509.7809143066406]], [[528.4835205078125]], [[544.7579956054688]], [[555.773681640625]], [[583.758544921875]], [[598.1011962890625]], [[627.3359375]], [[630.3075561523438]], [[651.3909301757812]], [[685.6390380859375]], [[695.2047119140625]], [[721.1870727539062]], [[741.2042846679688]], [[758.3283081054688]], [[775.7322387695312]], [[804.34765625]], [[0.05844400078058243]], [[8.065834045410156]], [[12.066520690917969]], [[21.404762268066406]], [[32.086456298828125]], [[38.77768325805664]], [[46.805992126464844]], [[52.15214538574219]], [[64.17221069335938]], [[69.53436279296875]], [[78.90419006347656]], [[84.259765625]], [[96.34180450439453]], [[100.3243179321289]], [[111.12438201904297]], [[117.84262084960938]], [[125.92343139648438]], [[140.81590270996094]], [[148.94837951660156]], [[157.1106414794922]], [[166.645263671875]], [[170.77285766601562]], [[177.60345458984375]], [[189.99876403808594]], [[198.28482055664062]], [[206.6197509765625]], [[214.97669982910156]], [[223.3982391357422]], [[231.84762573242188]], [[241.7617950439453]], [[246.02676391601562]], [[257.4945068359375]], [[267.5732421875]], [[274.8398742675781]], [[283.6163635253906]], [[290.9938659667969]], [[299.8818359375]], [[310.3795471191406]], [[319.46893310546875]], [[328.6005554199219]], [[336.314453125]], [[347.2054748535156]], [[364.6171875]], [[374.2802734375]], [[384.02630615234375]], [[397.2277526855469]], [[402.27166748046875]], [[412.3911437988281]], [[422.68414306640625]], [[436.609130859375]], [[441.9139709472656]], [[454.4568176269531]]]}