{"vc": [[-0.07393649220466614, 0.0, 0.0], [0.0, -0.9693118333816528, 0.9693793654441833], [-0.017698191106319427, 0.06839311122894287, -0.06908141076564789], [-0.25185903906822205, 0.0, 0.0], [0.0, 0.0, 0.0], [0.0, 0.0, 0.0], [0.0, 0.41553765535354614, -0.4161190092563629], [0.0, 0.0, 0.0], [0.0, 0.0, 0.0], [0.04569827392697334, 0.0, 0.0]], "true_y1": [[[0.4006600081920624]], [[2.067168712615967]], [[2.3504395484924316]], [[3.119508743286133]], [[3.718532085418701]], [[4.1686930656433105]], [[4.280689239501953]], [[4.63822603225708]], [[4.796642780303955]], [[4.9089555740356445]], [[4.940738201141357]], [[4.94458532333374]], [[4.9379048347473145]], [[4.92297887802124]], [[4.860130786895752]], [[4.793633937835693]], [[4.719186305999756]], [[4.620108127593994]], [[4.538825988769531]], [[4.352968215942383]], [[4.1883111000061035]], [[4.066283702850342]], [[3.8846614360809326]], [[3.8045308589935303]], [[3.6654133796691895]], [[3.527468204498291]], [[3.4687893390655518]], [[3.3321831226348877]], [[3.215930461883545]], [[3.1193363666534424]], [[2.965890884399414]], [[2.889674186706543]], [[2.7567994594573975]], [[2.6819581985473633]], [[2.550748348236084]], [[2.4388997554779053]], [[2.3280858993530273]], [[2.2363929748535156]], [[2.1090400218963623]], [[1.9653921127319336]], [[1.894443154335022]], [[1.0533000230789185]], [[1.6771140098571777]], [[2.0505805015563965]], [[2.541769027709961]], [[2.939366102218628]], [[3.1535847187042236]], [[3.4135448932647705]], [[3.65120267868042]], [[3.7642226219177246]], [[3.8514404296875]], [[3.8634471893310547]], [[3.8792741298675537]], [[3.871035099029541]], [[3.8638296127319336]], [[3.822549343109131]], [[3.7963147163391113]], [[3.751798152923584]], [[3.6852285861968994]], [[3.576519250869751]], [[3.3252065181732178]], [[3.2470898628234863]], [[3.090212821960449]], [[2.973825454711914]], [[2.8579068183898926]], [[2.743690013885498]], [[2.6491127014160156]], [[2.53643798828125]], [[2.4433939456939697]], [[2.3144004344940186]], [[2.2052841186523438]], [[1.573434829711914]], [[1.4893852472305298]], [[1.373649001121521]], [[1.276196837425232]], [[1.1966873407363892]], [[1.0873957872390747]], [[1.104699969291687]], [[1.3868463039398193]], [[1.7747831344604492]], [[2.2109413146972656]], [[2.301496744155884]], [[2.614567756652832]], [[2.735934019088745]], [[2.923779010772705]], [[2.990527629852295]], [[3.043362617492676]], [[3.111642837524414]], [[3.139984369277954]], [[3.1424098014831543]], [[3.1344759464263916]], [[3.122852325439453]], [[3.087139844894409]], [[3.039346218109131]], [[2.9363722801208496]], [[2.903977155685425]], [[2.8362619876861572]], [[2.7480368614196777]], [[2.5651628971099854]], [[2.454068660736084]], [[2.306119441986084]], [[2.2319254875183105]], [[2.1220462322235107]], [[1.9772534370422363]], [[1.887261152267456]], [[1.7799334526062012]], [[1.656929612159729]], [[1.5703331232070923]], [[1.44999098777771]], [[1.382837176322937]], [[1.2659425735473633]], [[1.2164324522018433]], [[1.054650068283081]], [[0.928971529006958]], [[0.7921509146690369]], [[0.7185174226760864]], [[0.6033599972724915]], [[1.1802189350128174]], [[1.4834688901901245]], [[1.8322399854660034]], [[1.9793388843536377]], [[2.1102633476257324]], [[2.3238611221313477]], [[2.445261240005493]], [[2.537041425704956]], [[2.603238821029663]], [[2.6477115154266357]], [[2.673832416534424]], [[2.682586193084717]], [[2.6829419136047363]], [[2.6709301471710205]], [[2.6328930854797363]], [[2.5398004055023193]], [[2.4834835529327393]], [[2.4228219985961914]], [[2.3427469730377197]], [[2.2256064414978027]], [[2.1397581100463867]], [[1.9998887777328491]], [[1.8943040370941162]], [[1.8419265747070312]], [[1.7195203304290771]], [[1.6151539087295532]], [[1.5116033554077148]], [[1.4083974361419678]], [[1.3235032558441162]], [[1.2059017419815063]], [[1.090063452720642]], [[1.008595585823059]], [[0.895247757434845]], [[0.8165302872657776]], [[0.7539344429969788]], [[0.6463277339935303]], [[0.5418705940246582]], [[0.4549184739589691]], [[0.3706393837928772]], [[0.3027728199958801]], [[0.23729097843170166]], [[0.1382349133491516]], [[0.06903135031461716]], [[0.005210526287555695]], [[0.35506001114845276]], [[0.7886978983879089]], [[1.1028238534927368]], [[1.5561976432800293]], [[1.836927056312561]], [[2.0026094913482666]], [[2.126953601837158]], [[2.1814069747924805]], [[2.1996593475341797]], [[2.1851425170898438]], [[2.1419267654418945]], [[2.0686018466949463]], [[1.964386224746704]], [[1.9217405319213867]], [[1.8473531007766724]], [[1.7699425220489502]], [[1.625166654586792]], [[1.5266791582107544]], [[1.4105534553527832]], [[1.3435612916946411]], [[1.2271032333374023]], [[1.1106810569763184]], [[1.061062216758728]], [[0.9294611215591431]], [[0.8474463820457458]], [[0.7499898672103882]], [[0.653410017490387]], [[0.5584193468093872]], [[0.4640563428401947]], [[0.37194889783859253]], [[0.3113917112350464]], [[0.1921917051076889]], [[0.11983084678649902]], [[0.021815218031406403]], [[-0.01947663351893425]], [[-0.1368892341852188]], [[-0.1985456645488739]], [[-0.2563764452934265]], [[-0.30047672986984253]], [[-0.40632379055023193]], [[-0.43825921416282654]], [[-0.47272226214408875]], [[-0.5086230635643005]], [[-0.5261350870132446]], [[-0.529915988445282]], [[-0.5226917862892151]], [[-0.4852376878261566]], [[-0.4238142967224121]], [[-0.33330875635147095]], [[-0.2855169177055359]], [[-0.17457161843776703]], [[-0.04359358549118042]], [[0.12989504635334015]], [[0.2639445662498474]], [[0.40325409173965454]], [[0.1057400032877922]], [[0.2816959619522095]], [[0.6492284536361694]], [[0.7919744253158569]], [[0.9770089983940125]], [[1.1657379865646362]], [[1.2491202354431152]], [[1.3093880414962769]], [[1.3617106676101685]], [[1.3710815906524658]], [[1.362964153289795]], [[1.3426421880722046]], [[1.297549843788147]], [[1.2467745542526245]], [[1.1870750188827515]], [[1.0965923070907593]], [[1.035520076751709]], [[0.9711806774139404]], [[0.8909216523170471]], [[0.7940530180931091]], [[0.7085650563240051]], [[0.6218658089637756]], [[0.5332675576210022]], [[0.48892077803611755]], [[0.3989619016647339]], [[0.29370245337486267]], [[0.20259609818458557]], [[0.09602166712284088]], [[0.019738495349884033]], [[-0.08705081790685654]], [[-0.13323010504245758]], [[-0.23991447687149048]], [[-0.3465292453765869]], [[-0.42256486415863037]], [[-0.5438725352287292]], [[-0.6036587953567505]], [[-0.6931301951408386]], [[-0.7816344499588013]], [[-0.8833679556846619]], [[-0.9686890840530396]], [[-1.0245250463485718]], [[-1.1582095623016357]], [[-1.2213793992996216]], [[-1.3359944820404053]], [[-1.3464038372039795]], [[-1.412359356880188]], [[-1.4831019639968872]], [[-1.4928056001663208]], [[-1.4912500381469727]], [[-1.4570369720458984]], [[-1.4007426500320435]], [[-1.3147590160369873]], [[-1.1043269634246826]], [[0.05844400078058243]], [[0.14398470520973206]], [[0.18545643985271454]], [[0.27725934982299805]], [[0.37085747718811035]], [[0.4219210743904114]], [[0.47458767890930176]], [[0.5041967630386353]], [[0.5544799566268921]], [[0.5697044134140015]], [[0.5860391855239868]], [[0.5897769331932068]], [[0.5844197869300842]], [[0.5787797570228577]], [[0.5548346042633057]], [[0.5341606140136719]], [[0.5041211843490601]], [[0.4361158609390259]], [[0.3931847810745239]], [[0.3466985821723938]], [[0.28875118494033813]], [[0.26261788606643677]], [[0.21817462146282196]], [[0.1343500316143036]], [[0.07651950418949127]], [[0.017271175980567932]], [[-0.04292397201061249]], [[-0.10410816222429276]], [[-0.16576024889945984]], [[-0.23810145258903503]], [[-0.2691304385662079]], [[-0.35198357701301575]], [[-0.42373454570770264]], [[-0.4746018648147583]], [[-0.534813404083252]], [[-0.58418208360672]], [[-0.6418590545654297]], [[-0.706973671913147]], [[-0.7602313160896301]], [[-0.8103026151657104]], [[-0.8495094776153564]], [[-0.8992771506309509]], [[-0.9624570608139038]], [[-0.9870360493659973]], [[-1.0028340816497803]], [[-1.007642388343811]], [[-1.0038492679595947]], [[-0.9858636260032654]], 