{"vc": [[-0.07421921193599701, 0.0, 0.0], [0.0, -0.05730052664875984, 0.056864239275455475], [-0.014278650283813477, 0.30981823801994324, -0.3103651702404022], [-0.019241798669099808, 0.0, 0.0], [0.0, 0.0, 0.0], [0.0, 0.0, 0.0], [0.0, 0.013671236112713814, -0.013738424517214298], [0.0, 0.0, 0.0], [0.0, 0.0, 0.0], [0.5980954170227051, 0.0, 0.0]], "true_y1": [[[0.4006600081920624]], [[32.14413833618164]], [[37.98128890991211]], [[55.04330825805664]], [[70.26335144042969]], [[83.72295379638672]], [[87.51587677001953]], [[101.84056091308594]], [[110.41586303710938]], [[119.51661682128906]], [[124.80024719238281]], [[127.74930572509766]], [[130.27481079101562]], [[132.45318603515625]], [[136.6764678955078]], [[139.0670623779297]], [[140.83859252929688]], [[142.43707275390625]], [[143.36370849609375]], [[144.74440002441406]], [[145.48020935058594]], [[145.86082458496094]], [[146.273193359375]], [[146.41639709472656]], [[146.62791442871094]], [[146.8050994873047]], [[146.87350463867188]], [[147.021240234375]], [[147.13775634765625]], [[147.23019409179688]], [[147.3717498779297]], [[147.44053649902344]], [[147.55923461914062]], [[147.6258087158203]], [[147.74269104003906]], [[147.843017578125]], [[147.94346618652344]], [[148.02761840820312]], [[148.14639282226562]], [[148.28350830078125]], [[148.35264587402344]], [[1.0533000230789185]], [[14.05455493927002]], [[22.498369216918945]], [[34.7564697265625]], [[46.1547737121582]], [[53.15898895263672]], [[62.98833084106445]], [[74.34819030761719]], [[81.57524871826172]], [[89.78691864013672]], [[91.51742553710938]], [[94.81912231445312]], [[102.66061401367188]], [[103.68863677978516]], [[107.30835723876953]], [[108.80693054199219]], [[110.733154296875]], [[112.80376434326172]], [[115.07172393798828]], [[117.87814331054688]], [[118.3877944946289]], [[119.12847900390625]], [[119.51041412353516]], [[119.79611206054688]], [[120.01188659667969]], [[120.15437316894531]], [[120.29237365722656]], [[120.38650512695312]], [[120.49494934082031]], [[120.57170867919922]], [[120.87969207763672]], [[120.91448211669922]], [[120.96135711669922]], [[121.00045013427734]], [[121.03242492675781]], [[121.07693481445312]], [[1.104699969291687]], [[7.482022762298584]], [[16.97001838684082]], [[29.14535140991211]], [[31.966718673706055]], [[42.95306396484375]], [[47.97003936767578]], [[57.29776382446289]], [[61.43292236328125]], [[65.31715393066406]], [[72.2229995727539]], [[78.04212951660156]], [[80.58192443847656]], [[83.9354248046875]], [[85.90848541259766]], [[89.34842681884766]], [[92.13406372070312]], [[95.80916595458984]], [[96.63237762451172]], [[98.04637145996094]], [[99.44631958007812]], [[101.3729476928711]], [[102.14464569091797]], [[102.885498046875]], [[103.16883087158203]], [[103.5096435546875]], [[103.85164642333984]], [[104.01895904541016]], [[104.18472290039062]], [[104.34005737304688]], [[104.43232727050781]], [[104.5426254272461]], [[104.596923828125]], [[104.68179321289062]], [[104.71470642089844]], [[104.81278228759766]], [[104.8817367553711]], [[104.95249938964844]], [[104.98958587646484]], [[0.6033599972724915]], [[14.568089485168457]], [[22.612205505371094]], [[32.86213684082031]], [[37.659515380859375]], [[42.27241897583008]], [[50.83253479003906]], [[56.642967224121094]], [[61.905643463134766]], [[66.63804626464844]], [[70.87175750732422]], [[74.632080078125]], [[76.89128112792969]], [[80.89106750488281]], [[83.45188903808594]], [[87.05216979980469]], [[91.3648681640625]], [[93.00377655029297]], [[94.37684631347656]], [[95.78756713867188]], [[97.32207489013672]], [[98.18106842041016]], [[99.26314544677734]], [[99.89717864990234]], [[100.16858673095703]], [[100.71697235107422]], [[101.11033630371094]], [[101.45004272460938]], [[101.75017547607422]], [[101.97461700439453]], [[102.25975799560547]], [[102.51853942871094]], [[102.69083404541016]], [[102.92101287841797]], [[103.07628631591797]], [[103.19804382324219]], [[103.40557861328125]], [[103.60723114013672]], [[103.77720642089844]], [[103.94556427001953]], [[104.08502960205078]], [[104.22415924072266]], [[104.44669342041016]], [[104.61459350585938]], [[104.78306579589844]], [[0.35506001114845276]], [[11.658442497253418]], [[20.443485260009766]], [[34.78480911254883]], [[45.60791015625]], [[53.59922409057617]], [[61.71356201171875]], [[67.3661117553711]], [[74.61975860595703]], [[77.50518035888672]], [[81.13080596923828]], [[84.42678833007812]], [[87.28885650634766]], [[88.16124725341797]], [[89.42886352539062]], [[90.50040435791016]], [[92.0554428100586]], [[92.88602447509766]], [[93.70478057861328]], [[94.11714172363281]], [[94.75465393066406]], [[95.3144760131836]], [[95.5346908569336]], [[96.07758331298828]], [[96.39188385009766]], [[96.74737548828125]], [[97.08505249023438]], [[97.40701293945312]], [[97.72027587890625]], [[98.02267456054688]], [[98.22099304199219]], [[98.61358642578125]], [[98.85554504394531]], [[99.19115447998047]], [[99.33633422851562]], [[99.76715087890625]], [[100.00827026367188]], [[100.24803161621094]], [[100.44286346435547]], [[100.98078155517578]], [[101.17740631103516]], [[101.42655944824219]], [[101.7785415649414]], [[102.08412170410156]], [[102.34233093261719]], [[102.60090637207031]], [[103.02323150634766]], [[103.39715576171875]], [[103.7776870727539]], [[103.94243621826172]], [[104.2738037109375]], [[104.61074829101562]], [[105.00922393798828]], [[105.29776763916016]], [[105.59036254882812]], [[0.1057400032877922]], [[5.976020812988281]], [[18.861228942871094]], [[24.28594398498535]], [[31.96596336364746]], [[41.21669387817383]], [[46.294525146484375]], [[50.91600799560547]], [[57.281925201416016]], [[60.67019271850586]], [[64.21251678466797]], [[66.78572845458984]], [[69.87364196777344]], [[72.10968780517578]], [[74.04204559326172]], [[76.23506164550781]], [[77.41511535644531]], [[78.48499298095703]], [[79.63780975341797]], [[80.83395385742188]], [[81.75952911376953]], [[82.60494232177734]], [[83.39392852783203]], [[83.76577758789062]], [[84.48149871826172]], [[85.26583862304688]], [[85.90888214111328]], [[86.62902069091797]], [[87.12809753417969]], [[87.80968475341797]], [[88.09969329833984]], [[88.76197814941406]], [[89.41705322265625]], [[89.8825454711914]], [[90.62638854980469]], [[90.99507141113281]], [[91.55147552490234]], [[92.1097640991211]], [[92.76531219482422]], [[93.330810546875]], [[93.71117401123047]], [[94.66927337646484]], [[95.15591430664062]], [[96.13871002197266]], [[96.2379150390625]], [[96.93804931640625]], [[98.0609359741211]], [[98.37124633789062]], [[99.20647430419922]], [[99.8420639038086]], [[100.38013458251953]], [[100.9215087890625]], [[101.79923248291016]], [[0.05844400078058243]], [[5.361767768859863]], [[7.9893622398376465]], [[14.015901565551758]], [[20.63770294189453]], [[24.591341018676758]], [[29.10211181640625]], [[31.95284652709961]], [[37.8892936706543]], [[40.32252883911133]], [[44.259796142578125]], [[46.33585739135742]], [[50.58196258544922]], [[51.85716247558594]], [[55.03396224975586]], [[56.82051467895508]], [[58.79812240600586]], [[62.019718170166016]], [[63.582763671875]], [[65.03466033935547]], [[66.60303497314453]], [[67.24456024169922]], [[68.2623291015625]], [[69.98812103271484]], [[71.06846618652344]], [[72.1059799194336]], [[73.10411071777344]], [[74.07379150390625]], [[75.015869140625]], [[76.08846282958984]], [[76.54058074951172]], [[77.7330551147461]], [[78.75787353515625]], [[79.48584747314453]], [[80.35504913330078]], [[81.07858276367188]], [[81.94310760498047]], [[82.95598602294922]], [[83.82715606689453]], [[84.69794464111328]], [[85.43063354492188]], [[86.46122741699219]], [[88.10086059570312]], [[89.00701141357422]], [[89.91828918457031]], [[91.14832305908203]], [[91.61690521240234]], [[92.55457305908203]], [[93.50474548339844]], [[94.78388977050781]], [[95.26912689208984]], [[96.4114761352539]]]}