{"vc": [[-0.026029963046312332, 0.0, 0.0], [0.0, -2.2588422298431396, 2.258768081665039], [0.0018827775493264198, 0.06017698347568512, -0.06023811921477318], [-0.029526520520448685, 0.0, 0.0], [0.0, 0.0, 0.0], [0.0, 0.0, 0.0], [0.0, 0.9822220802307129, -0.9833775758743286], [0.0, 0.0, 0.0], [0.0, 0.0, 0.0], [0.024917542934417725, -1.8577610582596025e-35, 0.0]], "true_y1": [[[0.4006600081920624]], [[1.5470939874649048]], [[1.729695439338684]], [[2.201259136199951]], [[2.5414788722991943]], [[2.7813820838928223]], [[2.839293956756592]], [[3.0229263305664062]], [[3.1087639331817627]], [[3.182809829711914]], [[3.2188127040863037]], [[3.2370030879974365]], [[3.2516562938690186]], [[3.2637290954589844]], [[3.2862305641174316]], [[3.2990763187408447]], [[3.3092546463012695]], [[3.3196961879730225]], [[3.3268842697143555]], [[3.3410980701446533]], [[3.352543592453003]], [[3.3607583045959473]], [[3.372847080230713]], [[3.378174304962158]], [[3.387446641921997]], [[3.3966903686523438]], [[3.4006404876708984]], [[3.409881830215454]], [[3.4177989959716797]], [[3.4244155883789062]], [[3.4350008964538574]], [[3.440293788909912]], [[3.449580430984497]], [[3.454845666885376]], [[3.4641404151916504]], [[3.472132682800293]], [[3.480119228363037]], [[3.486783504486084]], [[3.4961318969726562]], [[3.5068211555480957]], [[3.5121641159057617]], [[1.0533000230789185]], [[1.516752004623413]], [[1.774779200553894]], [[2.08927059173584]], [[2.322249412536621]], [[2.4399821758270264]], [[2.5766427516937256]], [[2.699099063873291]], [[2.760507583618164]], [[2.8175299167633057]], [[2.828057289123535]], [[2.8468897342681885]], [[2.8861119747161865]], [[2.890807628631592]], [[2.9068546295166016]], [[2.913396120071411]], [[2.9218900203704834]], [[2.9314231872558594]], [[2.943107843399048]], [[2.963087558746338]], [[2.96850323677063]], [[2.978910446166992]], [[2.986431121826172]], [[2.993861675262451]], [[3.0011794567108154]], [[3.007260322570801]], [[3.014547824859619]], [[3.0206103324890137]], [[3.029092311859131]], [[3.0363447666168213]], [[3.080064296722412]], [[3.086174488067627]], [[3.094729423522949]], [[3.1020796298980713]], [[3.108192205429077]], [[3.1167938709259033]], [[1.104699969291687]], [[1.3352961540222168]], [[1.6325535774230957]], [[1.9365004301071167]], [[1.995456576347351]], [[2.1888718605041504]], [[2.260136127471924]], [[2.368832588195801]], [[2.408454418182373]], [[2.441544771194458]], [[2.4917900562286377]], [[2.526966094970703]], [[2.540626049041748]], [[2.557360887527466]], [[2.5666253566741943]], [[2.5820109844207764]], [[2.5940682888031006]], [[2.610271453857422]], [[2.6141231060028076]], [[2.621154308319092]], [[2.6289732456207275]], [[2.642648458480835]], [[2.650115966796875]], [[2.6596055030822754]], [[2.664262056350708]], [[2.671103000640869]], [[2.6800973415374756]], [[2.6857094764709473]], [[2.6924474239349365]], [[2.7002503871917725]], [[2.7058069705963135]], [[2.713629722595215]], [[2.7180521488189697]], [[2.725860357284546]], [[2.7292139530181885]], [[2.7403957843780518]], [[2.7493605613708496]], [[2.759469985961914]], [[2.7650976181030273]], [[0.6033599972724915]], [[1.0898654460906982]], [[1.328181266784668]], [[1.5845844745635986]], [[1.6868741512298584]], [[1.775159239768982]], [[1.914738655090332]], [[1.993218183517456]], [[2.054248571395874]], [[2.101841688156128]], [[2.139204740524292]], [[2.1687161922454834]], [[2.1849560737609863]], [[2.2112934589385986]], [[2.2267534732818604]], [[2.247039556503296]], [[2.2700488567352295]], [[2.2788286209106445]], [[2.2864348888397217]], [[2.29473876953125]], [[2.30482816696167]], [[2.3113059997558594]], [[2.3209145069122314]], [[2.3277053833007812]], [[2.3309836387634277]], [[2.3384995460510254]], [[2.344815969467163]], [[2.3510525226593018]], [[2.3572731018066406]], [[2.362412214279175]], [[2.3695878982543945]], [[2.376743793487549]], [[2.3818418979644775]], [[2.389043092727661]], [[2.3941307067871094]], [[2.3982348442077637]], [[2.405430316925049]], [[2.4126176834106445]], [[2.418788194656372]], [[2.424970865249634]], [[2.4301278591156006]], [[2.435291051864624]], [[2.4435606002807617]], [[2.4497900009155273]], [[2.456017255783081]], [[0.35506001114845276]], [[0.7559610605239868]], [[1.031360149383545]], [[1.3990827798843384]], [[1.6090337038040161]], [[1.7303258180618286]], [[1.8281621932983398]], [[1.8834280967712402]], [[1.9416048526763916]], [[1.961491346359253]], [[1.9844776391983032]], [[2.004055976867676]], [[2.0207901000976562]], [[2.0260086059570312]], [[2.033850908279419]], [[2.0408692359924316]], [[2.0521280765533447]], [[2.0589492321014404]], [[2.0664806365966797]], [[2.0706584453582764]], [[2.07773494720459]], [[2.0846641063690186]], [[2.087592840194702]], [[2.095332622528076]], [[2.100158214569092]], [[2.1059160232543945]], [[2.1116654872894287]], [[2.117379903793335]], [[2.1231319904327393]], [[2.1288373470306396]], [[2.1326470375061035]], [[2.1403138637542725]], [[2.1451010704040527]], [[2.15179181098938]], [[2.1546976566314697]], [[2.1633355617523193]], [[2.1681666374206543]], [[2.172959327697754]], [[2.176841974258423]], [[2.1874849796295166]], [[2.1913416385650635]], [[2.1961989402770996]], [[2.203001022338867]], [[2.2088463306427]], [[2.213740587234497]], [[2.218599557876587]], [[2.2264442443847656]], [[2.233294725418091]], [[2.2401750087738037]], [[2.2431254386901855]], [[2.2490086555480957]], [[2.2549219131469727]], [[2.261826753616333]], [[2.266768217086792]], [[2.2717299461364746]], [[0.1057400032877922]], [[0.3147986829280853]], [[0.7351113557815552]], [[0.8886793851852417]], [[1.0780189037322998]], [[1.2618887424468994]], [[1.3434895277023315]], [[1.4070031642913818]], [[1.4796353578567505]], [[1.5121734142303467]], [[1.5423126220703125]], [[1.562056064605713]], [[1.5837657451629639]], [[1.5984153747558594]], [[1.6105619668960571]], [[1.6240363121032715]], [[1.631273865699768]], [[1.637904167175293]], [[1.6451952457427979]], [[1.6530123949050903]], [[1.6593022346496582]], [[1.6652746200561523]], [[1.6710726022720337]], [[1.6738860607147217]], [[1.6794533729553223]], [[1.6857868432998657]], [[1.6911565065383911]], [[1.6973469257354736]], [[1.701736330986023]], [[1.707844614982605]], [[1.7104779481887817]], [[1.7165542840957642]], [[1.7226307392120361]], [[1.7269760370254517]], [[1.733945608139038]], [[1.7374045848846436]], [[1.7426215410232544]], [[1.7478442192077637]], [[1.753951072692871]], [[1.759189248085022]], [[1.7626941204071045]], [[1.7714481353759766]], [[1.7758499383926392]], [[1.7846412658691406]], [[1.785521149635315]], [[1.7916908264160156]], [[1.8014382123947144]], [[1.8040997982025146]], [[1.8111952543258667]], [[1.816528558731079]], [[1.8209997415542603]], [[1.8254584074020386]], [[1.8326038122177124]], [[0.05844400078058243]], [[0.23810195922851562]], [[0.3243371248245239]], [[0.5109221935272217]], [[0.6926059126853943]], [[0.7877231240272522]], [[0.8836463689804077]], [[0.9374799728393555]], [[1.03373122215271]], [[1.0674619674682617]], [[1.1157407760620117]], [[1.138337254524231]], [[1.1791496276855469]], [[1.190137267112732]], [[1.215303659439087]], [[1.2282307147979736]], [[1.2416601181030273]], [[1.2619047164916992]], [[1.2711551189422607]], [[1.2794991731643677]], [[1.2883131504058838]], [[1.2918752431869507]], [[1.2974915504455566]], [[1.3069629669189453]], [[1.312888264656067]], [[1.3185935020446777]], [[1.3241056203842163]], [[1.3294882774353027]], [[1.334746241569519]], [[1.340766429901123]], [[1.3433139324188232]], [[1.3500570058822632]], [[1.3558728694915771]], [[1.3600109815597534]], [[1.3649542331695557]], [[1.3690671920776367]], [[1.3739748001098633]], [[1.3797085285186768]], [[1.384621024131775]], [[1.3895094394683838]], [[1.393602967262268]], [[1.3993271589279175]], [[1.4083441495895386]], [[1.4132765531539917]], [[1.418198823928833]], [[1.424781084060669]], [[1.4272698163986206]], [[1.4322186708450317]], [[1.437191367149353]], [[1.4438194036483765]], [[1.4463140964508057]], [[1.4521453380584717]]]}