{"vc": [[0.01526873279362917, 0.0, 0.0], [0.0, 0.0, 0.0], [0.044046346098184586, -0.0526178814470768, 0.05270621180534363], [0.23678861558437347, 0.0, 0.0], [0.0, 0.0, 0.0], [0.0, 0.0, 0.0], [0.0, 0.0014193735551089048, 0.0], [0.0, 0.0, 0.0], [0.0, 0.0, 0.0], [0.9347456693649292, 0.0, 0.0]], "true_y1": [[[0.4006600081920624]], [[51.725868225097656]], [[61.609642028808594]], [[92.05315399169922]], [[122.14797973632812]], [[152.47149658203125]], [[161.91001892089844]], [[202.85121154785156]], [[233.3523712158203]], [[274.36004638671875]], [[305.01861572265625]], [[325.6461486816406]], [[346.1994934082031]], [[366.8526306152344]], [[419.08282470703125]], [[461.0660705566406]], [[503.3075866699219]], [[556.5543823242188]], [[599.3604736328125]], [[697.5823364257812]], [[786.9951782226562]], [[855.435302734375]], [[961.5006103515625]], [[1010.1209716796875]], [[1097.5716552734375]], [[1188.5975341796875]], [[1228.7840576171875]], [[1326.17236328125]], [[1413.806884765625]], [[1490.43115234375]], [[1620.38623046875]], [[1689.226806640625]], [[1817.17236328125]], [[1894.25244140625]], [[2039.522216796875]], [[2175.149169921875]], [[2322.169677734375]], [[2454.924072265625]], [[2659.06005859375]], [[2922.853271484375]], [[3069.0244140625]], [[1.0533000230789185]], [[21.929231643676758]], [[35.825950622558594]], [[56.85039520263672]], [[77.79390716552734]], [[91.62903594970703]], [[112.79541015625]], [[140.97039794921875]], [[162.0315399169922]], [[190.64707946777344]], [[197.56932067871094]], [[211.9396514892578]], [[255.00543212890625]], [[262.0286865234375]], [[290.8592529296875]], [[305.31915283203125]], [[327.1093444824219]], [[356.41973876953125]], [[400.5517578125]], [[497.94482421875]], [[528.306640625]], [[590.4109497070312]], [[637.807373046875]], [[686.3909912109375]], [[735.8109741210938]], [[778.0440673828125]], [[830.09521484375]], [[874.66064453125]], [[939.1181640625]], [[996.38720703125]], [[1399.836669921875]], [[1466.838134765625]], [[1566.6649169921875]], [[1658.7545166015625]], [[1740.3624267578125]], [[1863.956787109375]], [[1.104699969291687]], [[11.34083366394043]], [[26.872203826904297]], [[47.74736022949219]], [[52.80620574951172]], [[73.65129089355469]], [[83.95832061767578]], [[105.00257873535156]], [[115.36843872070312]], [[125.8730239868164]], [[146.97921752929688]], [[168.20074462890625]], [[178.87344360351562]], [[194.78163146972656]], [[205.38429260253906]], [[226.91624450683594]], [[248.41995239257812]], [[286.3071594238281]], [[297.16876220703125]], [[319.06146240234375]], [[346.6257019042969]], [[402.5868835449219]], [[436.6834411621094]], [[482.8776550292969]], [[506.5260009765625]], [[542.2869873046875]], [[590.998779296875]], [[622.3306274414062]], [[660.9130249023438]], [[706.976806640625]], [[740.7489013671875]], [[789.7926025390625]], [[818.3603515625]], [[870.4393310546875]], [[893.5018310546875]], [[973.7787475585938]], [[1042.387451171875]], [[1125.0667724609375]], [[1173.8665771484375]], [[0.6033599972724915]], [[23.20447540283203]], [[36.68702697753906]], [[54.77033233642578]], [[63.72984313964844]], [[72.74041748046875]], [[90.80457305908203]], [[104.39765167236328]], [[117.98648071289062]], [[131.58395385742188]], [[145.21783447265625]], [[158.8738555908203]], [[167.98036193847656]], [[186.31028747558594]], [[200.0137176513672]], [[223.067626953125]], [[260.1888732910156]], [[278.8693542480469]], [[297.65863037109375]], [[321.27740478515625]], [[354.614501953125]], [[378.6705017089844]], [[417.84844970703125]], [[447.74066162109375]], [[462.74151611328125]], [[498.3834228515625]], [[529.557861328125]], [[561.3472290039062]], [[594.0200805664062]], [[621.7405395507812]], [[661.5835571289062]], [[702.718017578125]], [[732.9434204101562]], [[777.062255859375]], [[809.3253784179688]], [[836.0679321289062]], [[884.6363525390625]], [[935.5078125]], [[981.2788696289062]], [[1029.29931640625]], [[1071.1719970703125]], [[1114.908203125]], [[1189.149658203125]], [[1248.8785400390625]], [[1312.2615966796875]], [[0.35506001114845276]], [[18.63022232055664]], [[33.276058197021484]], [[58.93614959716797]], [[80.83321380615234]], [[99.35541534423828]], [[121.43743133544922]], [[139.8389892578125]], [[169.51626586914062]], [[184.31602478027344]], [[206.8161163330078]], [[233.0981903076172]], [[263.4841613769531]], [[274.8974304199219]], [[294.0488586425781]], [[313.34173583984375]], [[348.5974426269531]], [[372.3990478515625]], [[400.5965576171875]], [[417.0184020996094]], [[445.97113037109375]], [[475.5818176269531]], [[488.44647216796875]], [[523.4044799804688]], [[545.8955688476562]], [[573.4411010742188]], [[601.7434692382812]], [[630.7050170898438]], [[660.7535400390625]], [[691.513916015625]], [[712.6240234375]], [[756.6115112304688]], [[785.1852416992188]], [[826.697021484375]], [[845.3427734375]], [[903.2020874023438]], [[937.2969360351562]], [[972.4777221679688]], [[1002.0439453125]], [[1088.545166015625]], [[1122.0750732421875]], [[1166.1513671875]], [[1231.654296875]], [[1291.845458984375]], [[1345.3201904296875]], [[1401.456298828125]], [[1499.221435546875]], [[1592.745361328125]], [[1695.4525146484375]], [[1742.49951171875]], [[1842.2886962890625]], [[1951.4632568359375]], [[2091.790771484375]], [[2201.86865234375]], [[2321.567626953125]], [[0.1057400032877922]], [[9.602743148803711]], [[31.024581909179688]], [[40.51971435546875]], [[54.782920837402344]], [[73.90623474121094]], [[85.75379943847656]], [[97.735595703125]], [[116.90557861328125]], [[128.89193725585938]], [[143.31887817382812]], [[155.42604064941406]], [[172.43370056152344]], [[187.02833557128906]], [[201.7193603515625]], [[221.500732421875]], [[233.89883422851562]], [[246.4510040283203]], [[261.6214599609375]], [[279.4782409667969]], [[295.0000915527344]], [[310.6336975097656]], [[326.58551025390625]], [[334.5836181640625]], [[350.8759460449219]], [[370.11865234375]], [[386.9903564453125]], [[407.0513610839844]], [[421.66650390625]], [[442.5467224121094]], [[451.74627685546875]], [[473.44366455078125]], [[495.8255310058594]], [[512.2747802734375]], [[539.4863891601562]], [[553.3944702148438]], [[574.9139404296875]], [[597.154541015625]], [[624.118408203125]], [[648.1387939453125]], [[664.7058715820312]], [[707.9765625]], [[730.845458984375]], [[779.0095825195312]], [[784.0266723632812]], [[820.295166015625]], [[881.8488159179688]], [[899.6558837890625]], [[949.4537353515625]], [[989.3059692382812]], [[1024.4742431640625]], [[1061.275146484375]], [[1124.20703125]], [[0.05844400078058243]], [[8.722173690795898]], [[13.051176071166992]], [[23.157032012939453]], [[34.719783782958984]], [[41.96524429321289]], [[50.6617546081543]], [[56.455318450927734]], [[69.4906005859375]], [[75.31076049804688]], [[85.49041748046875]], [[91.31521606445312]], [[104.4763412475586]], [[108.82172393798828]], [[120.62692260742188]], [[127.98797607421875]], [[136.8624267578125]], [[153.28529357910156]], [[162.29623413085938]], [[171.37481689453125]], [[182.02854919433594]], [[186.65829467773438]], [[194.34512329101562]], [[208.38143920898438]], [[217.83314514160156]], [[227.4013671875]], [[237.06077575683594]], [[246.86656188964844]], [[256.7822570800781]], [[268.5231018066406]], [[273.6112060546875]], [[287.41070556640625]], [[299.690185546875]], [[308.63726806640625]], [[319.5541076660156]], [[328.82916259765625]], [[340.128662109375]], [[353.6607360839844]], [[365.54901123046875]], [[377.66143798828125]], [[388.0313720703125]], [[402.89776611328125]], [[427.24627685546875]], [[441.0864562988281]], [[455.29541015625]], [[474.961669921875]], [[482.60809326171875]], [[498.17852783203125]], [[514.341064453125]], [[536.7520751953125]], [[545.4608764648438]], [[566.4424438476562]]]}