{"vc": [[0.010097606107592583, 0.0, 0.0], [0.0, 0.0, 0.0], [0.041755471378564835, -0.0512588806450367, 0.05124885216355324], [0.225279301404953, 0.0, 0.0], [0.0, 0.0, 0.0], [0.0, 0.0, 0.0], [0.0, 0.0011003345716744661, 0.0], [0.0, 0.0, 0.0], [0.0, 0.0, 0.0], [0.9230385422706604, 0.0, 0.0]], "true_y1": [[[0.4006600081920624]], [[51.058109283447266]], [[60.81310272216797]], [[90.85926818847656]], [[120.55973815917969]], [[150.48345947265625]], [[159.796875]], [[200.19046020507812]], [[230.27688598632812]], [[270.71453857421875]], [[300.93499755859375]], [[321.2607727050781]], [[341.50701904296875]], [[361.84429931640625]], [[413.23773193359375]], [[454.5011901855469]], [[495.96728515625]], [[548.1500244140625]], [[590.0191040039062]], [[685.7589721679688]], [[772.42626953125]], [[838.3916625976562]], [[939.8801879882812]], [[986.0684814453125]], [[1068.5654296875]], [[1153.587890625]], [[1190.8338623046875]], [[1280.326416015625]], [[1359.89501953125]], [[1428.7015380859375]], [[1543.7403564453125]], [[1603.83056640625]], [[1713.9580078125]], [[1779.338134765625]], [[1900.6248779296875]], [[2011.643310546875]], [[2129.6611328125]], [[2234.232421875]], [[2391.5244140625]], [[2588.894775390625]], [[2695.591552734375]], [[1.0533000230789185]], [[21.65520668029785]], [[35.369110107421875]], [[56.116233825683594]], [[76.7823486328125]], [[90.43341827392578]], [[111.31660461425781]], [[139.11068725585938]], [[159.8832244873047]], [[188.0997314453125]], [[194.9240264892578]], [[209.08895874023438]], [[251.51947021484375]], [[258.4358215332031]], [[286.8160400390625]], [[301.04229736328125]], [[322.4692687988281]], [[351.2673034667969]], [[394.5673828125]], [[489.7942199707031]], [[519.3658447265625]], [[579.6468505859375]], [[625.4400024414062]], [[672.165283203125]], [[719.44921875]], [[759.6442260742188]], [[808.8941040039062]], [[850.7921142578125]], [[910.9273681640625]], [[963.8736572265625]], [[1323.0028076171875]], [[1380.233642578125]], [[1464.25390625]], [[1540.4656982421875]], [[1606.991943359375]], [[1705.997802734375]], [[1.104699969291687]], [[11.205456733703613]], [[26.530908584594727]], [[47.12816619873047]], [[52.11943435668945]], [[72.68486022949219]], [[82.85275268554688]], [[103.61067962646484]], [[113.83415222167969]], [[124.19337463378906]], [[145.00360107421875]], [[165.92117309570312]], [[176.4381103515625]], [[192.1099395751953]], [[202.55197143554688]], [[223.74900817871094]], [[244.90481567382812]], [[282.1395568847656]], [[292.8033142089844]], [[314.28045654296875]], [[341.285888671875]], [[395.96759033203125]], [[429.171875]], [[473.9961242675781]], [[496.8629150390625]], [[531.327880859375]], [[578.0324096679688]], [[607.9126586914062]], [[644.521484375]], [[687.9429931640625]], [[719.569091796875]], [[765.166259765625]], [[791.5398559570312]], [[839.254150390625]], [[860.230224609375]], [[932.4932250976562]], [[993.3145141601562]], [[1065.4530029296875]], [[1107.440673828125]], [[0.6033599972724915]], [[22.904382705688477]], [[36.2074089050293]], [[54.04907989501953]], [[62.88840103149414]], [[71.77770233154297]], [[89.59721374511719]], [[103.00450897216797]], [[116.40576171875]], [[129.8133087158203]], [[143.2540283203125]], [[156.71337890625]], [[165.68667602539062]], [[183.7427520751953]], [[197.2357177734375]], [[219.9224853515625]], [[256.4103698730469]], [[274.748291015625]], [[293.1741027832031]], [[316.3056335449219]], [[348.88897705078125]], [[372.3462829589844]], [[410.43609619140625]], [[439.391845703125]], [[453.8846130371094]], [[488.20819091796875]], [[518.09130859375]], [[548.4198608398438]], [[579.4291381835938]], [[605.6017456054688]], [[642.9887084960938]], [[681.2870483398438]], [[709.2258911132812]], [[749.6884765625]], [[779.0325927734375]], [[803.1956787109375]], [[846.7039184570312]], [[891.7510986328125]], [[931.821533203125]], [[973.3934326171875]], [[1009.2548828125]], [[1046.3299560546875]], [[1108.384521484375]], [[1157.5228271484375]], [[1208.9224853515625]], [[0.35506001114845276]], [[18.38625144958496]], [[32.836116790771484]], [[58.15119171142578]], [[79.75094604492188]], [[98.01830291748047]], [[119.79061126708984]], [[137.9274444580078]], [[167.160400390625]], [[181.72836303710938]], [[203.85972595214844]], [[229.68084716796875]], [[259.4837341308594]], [[270.66168212890625]], [[289.3954772949219]], [[308.23577880859375]], [[342.57025146484375]], [[365.6719055175781]], [[392.9482116699219]], [[408.783447265625]], [[436.60430908203125]], [[464.9185485839844]], [[477.17327880859375]], [[510.322265625]], [[531.5264282226562]], [[557.3577270507812]], [[583.7338256835938]], [[610.5447998046875]], [[638.1641235351562]], [[666.2236328125]], [[685.3525390625]], [[724.87255859375]], [[750.2962036132812]], [[786.881103515625]], [[803.1785888671875]], [[853.2186889648438]], [[882.3314819335938]], [[912.0839233398438]], [[936.8648071289062]], [[1008.2198486328125]], [[1035.430419921875]], [[1070.8299560546875]], [[1122.683349609375]], [[1169.5631103515625]], [[1210.6170654296875]], [[1253.133544921875]], [[1325.82080078125]], [[1393.8232421875]], [[1466.8819580078125]], [[1499.8092041015625]], [[1568.5849609375]], [[1642.25244140625]], [[1734.6767578125]], [[1805.5081787109375]], [[1880.9691162109375]], [[0.1057400032877922]], [[9.474160194396973]], [[30.60543441772461]], [[39.971290588378906]], [[54.03926086425781]], [[72.8975830078125]], [[84.57817840576172]], [[96.38810729980469]], [[115.27476501464844]], [[127.07730865478516]], [[141.27447509765625]], [[153.1802520751953]], [[169.88931274414062]], [[184.2105712890625]], [[198.6077880859375]], [[217.95938110351562]], [[230.06544494628906]], [[242.3020782470703]], [[257.0619812011719]], [[274.3905334472656]], [[289.409912109375]], [[304.4931640625]], [[319.83416748046875]], [[327.5062255859375]], [[343.0912780761719]], [[361.42022705078125]], [[377.4169006347656]], [[396.3428039550781]], [[410.0633850097656]], [[429.5627746582031]], [[438.1144714355469]], [[458.18548583984375]], [[478.7413330078125]], [[493.7502746582031]], [[518.392822265625]], [[530.8968505859375]], [[550.1214599609375]], [[569.8330688476562]], [[593.515625]], [[614.414306640625]], [[628.7196044921875]], [[665.6674194335938]], [[684.9545288085938]], [[725.0421142578125]], [[729.1769409179688]], [[758.84228515625]], [[808.3051147460938]], [[822.412841796875]], [[861.40185546875]], [[892.1264038085938]], [[918.8994750976562]], [[946.58447265625]], [[993.1732788085938]], [[0.05844400078058243]], [[8.60224723815918]], [[12.871280670166016]], [[22.8369140625]], [[34.23849105834961]], [[41.38227081298828]], [[49.955684661865234]], [[55.666404724121094]], [[68.511962890625]], [[74.24552917480469]], [[84.27015686035156]], [[90.00382995605469]], [[102.951171875]], [[107.22319030761719]], [[118.82086944580078]], [[126.045654296875]], [[134.74778747558594]], [[150.8250732421875]], [[159.62953186035156]], [[168.48641967773438]], [[178.86074829101562]], [[183.3621063232422]], [[190.82582092285156]], [[204.4203338623047]], [[213.54751586914062]], [[222.7633514404297]], [[232.0411834716797]], [[241.43157958984375]], [[250.89703369140625]], [[262.0634765625]], [[266.8882141113281]], [[279.9276428222656]], [[291.4724426269531]], [[299.84832763671875]], [[310.0260009765625]], [[318.6357116699219]], [[329.0772399902344]], [[341.5117492675781]], [[352.3715515136719]], [[363.373291015625]], [[372.7413024902344]], [[386.0884094238281]], [[407.7355041503906]], [[419.9215087890625]], [[432.34259033203125]], [[449.3847351074219]], [[455.9642028808594]], [[469.2815246582031]], [[482.9919738769531]], [[501.81396484375]], [[509.0695495605469]], [[526.417236328125]]]}