{"vc": [[-0.07983466237783432, 0.0, 0.0], [0.0, -2.112419605255127, 2.112354278564453], [-0.03307274729013443, 0.10359886288642883, -0.10330767929553986], [-0.1199301928281784, 0.0, 0.0], [0.0, 0.0, 0.0], [0.0, 0.0, 0.0], [0.0, 0.7949555516242981, -0.7961344718933105], [0.0, 0.0, 0.0], [0.0, 0.0, 0.0], [0.0055529167875647545, 0.0, 0.0]], "true_y1": [[[0.4006600081920624]], [[0.35018840432167053]], [[0.3390808701515198]], [[0.3024335205554962]], [[0.2630099952220917]], [[0.22059184312820435]], [[0.20691493153572083]], [[0.14546005427837372]], [[0.09790872782468796]], [[0.03246692568063736]], [[0.0010000000474974513]], [[0.0010000000474974513]], [[0.0010000000474974513]], [[0.0010000000474974513]], [[0.0010000000474974513]], [[0.0010000000474974513]], [[0.0010000000474974513]], [[0.0010000000474974513]], [[0.0010000000474974513]], [[0.0010000000474974513]], [[0.0010000000474974513]], [[0.0010000000474974513]], [[0.0010000000474974513]], [[0.0010000000474974513]], [[0.0010000000474974513]], [[0.162445530295372]], [[0.24104493856430054]], [[0.3986514210700989]], [[0.49335741996765137]], [[0.5400296449661255]], [[0.5553851127624512]], [[0.5388707518577576]], [[0.4783831238746643]], [[0.4296448826789856]], [[0.3246389329433441]], [[0.22038571536540985]], [[0.10805927217006683]], [[0.010889574885368347]], [[0.0010000000474974513]], [[0.0010000000474974513]], [[0.0010000000474974513]], [[1.0533000230789185]], [[0.9977198839187622]], [[0.9573454856872559]], [[0.8921074271202087]], [[0.8231029510498047]], [[0.7757551670074463]], [[0.7011483311653137]], [[0.5986916422843933]], [[0.5203710198402405]], [[0.41229769587516785]], [[0.3859388530254364]], [[0.3310168981552124]], [[0.16534243524074554]], [[0.13823716342449188]], [[0.02691587060689926]], [[0.0010000000474974513]], [[0.0010000000474974513]], [[0.0010000000474974513]], [[0.0010000000474974513]], [[0.0010000000474974513]], [[0.0010000000474974513]], [[0.0010000000474974513]], [[0.0010000000474974513]], [[0.0010000000474974513]], [[0.0010000000474974513]], [[0.0010000000474974513]], [[0.0010000000474974513]], [[0.0010000000474974513]], [[0.0010000000474974513]], [[0.032100677490234375]], [[3.5766379833221436]], [[3.670337200164795]], [[3.5564939975738525]], [[3.392329216003418]], [[3.248286247253418]], [[3.0499119758605957]], [[1.104699969291687]], [[1.0628738403320312]], [[0.9961878657341003]], [[0.9018911719322205]], [[0.8784149885177612]], [[0.7797642946243286]], [[0.7300834655761719]], [[0.6273531913757324]], [[0.5762816667556763]], [[0.5243033170700073]], [[0.41940486431121826]], [[0.313598096370697]], [[0.2603432834148407]], [[0.18098339438438416]], [[0.1281331479549408]], [[0.02098625898361206]], [[0.0010000000474974513]], [[0.0010000000474974513]], [[0.0010000000474974513]], [[0.0010000000474974513]], [[0.0010000000474974513]], [[0.0010000000474974513]], [[0.0010000000474974513]], [[0.0010000000474974513]], [[0.0010000000474974513]], [[0.0010000000474974513]], [[0.0010000000474974513]], [[0.0010000000474974513]], [[0.0010000000474974513]], [[0.0010000000474974513]], [[0.0010000000474974513]], [[0.03213238716125488]], [[0.4811437129974365]], [[1.1427878141403198]], [[1.3443267345428467]], [[1.661062479019165]], [[1.6451774835586548]], [[1.491722583770752]], [[1.3770549297332764]], [[0.6033599972724915]], [[0.49687832593917847]], [[0.4314199388027191]], [[0.3419820964336395]], [[0.2971332371234894]], [[0.2517520487308502]], [[0.1601478010416031]], [[0.09085103124380112]], [[0.02142009139060974]], [[0.0010000000474974513]], [[0.0010000000474974513]], [[0.0010000000474974513]], [[0.0010000000474974513]], [[0.0010000000474974513]], [[0.0010000000474974513]], [[0.0010000000474974513]], [[0.0010000000474974513]], [[0.0010000000474974513]], [[0.0010000000474974513]], [[0.0010000000474974513]], [[0.0010000000474974513]], [[0.0010000000474974513]], [[0.0010000000474974513]], [[0.0010000000474974513]], [[0.0010000000474974513]], [[0.0010000000474974513]], [[0.0010000000474974513]], [[0.3459702134132385]], [[0.7027412056922913]], [[0.9285532236099243]], [[1.1200748682022095]], [[1.1834008693695068]], [[1.169911503791809]], [[1.0944708585739136]], [[1.0144453048706055]], [[0.9391974806785583]], [[0.7920941114425659]], [[0.6332717537879944]], [[0.4915977120399475]], [[0.3468889892101288]], [[0.22499556839466095]], [[0.10238491743803024]], [[0.0010000000474974513]], [[0.0010000000474974513]], [[0.0010000000474974513]], [[0.35506001114845276]], [[0.24965086579322815]], [[0.16417908668518066]], [[0.013353019952774048]], [[0.0010000000474974513]], [[0.0010000000474974513]], [[0.0010000000474974513]], [[0.0010000000474974513]], [[0.0010000000474974513]], [[0.0010000000474974513]], [[0.0010000000474974513]], [[0.0010000000474974513]], [[0.0010000000474974513]], [[0.0010000000474974513]], [[0.0010000000474974513]], [[0.0010000000474974513]], [[0.0010000000474974513]], [[0.0010000000474974513]], [[0.139110267162323]], [[0.37759000062942505]], [[0.735022783279419]], [[0.9776449203491211]], [[1.0429997444152832]], [[1.1192116737365723]], [[1.1092848777770996]], [[1.0564266443252563]], [[0.9725912809371948]], [[0.8690288662910461]], [[0.7517074346542358]], [[0.6271839737892151]], [[0.541100025177002]], [[0.3635510206222534]], [[0.25094354152679443]], [[0.09248076379299164]], [[0.023487821221351624]], [[0.0010000000474974513]], [[0.0010000000474974513]], [[0.0010000000474974513]], [[0.0010000000474974513]], [[0.0010000000474974513]], [[0.0010000000474974513]], [[0.0010000000474974513]], [[0.0010000000474974513]], [[0.0010000000474974513]], [[0.0010000000474974513]], [[0.0010000000474974513]], [[0.0010000000474974513]], [[0.0010000000474974513]], [[0.0010000000474974513]], [[0.0010000000474974513]], [[0.3707396388053894]], [[0.7773237228393555]], [[1.1116282939910889]], [[1.248157024383545]], [[1.3111863136291504]], [[0.1057400032877922]], [[0.024540714919567108]], [[0.0010000000474974513]], [[0.0010000000474974513]], [[0.0010000000474974513]], [[0.0010000000474974513]], [[0.0010000000474974513]], [[0.0010000000474974513]], [[0.0010000000474974513]], [[0.0010000000474974513]], [[0.0010000000474974513]], [[0.0010000000474974513]], [[0.0010000000474974513]], [[0.0010000000474974513]], [[0.0010000000474974513]], [[0.0010000000474974513]], [[0.0010000000474974513]], [[0.15268832445144653]], [[0.5438848733901978]], [[0.9095590710639954]], [[1.1140013933181763]], [[1.2200344800949097]], [[1.2483994960784912]], [[1.2403132915496826]], [[1.1918870210647583]], [[1.098766803741455]], [[0.9992164969444275]], [[0.8701237440109253]], [[0.7728102207183838]], [[0.6327015161514282]], [[0.5712298154830933]], [[0.42797017097473145]], [[0.2836242914199829]], [[0.18011851608753204]], [[0.013978630304336548]], [[0.0010000000474974513]], [[0.0010000000474974513]], [[0.0010000000474974513]], [[0.0010000000474974513]], [[0.0010000000474974513]], [[0.0010000000474974513]], [[0.0010000000474974513]], [[0.0010000000474974513]], [[0.0010000000474974513]], [[0.0010000000474974513]], [[0.0010000000474974513]], [[0.0010000000474974513]], [[0.0010000000474974513]], [[0.0010000000474974513]], [[0.0010000000474974513]], [[0.0010000000474974513]], [[0.27914905548095703]], [[0.8767773509025574]], [[0.05844400078058243]], [[0.0010000000474974513]], [[0.0010000000474974513]], [[0.0010000000474974513]], [[0.0010000000474974513]], [[0.0010000000474974513]], [[0.0010000000474974513]], [[0.0010000000474974513]], [[0.0010000000474974513]], [[0.0010000000474974513]], [[0.0010000000474974513]], [[0.0010000000474974513]], [[0.0010000000474974513]], [[0.0010000000474974513]], [[0.0010000000474974513]], [[0.0010000000474974513]], [[0.0010000000474974513]], [[0.0010000000474974513]], [[0.10481327772140503]], [[0.586581289768219]], [[1.038495421409607]], [[1.180458903312683]], [[1.343346357345581]], [[1.453179955482483]], [[1.436978816986084]], [[1.378767728805542]], [[1.2955682277679443]], [[1.1976851224899292]], [[1.0920844078063965]], [[0.9639937877655029]], 