{"vc": [[-0.08274117857217789, -0.1555362045764923, 0.15556804835796356], [-0.17832697927951813, -2.399549722671509, 2.399491548538208], [-0.030716391280293465, -0.028848154470324516, 0.028803706169128418], [-0.04646116495132446, -0.13576820492744446, 0.13577909767627716], [-0.06424160301685333, -0.0011867608409374952, 0.0011687780497595668], [-0.05732342228293419, 0.03114384599030018, -0.03120298869907856], [-0.18500152230262756, 0.616671621799469, -0.6167731881141663], [0.0019379076547920704, 0.002886284841224551, -0.0029897841159254313], [0.05498398467898369, 0.05345844849944115, -0.053387854248285294], [-0.009023862890899181, 0.04267282038927078, -0.04267338663339615]], "true_y1": [[[0.4006600081920624]], [[0.016735941171646118]], [[-0.0027564484626054764]], [[0.003905355464667082]], [[0.08035922050476074]], [[0.20192468166351318]], [[0.24599052965641022]], [[0.4576433300971985]], [[0.6254149675369263]], [[0.8473098874092102]], [[1.0015864372253418]], [[1.096937656402588]], [[1.183963418006897]], [[1.2626992464065552]], [[1.420930027961731]], [[1.506603717803955]], [[1.5593618154525757]], [[1.5863375663757324]], [[1.5832785367965698]], [[1.5226969718933105]], [[1.4355567693710327]], [[1.3628987073898315]], [[1.2531445026397705]], [[1.2062809467315674]], [[1.1288002729415894]], [[1.057673692703247]], [[1.0292160511016846]], [[0.9670280814170837]], [[0.9183564782142639]], [[0.8806512355804443]], [[0.8253418803215027]], [[0.799751877784729]], [[0.7577667236328125]], [[0.7354422211647034]], [[0.6983226537704468]], [[0.6684681177139282]], [[0.640288770198822]], [[0.6178886890411377]], [[0.587958574295044]], [[0.5555709004402161]], [[0.5400150418281555]], [[1.0533000230789185]], [[0.7580095529556274]], [[0.6572542786598206]], [[0.5970027446746826]], [[0.608522891998291]], [[0.6411178708076477]], [[0.7147567868232727]], [[0.8360904455184937]], [[0.9317783117294312]], [[1.0562989711761475]], [[1.0844297409057617]], [[1.1395739316940308]], [[1.2742236852645874]], [[1.2915538549423218]], [[1.3492116928100586]], [[1.3703364133834839]], [[1.3931745290756226]], [[1.4087954759597778]], [[1.4061193466186523]], [[1.3319019079208374]], [[1.2999087572097778]], [[1.2303537130355835]], [[1.1774135828018188]], [[1.12550687789917]], [[1.0762090682983398]], [[1.037213921546936]], [[0.9931765794754028]], [[0.9588700532913208]], [[0.9143592715263367]], [[0.8793627023696899]], [[0.714302659034729]], [[0.6967192888259888]], [[0.6734206676483154]], [[0.6545377373695374]], [[0.6395661234855652]], [[0.6195250749588013]], [[1.104699969291687]], [[0.916213870048523]], [[0.7433982491493225]], [[0.6477698087692261]], [[0.6403151154518127]], [[0.6512141227722168]], [[0.6740027666091919]], [[0.7407485246658325]], [[0.779286801815033]], [[0.8199572563171387]], [[0.90183424949646]], [[0.9787172675132751]], [[1.0138890743255615]], [[1.0610406398773193]], [[1.08870530128479]], [[1.135356068611145]], [[1.1695032119750977]], [[1.2025940418243408]], [[1.2066147327423096]], [[1.2086138725280762]], [[1.2015933990478516]], [[1.165345549583435]], [[1.1351821422576904]], [[1.090464472770691]], [[1.0671967267990112]], [[1.0326282978057861]], [[0.9880090951919556]], [[0.961275577545166]], [[0.9306601285934448]], [[0.8974424600601196]], [[0.875298023223877]], [[0.8462130427360535]], [[0.8308125734329224]], [[0.8053498268127441]], [[0.7950547337532043]], [[0.7632737159729004]], [[0.7403517961502075]], [[0.7168837785720825]], [[0.7047953605651855]], [[0.6033599972724915]], [[0.320257306098938]], [[0.24503406882286072]], [[0.21081286668777466]], [[0.21370193362236023]], [[0.22630158066749573]], [[0.27306753396987915]], [[0.3212578594684601]], [[0.3762824535369873]], [[0.4352352023124695]], [[0.49590593576431274]], [[0.5563726425170898]], [[0.5957865715026855]], [[0.6713588833808899]], [[0.7235640287399292]], [[0.8013997673988342]], [[0.8980104327201843]], [[0.9334143400192261]], [[0.9608182907104492]], [[0.9848430752754211]], [[1.0022679567337036]], [[1.005397081375122]], [[0.9983635544776917]], [[0.9861178994178772]], [[0.9784882068634033]], [[0.9578547477722168]], [[0.9382244348526001]], [[0.9177725315093994]], [[0.8970267176628113]], [[0.8800044059753418]], [[0.8568332195281982]], [[0.8347517848014832]], [[0.81976717710495]], [[0.7997410893440247]], [[0.7864145040512085]], [[0.7761563062667847]], [[0.7592038512229919]], [[0.7435269355773926]], [[0.7310096025466919]], [[0.7192823886871338]], [[0.7100843787193298]], [[0.7013734579086304]], [[0.6883836984634399]], [[0.6793192028999329]], [[0.6708239912986755]], [[0.35506001114845276]], [[0.125759094953537]], [[0.03509221225976944]], [[-0.007659438997507095]], [[0.024380918592214584]], [[0.07950563728809357]], [[0.16423214972019196]], [[0.24278724193572998]], [[0.37213134765625]], [[0.43408632278442383]], [[0.5214616060256958]], [[0.6099867820739746]], [[0.6917770504951477]], [[0.7167646288871765]], [[0.7520109415054321]], [[0.7796711325645447]], [[0.8127516508102417]], [[0.8247285485267639]], [[0.8307398557662964]], [[0.8310713768005371]], [[0.8274586200714111]], [[0.8198445439338684]], [[0.8156957030296326]], [[0.802827775478363]], [[0.7938389778137207]], [[0.7825632095336914]], [[0.7710260152816772]], [[0.7595409750938416]], [[0.7481514811515808]], [[0.7371581196784973]], [[0.7300316691398621]], [[0.7162904143333435]], [[0.7081480622291565]], [[0.6973523497581482]], [[0.692876935005188]], [[0.6803228855133057]], [[0.6737775206565857]], [[0.6676076054573059]], [[0.6628369688987732]], [[0.6507429480552673]], [[0.6466952562332153]], [[0.6418331861495972]], [[0.6354420781135559]], [[0.6303139328956604]], [[0.6262617707252502]], [[0.6224436163902283]], [[0.6166811585426331]], [[0.6120244860649109]], [[0.6076709032058716]], [[0.6058968305587769]], [[0.602515697479248]], [[0.5993155837059021]], [[0.5958126187324524]], [[0.5934500694274902]], [[0.5911914706230164]], [[0.1057400032877922]], [[-0.026691891252994537]], [[-0.18735280632972717]], [[-0.21962063014507294]], [[-0.23961856961250305]], [[-0.22988446056842804]], [[-0.2096373736858368]], [[-0.1813766360282898]], [[-0.12458419054746628]], [[-0.08408315479755402]], [[-0.032154638320207596]], [[0.01296849176287651]], [[0.07702504098415375]], [[0.1312357783317566]], [[0.18394243717193604]], [[0.25042426586151123]], [[0.2888253927230835]], [[0.32481348514556885]], [[0.3642118573188782]], [[0.4047397971153259]], [[0.43493378162384033]], [[0.46085938811302185]], [[0.48302319645881653]], [[0.4926351010799408]], [[0.5094050765037537]], [[0.5249090790748596]], [[0.5352427959442139]], [[0.5442571640014648]], [[0.5489756464958191]], [[0.5535461902618408]], [[0.5548887252807617]], [[0.5567601919174194]], [[0.5571991205215454]], [[0.5568065047264099]], [[0.5552179217338562]], [[0.5540823340415955]], [[0.5520370602607727]], [[0.5496817827224731]], [[0.5466545820236206]], [[0.5439055562019348]], [[0.5420186519622803]], [[0.5372390747070312]], [[0.5348405838012695]], [[0.5301380753517151]], [[0.5296766757965088]], [[0.5265004634857178]], [[0.5217233300209045]], [[0.5204753875732422]], [[0.5172728896141052]], [[0.5149868130683899]], [[0.5131505727767944]], [[0.511391818523407]], [[0.5087211728096008]], [[0.05844400078058243]], [[-0.07413937896490097]], [[-0.12356115877628326]], [[-0.2073357105255127]], [[-0.26440101861953735]], [[-0.28552180528640747]], [[-0.30011555552482605]], [[-0.3047322928905487]], [[-0.3039027452468872]], [[-0.29961419105529785]], [[-0.2876829504966736]], [[-0.2787650227546692]], [[-0.2542198896408081]], [[-0.24501198530197144]], [[-0.2178190052509308]], [[-0.199543759226799]], [[-0.17647530138492584]], [[-0.13171251118183136]], [[-0.10649081319570541]], [[-0.08092397451400757]], [[-0.05103211849927902]], [[-0.038161616772413254]], [[-0.017047621309757233]], [[0.020372599363327026]], [[0.04451065883040428]], [[0.06791093945503235]], [[0.0903649628162384]], [[0.11187253892421722]], [[0.1322467029094696]], [[0.15454834699630737]], [[0.1635989099740982]], [[0.18630528450012207]], 