{"vc": [[-0.13412413001060486, 0.0, 0.0], [0.0, -0.1711796522140503, 0.17111879587173462], [-0.06492956727743149, 0.3425472378730774, -0.3427891135215759], [-0.23864836990833282, 0.0, 0.0], [0.0, 0.0, 0.0], [0.0, 0.0, 0.0], [0.0, 0.038225457072257996, -0.03797931596636772], [0.0, 0.0, 0.0], [0.0, 0.0, 0.0], [0.2699439227581024, 0.0, 0.0]], "true_y1": [[[0.4006600081920624]], [[14.024459838867188]], [[16.5045108795166]], [[23.676563262939453]], [[29.945724487304688]], [[35.354713439941406]], [[36.85122299194336]], [[42.36921691894531]], [[45.550697326660156]], [[48.79764938354492]], [[50.60430145263672]], [[51.580604553222656]], [[52.394248962402344]], [[53.07600784301758]], [[54.32674789428711]], [[54.97311019897461]], [[55.40408706665039]], [[55.733638763427734]], [[55.88079833984375]], [[55.98059844970703]], [[55.9109992980957]], [[55.8045539855957]], [[55.59254837036133]], [[55.484867095947266]], [[55.28337478637695]], [[55.069725036621094]], [[54.975555419921875]], [[54.75013732910156]], [[54.55252456665039]], [[54.3848762512207]], [[54.112884521484375]], [[53.975406646728516]], [[53.73218536376953]], [[53.593257904052734]], [[53.34637451171875]], [[53.13254928588867]], [[52.91755294799805]], [[52.73719024658203]], [[52.4827766418457]], [[52.1899299621582]], [[52.04279327392578]], [[1.0533000230789185]], [[6.5798234939575195]], [[10.145363807678223]], [[15.271827697753906]], [[19.96796417236328]], [[22.81095314025879]], [[26.733699798583984]], [[31.148788452148438]], [[33.87651824951172]], [[36.8805046081543]], [[37.498291015625]], [[38.659828186035156]], [[41.308650970458984]], [[41.6416130065918]], [[42.778472900390625]], [[43.2293586730957]], [[43.78645706176758]], [[44.347694396972656]], [[44.893123626708984]], [[45.3491325378418]], [[45.37148666381836]], [[45.32233810424805]], [[45.22922134399414]], [[45.103492736816406]], [[44.95582962036133]], [[44.81983184814453]], [[44.6450080871582]], [[44.492061614990234]], [[44.269474029541016]], [[44.07308578491211]], [[42.822265625]], [[42.64249038696289]], [[42.389129638671875]], [[42.170108795166016]], [[41.987144470214844]], [[41.72856140136719]], [[1.104699969291687]], [[3.790153980255127]], [[7.763477325439453]], [[12.806295394897461]], [[13.963327407836914]], [[18.4167423248291]], [[20.418319702148438]], [[24.07451820373535]], [[25.66399574279785]], [[27.13677978515625]], [[29.699722290039062]], [[31.793621063232422]], [[32.68480682373047]], [[33.83628463745117]], [[34.49826431274414]], [[35.61895751953125]], [[36.48713684082031]], [[37.55377960205078]], [[37.7750358581543]], [[38.13288879394531]], [[38.44890213012695]], [[38.774166107177734]], [[38.8369140625]], [[38.822513580322266]], [[38.78470230102539]], [[38.70071792602539]], [[38.550750732421875]], [[38.44013214111328]], [[38.29435729980469]], [[38.11195373535156]], [[37.975196838378906]], [[37.77518081665039]], [[37.658958435058594]], [[37.44929885864258]], [[37.35776901245117]], [[37.04740524291992]], [[36.79391098022461]], [[36.50418472290039]], [[36.3414421081543]], [[0.6033599972724915]], [[6.449511528015137]], [[9.791130065917969]], [[14.006118774414062]], [[15.957724571228027]], [[17.818952560424805]], [[21.22607421875]], [[23.497987747192383]], [[25.522003173828125]], [[27.3104248046875]], [[28.88107681274414]], [[30.24930191040039]], [[31.057497024536133]], [[32.45869827270508]], [[33.33244705200195]], [[34.522186279296875]], [[35.8653678894043]], [[36.341575622558594]], [[36.71928787231445]], [[37.079856872558594]], [[37.42595291137695]], [[37.58852767944336]], [[37.743919372558594]], [[37.797428131103516]], [[37.80866622924805]], [[37.80376434326172]], [[37.771873474121094]], [[37.720455169677734]], [[37.65327835083008]], [[37.588035583496094]], [[37.485023498535156]], [[37.37117004394531]], [[37.284568786621094]], [[37.15585708618164]], [[37.06111145019531]], [[36.98270034790039]], [[36.841495513916016]], [[36.696327209472656]], [[36.56885528564453]], [[36.43879318237305]], [[36.328678131103516]], [[36.217063903808594]], [[36.03566360473633]], [[35.89702606201172]], [[35.756832122802734]], [[0.35506001114845276]], [[5.054500579833984]], [[8.684927940368652]], [[14.538243293762207]], [[18.866018295288086]], [[21.99294090270996]], [[25.09080696105957]], [[27.19110870361328]], [[29.7957706451416]], [[30.795482635498047]], [[32.012516021728516]], [[33.0686149597168]], [[33.92915344238281]], [[34.176780700683594]], [[34.52009963989258]], [[34.79108810424805]], [[35.14118957519531]], [[35.29957962036133]], [[35.42925262451172]], [[35.48241424560547]], [[35.5455436706543]], [[35.579158782958984]], [[35.586212158203125]], [[35.58770751953125]], [[35.57792663574219]], [[35.557403564453125]], [[35.52882766723633]], [[35.493751525878906]], [[35.45281219482422]], [[35.407501220703125]], [[35.3749885559082]], [[35.30487823486328]], [[35.25834274291992]], [[35.19025802612305]], [[35.15969467163086]], [[35.065711975097656]], [[35.01130294799805]], [[34.956146240234375]], [[34.91065979003906]], [[34.7825813293457]], [[34.73502731323242]], [[34.67432403564453]], [[34.587860107421875]], [[34.51225662231445]], [[34.44805908203125]], [[34.3835334777832]], [[34.27774429321289]], [[34.18376159667969]], [[34.087890625]], [[34.046329498291016]], [[33.96265411376953]], [[33.877479553222656]], [[33.776668548583984]], [[33.70362854003906]], [[33.62953567504883]], [[0.1057400032877922]], [[2.4997572898864746]], [[7.733741760253906]], [[9.921749114990234]], [[12.995243072509766]], [[16.646608352661133]], [[18.620317459106445]], [[20.393280029296875]], [[22.791200637817383]], [[24.04224967956543]], [[25.327327728271484]], [[26.243526458740234]], [[27.319732666015625]], [[28.07984161376953]], [[28.720767974853516]], [[29.42608070373535]], [[29.793859481811523]], [[30.1188907623291]], [[30.458890914916992]], [[30.79888916015625]], [[31.051956176757812]], [[31.27474594116211]], [[31.47502326965332]], [[31.566770553588867]], [[31.738525390625]], [[31.919445037841797]], [[32.06220245361328]], [[32.21639633178711]], [[32.3199462890625]], [[32.45732498168945]], [[32.514469146728516]], [[32.642303466796875]], [[32.765464782714844]], [[32.85123825073242]], [[32.985694885253906]], [[33.051292419433594]], [[33.14915084838867]], [[33.24612808227539]], [[33.35866928100586]], [[33.45476531982422]], [[33.51895523071289]], [[33.67930221557617]], [[33.76011657714844]], [[33.922279357910156]], [[33.93857955932617]], [[34.053314208984375]], [[34.23637008666992]], [[34.286781311035156]], [[34.42216110229492]], [[34.52491760253906]], [[34.61175537109375]], [[34.699005126953125]], [[34.840240478515625]], [[0.05844400078058243]], [[2.1512603759765625]], [[3.187312126159668]], [[5.560114860534668]], [[8.159189224243164]], [[9.705403327941895]], [[11.462933540344238]], [[12.569382667541504]], [[14.860635757446289]], [[15.793941497802734]], [[17.295684814453125]], [[18.08281898498535]], [[19.681060791015625]], [[20.157644271850586]], [[21.337146759033203]], [[21.99510955810547]], [[22.71841812133789]], [[23.884078979492188]], [[24.443361282348633]], [[24.958852767944336]], [[25.511089324951172]], [[25.73554039001465]], [[26.089879989624023]], [[26.68573760986328]], [[27.055551528930664]], [[27.40843391418457]], [[27.745885848999023]], [[28.071897506713867]], [[28.387006759643555]], [[28.74397087097168]], [[28.893903732299805]], [[29.287975311279297]], [[29.625194549560547]], [[29.8640193939209]], [[30.148479461669922]], [[30.384748458862305]], [[30.666507720947266]], [[30.995943069458008]], [[31.278779983520508]], [[31.56108283996582]], [[31.798330307006836]], [[32.13165283203125]], [[32.661155700683594]], [[32.953426361083984]], [[33.24712371826172]], [[33.64323425292969]], [[33.794044494628906]], [[34.09569549560547]], [[34.401206970214844]], [[34.812255859375]], [[34.96812057495117]], [[35.334930419921875]]]}