{"vc": [[-0.05412093922495842, 0.0, 0.0], [0.0, -1.4253565073013306, 1.4263771772384644], [-0.010409482754766941, 0.08263986557722092, -0.08226758241653442], [-0.1931278109550476, 0.0, 0.0], [0.0, 0.0, 0.0], [0.0, 0.0, 0.0], [0.0, 0.5680065155029297, -0.5677154660224915], [0.0, 0.0, 0.0], [0.0, 0.0, 0.0], [0.03283464163541794, 0.0, 0.0]], "true_y1": [[[0.4006600081920624]], [[1.5579341650009155]], [[1.7532315254211426]], [[2.2821476459503174]], [[2.693366050720215]], [[3.002418041229248]], [[3.079360008239746]], [[3.3252317905426025]], [[3.434257745742798]], [[3.511319160461426]], [[3.5326969623565674]], [[3.5348427295684814]], [[3.5296196937561035]], [[3.518608331680298]], [[3.473116636276245]], [[3.4253273010253906]], [[3.3719935417175293]], [[3.301220417022705]], [[3.243323802947998]], [[3.1115055084228516]], [[2.99538254737854]], [[2.9097092151641846]], [[2.7827625274658203]], [[2.7269554138183594]], [[2.6303389072418213]], [[2.534858226776123]], [[2.494335651397705]], [[2.4002065658569336]], [[2.3203284740448]], [[2.2541158199310303]], [[2.1492321491241455]], [[2.097276210784912]], [[2.0069289207458496]], [[1.9561762809753418]], [[1.8674471378326416]], [[1.7920777797698975]], [[1.7176673412322998]], [[1.656308650970459]], [[1.5714337825775146]], [[1.4762334823608398]], [[1.4294437170028687]], [[1.0533000230789185]], [[1.4799469709396362]], [[1.729304313659668]], [[2.0500075817108154]], [[2.3029603958129883]], [[2.4363462924957275]], [[2.5946829319000244]], [[2.734194755554199]], [[2.796943426132202]], [[2.840362548828125]], [[2.8451974391937256]], [[2.8496124744415283]], [[2.828770160675049]], [[2.8218209743499756]], [[2.7863149642944336]], [[2.765244960784912]], [[2.7306101322174072]], [[2.680248975753784]], [[2.5999202728271484]], [[2.418397903442383]], [[2.3626480102539062]], [[2.251328945159912]], [[2.1692028045654297]], [[2.0877480506896973]], [[2.0077972412109375]], [[1.9418156147003174]], [[1.8634653091430664]], [[1.7989763021469116]], [[1.7098909616470337]], [[1.6348330974578857]], [[1.2065476179122925]], [[1.1505802869796753]], [[1.0740071535110474]], [[1.0100258588790894]], [[0.9582001566886902]], [[0.8875834345817566]], [[1.104699969291687]], [[1.296492576599121]], [[1.5531001091003418]], [[1.8308700323104858]], [[1.8869277238845825]], [[2.0754570960998535]], [[2.145773410797119]], [[2.2497870922088623]], [[2.284426689147949]], [[2.3102023601531982]], [[2.338545322418213]], [[2.342564582824707]], [[2.337533712387085]], [[2.323253631591797]], [[2.3100593090057373]], [[2.2763476371765137]], [[2.2358858585357666]], [[2.1544737815856934]], [[2.1296610832214355]], [[2.0785129070281982]], [[2.012896776199341]], [[1.8791671991348267]], [[1.7989164590835571]], [[1.6928632259368896]], [[1.6399754285812378]], [[1.5619739294052124]], [[1.4597434997558594]], [[1.3965153694152832]], [[1.3214218616485596]], [[1.2357970476150513]], [[1.175812005996704]], [[1.0928903818130493]], [[1.0468575954437256]], [[0.9671791791915894]], [[0.9336192011833191]], [[0.8248400688171387]], [[0.741417646408081]], [[0.65191650390625]], [[0.6044293642044067]], [[0.6033599972724915]], [[0.9911936521530151]], [[1.1903282403945923]], [[1.4150933027267456]], [[1.5083746910095215]], [[1.5905145406723022]], [[1.722257137298584]], [[1.7953087091445923]], [[1.8489757776260376]], [[1.886034607887268]], [[1.9090633392333984]], [[1.920295238494873]], [[1.9222354888916016]], [[1.9151097536087036]], [[1.901953101158142]], [[1.8684792518615723]], [[1.7944233417510986]], [[1.7512210607528687]], [[1.705296516418457]], [[1.6452833414077759]], [[1.5582897663116455]], [[1.4949533939361572]], [[1.3923285007476807]], [[1.3152551651000977]], [[1.2771389484405518]], [[1.1883615255355835]], [[1.1130080223083496]], [[1.038572072982788]], [[0.9647368788719177]], [[0.9042919874191284]], [[0.8210426568984985]], [[0.739666759967804]], [[0.6828634738922119]], [[0.6045153141021729]], [[0.5506443977355957]], [[0.5081705451011658]], [[0.4360311031341553]], [[0.36727088689804077]], [[0.31120824813842773]], [[0.2581290602684021]], [[0.21649138629436493]], [[0.17746344208717346]], [[0.12117797136306763]], [[0.08448925614356995]], [[0.05336412042379379]], [[0.35506001114845276]], [[0.6448098421096802]], [[0.8514728546142578]], [[1.1450806856155396]], [[1.3236281871795654]], [[1.4270099401474]], [[1.5020734071731567]], [[1.5322916507720947]], [[1.5351248979568481]], [[1.5208712816238403]], [[1.4850819110870361]], [[1.4279367923736572]], [[1.3487505912780762]], [[1.316643476486206]], [[1.2608692646026611]], [[1.2030439376831055]], [[1.0952906608581543]], [[1.0222126245498657]], [[0.9362534284591675]], [[0.886766791343689]], [[0.8009328842163086]], [[0.7154005169868469]], [[0.6790418028831482]], [[0.5829302668571472]], [[0.5233049988746643]], [[0.452778160572052]], [[0.38329750299453735]], [[0.31544098258018494]], [[0.24860522150993347]], [[0.18403923511505127]], [[0.14202472567558289]], [[0.06058040261268616]], [[0.012149844318628311]], [[0.0010000000474974513]], [[0.0010000000474974513]], [[0.0010000000474974513]], [[0.0010000000474974513]], [[0.0010000000474974513]], [[0.0010000000474974513]], [[0.0010000000474974513]], [[0.0010000000474974513]], [[0.0010000000474974513]], [[0.0010000000474974513]], [[0.0010000000474974513]], [[0.0010000000474974513]], [[0.0010000000474974513]], [[0.0010000000474974513]], [[0.0010000000474974513]], [[0.09213107824325562]], [[0.14464148879051208]], [[0.2553129196166992]], [[0.3714442253112793]], [[0.5078787803649902]], [[0.6027231216430664]], [[0.6932148933410645]], [[0.1057400032877922]], [[0.21912340819835663]], [[0.454464852809906]], [[0.54555344581604]], [[0.6635327339172363]], [[0.7837877869606018]], [[0.8367604613304138]], [[0.874740719795227]], [[0.9065537452697754]], [[0.9108914136886597]], [[0.9029694199562073]], [[0.8870339393615723]], [[0.8530879020690918]], [[0.8153793811798096]], [[0.7712168097496033]], [[0.7043257355690002]], [[0.6591356992721558]], [[0.6114708185195923]], [[0.5519216656684875]], [[0.47991520166397095]], [[0.41625359654426575]], [[0.35158878564834595]], [[0.2854120135307312]], [[0.2522548735141754]], [[0.18493279814720154]], [[0.10606641322374344]], [[0.037733860313892365]], [[0.0010000000474974513]], [[0.0010000000474974513]], [[0.0010000000474974513]], [[0.0010000000474974513]], [[0.0010000000474974513]], [[0.0010000000474974513]], [[0.0010000000474974513]], [[0.0010000000474974513]], [[0.0010000000474974513]], [[0.0010000000474974513]], [[0.0010000000474974513]], [[0.0010000000474974513]], [[0.0010000000474974513]], [[0.0010000000474974513]], [[0.0010000000474974513]], [[0.0010000000474974513]], [[0.0010000000474974513]], [[0.0010000000474974513]], [[0.0010000000474974513]], [[0.0010000000474974513]], [[0.0010000000474974513]], [[0.0010000000474974513]], [[0.0010000000474974513]], [[0.0010000000474974513]], [[0.0010000000474974513]], [[0.0010000000474974513]], [[0.05844400078058243]], [[0.1047748476266861]], [[0.127064511179924]], [[0.17603793740272522]], [[0.2254454791545868]], [[0.25213423371315]], [[0.27936673164367676]], [[0.2944646179676056]], [[0.3193169832229614]], [[0.32634973526000977]], [[0.3327912390232086]], [[0.33324944972991943]], [[0.32621559500694275]], [[0.3215998411178589]], [[0.30386584997177124]], [[0.2893035411834717]], [[0.2685803472995758]], [[0.22243382036685944]], [[0.19354376196861267]], [[0.1623673439025879]], [[0.1236087828874588]], [[0.10616066306829453]], [[0.07653039693832397]], [[0.02080228179693222]], [[0.0010000000474974513]], [[0.0010000000474974513]], [[0.0010000000474974513]], [[0.0010000000474974513]], [[0.0010000000474974513]], [[0.0010000000474974513]], [[0.0010000000474974513]], [[0.0010000000474974513]], [[0.0010000000474974513]], [[0.0010000000474974513]], [[0.0010000000474974513]], [[0.0010000000474974513]], [[0.0010000000474974513]], [[0.0010000000474974513]], [[0.0010000000474974513]], [[0.0010000000474974513]], [[0.0010000000474974513]], [[0.0010000000474974513]], [[0.0010000000474974513]], 