{"vc": [[-0.03324655815958977, 0.0, 0.0], [0.0, -0.03857051581144333, 0.0388554111123085], [0.018268674612045288, 0.2504902780056, -0.24987563490867615], [0.12103332579135895, 0.0, 0.0], [0.0, 0.0, 0.0], [0.0, 0.0, 0.0], [0.0, 0.010671336203813553, -0.010700349695980549], [0.0, 0.0, 0.0], [0.0, 0.0, 0.0], [0.8000209927558899, 0.0, 0.0]], "true_y1": [[[0.4006600081920624]], [[43.23735809326172]], [[51.09366226196289]], [[73.98452758789062]], [[94.27841186523438]], [[112.09172821044922]], [[117.08436584472656]], [[135.81259155273438]], [[146.91384887695312]], [[158.5915985107422]], [[165.3193359375]], [[169.0582733154297]], [[172.2521514892578]], [[175.0024871826172]], [[180.33309936523438]], [[183.36392211914062]], [[185.63198852539062]], [[187.71641540527344]], [[188.95809936523438]], [[190.90980529785156]], [[192.0596923828125]], [[192.71832275390625]], [[193.51904296875]], [[193.82760620117188]], [[194.32098388671875]], [[194.77362060546875]], [[194.95849609375]], [[195.3766326904297]], [[195.7230224609375]], [[196.00665283203125]], [[196.45281982421875]], [[196.67347717285156]], [[197.0580596923828]], [[197.2751007080078]], [[197.65719604492188]], [[197.98516845703125]], [[198.312744140625]], [[198.58615112304688]], [[198.9700164794922]], [[199.40965270996094]], [[199.62977600097656]], [[1.0533000230789185]], [[18.661428451538086]], [[30.097444534301758]], [[46.67808532714844]], [[62.05052947998047]], [[71.4644775390625]], [[84.62047576904297]], [[99.72396850585938]], [[109.26388549804688]], [[120.0274658203125]], [[122.28459167480469]], [[126.5798568725586]], [[136.72390747070312]], [[138.04856872558594]], [[142.70729064941406]], [[144.63572692871094]], [[147.11810302734375]], [[149.79876708984375]], [[152.77130126953125]], [[156.61581420898438]], [[157.36746215820312]], [[158.53607177734375]], [[159.20252990722656]], [[159.75376892089844]], [[160.21929931640625]], [[160.56239318847656]], [[160.934326171875]], [[161.2188262939453]], [[161.58871459960938]], [[161.88560485839844]], [[163.4846649169922]], [[163.69924926757812]], [[163.9973907470703]], [[164.25204467773438]], [[164.46311950683594]], [[164.75949096679688]], [[1.104699969291687]], [[9.760183334350586]], [[22.646778106689453]], [[39.173274993896484]], [[42.99757766723633]], [[57.8553581237793]], [[64.61637878417969]], [[77.13310241699219]], [[82.65536499023438]], [[87.82530212402344]], [[96.97111511230469]], [[104.62762451171875]], [[107.95423126220703]], [[112.33271789550781]], [[114.90190887451172]], [[119.37123107910156]], [[122.98572540283203]], [[127.76576232910156]], [[128.8427734375]], [[130.70457458496094]], [[132.57301330566406]], [[135.23252868652344]], [[136.35870361328125]], [[137.5111083984375]], [[137.98316955566406]], [[138.58848571777344]], [[139.25970458984375]], [[139.62405395507812]], [[140.019775390625]], [[140.43429565429688]], [[140.7074737548828]], [[141.0685272216797]], [[141.26295471191406]], [[141.5930633544922]], [[141.73062133789062]], [[142.17543029785156]], [[142.5207061767578]], [[142.90203857421875]], [[143.11172485351562]], [[0.6033599972724915]], [[19.5692138671875]], [[30.483070373535156]], [[44.35137939453125]], [[50.82004165649414]], [[57.022586822509766]], [[68.47760009765625]], [[76.20430755615234]], [[83.16260528564453]], [[89.38328552246094]], [[94.91631317138672]], [[99.80339050292969]], [[102.7266845703125]], [[107.87818145751953]], [[111.1606216430664]], [[115.75717163085938]], [[121.24774169921875]], [[123.33775329589844]], [[125.09601593017578]], [[126.91624450683594]], [[128.9261932373047]], [[130.07521057128906]], [[131.56480407714844]], [[132.47152709960938]], [[132.87051391601562]], [[133.7027130126953]], [[134.32656860351562]], [[134.8880157470703]], [[135.4046173095703]], [[135.8050079345703]], [[136.33233642578125]], [[136.82948303222656]], [[137.17010498046875]], [[137.63641357421875]], [[137.9575958251953]], [[138.21273803710938]], [[138.65335083007812]], [[139.08702087402344]], [[139.45565795898438]], [[139.82266235351562]], [[140.12754821777344]], [[140.43206787109375]], [[140.91903686523438]], [[141.28575134277344]], [[141.6526336669922]], [[0.35506001114845276]], [[15.72686767578125]], [[27.65552520751953]], [[47.0286750793457]], [[61.512168884277344]], [[72.0992431640625]], [[82.73291778564453]], [[90.05972290039062]], [[99.35331726074219]], [[103.01519775390625]], [[107.5903549194336]], [[111.73077392578125]], [[115.3244857788086]], [[116.4232406616211]], [[118.02662658691406]], [[119.39226531982422]], [[121.4028549194336]], [[122.49859619140625]], [[123.60074615478516]], [[124.16634368896484]], [[125.0575942993164]], [[125.85968017578125]], [[126.18069458007812]], [[126.98609924316406]], [[127.46161651611328]], [[128.00741577148438]], [[128.53321838378906]], [[129.04055786132812]], [[129.53904724121094]], [[130.02395629882812]], [[130.3435516357422]], [[130.9788818359375]], [[131.37156677246094]], [[131.91680908203125]], [[132.1526641845703]], [[132.85171508789062]], [[133.24200439453125]], [[133.62911987304688]], [[133.94285583496094]], [[134.80450439453125]], [[135.1175994873047]], [[135.51278686523438]], [[136.0679931640625]], [[136.54698181152344]], [[136.94947814941406]], [[137.35044860839844]], [[138.00082397460938]], [[138.5719757080078]], [[139.14871215820312]], [[139.39700317382812]], [[139.8938751220703]], [[140.3956756591797]], [[140.98472595214844]], [[141.40834045410156]], [[141.83544921875]], [[0.1057400032877922]], [[8.119773864746094]], [[25.66130256652832]], [[33.00238037109375]], [[43.32471466064453]], [[55.612159729003906]], [[62.27219772338867]], [[68.27237701416016]], [[76.42965698242188]], [[80.71568298339844]], [[85.15254974365234]], [[88.34674072265625]], [[92.14828491210938]], [[94.88097381591797]], [[97.23078155517578]], [[99.88777160644531]], [[101.31509399414062]], [[102.60903930664062]], [[104.00452423095703]], [[105.45551300048828]], [[106.58160400390625]], [[107.61346435546875]], [[108.57971954345703]], [[109.03627014160156]], [[109.91714477539062]], [[110.885498046875]], [[111.68145751953125]], [[112.57452392578125]], [[113.1941146850586]], [[114.04060363769531]], [[114.40071105957031]], [[115.22252655029297]], [[116.03404998779297]], [[116.60953521728516]], [[117.5265121459961]], [[117.97960662841797]], [[118.66138458251953]], [[119.34282684326172]], [[120.13933563232422]], [[120.82306671142578]], [[121.2811279296875]], [[122.42826843261719]], [[123.00718688964844]], [[124.1685791015625]], [[124.28524017333984]], [[125.10550689697266]], [[126.41016387939453]], [[126.76837158203125]], [[127.72756958007812]], [[128.4527587890625]], [[129.06353759765625]], [[129.6752166748047]], [[130.66098022460938]], [[0.05844400078058243]], [[7.34251070022583]], [[10.94723892211914]], [[19.190391540527344]], [[28.184040069580078]], [[33.508819580078125]], [[39.53193283081055]], [[43.30537796020508]], [[51.06816864013672]], [[54.208656311035156]], [[59.23394775390625]], [[61.853858947753906]], [[67.14384460449219]], [[68.7138671875]], [[72.58627319335938]], [[74.73926544189453]], [[77.10154724121094]], [[80.90299987792969]], [[82.7269515991211]], [[84.4096450805664]], [[86.21526336669922]], [[86.95033264160156]], [[88.11245727539062]], [[90.07200622558594]], [[91.29180145263672]], [[92.45834350585938]], [[93.57608032226562]], [[94.6576919555664]], [[95.70441436767578]], [[96.89112091064453]], [[97.38969421386719]], [[98.69989013671875]], [[99.82014465332031]], [[100.61260223388672]], [[101.55510711669922]], [[102.3365478515625]], [[103.26651000976562]], [[104.35079193115234]], [[105.27880859375]], [[106.20220184326172]], [[106.97589111328125]], [[108.05915832519531]], [[109.770751953125]], [[110.7105712890625]], [[111.65143585205078]], [[112.91481018066406]], [[113.39414978027344]], [[114.35020446777344]], [[115.31484985351562]], [[116.60710906982422]], [[117.09546661376953]], [[118.24127960205078]]]}