{"vc": [[-0.19442640244960785, -0.1534770429134369, 0.15358178317546844], [-0.2861989736557007, -2.4210045337677, 2.4209349155426025], [-0.06701194494962692, -0.009840669110417366, 0.009846587665379047], [-0.10390402376651764, -0.22215783596038818, 0.2221774309873581], [-0.11176638305187225, -0.012827305123209953, 0.012750538066029549], [-0.09842073172330856, 0.06388135254383087, -0.06395313143730164], [-0.2306750863790512, 0.45125246047973633, -0.4513872563838959], [0.001515776733867824, -0.0009413092629984021, 0.0009128028759732842], [0.09455904364585876, 0.06646798551082611, -0.06652457267045975], [-0.00828246958553791, 0.05131576210260391, -0.051356688141822815]], "true_y1": [[[0.4006600081920624]], [[0.07057034969329834]], [[0.08268161863088608]], [[0.20464572310447693]], [[0.403812974691391]], [[0.6415701508522034]], [[0.7184227705001831]], [[1.0456290245056152]], [[1.266218900680542]], [[1.5114378929138184]], [[1.6500394344329834]], [[1.721257209777832]], [[1.7752554416656494]], [[1.813529372215271]], [[1.8482944965362549]], [[1.8256990909576416]], [[1.7715508937835693]], [[1.6754614114761353]], [[1.586498498916626]], [[1.3744709491729736]], [[1.197874665260315]], [[1.079614520072937]], [[0.9258084297180176]], [[0.866393506526947]], [[0.7744140625]], [[0.6958491802215576]], [[0.6658326387405396]], [[0.6028909087181091]], [[0.5561079978942871]], [[0.5213584303855896]], [[0.4727971851825714]], [[0.4513356685638428]], [[0.41757237911224365]], [[0.40038472414016724]], [[0.3730446696281433]], [[0.35223203897476196]], [[0.333597332239151]], [[0.31951165199279785]], [[0.30173102021217346]], [[0.2838706076145172]], [[0.2758128345012665]], [[1.0533000230789185]], [[0.7506746053695679]], [[0.6769489645957947]], [[0.6806681752204895]], [[0.7655782699584961]], [[0.8456777334213257]], [[0.9845141768455505]], [[1.1713474988937378]], [[1.2973381280899048]], [[1.4374037981033325]], [[1.4651803970336914]], [[1.51500403881073]], [[1.6034560203552246]], [[1.610029697418213]], [[1.6174664497375488]], [[1.6109462976455688]], [[1.5906857252120972]], [[1.5480821132659912]], [[1.462539792060852]], [[1.2417364120483398]], [[1.1765470504760742]], [[1.0527307987213135]], [[0.9687091112136841]], [[0.8921211361885071]], [[0.8235161304473877]], [[0.7716236710548401]], [[0.7152113318443298]], [[0.6727189421653748]], [[0.6193346977233887]], [[0.5786769390106201]], [[0.40092599391937256]], [[0.3844197690486908]], [[0.36280369758605957]], [[0.34562358260154724]], [[0.332277774810791]], [[0.31485775113105774]], [[1.104699969291687]], [[0.8968631029129028]], [[0.7334325909614563]], [[0.6879346370697021]], [[0.6955654621124268]], [[0.7710286378860474]], [[0.8242394328117371]], [[0.9445838928222656]], [[1.0041130781173706]], [[1.061995267868042]], [[1.165885090827942]], [[1.2488905191421509]], [[1.2817540168762207]], [[1.3197603225708008]], [[1.3380969762802124]], [[1.3596054315567017]], [[1.362822413444519]], [[1.3347004652023315]], [[1.320831060409546]], [[1.287393569946289]], [[1.2381213903427124]], [[1.1275882720947266]], [[1.0606039762496948]], [[0.9749822616577148]], [[0.9342660307884216]], [[0.8770435452461243]], [[0.8074790835380554]], [[0.7675750851631165]], [[0.7231670618057251]], [[0.6762697100639343]], [[0.6456266045570374]], [[0.6060104370117188]], [[0.5852863788604736]], [[0.5513517260551453]], [[0.5377363562583923]], [[0.4960366189479828]], [[0.4662383794784546]], [[0.43594294786453247]], [[0.42041730880737305]], [[0.6033599972724915]], [[0.2925487756729126]], [[0.23648923635482788]], [[0.24706260859966278]], [[0.2759312689304352]], [[0.3154488205909729]], [[0.4149428606033325]], [[0.4991331696510315]], [[0.5853303074836731]], [[0.669757068157196]], [[0.7497682571411133]], [[0.8232863545417786]], [[0.8679766058921814]], [[0.9464061856269836]], [[0.9946550130844116]], [[1.0561633110046387]], [[1.1087766885757446]], [[1.1174694299697876]], [[1.1167504787445068]], [[1.1052560806274414]], [[1.0748226642608643]], [[1.0463051795959473]], [[0.9938917756080627]], [[0.95222407579422]], [[0.9314102530479431]], [[0.8832396864891052]], [[0.8433476090431213]], [[0.8052771687507629]], [[0.7690542936325073]], [[0.7406192421913147]], [[0.7032720446586609]], [[0.6687481999397278]], [[0.6457486748695374]], [[0.615389347076416]], [[0.5953491926193237]], [[0.5799760818481445]], [[0.5546110272407532]], [[0.5311286449432373]], [[0.5123093128204346]], [[0.4945831596851349]], [[0.48059290647506714]], [[0.46725547313690186]], [[0.4471718966960907]], [[0.4329918324947357]], [[0.4195563793182373]], [[0.35506001114845276]], [[0.08329975605010986]], [[0.0005380064249038696]], [[0.012116675265133381]], [[0.10402359068393707]], [[0.20837539434432983]], [[0.3431142568588257]], [[0.453087717294693]], [[0.6109017133712769]], [[0.6771160364151001]], [[0.7599270939826965]], [[0.8297792673110962]], [[0.8783479332923889]], [[0.8890342116355896]], [[0.8992717862129211]], [[0.9014655947685242]], [[0.8899669647216797]], [[0.8745713829994202]], [[0.8515780568122864]], [[0.8367685675621033]], [[0.8094361424446106]], [[0.7811274528503418]], [[0.768983006477356]], [[0.7369924187660217]], [[0.7174348831176758]], [[0.6947358250617981]], [[0.6729148626327515]], [[0.6521565914154053]], [[0.6322383284568787]], [[0.6134564876556396]], [[0.6014470458030701]], [[0.5785256624221802]], [[0.5650234222412109]], [[0.5471321940422058]], [[0.539700448513031]], [[0.5187368988990784]], [[0.5077031850814819]], [[0.49721139669418335]], [[0.48902589082717896]], [[0.46791595220565796]], [[0.4607127010822296]], [[0.4519508481025696]], [[0.4402274191379547]], [[0.4306272566318512]], [[0.4229029715061188]], [[0.41550007462501526]], [[0.404070109128952]], [[0.3945770263671875]], [[0.3854644298553467]], [[0.3816782534122467]], [[0.374333918094635]], [[0.3672133982181549]], [[0.35920852422714233]], [[0.3536720871925354]], [[0.3482651114463806]], [[0.1057400032877922]], [[-0.07426898926496506]], [[-0.2619067132472992]], [[-0.2867026925086975]], [[-0.28387460112571716]], [[-0.23250606656074524]], [[-0.18434101343154907]], [[-0.12821149826049805]], [[-0.030496813356876373]], [[0.03198833763599396]], [[0.10576760768890381]], [[0.16497428715229034]], [[0.24206817150115967]], [[0.3013966381549835]], [[0.3541102409362793]], [[0.41371771693229675]], [[0.44461020827293396]], [[0.4711136817932129]], [[0.4972425103187561]], [[0.5206408500671387]], [[0.5354183912277222]], [[0.5459080934524536]], [[0.5528387427330017]], [[0.5551053881645203]], [[0.5576464533805847]], [[0.5577456951141357]], [[0.5558727979660034]], [[0.5519183278083801]], [[0.5481856465339661]], [[0.5420100688934326]], [[0.5390713214874268]], [[0.5318205952644348]], [[0.5241092443466187]], [[0.5184226632118225]], [[0.5091582536697388]], [[0.5045440196990967]], [[0.4976136088371277]], [[0.4907519519329071]], [[0.482872873544693]], [[0.47626808285713196]], [[0.4719376564025879]], [[0.4614579975605011]], [[0.4563787579536438]], [[0.4466225206851959]], [[0.4456746578216553]], [[0.4391728937625885]], [[0.4294060170650482]], [[0.4268440306186676]], [[0.42022570967674255]], [[0.4154474139213562]], [[0.41156652569770813]], [[0.4078061580657959]], [[0.40199917554855347]], [[0.05844400078058243]], [[-0.13700461387634277]], [[-0.20626865327358246]], [[-0.3161381483078003]], [[-0.38025930523872375]], [[-0.39812031388282776]], [[-0.40382513403892517]], [[-0.4004356265068054]], [[-0.3778672516345978]], [[-0.36290276050567627]], [[-0.33173733949661255]], [[-0.3117823004722595]], [[-0.26302793622016907]], [[-0.24620987474918365]], [[-0.19970521330833435]], [[-0.17058417201042175]], [[-0.13583722710609436]], [[-0.0738564133644104]], [[-0.04170393571257591]], [[-0.010945644229650497]], [[0.022837597876787186]], [[0.03669878840446472]], [[0.05858466029167175]], [[0.09488188475370407]], [[0.11668403446674347]], [[0.13666149973869324]], [[0.15478825569152832]], [[0.17121273279190063]], [[0.1859355866909027]], [[0.20112229883670807]], [[0.20700742304325104]], [[0.22105413675308228]], 