{"vc": [[-0.06964132189750671, 0.0, 0.0], [0.0, -0.9119966626167297, 0.9125821590423584], [-0.02090637944638729, 0.06925606727600098, -0.06935254484415054], [-0.268198698759079, 0.0, 0.0], [0.0, 0.0, 0.0], [0.0, 0.0, 0.0], [0.0, 0.3845374286174774, -0.38471856713294983], [0.0, 0.0, 0.0], [0.0, 0.0, 0.0], [0.050754364579916, 0.0, 0.0]], "true_y1": [[[0.4006600081920624]], [[2.2847604751586914]], [[2.604919910430908]], [[3.4728612899780273]], [[4.14669942855835]], [[4.6510748863220215]], [[4.776206970214844]], [[5.1745219230651855]], [[5.350414752960205]], [[5.475135326385498]], [[5.510843753814697]], [[5.515641212463379]], [[5.508932113647461]], [[5.493234157562256]], [[5.4262003898620605]], [[5.354894161224365]], [[5.2748541831970215]], [[5.1680588722229]], [[5.080220699310303]], [[4.878612041473389]], [[4.699148178100586]], [[4.565670967102051]], [[4.366338729858398]], [[4.278167724609375]], [[4.124797344207764]], [[3.972386121749878]], [[3.907461166381836]], [[3.756114959716797]], [[3.6271097660064697]], [[3.519779682159424]], [[3.349024772644043]], [[3.264094829559326]], [[3.1158440113067627]], [[3.032236337661743]], [[2.8854665756225586]], [[2.7601535320281982]], [[2.6358065605163574]], [[2.5327610969543457]], [[2.389390468597412]], [[2.2272939682006836]], [[2.1470694541931152]], [[1.0533000230789185]], [[1.7640717029571533]], [[2.1917366981506348]], [[2.756465435028076]], [[3.2154312133789062]], [[3.463463068008423]], [[3.765397310256958]], [[4.043066501617432]], [[4.176513671875]], [[4.281845569610596]], [[4.296927452087402]], [[4.317844390869141]], [[4.317019939422607]], [[4.310203552246094]], [[4.268881320953369]], [[4.241842269897461]], [[4.195387363433838]], [[4.125187397003174]], [[4.009545803070068]], [[3.7397234439849854]], [[3.6553659439086914]], [[3.485386371612549]], [[3.358825922012329]], [[3.2324187755584717]], [[3.1075360774993896]], [[3.00388765335083]], [[2.880131244659424]], [[2.7777159214019775]], [[2.635404348373413]], [[2.514726161956787]], [[1.8101465702056885]], [[1.7155576944351196]], [[1.5848944187164307]], [[1.4744582176208496]], [[1.3840385675430298]], [[1.2592215538024902]], [[1.104699969291687]], [[1.4280110597610474]], [[1.8753728866577148]], [[2.3824315071105957]], [[2.48830509185791]], [[2.856292963027954]], [[3.0000104904174805]], [[3.2244601249694824]], [[3.3052680492401123]], [[3.370037317276001]], [[3.4563395977020264]], [[3.4964399337768555]], [[3.5029103755950928]], [[3.4991798400878906]], [[3.489353656768799]], [[3.4553608894348145]], [[3.4073233604431152]], [[3.300755500793457]], [[3.2668111324310303]], [[3.195482015609741]], [[3.1020026206970215]], [[2.906946897506714]], [[2.787832260131836]], [[2.628615140914917]], [[2.548539638519287]], [[2.429680585861206]], [[2.2725753784179688]], [[2.174657106399536]], [[2.057598829269409]], [[1.9230608940124512]], [[1.8280889987945557]], [[1.695736289024353]], [[1.6216809749603271]], [[1.492403507232666]], [[1.4374967813491821]], [[1.2573713064193726]], [[1.1165797710418701]], [[0.9622506499290466]], [[0.8786429166793823]], [[0.6033599972724915]], [[1.2677364349365234]], [[1.6186907291412354]], [[2.0235886573791504]], [[2.19476318359375]], [[2.347346544265747]], [[2.596928119659424]], [[2.7394068241119385]], [[2.8477869033813477]], [[2.9267783164978027]], [[2.9808850288391113]], [[3.0140302181243896]], [[3.0262603759765625]], [[3.0312652587890625]], [[3.0210981369018555]], [[2.983860731124878]], [[2.888033866882324]], [[2.8291492462158203]], [[2.7653815746307373]], [[2.6808671951293945]], [[2.5567731857299805]], [[2.46557354927063]], [[2.316608428955078]], [[2.2038753032684326]], [[2.147864580154419]], [[2.0167417526245117]], [[1.9046887159347534]], [[1.7932707071304321]], [[1.6819725036621094]], [[1.590222716331482]], [[1.4628046751022339]], [[1.336899757385254]], [[1.248090386390686]], [[1.1241235733032227]], [[1.0377197265625]], [[0.9688057899475098]], [[0.8498498797416687]], [[0.7336788177490234]], [[0.6363350749015808]], [[0.5412975549697876]], [[0.46416348218917847]], [[0.38910773396492004]], [[0.2740291357040405]], [[0.19212736189365387]], [[0.11500536650419235]], [[0.35506001114845276]], [[0.8575438261032104]], [[1.2226507663726807]], [[1.7506103515625]], [[2.0780391693115234]], [[2.271845817565918]], [[2.418565273284912]], [[2.4845550060272217]], [[2.5120480060577393]], [[2.499171495437622]], [[2.4559779167175293]], [[2.380156993865967]], [[2.271019697189331]], [[2.226166009902954]], [[2.147777795791626]], [[2.0660617351531982]], [[1.912962794303894]], [[1.8086509704589844]], [[1.6855037212371826]], [[1.6143850088119507]], [[1.4906160831451416]], [[1.3667001724243164]], [[1.3138269186019897]], [[1.1734036207199097]], [[1.085737705230713]], [[0.9813945293426514]], [[0.8777840733528137]], [[0.7756498456001282]], [[0.673930287361145]], [[0.5743478536605835]], [[0.5086908340454102]], [[0.37893033027648926]], [[0.29974591732025146]], [[0.1918441653251648]], [[0.1461140513420105]], [[0.014890894293785095]], [[0.0010000000474974513]], [[0.0010000000474974513]], [[0.0010000000474974513]], [[0.0010000000474974513]], [[0.0010000000474974513]], [[0.0010000000474974513]], [[0.0010000000474974513]], [[0.0010000000474974513]], [[0.0010000000474974513]], [[0.0010000000474974513]], [[0.0010000000474974513]], [[0.0010000000474974513]], [[0.0010000000474974513]], [[0.0010000000474974513]], [[0.0010000000474974513]], [[0.0010000000474974513]], [[0.0010000000474974513]], [[0.10751773416996002]], [[0.24070130288600922]], [[0.1057400032877922]], [[0.3146754503250122]], [[0.7514854073524475]], [[0.9210255146026611]], [[1.1405125856399536]], [[1.3640625476837158]], [[1.4629229307174683]], [[1.5347555875778198]], [[1.5986437797546387]], [[1.6118769645690918]], [[1.6058717966079712]], [[1.585701584815979]], [[1.539025068283081]], [[1.4857053756713867]], [[1.4226917028427124]], [[1.3269613981246948]], [[1.262300729751587]], [[1.1941778659820557]], [[1.1092162132263184]], [[1.0067132711410522]], [[0.9162969589233398]], [[0.8246436715126038]], [[0.731029212474823]], [[0.6841894388198853]], [[0.5892105102539062]], [[0.4781428575515747]], [[0.38207095861434937]], [[0.26976948976516724]], [[0.18944862484931946]], [[0.07710852473974228]], [[0.028571218252182007]], [[0.0010000000474974513]], [[0.0010000000474974513]], [[0.0010000000474974513]], [[0.0010000000474974513]], [[0.0010000000474974513]], [[0.0010000000474974513]], [[0.0010000000474974513]], [[0.0010000000474974513]], [[0.0010000000474974513]], [[0.0010000000474974513]], [[0.0010000000474974513]], [[0.0010000000474974513]], [[0.0010000000474974513]], [[0.0010000000474974513]], [[0.0010000000474974513]], [[0.0010000000474974513]], [[0.0010000000474974513]], [[0.0010000000474974513]], [[0.0010000000474974513]], [[0.0010000000474974513]], [[0.0010000000474974513]], [[0.0010000000474974513]], [[0.05844400078058243]], [[0.16965432465076447]], [[0.22367893159389496]], [[0.3434629738330841]], [[0.4658234715461731]], [[0.5327006578445435]], [[0.6018537282943726]], [[0.6408913135528564]], [[0.7079147100448608]], [[0.7287127375602722]], [[0.752234160900116]], [[0.7587506771087646]], [[0.7565962076187134]], [[0.7511962056159973]], [[0.7262030243873596]], [[0.7038015127182007]], [[0.6707794070243835]], [[0.5951946377754211]], [[0.5472160577774048]], [[0.495144784450531]], [[0.4301116168498993]], [[0.40074416995048523]], [[0.35074731707572937]], [[0.25625118613243103]], [[0.19088438153266907]], [[0.12373646348714828]], [[0.055294133722782135]], [[0.0010000000474974513]], [[0.0010000000474974513]], [[0.0010000000474974513]], [[0.0010000000474974513]], [[0.0010000000474974513]], [[0.0010000000474974513]], [[0.0010000000474974513]], [[0.0010000000474974513]], [[0.0010000000474974513]], [[0.0010000000474974513]], [[0.0010000000474974513]], [[0.0010000000474974513]], [[0.0010000000474974513]], [[0.0010000000474974513]], [[0.0010000000474974513]], [[0.0010000000474974513]], [[0.0010000000474974513]], [[0.0010000000474974513]], 