{"vc": [[-0.10632993280887604, 0.0, 0.0], [0.0, -0.7147582173347473, 0.7145489454269409], [-0.031066332012414932, 0.0731923058629036, -0.07373479008674622], [-0.31164461374282837, 0.0, 0.0], [0.0, 0.0, 0.0], [0.0, 0.0, 0.0], [0.0, 0.2950253188610077, -0.2955448627471924], [0.0, 0.0, 0.0], [0.0, 0.0, 0.0], [0.06411933898925781, 0.0, 0.0]], "true_y1": [[[0.4006600081920624]], [[2.8631722927093506]], [[3.285090923309326]], [[4.435546398162842]], [[5.337240219116211]], [[6.0193257331848145]], [[6.189927101135254]], [[6.739156246185303]], [[6.987487316131592]], [[7.171030521392822]], [[7.230107307434082]], [[7.243479251861572]], [[7.240906238555908]], [[7.22582483291626]], [[7.148993492126465]], [[7.061990261077881]], [[6.961897850036621]], [[6.826116561889648]], [[6.71317195892334]], [[6.451048374176025]], [[6.215367317199707]], [[6.039061069488525]], [[5.774567127227783]], [[5.657205581665039]], [[5.4526238441467285]], [[5.248855113983154]], [[5.161929130554199]], [[4.959038734436035]], [[4.785834789276123]], [[4.641559600830078]], [[4.411718368530273]], [[4.2972612380981445]], [[4.097249984741211]], [[3.984327554702759]], [[3.785876750946045]], [[3.6162099838256836]], [[3.4476354122161865]], [[3.307769536972046]], [[3.1129026412963867]], [[2.8921895027160645]], [[2.7827916145324707]], [[1.0533000230789185]], [[1.9924705028533936]], [[2.5664892196655273]], [[3.3366034030914307]], [[3.9748892784118652]], [[4.325759410858154]], [[4.760574817657471]], [[5.172243118286133]], [[5.378141403198242]], [[5.551422119140625]], [[5.578577041625977]], [[5.6200337409973145]], [[5.651995658874512]], [[5.647366046905518]], [[5.608338832855225]], [[5.579164981842041]], [[5.526345729827881]], [[5.443039894104004]], [[5.301031112670898]], [[4.958787441253662]], [[4.8500075340271]], [[4.629167079925537]], [[4.463609218597412]], [[4.297483921051025]], [[4.132724285125732]], [[3.9955577850341797]], [[3.831332206726074]], [[3.695087194442749]], [[3.50529408454895]], [[3.3439431190490723]], [[2.3946480751037598]], [[2.26621675491333]], [[2.0883705615997314]], [[1.9376380443572998]], [[1.813921332359314]], [[1.642655849456787]], [[1.104699969291687]], [[1.5347100496292114]], [[2.1398768424987793]], [[2.8428525924682617]], [[2.992401361465454]], [[3.52186918258667]], [[3.7339022159576416]], [[4.074371337890625]], [[4.201415061950684]], [[4.306338787078857]], [[4.455246448516846]], [[4.537928104400635]], [[4.559513568878174]], [[4.571888446807861]], [[4.569156646728516]], [[4.5423197746276855]], [[4.493800163269043]], [[4.373528003692627]], [[4.333481788635254]], [[4.247753620147705]], [[4.133124828338623]], [[3.888760805130005]], [[3.7372703552246094]], [[3.532926559448242]], [[3.4295098781585693]], [[3.2753350734710693]], [[3.0704753398895264]], [[2.94223952293396]], [[2.7884228229522705]], [[2.6109795570373535]], [[2.4853081703186035]], [[2.309608221054077]], [[2.2110090255737305]], [[2.0383732318878174]], [[1.9648475646972656]], [[1.722732663154602]], [[1.5324320793151855]], [[1.3226162195205688]], [[1.2083438634872437]], [[0.6033599972724915]], [[1.4949567317962646]], [[1.9735398292541504]], [[2.5336973667144775]], [[2.773667335510254]], [[2.9895567893981934]], [[3.3480112552642822]], [[3.5570361614227295]], [[3.719771385192871]], [[3.8422186374664307]], [[3.9302775859832764]], [[3.9891297817230225]], [[4.0145182609558105]], [[4.037900924682617]], [[4.035585403442383]], [[4.002753734588623]], [[3.897583246231079]], [[3.8287792205810547]], [[3.7526113986968994]], [[3.649953842163086]], [[3.49690318107605]], [[3.383193016052246]], [[3.1958346366882324]], [[3.052985191345215]], [[2.9817233085632324]], [[2.814232349395752]], [[2.6704251766204834]], [[2.526862144470215]], [[2.38291072845459]], [[2.263843536376953]], [[2.0978903770446777]], [[1.9332106113433838]], [[1.8166160583496094]], [[1.653225302696228]], [[1.5388702154159546]], [[1.4473612308502197]], [[1.2887113094329834]], [[1.132822036743164]], [[1.0013532638549805]], [[0.872126579284668]], [[0.7664995789527893]], [[0.6629623174667358]], [[0.5024289488792419]], [[0.38649359345436096]], [[0.27561333775520325]], [[0.35506001114845276]], [[1.0338982343673706]], [[1.532682180404663]], [[2.2643957138061523]], [[2.7274084091186523]], [[3.0078279972076416]], [[3.2278921604156494]], [[3.3343617916107178]], [[3.397296667098999]], [[3.3917906284332275]], [[3.350389242172241]], [[3.2662360668182373]], [[3.1381676197052]], [[3.084415912628174]], [[2.9895174503326416]], [[2.8896331787109375]], [[2.7006537914276123]], [[2.5708701610565186]], [[2.4168150424957275]], [[2.3274881839752197]], [[2.1714696884155273]], [[2.0146024227142334]], [[1.9474762678146362]], [[1.7686500549316406]], [[1.6566035747528076]], [[1.5228252410888672]], [[1.3895182609558105]], [[1.2576234340667725]], [[1.1257405281066895]], [[0.996066689491272]], [[0.9102311134338379]], [[0.739680290222168]], [[0.6349136233329773]], [[0.49112480878829956]], [[0.4297638237476349]], [[0.2519264817237854]], [[0.155910462141037]], [[0.06353376060724258]], [[0.0010000000474974513]], [[0.0010000000474974513]], [[0.0010000000474974513]], [[0.0010000000474974513]], [[0.0010000000474974513]], [[0.0010000000474974513]], [[0.0010000000474974513]], [[0.0010000000474974513]], [[0.0010000000474974513]], [[0.0010000000474974513]], [[0.0010000000474974513]], [[0.0010000000474974513]], [[0.0010000000474974513]], [[0.0010000000474974513]], [[0.0010000000474974513]], [[0.0010000000474974513]], [[0.07043465971946716]], [[0.1057400032877922]], [[0.39637112617492676]], [[1.0074232816696167]], [[1.2461071014404297]], [[1.5569367408752441]], [[1.8772392272949219]], [[2.021510601043701]], [[2.1289546489715576]], [[2.231215238571167]], [[2.2587757110595703]], [[2.2621450424194336]], [[2.244445323944092]], [[2.1947274208068848]], [[2.1340928077697754]], [[2.060389518737793]], [[1.9463425874710083]], [[1.8684841394424438]], [[1.7859851121902466]], [[1.682597041130066]], [[1.5573194026947021]], [[1.4464378356933594]], [[1.333754062652588]], [[1.2184137105941772]], [[1.160622477531433]], [[1.043290376663208]], [[0.9058619737625122]], [[0.786819338798523]], [[0.6474907398223877]], [[0.5477346181869507]], [[0.4080798625946045]], [[0.34769734740257263]], [[0.20825348794460297]], [[0.06902822852134705]], [[0.0010000000474974513]], [[0.0010000000474974513]], [[0.0010000000474974513]], [[0.0010000000474974513]], [[0.0010000000474974513]], [[0.0010000000474974513]], [[0.0010000000474974513]], [[0.0010000000474974513]], [[0.0010000000474974513]], [[0.0010000000474974513]], [[0.0010000000474974513]], [[0.0010000000474974513]], [[0.0010000000474974513]], [[0.0010000000474974513]], [[0.0010000000474974513]], [[0.0010000000474974513]], [[0.0010000000474974513]], [[0.0010000000474974513]], [[0.0010000000474974513]], [[0.0010000000474974513]], [[0.05844400078058243]], [[0.22920101881027222]], [[0.31244418025016785]], [[0.4977392554283142]], [[0.6882739067077637]], [[0.7931828498840332]], [[0.9026099443435669]], [[0.9650849103927612]], [[1.0749092102050781]], [[1.110525369644165]], [[1.1540497541427612]], [[1.1688765287399292]], [[1.1780707836151123]], [[1.174397349357605]], [[1.1497591733932495]], [[1.124768853187561]], [[1.086195468902588]], [[0.9945864081382751]], [[0.9352562427520752]], [[0.8702784776687622]], [[0.7885314226150513]], [[0.7514488101005554]], [[0.6881192922592163]], [[0.5678432583808899]], [[0.48425212502479553]], [[0.39807218313217163]], [[0.3099095821380615]], [[0.21960166096687317]], [[0.1277950406074524]], [[0.018865510821342468]], [[0.0010000000474974513]], [[0.0010000000474974513]], [[0.0010000000474974513]], [[0.0010000000474974513]], [[0.0010000000474974513]], [[0.0010000000474974513]], [[0.0010000000474974513]], [[0.0010000000474974513]], [[0.0010000000474974513]], [[0.0010000000474974513]], [[0.0010000000474974513]], [[0.0010000000474974513]], [[0.0010000000474974513]], [[0.0010000000474974513]], [[0.0010000000474974513]], [[0.0010000000474974513]], [[0.0010000000474974513]], 