{"vc": [[-0.048067379742860794, 0.0, 0.0], [0.0, -1.2286659479141235, 1.2292109727859497], [-0.01156705617904663, 0.06768907606601715, -0.06807968020439148], [-0.2113814651966095, 0.0, 0.0], [0.0, 0.0, 0.0], [0.0, 0.0, 0.0], [0.0, 0.5264164805412292, -0.5265998244285583], [0.0, 0.0, 0.0], [0.0, 0.0, 0.0], [0.03508324176073074, 0.0, 0.0]], "true_y1": [[[0.4006600081920624]], [[1.6280535459518433]], [[1.8357383012771606]], [[2.39910888671875]], [[2.8380746841430664]], [[3.168508529663086]], [[3.2508273124694824]], [[3.513862371444702]], [[3.6302576065063477]], [[3.7119221687316895]], [[3.7339107990264893]], [[3.7355029582977295]], [[3.72914981842041]], [[3.716554880142212]], [[3.665731191635132]], [[3.6128780841827393]], [[3.5541608333587646]], [[3.4765195846557617]], [[3.4131829738616943]], [[3.2694551944732666]], [[3.143287181854248]], [[3.050417184829712]], [[2.9130682945251465]], [[2.8527660369873047]], [[2.7484517097473145]], [[2.6454412937164307]], [[2.6017394065856934]], [[2.5002479553222656]], [[2.4141335487365723]], [[2.3427493572235107]], [[2.229651689529419]], [[2.173609495162964]], [[2.0761163234710693]], [[2.0213212966918945]], [[1.9254635572433472]], [[1.8439645767211914]], [[1.7634211778640747]], [[1.6969338655471802]], [[1.6048392057418823]], [[1.501333236694336]], [[1.4503662586212158]], [[1.0533000230789185]], [[1.5048774480819702]], [[1.7702107429504395]], [[2.113227605819702]], [[2.38542103767395]], [[2.5296502113342285]], [[2.701629161834717]], [[2.8540964126586914]], [[2.9231464862823486]], [[2.9713971614837646]], [[2.976868152618408]], [[2.9820542335510254]], [[2.9600799083709717]], [[2.9525768756866455]], [[2.914052963256836]], [[2.8911190032958984]], [[2.853364944458008]], [[2.7984068393707275]], [[2.710702896118164]], [[2.5126781463623047]], [[2.4519472122192383]], [[2.330824613571167]], [[2.2415835857391357]], [[2.1531615257263184]], [[2.066446304321289]], [[1.9949277639389038]], [[1.910043716430664]], [[1.8401998281478882]], [[1.7437337636947632]], [[1.6624553203582764]], [[1.1977362632751465]], [[1.1367480754852295]], [[1.0531357526779175]], [[0.9830887317657471]], [[0.9261999726295471]], [[0.848421037197113]], [[1.104699969291687]], [[1.3068104982376099]], [[1.5786628723144531]], [[1.8751461505889893]], [[1.9353132247924805]], [[2.1386921405792236]], [[2.2150490283966064]], [[2.328745126724243]], [[2.3669216632843018]], [[2.3955256938934326]], [[2.4275171756744385]], [[2.432925224304199]], [[2.427894115447998]], [[2.4129109382629395]], [[2.398855447769165]], [[2.3626325130462646]], [[2.3188912868499756]], [[2.2305116653442383]], [[2.203523874282837]], [[2.1478512287139893]], [[2.0763843059539795]], [[1.930688500404358]], [[1.8432750701904297]], [[1.727802038192749]], [[1.670237421989441]], [[1.585360050201416]], [[1.4741445779800415]], [[1.40536367893219]], [[1.3236665725708008]], [[1.2304801940917969]], [[1.1651626825332642]], [[1.0747969150543213]], [[1.024583101272583]], [[0.9375587105751038]], [[0.9008541107177734]], [[0.7816121578216553]], [[0.6897984147071838]], [[0.5907959342002869]], [[0.5379905104637146]], [[0.6033599972724915]], [[1.011565923690796]], [[1.222132921218872]], [[1.460709810256958]], [[1.5600371360778809]], [[1.6476682424545288]], [[1.788575291633606]], [[1.8669160604476929]], [[1.9245696067810059]], [[1.9644266366958618]], [[1.9891963005065918]], [[2.001241445541382]], [[2.0032734870910645]], [[1.9954109191894531]], [[1.9810343980789185]], [[1.9445182085037231]], [[1.8637782335281372]], [[1.8166863918304443]], [[1.7666347026824951]], [[1.7012418508529663]], [[1.6064798831939697]], [[1.537509799003601]], [[1.4257898330688477]], [[1.341903805732727]], [[1.3004204034805298]], [[1.203794240951538]], [[1.1217567920684814]], [[1.040678858757019]], [[0.9601949453353882]], [[0.8942442536354065]], [[0.8032853603363037]], [[0.7141830921173096]], [[0.651840329170227]], [[0.565595269203186]], [[0.5060778260231018]], [[0.4589977264404297]], [[0.3786468505859375]], [[0.3014737367630005]], [[0.23798473179340363]], [[0.1772434562444687]], [[0.12902399897575378]], [[0.08321580290794373]], [[0.015642397105693817]], [[0.0010000000474974513]], [[0.0010000000474974513]], [[0.35506001114845276]], [[0.6585375070571899]], [[0.8756060004234314]], [[1.1849374771118164]], [[1.3735685348510742]], [[1.4828801155090332]], [[1.562079906463623]], [[1.5936205387115479]], [[1.5953720808029175]], [[1.579437494277954]], [[1.540036916732788]], [[1.4775174856185913]], [[1.391136884689331]], [[1.3561550378799438]], [[1.2954238653182983]], [[1.2324957847595215]], [[1.1152963638305664]], [[1.0358353853225708]], [[0.9423671960830688]], [[0.8885469436645508]], [[0.7951563000679016]], [[0.7020116448402405]], [[0.6623817682266235]], [[0.5574832558631897]], [[0.49227455258369446]], [[0.41496989130973816]], [[0.3385767340660095]], [[0.2636786699295044]], [[0.1895454078912735]], [[0.11748872697353363]], [[0.07030592858791351]], [[0.0010000000474974513]], [[0.0010000000474974513]], [[0.0010000000474974513]], [[0.0010000000474974513]], [[0.0010000000474974513]], [[0.0010000000474974513]], [[0.0010000000474974513]], [[0.0010000000474974513]], [[0.0010000000474974513]], [[0.0010000000474974513]], [[0.0010000000474974513]], [[0.0010000000474974513]], [[0.0010000000474974513]], [[0.0010000000474974513]], [[0.0010000000474974513]], [[0.0010000000474974513]], [[0.0010000000474974513]], [[0.0010000000474974513]], [[0.0010000000474974513]], [[0.0010000000474974513]], [[0.09164631366729736]], [[0.2579626441001892]], [[0.3803594708442688]], [[0.5025168657302856]], [[0.1057400032877922]], [[0.22276762127876282]], [[0.46584397554397583]], [[0.5599588751792908]], [[0.6818228363990784]], [[0.8058155179023743]], [[0.8601922392845154]], [[0.8988831639289856]], [[0.930436372756958]], [[0.9338235855102539]], [[0.9240644574165344]], [[0.9060854911804199]], [[0.8686341047286987]], [[0.8274440169334412]], [[0.7794367671012878]], [[0.7069714069366455]], [[0.6581198573112488]], [[0.6066555380821228]], [[0.5424278974533081]], [[0.4648404121398926]], [[0.3962964713573456]], [[0.32670870423316956]], [[0.2555196285247803]], [[0.2198571413755417]], [[0.1474524736404419]], [[0.06262289732694626]], [[0.0010000000474974513]], [[0.0010000000474974513]], [[0.0010000000474974513]], [[0.0010000000474974513]], [[0.0010000000474974513]], [[0.0010000000474974513]], [[0.0010000000474974513]], [[0.0010000000474974513]], [[0.0010000000474974513]], [[0.0010000000474974513]], [[0.0010000000474974513]], [[0.0010000000474974513]], [[0.0010000000474974513]], [[0.0010000000474974513]], [[0.0010000000474974513]], [[0.0010000000474974513]], [[0.0010000000474974513]], [[0.0010000000474974513]], [[0.0010000000474974513]], [[0.0010000000474974513]], [[0.0010000000474974513]], [[0.0010000000474974513]], [[0.0010000000474974513]], [[0.0010000000474974513]], [[0.0010000000474974513]], [[0.0010000000474974513]], [[0.0010000000474974513]], [[0.05844400078058243]], [[0.10346625745296478]], [[0.12510530650615692]], [[0.17258310317993164]], [[0.22034157812595367]], [[0.2460394650697708]], [[0.27212855219841003]], [[0.28649160265922546]], [[0.3097600042819977]], [[0.31611138582229614]], [[0.32138997316360474]], [[0.3211955428123474]], [[0.312712162733078]], [[0.3076244294643402]], [[0.28862613439559937]], [[0.27329257130622864]], [[0.25166478753089905]], [[0.2039562463760376]], [[0.1742999255657196]], [[0.14244163036346436]], [[0.10302893817424774]], [[0.08535517752170563]], [[0.05544145405292511]], [[0.0010000000474974513]], [[0.0010000000474974513]], [[0.0010000000474974513]], [[0.0010000000474974513]], [[0.0010000000474974513]], [[0.0010000000474974513]], [[0.0010000000474974513]], [[0.0010000000474974513]], [[0.0010000000474974513]], [[0.0010000000474974513]], [[0.0010000000474974513]], [[0.0010000000474974513]], [[0.0010000000474974513]], [[0.0010000000474974513]], [[0.0010000000474974513]], [[0.0010000000474974513]], [[0.0010000000474974513]], [[0.0010000000474974513]], [[0.0010000000474974513]], 