{"vc": [[-0.07944942265748978, 0.0, 0.0], [0.0, -0.8647068738937378, 0.8647714257240295], [-0.024217234924435616, 0.0700998455286026, -0.07037033885717392], [-0.2806060314178467, 0.0, 0.0], [0.0, 0.0, 0.0], [0.0, 0.0, 0.0], [0.0, 0.3586224317550659, -0.35950931906700134], [0.0, 0.0, 0.0], [0.0, 0.0, 0.0], [0.05506771802902222, 0.0, 0.0]], "true_y1": [[[0.4006600081920624]], [[2.4731087684631348]], [[2.8253700733184814]], [[3.779758930206299]], [[4.519567489624023]], [[5.0722198486328125]], [[5.209133625030518]], [[5.64431619644165]], [[5.836171627044678]], [[5.972221851348877]], [[6.011380195617676]], [[6.016864776611328]], [[6.0098748207092285]], [[5.993142604827881]], [[5.921160697937012]], [[5.844310283660889]], [[5.757842540740967]], [[5.642180442810059]], [[5.546816349029541]], [[5.327195167541504]], [[5.1309285163879395]], [[4.984554290771484]], [[4.7654337882995605]], [[4.668337821960449]], [[4.499229907989502]], [[4.330944538116455]], [[4.2591938972473145]], [[4.09180212020874]], [[3.9489822387695312]], [[3.8300673961639404]], [[3.640718460083008]], [[3.546466588973999]], [[3.3818273544311523]], [[3.2889111042022705]], [[3.125683069229126]], [[2.9861953258514404]], [[2.8476667404174805]], [[2.7327775955200195]], [[2.5727834701538086]], [[2.3916759490966797]], [[2.301952600479126]], [[1.0533000230789185]], [[1.8393131494522095]], [[2.3141281604766846]], [[2.943188428878784]], [[3.456183671951294]], [[3.734128475189209]], [[4.073337554931641]], [[4.386651992797852]], [[4.538283348083496]], [[4.6595964431762695]], [[4.677349090576172]], [[4.7026143074035645]], [[4.707489490509033]], [[4.700825214385986]], [[4.658543586730957]], [[4.630258083343506]], [[4.581204414367676]], [[4.506479740142822]], [[4.382526397705078]], [[4.091032981872559]], [[3.9994447231292725]], [[3.8143720626831055]], [[3.676170587539673]], [[3.537830114364624]], [[3.400883436203003]], [[3.287029981613159]], [[3.1508748531341553]], [[3.038031578063965]], [[2.8809893131256104]], [[2.747607469558716]], [[1.9649567604064941]], [[1.8593443632125854]], [[1.7132115364074707]], [[1.5894663333892822]], [[1.4879781007766724]], [[1.3476064205169678]], [[1.104699969291687]], [[1.463560938835144]], [[1.9624998569488525]], [[2.5315215587615967]], [[2.6508443355560303]], [[3.067223310470581]], [[3.2307052612304688]], [[3.48757004737854]], [[3.580819606781006]], [[3.6561245918273926]], [[3.758213520050049]], [[3.808379888534546]], [[3.8181889057159424]], [[3.8177330493927]], [[3.8091468811035156]], [[3.7758407592773438]], [[3.726606845855713]], [[3.6148412227630615]], [[3.5788919925689697]], [[3.5030269622802734]], [[3.40312123298645]], [[3.1934685707092285]], [[3.064854621887207]], [[2.8923847675323486]], [[2.805428981781006]], [[2.676112651824951]], [[2.5047607421875]], [[2.397728681564331]], [[2.269544839859009]], [[2.121913194656372]], [[2.0174996852874756]], [[1.8717097043991089]], [[1.7899898290634155]], [[1.6470704078674316]], [[1.5862644910812378]], [[1.3863130807876587]], [[1.2294710874557495]], [[1.0569064617156982]], [[0.9631003141403198]], [[0.6033599972724915]], [[1.3433890342712402]], [[1.7357745170593262]], [[2.1896116733551025]], [[2.3818438053131104]], [[2.553403377532959]], [[2.8345677852630615]], [[2.9955596923828125]], [[3.1184964179992676]], [[3.2086551189422607]], [[3.271090030670166]], [[3.310197114944458]], [[3.325298309326172]], [[3.333911418914795]], [[3.3249154090881348]], [[3.2874529361724854]], [[3.187331199645996]], [[3.1250813007354736]], [[3.057382106781006]], [[2.9673519134521484]], [[2.8347153663635254]], [[2.736975908279419]], [[2.576929807662964]], [[2.4555132389068604]], [[2.3950979709625244]], [[2.25343656539917]], [[2.1321287155151367]], [[2.011282205581665]], [[1.8903380632400513]], [[1.7904623746871948]], [[1.6514897346496582]], [[1.5138444900512695]], [[1.4165489673614502]], [[1.2804312705993652]], [[1.185330867767334]], [[1.10933518409729]], [[0.9778213500976562]], [[0.8489266633987427]], [[0.7405164241790771]], [[0.6342583894729614]], [[0.5476651191711426]], [[0.4630500078201294]], [[0.3324856758117676]], [[0.2387917935848236]], [[0.14979465305805206]], [[0.35506001114845276]], [[0.9169216156005859]], [[1.326130747795105]], [[1.9188354015350342]], [[2.2869274616241455]], [[2.5052292346954346]], [[2.6713390350341797]], [[2.7471554279327393]], [[2.782000780105591]], [[2.7700395584106445]], [[2.7258780002593994]], [[2.6464381217956543]], [[2.5310068130493164]], [[2.4833967685699463]], [[2.4000425338745117]], [[2.3129940032958984]], [[2.149569034576416]], [[2.038005828857422]], [[1.9060899019241333]], [[1.829806923866272]], [[1.6968756914138794]], [[1.5635603666305542]], [[1.506605863571167]], [[1.3551298379898071]], [[1.2603992223739624]], [[1.1474716663360596]], [[1.0351344347000122]], [[0.9241825938224792]], [[0.8134468793869019]], [[0.7047842741012573]], [[0.6329872608184814]], [[0.4906800389289856]], [[0.40352773666381836]], [[0.2843082845211029]], [[0.23359400033950806]], [[0.08729319274425507]], [[0.008825615048408508]], [[0.0010000000474974513]], [[0.0010000000474974513]], [[0.0010000000474974513]], [[0.0010000000474974513]], [[0.0010000000474974513]], [[0.0010000000474974513]], [[0.0010000000474974513]], [[0.0010000000474974513]], [[0.0010000000474974513]], [[0.0010000000474974513]], [[0.0010000000474974513]], [[0.0010000000474974513]], [[0.0010000000474974513]], [[0.0010000000474974513]], [[0.0010000000474974513]], [[0.0010000000474974513]], [[0.027675315737724304]], [[0.1673218011856079]], [[0.1057400032877922]], [[0.34290656447410583]], [[0.8390575051307678]], [[1.031552791595459]], [[1.2805455923080444]], [[1.5338722467422485]], [[1.645922303199768]], [[1.7275511026382446]], [[1.8010571002960205]], [[1.8173303604125977]], [[1.812707781791687]], [[1.7922147512435913]], [[1.7433940172195435]], [[1.687078595161438]], [[1.620278239250183]], [[1.5185900926589966]], [[1.4498388767242432]], [[1.3773747682571411]], [[1.286968469619751]], [[1.1778639554977417]], [[1.0815999507904053]], [[0.9839971661567688]], [[0.8842835426330566]], [[0.834383487701416]], [[0.7331815361976624]], [[0.6148066520690918]], [[0.5123883485794067]], [[0.39263927936553955]], [[0.30697375535964966]], [[0.1871362328529358]], [[0.1353527158498764]], [[0.015833377838134766]], [[0.0010000000474974513]], [[0.0010000000474974513]], [[0.0010000000474974513]], [[0.0010000000474974513]], [[0.0010000000474974513]], [[0.0010000000474974513]], [[0.0010000000474974513]], [[0.0010000000474974513]], [[0.0010000000474974513]], [[0.0010000000474974513]], [[0.0010000000474974513]], [[0.0010000000474974513]], [[0.0010000000474974513]], [[0.0010000000474974513]], [[0.0010000000474974513]], [[0.0010000000474974513]], [[0.0010000000474974513]], [[0.0010000000474974513]], [[0.0010000000474974513]], [[0.0010000000474974513]], [[0.0010000000474974513]], [[0.05844400078058243]], [[0.19115445017814636]], [[0.25568944215774536]], [[0.39887547492980957]], [[0.5452207922935486]], [[0.6252357363700867]], [[0.7080309391021729]], [[0.7548365592956543]], [[0.8355612754821777]], [[0.8608807921409607]], [[0.89017254114151]], [[0.8988827466964722]], [[0.8991411924362183]], [[0.8938640356063843]], [[0.8678073883056641]], [[0.8438619375228882]], [[0.8082419633865356]], [[0.7261700630187988]], [[0.6739124059677124]], [[0.6171309351921082]], [[0.5461542010307312]], [[0.5140857696533203]], [[0.4594687223434448]], [[0.3561639189720154]], [[0.284637987613678]], [[0.21109604835510254]], [[0.13605329394340515]], [[0.05937350541353226]], [[0.0010000000474974513]], [[0.0010000000474974513]], [[0.0010000000474974513]], [[0.0010000000474974513]], [[0.0010000000474974513]], [[0.0010000000474974513]], [[0.0010000000474974513]], [[0.0010000000474974513]], [[0.0010000000474974513]], [[0.0010000000474974513]], [[0.0010000000474974513]], [[0.0010000000474974513]], [[0.0010000000474974513]], [[0.0010000000474974513]], [[0.0010000000474974513]], [[0.0010000000474974513]], [[0.0010000000474974513]], [[0.0010000000474974513]], 