{"vc": [[-0.1216186061501503, 0.0, 0.0], [0.0, -0.1165093407034874, 0.11640354245901108], [-0.043727561831474304, 0.33272892236709595, -0.33288779854774475], [-0.17779827117919922, 0.0, 0.0], [0.0, 0.0, 0.0], [0.0, 0.0, 0.0], [0.0, 0.026314115151762962, -0.02653701975941658], [0.0, 0.0, 0.0], [0.0, 0.0, 0.0], [0.34663084149360657, 0.0, 0.0]], "true_y1": [[[0.4006600081920624]], [[18.293712615966797]], [[21.56829833984375]], [[31.092060089111328]], [[39.5074462890625]], [[46.8643913269043]], [[48.91994857788086]], [[56.597145080566406]], [[61.1140022277832]], [[65.82279205322266]], [[68.50497436523438]], [[69.98094940185547]], [[71.2302474975586]], [[72.2947769165039]], [[74.31291961669922]], [[75.41627502441406]], [[76.2041015625]], [[76.87873840332031]], [[77.24337005615234]], [[77.71543884277344]], [[77.8943099975586]], [[77.94527435302734]], [[77.94355010986328]], [[77.92292022705078]], [[77.86750793457031]], [[77.79475402832031]], [[77.75981903076172]], [[77.67146301269531]], [[77.5901870727539]], [[77.51936340332031]], [[77.40200805664062]], [[77.3418960571289]], [[77.23468780517578]], [[77.17310333251953]], [[77.0632553100586]], [[76.96784973144531]], [[76.87179565429688]], [[76.79117584228516]], [[76.67745208740234]], [[76.54662322998047]], [[76.4809341430664]], [[1.0533000230789185]], [[8.34206771850586]], [[13.060049057006836]], [[19.87708282470703]], [[26.170642852783203]], [[30.010692596435547]], [[35.35676574707031]], [[41.459102630615234]], [[45.28887939453125]], [[49.57830810546875]], [[50.47227478027344]], [[52.16667175292969]], [[56.11896896362305]], [[56.627784729003906]], [[58.39630889892578]], [[59.115726470947266]], [[60.026084899902344]], [[60.980838775634766]], [[61.983211517333984]], [[63.088905334472656]], [[63.2529296875]], [[63.44196701049805]], [[63.498573303222656]], [[63.50714111328125]], [[63.48188018798828]], [[63.4420280456543]], [[63.37747573852539]], [[63.313148498535156]], [[63.21108627319336]], [[63.115421295166016]], [[62.451168060302734]], [[62.35257339477539]], [[62.21278381347656]], [[62.09131622314453]], [[61.989479064941406]], [[61.84507369995117]], [[1.104699969291687]], [[4.661522388458252]], [[9.938146591186523]], [[16.672367095947266]], [[18.22538185119629]], [[24.239274978637695]], [[26.964937210083008]], [[31.99072265625]], [[34.19857406616211]], [[36.2594108581543]], [[39.88755416870117]], [[42.902252197265625]], [[44.203338623046875]], [[45.90495300292969]], [[46.89610290527344]], [[48.60261154174805]], [[49.959354400634766]], [[51.699424743652344]], [[52.07810592651367]], [[52.71474838256836]], [[53.32140350341797]], [[54.089134216308594]], [[54.355552673339844]], [[54.56610107421875]], [[54.62708282470703]], [[54.67716979980469]], [[54.687747955322266]], [[54.67041015625]], [[54.63136291503906]], [[54.56706237792969]], [[54.511661529541016]], [[54.42327117919922]], [[54.36896896362305]], [[54.26704406738281]], [[54.221275329589844]], [[54.06185531616211]], [[53.928035736083984]], [[53.77229690551758]], [[53.68381118774414]], [[0.6033599972724915]], [[8.366909980773926]], [[12.822115898132324]], [[18.471981048583984]], [[21.10314178466797]], [[23.623600006103516]], [[28.271764755249023]], [[31.40150260925293]], [[34.21519470214844]], [[36.72562026977539]], [[38.95317840576172]], [[40.91489028930664]], [[42.08483123779297]], [[44.13762283325195]], [[45.43735885620117]], [[47.24073028564453]], [[49.35072326660156]], [[50.13185119628906]], [[50.7735595703125]], [[51.41653823852539]], [[52.088775634765625]], [[52.44683837890625]], [[52.869110107421875]], [[53.094730377197266]], [[53.184547424316406]], [[53.35003662109375]], [[53.45233154296875]], [[53.52688217163086]], [[53.580196380615234]], [[53.61141586303711]], [[53.639495849609375]], [[53.65327835083008]], [[53.65625762939453]], [[53.65278244018555]], [[53.64590835571289]], [[53.63816452026367]], [[53.62065887451172]], [[53.59911346435547]], [[53.57804489135742]], [[53.55500793457031]], [[53.534576416015625]], [[53.513187408447266]], [[53.47732925415039]], [[53.44925308227539]], [[53.420440673828125]], [[0.35506001114845276]], [[6.614901065826416]], [[11.46617317199707]], [[19.34116554260254]], [[25.230335235595703]], [[29.537479400634766]], [[33.86448287963867]], [[36.8439826965332]], [[40.613033294677734]], [[42.09058380126953]], [[43.92402648925781]], [[45.56138610839844]], [[46.95064926147461]], [[47.36576843261719]], [[47.95965576171875]], [[48.45090866088867]], [[49.13981246948242]], [[49.491943359375]], [[49.824493408203125]], [[49.98531723022461]], [[50.22352981567383]], [[50.42082595825195]], [[50.49509048461914]], [[50.669593811035156]], [[50.76490020751953]], [[50.86764907836914]], [[50.9604377746582]], [[51.04479217529297]], [[51.12332534790039]], [[51.19615173339844]], [[51.24249267578125]], [[51.33135223388672]], [[51.38447570800781]], [[51.45646286010742]], [[51.48707962036133]], [[51.576438903808594]], [[51.62565612792969]], [[51.674156188964844]], [[51.71329879760742]], [[51.820457458496094]], [[51.85938262939453]], [[51.90858459472656]], [[51.977928161621094]], [[52.03804016113281]], [[52.088809967041016]], [[52.139652252197266]], [[52.22275161743164]], [[52.29643249511719]], [[52.371551513671875]], [[52.40412521362305]], [[52.46974182128906]], [[52.5366096496582]], [[52.61589813232422]], [[52.673458099365234]], [[52.731956481933594]], [[0.1057400032877922]], [[3.3223917484283447]], [[10.371013641357422]], [[13.330035209655762]], [[17.506271362304688]], [[22.509540557861328]], [[25.2396297454834]], [[27.71198081970215]], [[31.094236373901367]], [[32.88126754760742]], [[34.73777389526367]], [[36.077571868896484]], [[37.673736572265625]], [[38.82013702392578]], [[39.80316162109375]], [[40.90837478637695]], [[41.497642517089844]], [[42.02806091308594]], [[42.595001220703125]], [[43.17759704589844]], [[43.62405776977539]], [[44.028289794921875]], [[44.4023551940918]], [[44.577571868896484]], [[44.91288757324219]], [[45.277503967285156]], [[45.5743408203125]], [[45.90472412109375]], [[46.13255310058594]], [[46.44239807128906]], [[46.57383346557617]], [[46.87324142456055]], [[47.16854476928711]], [[47.377994537353516]], [[47.712196350097656]], [[47.877685546875]], [[48.127315521240234]], [[48.377708435058594]], [[48.671714782714844]], [[48.925392150878906]], [[49.096073150634766]], [[49.52628707885742]], [[49.7449951171875]], [[50.18716049194336]], [[50.231834411621094]], [[50.54730987548828]], [[51.0540885925293]], [[51.1943244934082]], [[51.57218933105469]], [[51.860145568847656]], [[52.10420227050781]], [[52.35002136230469]], [[52.74912643432617]], [[0.05844400078058243]], [[2.9133360385894775]], [[4.327417373657227]], [[7.569403648376465]], [[11.128948211669922]], [[13.252524375915527]], [[15.673444747924805]], [[17.202224731445312]], [[20.382322311401367]], [[21.68425750732422]], [[23.788837432861328]], [[24.897422790527344]], [[27.162158966064453]], [[27.84158706665039]], [[29.532676696777344]], [[30.482736587524414]], [[31.533588409423828]], [[33.24371337890625]], [[34.072723388671875]], [[34.842445373535156]], [[35.67365646362305]], [[36.013607025146484]], [[36.552921295166016]], [[37.46753692626953]], [[38.0402946472168]], [[38.59061050415039]], [[39.12036895751953]], [[39.63542556762695]], [[40.13627243041992]], [[40.70713806152344]], [[40.94799041748047]], [[41.58393478393555]], [[42.13131332397461]], [[42.52064514160156]], [[42.98606872558594]], [[43.373958587646484]], [[43.83799362182617]], [[44.38242721557617]], [[44.85133743286133]], [[45.32062530517578]], [[45.715919494628906]], [[46.272586822509766]], [[47.159698486328125]], [[47.65068817138672]], [[48.14493942260742]], [[48.812801361083984]], [[49.06743240356445]], [[49.57728958129883]], [[50.094364166259766]], [[50.79108428955078]], [[51.05555725097656]], [[51.67854690551758]]]}