{"vc": [[-0.009936881251633167, 0.0, 0.0], [0.0, -2.289412260055542, 2.2903826236724854], [-0.009969513863325119, 0.00751977413892746, 0.0], [-0.009923748672008514, 0.0, 0.0], [0.0, 0.0, 0.0], [0.0, 0.0, 0.0], [0.0, 1.0213462114334106, -1.0221501588821411], [0.0, 0.0, 0.0], [0.0, 0.0, 0.0], [0.0008674575947225094, 0.011688800528645515, -0.012668710201978683]], "true_y1": [[[0.4006600081920624]], [[0.41411423683166504]], [[0.4159056544303894]], [[0.419978529214859]], [[0.42204248905181885]], [[0.4223649501800537]], [[0.42213642597198486]], [[0.41951537132263184]], [[0.41601067781448364]], [[0.4094937741756439]], [[0.4034377932548523]], [[0.3988586664199829]], [[0.39392897486686707]], [[0.38863542675971985]], [[0.3739059865474701]], [[0.36087319254875183]], [[0.3468755781650543]], [[0.3281985819339752]], [[0.31251198053359985]], [[0.2749003767967224]], [[0.23945903778076172]], [[0.21199552714824677]], [[0.16946417093276978]], [[0.1501469910144806]], [[0.11591416597366333]], [[0.08120512962341309]], [[0.0662367194890976]], [[0.030971407890319824]], [[0.0005465541034936905]], [[-0.02499058097600937]], [[-0.06598421931266785]], [[-0.08652149885892868]], [[-0.12257537245750427]], [[-0.14301082491874695]], [[-0.1790388971567154]], [[-0.2099335491657257]], [[-0.24068915843963623]], [[-0.2662351727485657]], [[-0.3018401861190796]], [[-0.34213483333587646]], [[-0.36207208037376404]], [[1.0533000230789185]], [[1.0547523498535156]], [[1.0540786981582642]], [[1.0509991645812988]], [[1.0458849668502808]], [[1.0415765047073364]], [[1.0337920188903809]], [[1.0215983390808105]], [[1.011389970779419]], [[0.9963436126708984]], [[0.9925331473350525]], [[0.9844408631324768]], [[0.9589755535125732]], [[0.9546810984611511]], [[0.9367280006408691]], [[0.9275563359260559]], [[0.9135650992393494]], [[0.8944882750511169]], [[0.8653791546821594]], [[0.8004641532897949]], [[0.7802430987358093]], [[0.7391578555107117]], [[0.708183228969574]], [[0.6768856048583984]], [[0.645607054233551]], [[0.6193794012069702]], [[0.5877516269683838]], [[0.5613252520561218]], [[0.5242286920547485]], [[0.492428719997406]], [[0.2998608350753784]], [[0.27294403314590454]], [[0.23522670567035675]], [[0.202799990773201]], [[0.17582263052463531]], [[0.1378483772277832]], [[1.104699969291687]], [[1.1040971279144287]], [[1.1013249158859253]], [[1.094751000404358]], [[1.0927520990371704]], [[1.0831618309020996]], [[1.0777332782745361]], [[1.0655251741409302]], [[1.0590475797653198]], [[1.0522220134735107]], [[1.0378391742706299]], [[1.0226527452468872]], [[1.0147950649261475]], [[1.0028586387634277]], [[0.9947755932807922]], [[0.9781044125556946]], [[0.9611843228340149]], [[0.9309234619140625]], [[0.9221766591072083]], [[0.9044876098632812]], [[0.8821545839309692]], [[0.8368510007858276]], [[0.8094186782836914]], [[0.772623598575592]], [[0.7539979815483093]], [[0.7261554002761841]], [[0.6889423131942749]], [[0.6654897928237915]], [[0.637174665927887]], [[0.6042362451553345]], [[0.5807154774665833]], [[0.5475397109985352]], [[0.5287615060806274]], [[0.495577871799469]], [[0.48131728172302246]], [[0.4337463080883026]], [[0.39559048414230347]], [[0.3525533676147461]], [[0.3285942077636719]], [[0.6033599972724915]], [[0.6009374856948853]], [[0.5979768633842468]], [[0.5925244092941284]], [[0.5892734527587891]], [[0.585677981376648]], [[0.5775933265686035]], [[0.5708327889442444]], [[0.5635717511177063]], [[0.5558640360832214]], [[0.5477453470230103]], [[0.5392689108848572]], [[0.5334455370903015]], [[0.5213596820831299]], [[0.5120452046394348]], [[0.49592384696006775]], [[0.4690329432487488]], [[0.45517265796661377]], [[0.4410673677921295]], [[0.42315927147865295]], [[0.3976612985134125]], [[0.37917831540107727]], [[0.34906715154647827]], [[0.3261813223361969]], [[0.3147503137588501]], [[0.28779032826423645]], [[0.2644977867603302]], [[0.24108079075813293]], [[0.21741579473018646]], [[0.19769060611724854]], [[0.16995349526405334]], [[0.1421269029378891]], [[0.12222912162542343]], [[0.09404672682285309]], [[0.07409604638814926]], [[0.057984016835689545]], [[0.029706235975027084]], [[0.0014349576085805893]], [[-0.022847991436719894]], [[-0.04718370735645294]], [[-0.06748268008232117]], [[-0.08780340850353241]], [[-0.12033885717391968]], [[-0.14483319222927094]], [[-0.16930371522903442]], [[0.35506001114845276]], [[0.3520708680152893]], [[0.3484121561050415]], [[0.33971279859542847]], [[0.3303590714931488]], [[0.3212985098361969]], [[0.3093445599079132]], [[0.29857346415519714]], [[0.2799329161643982]], [[0.27015000581741333]], [[0.25477033853530884]], [[0.23617245256900787]], [[0.21402296423912048]], [[0.20556603372097015]], [[0.19124750792980194]], [[0.1766991913318634]], [[0.1499224752187729]], [[0.13179539144039154]], [[0.11036060750484467]], [[0.09792932868003845]], [[0.07616039365530014]], [[0.05415746569633484]], [[0.04469770938158035]], [[0.019347012042999268]], [[0.003341738134622574]], [[-0.015901807695627213]], [[-0.03523387759923935]], [[-0.054527923464775085]], [[-0.07400191575288773]], [[-0.09334621578454971]], [[-0.10626983642578125]], [[-0.13227024674415588]], [[-0.14848704636096954]], [[-0.17111127078533173]], [[-0.1809173971414566]], [[-0.20997662842273712]], [[-0.22615818679332733]], [[-0.2421509176492691]], [[-0.25505679845809937]], [[-0.2901681065559387]], [[-0.30277958512306213]], [[-0.31856706738471985]], [[-0.3404719829559326]], [[-0.3590809404850006]], [[-0.37448951601982117]], [[-0.38961338996887207]], [[-0.41361546516418457]], [[-0.43409398198127747]], [[-0.454133540391922]], [[-0.46254414319992065]], [[-0.47894716262817383]], [[-0.4948822259902954]], [[-0.5126843452453613]], [[-0.524815559387207]], [[-0.5364159345626831]], [[0.1057400032877922]], [[0.10232992470264435]], [[0.09339280426502228]], [[0.0889359638094902]], [[0.08173511922359467]], [[0.07123300433158875]], [[0.06429795175790787]], [[0.05699028819799423]], [[0.04475893825292587]], [[0.036817360669374466]], [[0.027002770453691483]], [[0.018579453229904175]], [[0.006505944766104221]], [[-0.0040374333038926125]], [[-0.014782538637518883]], [[-0.029399722814559937]], [[-0.03861653804779053]], [[-0.04796893522143364]], [[-0.059274960309267044]], [[-0.07254868000745773]], [[-0.08402297645807266]], [[-0.09549025446176529]], [[-0.10707084834575653]], [[-0.11282344907522202]], [[-0.1244146004319191]], [[-0.13785803318023682]], [[-0.1493985950946808]], [[-0.16279052197933197]], [[-0.1723044514656067]], [[-0.1855195015668869]], [[-0.1911952942609787]], [[-0.2042132019996643]], [[-0.21708336472511292]], [[-0.22617164254188538]], [[-0.24050559103488922]], [[-0.2474919855594635]], [[-0.25784802436828613]], [[-0.26797422766685486]], [[-0.27947309613227844]], [[-0.2890112102031708]], [[-0.2952103614807129]], [[-0.3099868893623352]], [[-0.31699979305267334]], [[-0.33006975054740906]], [[-0.3313041925430298]], [[-0.33955273032188416]], [[-0.3510114848613739]], [[-0.3537759482860565]], [[-0.3603137135505676]], [[-0.3643796145915985]], [[-0.367188423871994]], [[-0.3694147765636444]], [[-0.37171709537506104]], [[0.05844400078058243]], [[0.051974859088659286]], [[0.048626843839883804]], [[0.04053720831871033]], [[0.030857235193252563]], [[0.024586902931332588]], [[0.01687590219080448]], [[0.011637378484010696]], [[-0.0004093814641237259]], [[-0.005890727508813143]], [[-0.015607034787535667]], [[-0.021231260150671005]], [[-0.034079939126968384]], [[-0.0383574441075325]], [[-0.050043702125549316]], [[-0.057365890592336655]], [[-0.06621401011943817]], [[-0.08259721100330353]], [[-0.0915634036064148]], [[-0.10056102275848389]], [[-0.111053965985775]], [[-0.11558621376752853]], [[-0.12306752800941467]], [[-0.1365642547607422]], [[-0.1455133706331253]], [[-0.15444250404834747]], [[-0.16331027448177338]], [[-0.1721487045288086]], [[-0.18090568482875824]], [[-0.1910233199596405]], [[-0.1953190118074417]], [[-0.20668469369411469]], [[-0.2164331078529358]], [[-0.22331011295318604]], [[-0.2314348667860031]], [[-0.23810216784477234]], 