{"vc": [[-0.05323037505149841, 0.0, 0.0], [0.0, -1.574459433555603, 1.5752612352371216], [-0.011048481799662113, 0.09453435242176056, -0.094767726957798], [-0.17500454187393188, 0.0, 0.0], [0.0, 0.0, 0.0], [0.0, 0.0, 0.0], [0.0, 0.575078010559082, -0.5747489929199219], [0.0, 0.0, 0.0], [0.0, 0.0, 0.0], [0.03219527751207352, 0.0, 0.0]], "true_y1": [[[0.4006600081920624]], [[1.573126196861267]], [[1.7712697982788086]], [[2.3086791038513184]], [[2.7278690338134766]], [[3.0445752143859863]], [[3.1238338947296143]], [[3.379453182220459]], [[3.4954495429992676]], [[3.58148455619812]], [[3.609243154525757]], [[3.615508556365967]], [[3.614243268966675]], [[3.6070556640625]], [[3.5705277919769287]], [[3.529210090637207]], [[3.4817512035369873]], [[3.4175350666046143]], [[3.364285707473755]], [[3.2413330078125]], [[3.1315202713012695]], [[3.049793243408203]], [[2.9277865886688232]], [[2.873856544494629]], [[2.780121088027954]], [[2.687077283859253]], [[2.6474766731262207]], [[2.5552494525909424]], [[2.476736307144165]], [[2.411489248275757]], [[2.3078348636627197]], [[2.256352186203003]], [[2.1666111946105957]], [[2.1160757541656494]], [[2.0275051593780518]], [[1.9520384073257446]], [[1.877308964729309]], [[1.8155092000961304]], [[1.7297372817993164]], [[1.6330938339233398]], [[1.5854076147079468]], [[1.0533000230789185]], [[1.490321159362793]], [[1.7464876174926758]], [[2.0771360397338867]], [[2.3394322395324707]], [[2.4786550998687744]], [[2.6454176902770996]], [[2.7952840328216553]], [[2.86521053314209]], [[2.917717218399048]], [[2.9246459007263184]], [[2.933285713195801]], [[2.9241881370544434]], [[2.9190316200256348]], [[2.890543222427368]], [[2.872793436050415]], [[2.8429205417633057]], [[2.7985267639160156]], [[2.72629714012146]], [[2.5593466758728027]], [[2.50734281539917]], [[2.4026927947998047]], [[2.324867010116577]], [[2.247206687927246]], [[2.1705543994903564]], [[2.1069934368133545]], [[2.031177282333374]], [[1.9685035943984985]], [[1.8815301656723022]], [[1.8078948259353638]], [[1.380873680114746]], [[1.3240456581115723]], [[1.2458012104034424]], [[1.179928183555603]], [[1.1261918544769287]], [[1.05233895778656]], [[1.104699969291687]], [[1.30351722240448]], [[1.5706461668014526]], [[1.8619221448898315]], [[1.9211063385009766]], [[2.12184476852417]], [[2.1977956295013428]], [[2.3125360012054443]], [[2.352107286453247]], [[2.38266658782959]], [[2.4200377464294434]], [[2.432448625564575]], [[2.4314095973968506]], [[2.422823429107666]], [[2.4132654666900635]], [[2.3865785598754883]], [[2.3526864051818848]], [[2.281867504119873]], [[2.2598774433135986]], [[2.2141480445861816]], [[2.15486741065979]], [[2.0324764251708984]], [[1.9582289457321167]], [[1.8593312501907349]], [[1.8097056150436401]], [[1.7361605167388916]], [[1.6391453742980957]], [[1.578789472579956]], [[1.506751537322998]], [[1.4241245985031128]], [[1.36591637134552]], [[1.2849820852279663]], [[1.2398008108139038]], [[1.1611303091049194]], [[1.1278027296066284]], [[1.0188804864883423]], [[0.934253454208374]], [[0.8421132564544678]], [[0.7925167083740234]], [[0.6033599972724915]], [[1.0089524984359741]], [[1.2182506322860718]], [[1.4558119773864746]], [[1.5550299882888794]], [[1.6428642272949219]], [[1.7852226495742798]], [[1.8656201362609863]], [[1.926151990890503]], [[1.9696677923202515]], [[1.9988181591033936]], [[2.0158803462982178]], [[2.0215625762939453]], [[2.0216617584228516]], [[2.013669490814209]], [[1.9884860515594482]], [[1.9268584251403809]], [[1.889520525932312]], [[1.849246859550476]], [[1.7959975004196167]], [[1.7179310321807861]], [[1.66060209274292]], [[1.5670130252838135]], [[1.4962347745895386]], [[1.461089015007019]], [[1.378879427909851]], [[1.308722734451294]], [[1.2390779256820679]], [[1.1696491241455078]], [[1.1125423908233643]], [[1.033464789390564]], [[0.9556414484977722]], [[0.9009720683097839]], [[0.8250306248664856]], [[0.7723981142044067]], [[0.7306226491928101]], [[0.6590047478675842]], [[0.589779257774353]], [[0.5324351787567139]], [[0.47715625166893005]], [[0.432905375957489]], [[0.39047783613204956]], [[0.3269215226173401]], [[0.28309115767478943]], [[0.24322442710399628]], [[0.35506001114845276]], [[0.6621466279029846]], [[0.8821254372596741]], [[1.1968886852264404]], [[1.3909915685653687]], [[1.5058914422988892]], [[1.593119502067566]], [[1.6324927806854248]], [[1.6487888097763062]], [[1.6408145427703857]], [[1.6141607761383057]], [[1.5671743154525757]], [[1.4991458654403687]], [[1.4710787534713745]], [[1.4219043254852295]], [[1.3705031871795654]], [[1.2739126682281494]], [[1.2079511880874634]], [[1.1299868822097778]], [[1.0849391222000122]], [[1.0065429210662842]], [[0.9281060695648193]], [[0.894669234752655]], [[0.8060050010681152]], [[0.75078946352005]], [[0.6852536201477051]], [[0.6204266548156738]], [[0.5568271279335022]], [[0.493857741355896]], [[0.4326549470424652]], [[0.39259135723114014]], [[0.314246267080307]], [[0.26710397005081177]], [[0.2039034068584442]], [[0.17755520343780518]], [[0.10381116718053818]], [[0.06599009037017822]], [[0.03128670156002045]], [[0.005469948053359985]], [[0.0010000000474974513]], [[0.0010000000474974513]], [[0.0010000000474974513]], [[0.0010000000474974513]], [[0.0010000000474974513]], [[0.0010000000474974513]], [[0.0010000000474974513]], [[0.0010000000474974513]], [[0.010387934744358063]], [[0.07650870829820633]], [[0.10931680351495743]], [[0.18184420466423035]], [[0.26273873448371887]], [[0.3642517924308777]], [[0.4393181800842285]], [[0.5148328542709351]], [[0.1057400032877922]], [[0.23193013668060303]], [[0.49486392736434937]], [[0.5971598029136658]], [[0.7304515242576599]], [[0.8682693243026733]], [[0.9305554628372192]], [[0.9769268035888672]], [[1.0204741954803467]], [[1.031360149383545]], [[1.0307559967041016]], [[1.0206183195114136]], [[0.9944558143615723]], [[0.9631979465484619]], [[0.9253848195075989]], [[0.8668830394744873]], [[0.8268786072731018]], [[0.7844152450561523]], [[0.7310922145843506]], [[0.6663329601287842]], [[0.608900785446167]], [[0.5504457950592041]], [[0.4905410408973694]], [[0.46050551533699036]], [[0.39949849247932434]], [[0.32802531123161316]], [[0.2661309242248535]], [[0.19375330209732056]], [[0.14200569689273834]], [[0.06971762329339981]], [[0.03853745758533478]], [[0.0010000000474974513]], [[0.0010000000474974513]], [[0.0010000000474974513]], [[0.0010000000474974513]], [[0.0010000000474974513]], [[0.0010000000474974513]], [[0.0010000000474974513]], [[0.0010000000474974513]], [[0.0010000000474974513]], [[0.0010000000474974513]], [[0.0010000000474974513]], [[0.0010000000474974513]], [[0.0010000000474974513]], [[0.0010000000474974513]], [[0.0010000000474974513]], [[0.0010000000474974513]], [[0.0010000000474974513]], [[0.0010000000474974513]], [[0.0010000000474974513]], [[0.0010000000474974513]], [[0.0010000000474974513]], [[0.08247517049312592]], [[0.05844400078058243]], [[0.12139889597892761]], [[0.15187475085258484]], [[0.2193489521741867]], [[0.2883920669555664]], [[0.32632482051849365]], [[0.36583593487739563]], [[0.3883439600467682]], [[0.42760995030403137]], [[0.4401000142097473]], [[0.4547353684902191]], [[0.4591645300388336]], [[0.4593977928161621]], [[0.45671576261520386]], [[0.4432266652584076]], [[0.430649071931839]], [[0.41173145174980164]], [[0.3674662411212921]], [[0.33890360593795776]], [[0.3076004087924957]], [[0.2681366801261902]], [[0.2501985728740692]], [[0.21950915455818176]], [[0.16103851795196533]], [[0.12027069926261902]], [[0.07814197987318039]], [[0.03495541960000992]], [[0.0010000000474974513]], [[0.0010000000474974513]], [[0.0010000000474974513]], [[0.0010000000474974513]], [[0.0010000000474974513]], [[0.0010000000474974513]], [[0.0010000000474974513]], [[0.0010000000474974513]], [[0.0010000000474974513]], [[0.0010000000474974513]], [[0.0010000000474974513]], [[0.0010000000474974513]], [[0.0010000000474974513]], [[0.0010000000474974513]], [[0.0010000000474974513]], [[0.0010000000474974513]], [[0.0010000000474974513]], [[0.0010000000474974513]], 