{"vc": [[-0.10676325857639313, 0.0, 0.0], [0.0, -0.091776542365551, 0.09193795919418335], [-0.040507908910512924, 0.32420945167541504, -0.32408326864242554], [-0.13724055886268616, 0.0, 0.0], [0.0, 0.0, 0.0], [0.0, 0.0, 0.0], [0.0, 0.020878957584500313, -0.020724833011627197], [0.0, 0.0, 0.0], [0.0, 0.0, 0.0], [0.42474818229675293, 0.0, 0.0]], "true_y1": [[[0.4006600081920624]], [[22.57431983947754]], [[26.64185333251953]], [[38.50123977661133]], [[49.03000259399414]], [[58.28764343261719]], [[60.88542175292969]], [[70.64288330078125]], [[76.43524169921875]], [[82.53082275390625]], [[86.03880310058594]], [[87.98434448242188]], [[89.64190673828125]], [[91.06409454345703]], [[93.79513549804688]], [[95.31867980957031]], [[96.43035125732422]], [[97.41178894042969]], [[97.96439361572266]], [[98.74172973632812]], [[99.10682678222656]], [[99.2664794921875]], [[99.39827728271484]], [[99.42928314208984]], [[99.45638275146484]], [[99.45903015136719]], [[99.45475769042969]], [[99.4354019165039]], [[99.4108657836914]], [[99.38619232177734]], [[99.34085083007812]], [[99.31608581542969]], [[99.27005767822266]], [[99.24275970458984]], [[99.19287109375]], [[99.1485366821289]], [[99.10311889648438]], [[99.06448364257812]], [[99.0093002319336]], [[98.94493103027344]], [[98.91229248046875]], [[1.0533000230789185]], [[10.10434627532959]], [[15.972618103027344]], [[24.471818923950195]], [[32.34718322753906]], [[37.170005798339844]], [[43.912288665771484]], [[51.65886688232422]], [[56.55609893798828]], [[62.0842170715332]], [[63.243431091308594]], [[65.4487075805664]], [[70.64561462402344]], [[71.32172393798828]], [[73.68964385986328]], [[74.66295623779297]], [[75.9061279296875]], [[77.22927856445312]], [[78.654052734375]], [[80.33694458007812]], [[80.6195068359375]], [[80.99755859375]], [[81.16468048095703]], [[81.26606750488281]], [[81.32001495361328]], [[81.3388671875]], [[81.33808898925781]], [[81.32252502441406]], [[81.28366088867188]], [[81.23844146728516]], [[80.83905792236328]], [[80.77489471435547]], [[80.68255615234375]], [[80.60125732421875]], [[80.53246307373047]], [[80.43407440185547]], [[1.104699969291687]], [[5.530423641204834]], [[12.105257034301758]], [[20.51987075805664]], [[22.465330123901367]], [[30.021400451660156]], [[33.46005630493164]], [[39.829559326171875]], [[42.64195251464844]], [[45.27644729614258]], [[49.94068908691406]], [[53.847991943359375]], [[55.54554748535156]], [[57.778419494628906]], [[59.08695602416992]], [[61.35728073120117]], [[63.182926177978516]], [[65.56600952148438]], [[66.09407806396484]], [[66.99382781982422]], [[67.87184143066406]], [[69.0421142578125]], [[69.48638916015625]], [[69.88458251953125]], [[70.02423095703125]], [[70.17675018310547]], [[70.30282592773438]], [[70.34888458251953]], [[70.37908935546875]], [[70.38756561279297]], [[70.38013458251953]], [[70.3550033569336]], [[70.33464813232422]], [[70.29007720947266]], [[70.26808166503906]], [[70.18494415283203]], [[70.10964965820312]], [[70.01778411865234]], [[69.96407318115234]], [[0.6033599972724915]], [[10.277463912963867]], [[15.840293884277344]], [[22.913681030273438]], [[26.217208862304688]], [[29.388652801513672]], [[35.258670806884766]], [[39.230037689208984]], [[42.816349029541016]], [[46.031429290771484]], [[48.898712158203125]], [[51.43731689453125]], [[52.95841598510742]], [[55.64284133911133]], [[57.35490036010742]], [[59.75122833251953]], [[62.59965133666992]], [[63.67296600341797]], [[64.56644439697266]], [[65.47684478759766]], [[66.45396423339844]], [[66.99166107177734]], [[67.65354919433594]], [[68.02911376953125]], [[68.1859359741211]], [[68.49319458007812]], [[68.70346069335938]], [[68.87628173828125]], [[69.02079772949219]], [[69.12310791015625]], [[69.24519348144531]], [[69.34781646728516]], [[69.41169738769531]], [[69.49153900146484]], [[69.54196166992188]], [[69.57965850830078]], [[69.64042663574219]], [[69.69563293457031]], [[69.73955535888672]], [[69.78097534179688]], [[69.81389617919922]], [[69.84561157226562]], [[69.894287109375]], [[69.92955780029297]], [[69.96385192871094]], [[0.35506001114845276]], [[8.167600631713867]], [[14.23226547241211]], [[24.11128807067871]], [[31.54203224182129]], [[37.010345458984375]], [[42.54304122924805]], [[46.38298797607422]], [[51.28961181640625]], [[53.233463287353516]], [[55.667911529541016]], [[57.871028900146484]], [[59.77298355102539]], [[60.34977340698242]], [[61.18443298339844]], [[61.88581466674805]], [[62.89371871948242]], [[63.42503356933594]], [[63.94184875488281]], [[64.19881439208984]], [[64.59062957763672]], [[64.92820739746094]], [[65.0591049194336]], [[65.37673950195312]], [[65.55713653564453]], [[65.7579574584961]], [[65.94551086425781]], [[66.12146759033203]], [[66.2900619506836]], [[66.45047760009766]], [[66.55450439453125]], [[66.75785827636719]], [[66.88159942626953]], [[67.0513916015625]], [[67.12422180175781]], [[67.33830261230469]], [[67.4568862915039]], [[67.57398986816406]], [[67.66858673095703]], [[67.92733764648438]], [[68.02108764648438]], [[68.1392822265625]], [[68.30516815185547]], [[68.44820404052734]], [[68.56838989257812]], [[68.68814849853516]], [[68.88252258300781]], [[69.05339813232422]], [[69.2261734008789]], [[69.3006362915039]], [[69.4498062133789]], [[69.60069274902344]], [[69.77812957763672]], [[69.90596008300781]], [[70.03504180908203]], [[0.1057400032877922]], [[4.137651443481445]], [[12.984654426574707]], [[16.70775032043457]], [[21.976760864257812]], [[28.31982421875]], [[31.799800872802734]], [[34.96595001220703]], [[39.325828552246094]], [[41.64602279663086]], [[44.07179641723633]], [[45.834224700927734]], [[47.94987487792969]], [[49.48260498046875]], [[50.80781555175781]], [[52.31261444091797]], [[53.12269592285156]], [[53.8573112487793]], [[54.64896774291992]], [[55.47031784057617]], [[56.105674743652344]], [[56.685707092285156]], [[57.22663116455078]], [[57.48139190673828]], [[57.97135925292969]], [[58.50759506225586]], [[58.946563720703125]], [[59.43733215332031]], [[59.77687072753906]], [[60.23973083496094]], [[60.43635559082031]], [[60.88462448120117]], [[61.32691192626953]], [[61.640499114990234]], [[62.14032745361328]], [[62.38747024536133]], [[62.75967788696289]], [[63.13218688964844]], [[63.56835174560547]], [[63.943511962890625]], [[64.19527435302734]], [[64.827392578125]], [[65.14733123779297]], [[65.79116821289062]], [[65.85598754882812]], [[66.31257629394531]], [[67.04168701171875]], [[67.24250030517578]], [[67.78157043457031]], [[68.19041442871094]], [[68.5356216430664]], [[68.88211822509766]], [[69.44215393066406]], [[0.05844400078058243]], [[3.663477897644043]], [[5.449904918670654]], [[9.549166679382324]], [[14.058866500854492]], [[16.755550384521484]], [[19.837207794189453]], [[21.788057327270508]], [[25.860631942749023]], [[27.534563064575195]], [[30.25009536743164]], [[31.685871124267578]], [[34.63233947753906]], [[35.520172119140625]], [[37.7387809753418]], [[38.99122619628906]], [[40.38209533691406]], [[42.65917205810547]], [[43.7695426940918]], [[44.80448913574219]], [[45.92646408081055]], [[46.386619567871094]], [[47.11812210083008]], [[48.36259078979492]], [[49.144161224365234]], [[49.89647674560547]], [[50.621700286865234]], [[51.32748794555664]], [[52.014183044433594]], [[52.7969856262207]], [[53.127193450927734]], [[53.99860382080078]], [[54.74778366088867]], [[55.27996063232422]], [[55.91522979736328]], [[56.44379806518555]], [[57.07495880126953]], [[57.813682556152344]], [[58.448265075683594]], [[59.08171463012695]], [[59.61396408081055]], [[60.36137771606445]], [[61.54720687866211]], [[62.200706481933594]], [[62.85650634765625]], [[63.73940658569336]], [[64.07504272460938]], [[64.7454833984375]], [[65.4232406616211]], [[66.33305358886719]], [[66.67739868164062]], [[67.48637390136719]]]}