{"vc": [[0.06824877858161926, 0.0, 0.0], [0.0, 0.0, 0.0], [0.06841567158699036, -0.05212846398353577, 0.0519842691719532], [0.3530850410461426, 0.0, 0.0], [0.0, 0.0, 0.0], [0.0, 0.0, 0.0], [0.0, 0.0009419413981959224, 0.0], [0.0, 0.0, 0.0], [0.0, 0.0, 0.0], [1.053636908531189, 0.0, 0.0]], "true_y1": [[[0.4006600081920624]], [[58.499961853027344]], [[69.68809509277344]], [[104.14863586425781]], [[138.21304321289062]], [[172.53392028808594]], [[183.21600341796875]], [[229.54623413085938]], [[264.05511474609375]], [[310.43768310546875]], [[345.10174560546875]], [[368.4165954589844]], [[391.6405334472656]], [[414.96923828125]], [[473.923583984375]], [[521.2591552734375]], [[568.8284912109375]], [[628.6936645507812]], [[676.7281494140625]], [[786.5703125]], [[886.00732421875]], [[961.6935424804688]], [[1078.1380615234375]], [[1131.13232421875]], [[1225.782958984375]], [[1323.3260498046875]], [[1366.0546875]], [[1468.7137451171875]], [[1559.97900390625]], [[1638.891357421875]], [[1770.8050537109375]], [[1839.6981201171875]], [[1965.935546875]], [[2040.8648681640625]], [[2179.834716796875]], [[2307.00146484375]], [[2442.144775390625]], [[2561.854248046875]], [[2741.8515625]], [[2967.6015625]], [[3089.589111328125]], [[1.0533000230789185]], [[24.708003997802734]], [[40.4542121887207]], [[64.27620697021484]], [[88.00556945800781]], [[103.68030548095703]], [[127.65962982177734]], [[159.57521057128906]], [[183.42864990234375]], [[215.83096313476562]], [[223.6677703857422]], [[239.9345245361328]], [[288.66259765625]], [[296.605712890625]], [[329.1997985839844]], [[345.538818359375]], [[370.1484375]], [[403.22503662109375]], [[452.96051025390625]], [[562.3491821289062]], [[596.3209228515625]], [[665.5743408203125]], [[718.1856689453125]], [[771.8694458007812]], [[826.1961669921875]], [[872.3785400390625]], [[928.964599609375]], [[977.103271484375]], [[1046.194091796875]], [[1107.0230712890625]], [[1519.5013427734375]], [[1585.2066650390625]], [[1681.6514892578125]], [[1769.1146240234375]], [[1845.4473876953125]], [[1959.0206298828125]], [[1.104699969291687]], [[12.713977813720703]], [[30.328458786010742]], [[54.002586364746094]], [[59.73954391479492]], [[83.37777709960938]], [[95.06514739990234]], [[118.92560577392578]], [[130.67735290527344]], [[142.58531188964844]], [[166.50730895996094]], [[190.55348205566406]], [[202.64373779296875]], [[220.66041564941406]], [[232.66506958007812]], [[257.0348205566406]], [[281.3580627441406]], [[324.16973876953125]], [[336.43121337890625]], [[361.1268615722656]], [[392.1805419921875]], [[455.06353759765625]], [[493.25048828125]], [[544.803955078125]], [[571.104736328125]], [[610.7467651367188]], [[664.4688720703125]], [[698.8397216796875]], [[740.9510498046875]], [[790.8994750976562]], [[827.2794799804688]], [[879.7300415039062]], [[910.067138671875]], [[964.9503784179688]], [[989.0772094726562]], [[1072.189697265625]], [[1142.13525390625]], [[1225.0849609375]], [[1273.359130859375]], [[0.6033599972724915]], [[26.24639320373535]], [[41.54319763183594]], [[62.05915832519531]], [[72.2235336303711]], [[82.44547271728516]], [[102.93672180175781]], [[118.35450744628906]], [[133.76560974121094]], [[149.18423461914062]], [[164.6413116455078]], [[180.1201171875]], [[190.43997192382812]], [[211.20602416992188]], [[226.72450256347656]], [[252.81773376464844]], [[294.7864990234375]], [[315.8800048828125]], [[337.0752868652344]], [[363.6845397949219]], [[401.16845703125]], [[428.1550598144531]], [[471.97784423828125]], [[505.2934265136719]], [[521.9688110351562]], [[561.4627685546875]], [[595.8484497070312]], [[630.7476196289062]], [[666.4307250976562]], [[696.5485229492188]], [[739.5711669921875]], [[783.642333984375]], [[815.7919921875]], [[862.3517456054688]], [[896.116455078125]], [[923.918701171875]], [[973.9771118164062]], [[1025.8021240234375]], [[1071.8974609375]], [[1119.7156982421875]], [[1160.96142578125]], [[1203.5987548828125]], [[1274.953125]], [[1331.446044921875]], [[1390.529296875]], [[0.35506001114845276]], [[21.104516983032227]], [[37.73292541503906]], [[66.86514282226562]], [[91.7224349975586]], [[112.74529266357422]], [[137.80252075195312]], [[158.67642211914062]], [[192.32237243652344]], [[209.09017944335938]], [[234.5644073486328]], [[264.28717041015625]], [[298.5953063964844]], [[311.46356201171875]], [[333.0308837890625]], [[354.7216491699219]], [[394.2529296875]], [[420.8526611328125]], [[452.2605285644531]], [[470.4949645996094]], [[502.53204345703125]], [[535.138427734375]], [[549.2511596679688]], [[587.4266967773438]], [[611.8466186523438]], [[641.5956420898438]], [[671.97216796875]], [[702.849365234375]], [[734.6571044921875]], [[766.9711303710938]], [[788.9998779296875]], [[834.50927734375]], [[863.784423828125]], [[905.9092407226562]], [[924.6735229492188]], [[982.2833251953125]], [[1015.796630859375]], [[1050.04345703125]], [[1078.5654296875]], [[1160.68017578125]], [[1191.98876953125]], [[1232.7152099609375]], [[1292.3621826171875]], [[1346.2784423828125]], [[1393.48681640625]], [[1442.3692626953125]], [[1525.922119140625]], [[1604.0694580078125]], [[1688.0054931640625]], [[1725.827880859375]], [[1804.8135986328125]], [[1889.396240234375]], [[1995.484619140625]], [[2076.765869140625]], [[2163.339111328125]], [[0.1057400032877922]], [[10.90760326385498]], [[35.2723274230957]], [[46.07146072387695]], [[62.29249572753906]], [[84.03754425048828]], [[97.5064926147461]], [[111.12489318847656]], [[132.9044189453125]], [[146.51524353027344]], [[162.88812255859375]], [[176.61895751953125]], [[195.89015197753906]], [[212.4081573486328]], [[229.01449584960938]], [[251.33657836914062]], [[265.3016052246094]], [[279.4178161621094]], [[296.4455871582031]], [[316.4376525878906]], [[333.76641845703125]], [[351.1696472167969]], [[368.8710021972656]], [[377.7237243652344]], [[395.7077331542969]], [[416.8587951660156]], [[435.3191223144531]], [[457.16046142578125]], [[472.99505615234375]], [[495.499267578125]], [[505.368896484375]], [[528.5333862304688]], [[552.2576293945312]], [[569.5800170898438]], [[598.020751953125]], [[612.451904296875]], [[634.6390991210938]], [[657.3878173828125]], [[684.718505859375]], [[708.8355102539062]], [[725.3432006835938]], [[767.976806640625]], [[790.2303466796875]], [[836.4796142578125]], [[841.2496948242188]], [[875.4706420898438]], [[932.5216674804688]], [[948.7918701171875]], [[993.7529296875]], [[1029.1790771484375]], [[1060.045654296875]], [[1091.9603271484375]], [[1145.6591796875]], [[0.05844400078058243]], [[9.939019203186035]], [[14.876007080078125]], [[26.40098762512207]], [[39.586788177490234]], [[47.84862518310547]], [[57.76401901245117]], [[64.36874389648438]], [[79.22564697265625]], [[85.85716247558594]], [[97.45210266113281]], [[104.0841293334961]], [[119.06061553955078]], [[124.0023422241211]], [[137.4186248779297]], [[145.77667236328125]], [[155.84420776367188]], [[174.4452667236328]], [[184.6324920654297]], [[194.880859375]], [[206.88571166992188]], [[212.09474182128906]], [[220.73214721679688]], [[236.46534729003906]], [[247.02906799316406]], [[257.6959228515625]], [[268.4350891113281]], [[279.3050537109375]], [[290.2624206542969]], [[303.18951416015625]], [[308.7751770019531]], [[323.8717346191406]], [[337.2385559082031]], [[346.9367370605469]], [[358.7215270996094]], [[368.69110107421875]], [[380.78216552734375]], [[395.1815185546875]], [[407.7577209472656]], [[420.49859619140625]], [[431.3476867675781]], [[446.80523681640625]], [[471.8757019042969]], [[485.989013671875]], [[500.3746337890625]], [[520.1122436523438]], [[527.7322998046875]], [[543.15576171875]], [[559.0343627929688]], [[580.83251953125]], [[589.2352294921875]], [[609.3252563476562]]]}