{"vc": [[-0.13471587002277374, 0.0, 0.0], [0.0, -0.1716790646314621, 0.17197614908218384], [-0.06544975191354752, 0.34401652216911316, -0.3439423441886902], [-0.24095141887664795, 0.0, 0.0], [0.0, 0.0, 0.0], [0.0, 0.0, 0.0], [0.0, 0.038749560713768005, -0.03876981511712074], [0.0, 0.0, 0.0], [0.0, 0.0, 0.0], [0.26629650592803955, 0.0, 0.0]], "true_y1": [[[0.4006600081920624]], [[13.821439743041992]], [[16.26299476623535]], [[23.318876266479492]], [[29.47833251953125]], [[34.783939361572266]], [[36.25000762939453]], [[41.64665222167969]], [[44.74958801269531]], [[47.90666961669922]], [[49.65700912475586]], [[50.60011672973633]], [[51.38405227661133]], [[52.03901290893555]], [[53.23355484008789]], [[53.844383239746094]], [[54.24617385864258]], [[54.546016693115234]], [[54.67360305786133]], [[54.738426208496094]], [[54.644813537597656]], [[54.523170471191406]], [[54.29119110107422]], [[54.1754035949707]], [[53.96055603027344]], [[53.73432159423828]], [[53.634944915771484]], [[53.397647857666016]], [[53.190128326416016]], [[53.01435089111328]], [[52.72957229614258]], [[52.58578109741211]], [[52.33159255981445]], [[52.18650436401367]], [[51.9288215637207]], [[51.705787658691406]], [[51.481658935546875]], [[51.29372787475586]], [[51.028770446777344]], [[50.723976135253906]], [[50.57091522216797]], [[1.0533000230789185]], [[6.496573448181152]], [[10.007043838500977]], [[15.051189422607422]], [[19.6672306060791]], [[22.458797454833984]], [[26.305866241455078]], [[30.627161026000977]], [[33.29079055786133]], [[36.21657180786133]], [[36.816993713378906]], [[37.94438552856445]], [[40.50539016723633]], [[40.8259391784668]], [[41.91677474975586]], [[42.34730529785156]], [[42.87675476074219]], [[43.40579605102539]], [[43.91151809692383]], [[44.30556869506836]], [[44.31348419189453]], [[44.23957824707031]], [[44.13083267211914]], [[43.99125289916992]], [[43.83125305175781]], [[43.685821533203125]], [[43.50051498413086]], [[43.339420318603516]], [[43.10615921020508]], [[42.901206970214844]], [[41.606544494628906]], [[41.42135238647461]], [[41.16068649291992]], [[40.93565368652344]], [[40.747867584228516]], [[40.48278045654297]], [[1.104699969291687]], [[3.749135971069336]], [[7.660512924194336]], [[12.621011734008789]], [[13.758337020874023]], [[18.132022857666016]], [[20.09529685974121]], [[23.676313400268555]], [[25.230512619018555]], [[26.668874740600586]], [[29.167016983032227]], [[31.201923370361328]], [[32.065799713134766]], [[33.17943572998047]], [[33.81803512573242]], [[34.895503997802734]], [[35.72574234008789]], [[36.73640060424805]], [[36.94379806518555]], [[37.2762336730957]], [[37.56437301635742]], [[37.84406280517578]], [[37.88448715209961]], [[37.84461975097656]], [[37.79545974731445]], [[37.69605255126953]], [[37.52781677246094]], [[37.40679931640625]], [[37.249412536621094]], [[37.05459213256836]], [[36.90957260131836]], [[36.69864273071289]], [[36.57658386230469]], [[36.357139587402344]], [[36.261592864990234]], [[35.93859100341797]], [[35.67573165893555]], [[35.37620162963867]], [[35.208335876464844]], [[0.6033599972724915]], [[6.358898162841797]], [[9.646808624267578]], [[13.790546417236328]], [[15.707358360290527]], [[17.534061431884766]], [[20.87379264831543]], [[23.097013473510742]], [[25.074434280395508]], [[26.818567276000977]], [[28.347335815429688]], [[29.676240921020508]], [[30.45969009399414]], [[31.81461524963379]], [[32.6567497253418]], [[33.79865264892578]], [[35.07717514038086]], [[35.52571487426758]], [[35.87834548950195]], [[36.21073913574219]], [[36.52228546142578]], [[36.663002014160156]], [[36.78709411621094]], [[36.819557189941406]], [[36.820987701416016]], [[36.794456481933594]], [[36.745262145996094]], [[36.677467346191406]], [[36.59457015991211]], [[36.51674270629883]], [[36.39667510986328]], [[36.26631164550781]], [[36.1682014465332]], [[36.023529052734375]], [[35.91768264770508]], [[35.830406188964844]], [[35.67382049560547]], [[35.51346969604492]], [[35.373077392578125]], [[35.23016357421875]], [[35.109397888183594]], [[34.9871711730957]], [[34.788875579833984]], [[34.63759231567383]], [[34.484825134277344]], [[0.35506001114845276]], [[4.980923652648926]], [[8.552579879760742]], [[14.303977012634277]], [[18.547182083129883]], [[21.60562515258789]], [[24.62694549560547]], [[26.668495178222656]], [[29.1888370513916]], [[30.151260375976562]], [[31.317243576049805]], [[32.321414947509766]], [[33.13058090209961]], [[33.36092758178711]], [[33.677345275878906]], [[33.92354202270508]], [[34.233211517333984]], [[34.367156982421875]], [[34.470211029052734]], [[34.50883865356445]], [[34.547786712646484]], [[34.558258056640625]], [[34.55567932128906]], [[34.5321044921875]], [[34.50694274902344]], [[34.46826934814453]], [[34.421749114990234]], [[34.36897277832031]], [[34.31031036376953]], [[34.24747848510742]], [[34.203285217285156]], [[34.10968017578125]], [[34.0484619140625]], [[33.959815979003906]], [[33.92030334472656]], [[33.79962158203125]], [[33.73020553588867]], [[33.66010284423828]], [[33.60246658325195]], [[33.44084930419922]], [[33.38105773925781]], [[33.30487060546875]], [[33.196590423583984]], [[33.10211181640625]], [[33.02201843261719]], [[32.94163131713867]], [[32.81005859375]], [[32.69337844848633]], [[32.57454299926758]], [[32.5230827331543]], [[32.41957473754883]], [[32.31434631347656]], [[32.18996047973633]], [[32.099945068359375]], [[32.00872802734375]], [[0.1057400032877922]], [[2.461178779602051]], [[7.607814311981201]], [[9.75688362121582]], [[12.771785736083984]], [[16.34519386291504]], [[18.27158546447754]], [[19.99794578552246]], [[22.32478904724121]], [[23.533952713012695]], [[24.771438598632812]], [[25.65009880065918]], [[26.677154541015625]], [[27.39820671081543]], [[28.002450942993164]], [[28.662038803100586]], [[29.003026962280273]], [[29.302204132080078]], [[29.612451553344727]], [[29.91922378540039]], [[30.144742965698242]], [[30.340850830078125]], [[30.514842987060547]], [[30.593725204467773]], [[30.739845275878906]], [[30.891366958618164]], [[31.009029388427734]], [[31.134109497070312]], [[31.21689796447754]], [[31.325220108032227]], [[31.36977195739746]], [[31.468395233154297]], [[31.562114715576172]], [[31.626680374145508]], [[31.726837158203125]], [[31.77527618408203]], [[31.847076416015625]], [[31.917741775512695]], [[31.99922752380371]], [[32.06842803955078]], [[32.11448669433594]], [[32.22905731201172]], [[32.286590576171875]], [[32.40171432495117]], [[32.41326904296875]], [[32.4945068359375]], [[32.6239128112793]], [[32.65951919555664]], [[32.75510025024414]], [[32.82762908935547]], [[32.888919830322266]], [[32.950504302978516]], [[33.05022430419922]], [[0.05844400078058243]], [[2.115628719329834]], [[3.1337943077087402]], [[5.464394569396973]], [[8.014086723327637]], [[9.528664588928223]], [[11.247538566589355]], [[12.327876091003418]], [[14.559661865234375]], [[15.466257095336914]], [[16.92135238647461]], [[17.681957244873047]], [[19.221071243286133]], [[19.678455352783203]], [[20.806781768798828]], [[21.43362045288086]], [[22.120248794555664]], [[23.22044563293457]], [[23.745084762573242]], [[24.226518630981445]], [[24.73978614807129]], [[24.947614669799805]], [[25.274736404418945]], [[25.822017669677734]], [[26.159849166870117]], [[26.480880737304688]], [[26.786666870117188]], [[27.080989837646484]], [[27.364484786987305]], [[27.68453598022461]], [[27.81863784790039]], [[28.170263290405273]], [[28.470293045043945]], [[28.682361602783203]], [[28.934566497802734]], [[29.143770217895508]], [[29.39298439025879]], [[29.684078216552734]], [[29.933815002441406]], [[30.18297004699707]], [[30.392311096191406]], [[30.68640899658203]], [[31.153697967529297]], [[31.4117488861084]], [[31.671188354492188]], [[32.02134704589844]], [[32.15475082397461]], [[32.42174530029297]], [[32.692386627197266]], [[33.05692672729492]], [[33.195281982421875]], [[33.521175384521484]]]}