{"vc": [[-0.09180216491222382, 0.0, 0.0], [0.0, -0.0704856812953949, 0.07054293155670166], [-0.027782544493675232, 0.313405841588974, -0.3133986294269562], [-0.08312851935625076, 0.0, 0.0], [0.0, 0.0, 0.0], [0.0, 0.0, 0.0], [0.0, 0.0164383202791214, -0.016369054093956947], [0.0, 0.0, 0.0], [0.0, 0.0, 0.0], [0.5049819350242615, 0.0, 0.0]], "true_y1": [[[0.4006600081920624]], [[27.01546287536621]], [[31.910221099853516]], [[46.22105026245117]], [[58.993385314941406]], [[70.29584503173828]], [[73.48249053955078]], [[85.52545166015625]], [[92.7421646118164]], [[100.40855407714844]], [[104.86344146728516]], [[107.35123443603516]], [[109.48236846923828]], [[111.32090759277344]], [[114.88495635986328]], [[116.90017700195312]], [[118.39002227783203]], [[119.72794342041016]], [[120.49752044677734]], [[121.62405395507812]], [[122.2005386352539]], [[122.48368072509766]], [[122.76850128173828]], [[122.85938262939453]], [[122.98328399658203]], [[123.07582092285156]], [[123.10853576660156]], [[123.17333221435547]], [[123.21898651123047]], [[123.25206756591797]], [[123.29805755615234]], [[123.31866455078125]], [[123.35202026367188]], [[123.36969757080078]], [[123.39928436279297]], [[123.42346954345703]], [[123.44678497314453]], [[123.46574401855469]], [[123.49176025390625]], [[123.5208969116211]], [[123.5352783203125]], [[1.0533000230789185]], [[11.934001922607422]], [[18.999305725097656]], [[29.256052017211914]], [[38.79505157470703]], [[44.658447265625]], [[52.8902587890625]], [[62.41096496582031]], [[68.47337341308594]], [[75.36837005615234]], [[76.82246398925781]], [[79.5979232788086]], [[86.19605255126953]], [[87.06175231933594]], [[90.11093139648438]], [[91.37357330322266]], [[92.99638366699219]], [[94.73971557617188]], [[96.64491271972656]], [[98.97769165039062]], [[99.39218139648438]], [[99.97978973388672]], [[100.2695083618164]], [[100.47452545166016]], [[100.61792755126953]], [[100.70401763916016]], [[100.77751922607422]], [[100.81978607177734]], [[100.85742950439453]], [[100.8746566772461]], [[100.82540130615234]], [[100.80896759033203]], [[100.78340148925781]], [[100.75951385498047]], [[100.7385482788086]], [[100.7076644897461]], [[1.104699969291687]], [[6.43384313583374]], [[14.360518455505371]], [[24.53148651123047]], [[26.888614654541016]], [[36.069557189941406]], [[40.26396179199219]], [[48.067081451416016]], [[51.528900146484375]], [[54.78241729736328]], [[60.57194137573242]], [[65.45645141601562]], [[67.59034729003906]], [[70.41000366210938]], [[72.07014465332031]], [[74.96663665771484]], [[77.3139877319336]], [[80.41194915771484]], [[81.10560607910156]], [[82.29606628417969]], [[83.47206115722656]], [[85.07890319824219]], [[85.71320343017578]], [[86.30977630615234]], [[86.53205871582031]], [[86.79196166992188]], [[87.03936004638672]], [[87.15245819091797]], [[87.25655364990234]], [[87.34375]], [[87.38896942138672]], [[87.43437957763672]], [[87.45245361328125]], [[87.47380065917969]], [[87.4795150756836]], [[87.48686981201172]], [[87.482666015625]], [[87.47007751464844]], [[87.46026611328125]], [[0.6033599972724915]], [[12.265503883361816]], [[18.983829498291016]], [[27.547794342041016]], [[31.55820083618164]], [[35.41613006591797]], [[42.580997467041016]], [[47.449703216552734]], [[51.86405944824219]], [[55.83806228637695]], [[59.39743423461914]], [[62.56256103515625]], [[64.46604919433594]], [[67.83988952636719]], [[70.00272369384766]], [[73.04735565185547]], [[76.70006561279297]], [[78.08917236328125]], [[79.25277709960938]], [[80.44722747802734]], [[81.74315643310547]], [[82.46539306640625]], [[83.36861419677734]], [[83.89197540283203]], [[84.11398315429688]], [[84.557373046875]], [[84.86976623535156]], [[85.13449096679688]], [[85.363525390625]], [[85.53130340576172]], [[85.73956298828125]], [[85.92339324951172]], [[86.04290771484375]], [[86.19891357421875]], [[86.30181884765625]], [[86.38123321533203]], [[86.51411437988281]], [[86.64041900634766]], [[86.74490356445312]], [[86.84676361083984]], [[86.93001556396484]], [[87.01213073730469]], [[87.14169311523438]], [[87.23812866210938]], [[87.3338623046875]], [[0.35506001114845276]], [[9.784307479858398]], [[17.114646911621094]], [[29.092361450195312]], [[38.14778518676758]], [[44.847251892089844]], [[51.66539001464844]], [[56.426639556884766]], [[62.55400848388672]], [[64.99781799316406]], [[68.07432556152344]], [[70.87677001953125]], [[73.31378936767578]], [[74.056884765625]], [[75.13632202148438]], [[76.04788208007812]], [[77.3671646118164]], [[78.0685043334961]], [[78.7559814453125]], [[79.10020446777344]], [[79.62882995605469]], [[80.0886001586914]], [[80.26811218261719]], [[80.7069091796875]], [[80.95829010009766]], [[81.24008178710938]], [[81.50516510009766]], [[81.7555160522461]], [[81.99687194824219]], [[82.22779846191406]], [[82.378173828125]], [[82.67346954345703]], [[82.85394287109375]], [[83.10247039794922]], [[83.20935821533203]], [[83.52446746826172]], [[83.69954681396484]], [[83.87277221679688]], [[84.01293182373047]], [[84.39724731445312]], [[84.53680419921875]], [[84.71297454833984]], [[84.96061706542969]], [[85.17449951171875]], [[85.35445404052734]], [[85.53397369384766]], [[85.82575988769531]], [[86.08268737792969]], [[86.34284973144531]], [[86.45509338378906]], [[86.68014526367188]], [[86.90805053710938]], [[87.17639923095703]], [[87.36994171142578]], [[87.56555938720703]], [[0.1057400032877922]], [[4.988332271575928]], [[15.712308883666992]], [[20.233150482177734]], [[26.643417358398438]], [[34.3858757019043]], [[38.64863204956055]], [[42.53805923461914]], [[47.913753509521484]], [[50.78497314453125]], [[53.79524612426758]], [[55.98793029785156]], [[58.626319885253906]], [[60.54185485839844]], [[62.20054626464844]], [[64.0863037109375]], [[65.1021499633789]], [[66.02355194091797]], [[67.01643371582031]], [[68.04615020751953]], [[68.84211730957031]], [[69.56812286376953]], [[70.24443817138672]], [[70.56267547607422]], [[71.17412567138672]], [[71.8423080444336]], [[72.38843536376953]], [[72.998046875]], [[73.41920471191406]], [[73.9925308227539]], [[74.23580932617188]], [[74.78986358642578]], [[75.33578491210938]], [[75.72244262695312]], [[76.3381118774414]], [[76.64228057861328]], [[77.10009002685547]], [[77.5579833984375]], [[78.09381866455078]], [[78.55449676513672]], [[78.86356353759766]], [[79.63932037353516]], [[80.0318832397461]], [[80.82177734375]], [[80.90129852294922]], [[81.46145629882812]], [[82.35604858398438]], [[82.60247039794922]], [[83.26407623291016]], [[83.76596069335938]], [[84.18981170654297]], [[84.61532592773438]], [[85.30327606201172]], [[0.05844400078058243]], [[4.449237823486328]], [[6.625415802001953]], [[11.620524406433105]], [[17.11922836303711]], [[20.409626007080078]], [[24.172334671020508]], [[26.555912017822266]], [[31.536148071289062]], [[33.584869384765625]], [[36.91041946411133]], [[38.66961669921875]], [[42.281131744384766]], [[43.3695182800293]], [[46.08897018432617]], [[47.623531341552734]], [[49.32665252685547]], [[52.110992431640625]], [[53.4660758972168]], [[54.72698974609375]], [[56.09110641479492]], [[56.649593353271484]], [[57.536102294921875]], [[59.04020309448242]], [[59.981956481933594]], [[60.88621139526367]], [[61.755741119384766]], [[62.599891662597656]], [[63.419246673583984]], [[64.35095977783203]], [[64.7432632446289]], [[65.77658081054688]], [[66.6628189086914]], [[67.291259765625]], [[68.04034423828125]], [[68.66278076171875]], [[69.40514373779297]], [[70.27294921875]], [[71.01763153076172]], [[71.7603759765625]], [[72.38407135009766]], [[73.25941467285156]], [[74.64738464355469]], [[75.41201782226562]], [[76.17925262451172]], [[77.21215057373047]], [[77.6048355102539]], [[78.3893051147461]], [[79.18247985839844]], [[80.24754333496094]], [[80.65076446533203]], [[81.59832763671875]]]}