{"vc": [[-0.1205785721540451, 0.0, 0.0], [0.0, -0.12039822340011597, 0.1202782467007637], [-0.05296121910214424, 0.33543825149536133, -0.3354622721672058], [-0.18745632469654083, 0.0, 0.0], [0.0, 0.0, 0.0], [0.0, 0.0, 0.0], [0.0, 0.026746969670057297, -0.027007676661014557], [0.0, 0.0, 0.0], [0.0, 0.0, 0.0], [0.34886419773101807, 0.0, 0.0]], "true_y1": [[[0.4006600081920624]], [[18.378421783447266]], [[21.66536521911621]], [[31.21495819091797]], [[39.63620376586914]], [[46.98052978515625]], [[49.02894592285156]], [[56.662506103515625]], [[61.138816833496094]], [[65.7906494140625]], [[68.43226623535156]], [[69.8829116821289]], [[71.10885620117188]], [[72.15190124511719]], [[74.12437438964844]], [[75.19896697998047]], [[75.96351623535156]], [[76.61481475830078]], [[76.96410369873047]], [[77.40776062011719]], [[77.56498718261719]], [[77.60060119628906]], [[77.57612609863281]], [[77.54535675048828]], [[77.47211456298828]], [[77.38137817382812]], [[77.33869934082031]], [[77.23211669921875]], [[77.13511657714844]], [[77.05107879638672]], [[76.91246032714844]], [[76.84165954589844]], [[76.71560668945312]], [[76.6432876586914]], [[76.51439666748047]], [[76.40252685546875]], [[76.28993225097656]], [[76.19544219970703]], [[76.06214904785156]], [[75.90878295898438]], [[75.8317642211914]], [[1.0533000230789185]], [[8.375284194946289]], [[13.112725257873535]], [[19.952756881713867]], [[26.25969696044922]], [[30.102981567382812]], [[35.44573974609375]], [[41.530513763427734]], [[45.34002685546875]], [[49.59638977050781]], [[50.481876373291016]], [[52.158512115478516]], [[56.05949020385742]], [[56.56052780151367]], [[58.29945755004883]], [[59.00552749633789]], [[59.897640228271484]], [[60.831153869628906]], [[61.80757522583008]], [[62.87256622314453]], [[63.026546478271484]], [[63.196773529052734]], [[63.23982238769531]], [[63.234771728515625]], [[63.19575500488281]], [[63.14417266845703]], [[63.065189361572266]], [[62.988555908203125]], [[62.86885070800781]], [[62.75774002075195]], [[61.99441146850586]], [[61.881500244140625]], [[61.72142791748047]], [[61.58231735229492]], [[61.46566390991211]], [[61.300193786621094]], [[1.104699969291687]], [[4.676723480224609]], [[9.974315643310547]], [[16.73021697998047]], [[18.287080764770508]], [[24.31040382385254]], [[27.036895751953125]], [[32.05717086791992]], [[34.259239196777344]], [[36.312557220458984]], [[39.92184066772461]], [[42.914608001708984]], [[44.204227447509766]], [[45.88880920410156]], [[46.86888122558594]], [[48.55409622192383]], [[49.891624450683594]], [[51.603309631347656]], [[51.97507858276367]], [[52.5992546081543]], [[53.19259262084961]], [[53.939064025878906]], [[54.194889068603516]], [[54.392494201660156]], [[54.44717025756836]], [[54.48787307739258]], [[54.485687255859375]], [[54.46006774902344]], [[54.41072082519531]], [[54.33399200439453]], [[54.26942443847656]], [[54.167701721191406]], [[54.10565948486328]], [[53.989723205566406]], [[53.93781280517578]], [[53.75741195678711]], [[53.60626220703125]], [[53.43048095703125]], [[53.330623626708984]], [[0.6033599972724915]], [[8.399018287658691]], [[12.87017822265625]], [[18.5356388092041]], [[21.17169761657715]], [[23.695117950439453]], [[28.343509674072266]], [[31.468923568725586]], [[34.2751579284668]], [[36.77574157714844]], [[38.99180603027344]], [[40.941078186035156]], [[42.10251235961914]], [[44.13832092285156]], [[45.42592239379883]], [[47.210693359375]], [[49.296546936035156]], [[50.068233489990234]], [[50.70207595825195]], [[51.337158203125]], [[52.00122833251953]], [[52.35501480102539]], [[52.77226638793945]], [[52.995121002197266]], [[53.08378219604492]], [[53.24693298339844]], [[53.34749221801758]], [[53.42045211791992]], [[53.472251892089844]], [[53.50225067138672]], [[53.52865982055664]], [[53.540802001953125]], [[53.542633056640625]], [[53.53756332397461]], [[53.52958679199219]], [[53.52096939086914]], [[53.50196838378906]], [[53.478981018066406]], [[53.45671844482422]], [[53.432533264160156]], [[53.41117477416992]], [[53.38888931274414]], [[53.351654052734375]], [[53.32258605957031]], [[53.29282760620117]], [[0.35506001114845276]], [[6.640082836151123]], [[11.508671760559082]], [[19.403657913208008]], [[25.297821044921875]], [[29.601364135742188]], [[33.91735076904297]], [[36.88450241088867]], [[40.63232421875]], [[42.100067138671875]], [[43.9206657409668]], [[45.54673767089844]], [[46.92783737182617]], [[47.34109115600586]], [[47.93309783935547]], [[48.42380905151367]], [[49.11441421508789]], [[49.469154357910156]], [[49.80586242675781]], [[49.96950912475586]], [[50.21324157714844]], [[50.41672134399414]], [[50.493804931640625]], [[50.676273345947266]], [[50.77690124511719]], [[50.88632583618164]], [[50.98611831665039]], [[51.07775115966797]], [[51.16392135620117]], [[51.24462890625]], [[51.29639434814453]], [[51.39656448364258]], [[51.4570198059082]], [[51.53958511352539]], [[51.57491683959961]], [[51.6787223815918]], [[51.736297607421875]], [[51.79328536987305]], [[51.839447021484375]], [[51.96649169921875]], [[52.012855529785156]], [[52.07160186767578]], [[52.154640197753906]], [[52.226829528808594]], [[52.28792953491211]], [[52.34922409057617]], [[52.44961166381836]], [[52.5388069152832]], [[52.62990951538086]], [[52.669456481933594]], [[52.749202728271484]], [[52.83057403564453]], [[52.92717361450195]], [[52.997379302978516]], [[53.06878662109375]], [[0.1057400032877922]], [[3.3340725898742676]], [[10.406206130981445]], [[13.373492240905762]], [[17.559001922607422]], [[22.568851470947266]], [[25.300235748291016]], [[27.772422790527344]], [[31.15291976928711]], [[32.93881607055664]], [[34.794677734375]], [[36.134910583496094]], [[37.733558654785156]], [[38.883968353271484]], [[39.872772216796875]], [[40.98834991455078]], [[41.585479736328125]], [[42.12481689453125]], [[42.70368957519531]], [[43.30174255371094]], [[43.76271438598633]], [[44.18244171142578]], [[44.5731086730957]], [[44.75691604614258]], [[45.110225677490234]], [[45.496849060058594]], [[45.813560485839844]], [[46.16816329956055]], [[46.41397476196289]], [[46.74991226196289]], [[46.892967224121094]], [[47.220008850097656]], [[47.54405975341797]], [[47.77472686767578]], [[48.144073486328125]], [[48.32749938964844]], [[48.60478973388672]], [[48.88359069824219]], [[49.211700439453125]], [[49.4953727722168]], [[49.686500549316406]], [[50.1690788269043]], [[50.414798736572266]], [[50.91225051879883]], [[50.96255111694336]], [[51.3179817199707]], [[51.88958740234375]], [[52.04787826538086]], [[52.47460174560547]], [[52.79996871948242]], [[53.075836181640625]], [[53.35377502441406]], [[53.805179595947266]], [[0.05844400078058243]], [[2.921393632888794]], [[4.3394365310668945]], [[7.590423583984375]], [[11.15976619720459]], [[13.289225578308105]], [[15.717036247253418]], [[17.25037384033203]], [[20.44097328186035]], [[21.747859954833984]], [[23.861757278442383]], [[24.976154327392578]], [[27.255632400512695]], [[27.940479278564453]], [[29.647802352905273]], [[30.609149932861328]], [[31.674823760986328]], [[33.41584777832031]], [[34.263668060302734]], [[35.05360794067383]], [[35.91008377075195]], [[36.26150894165039]], [[36.82050323486328]], [[37.77296447753906]], [[38.37249755859375]], [[38.950889587402344]], [[39.509910583496094]], [[40.055538177490234]], [[40.588104248046875]], [[41.19746017456055]], [[41.45527648925781]], [[42.13798522949219]], [[42.7277717590332]], [[43.14838409423828]], [[43.652320861816406]], [[44.07316970825195]], [[44.57756042480469]], [[45.17048645019531]], [[45.682037353515625]], [[46.19469451904297]], [[46.626991271972656]], [[47.236385345458984]], [[48.208709716796875]], [[48.74734115600586]], [[49.28980255126953]], [[50.02309799194336]], [[50.302738189697266]], [[50.862735748291016]], [[51.43071365356445]], [[52.19602584838867]], [[52.48651885986328]], [[53.17073059082031]]]}