{"vc": [[-0.07627622038125992, 0.0, 0.0], [0.0, -0.876931369304657, 0.8778174519538879], [-0.021969502791762352, 0.06801602244377136, -0.06776806712150574], [-0.2777513265609741, 0.0, 0.0], [0.0, 0.0, 0.0], [0.0, 0.0, 0.0], [0.0, 0.3677152693271637, -0.3677479922771454], [0.0, 0.0, 0.0], [0.0, 0.0, 0.0], [0.053074173629283905, 0.0, 0.0]], "true_y1": [[[0.4006600081920624]], [[2.379467725753784]], [[2.716146469116211]], [[3.6295762062072754]], [[4.339578628540039]], [[4.871723175048828]], [[5.0038838386535645]], [[5.425242900848389]], [[5.611997127532959]], [[5.74539041519165]], [[5.784479141235352]], [[5.790493011474609]], [[5.784351348876953]], [[5.768711090087891]], [[5.7001953125]], [[5.626587867736816]], [[5.543631076812744]], [[5.432632923126221]], [[5.341155529022217]], [[5.130751132965088]], [[4.9430694580078125]], [[4.803296089172363]], [[4.594326019287109]], [[4.501814842224121]], [[4.340797424316406]], [[4.180675506591797]], [[4.1124348640441895]], [[3.953291177749634]], [[3.8175666332244873]], [[3.7045960426330566]], [[3.524773359298706]], [[3.4352893829345703]], [[3.279017448425293]], [[3.1908442974090576]], [[3.035983085632324]], [[2.903679132461548]], [[2.7723145484924316]], [[2.663388252258301]], [[2.511728286743164]], [[2.3400936126708984]], [[2.2550766468048096]], [[1.0533000230789185]], [[1.8010475635528564]], [[2.252289056777954]], [[2.8498833179473877]], [[3.337278366088867]], [[3.601480007171631]], [[3.9241387844085693]], [[4.22247838973999]], [[4.36698579788208]], [[4.482595443725586]], [[4.4994916915893555]], [[4.523484706878662]], [[4.527527332305908]], [[4.521030902862549]], [[4.480030059814453]], [[4.452666282653809]], [[4.4052581787109375]], [[4.333108425140381]], [[4.213555812835693]], [[3.9329755306243896]], [[3.8449745178222656]], [[3.6673731803894043]], [[3.5349345207214355]], [[3.4025075435638428]], [[3.2715463638305664]], [[3.1627607345581055]], [[3.0327670574188232]], [[2.92510724067688]], [[2.775386333465576]], [[2.6483142375946045]], [[1.9041544198989868]], [[1.8039048910140991]], [[1.66525137424469]], [[1.5478894710540771]], [[1.451667070388794]], [[1.318617582321167]], [[1.104699969291687]], [[1.4450442790985107]], [[1.917511224746704]], [[2.4555282592773438]], [[2.5682637691497803]], [[2.961472749710083]], [[3.1157805919647217]], [[3.3580877780914307]], [[3.445960760116577]], [[3.5168378353118896]], [[3.612600564956665]], [[3.659076452255249]], [[3.6677918434143066]], [[3.666433811187744]], [[3.657639741897583]], [[3.6246542930603027]], [[3.576482057571411]], [[3.467761516571045]], [[3.4328763484954834]], [[3.359337329864502]], [[3.2626218795776367]], [[3.0600202083587646]], [[2.935934543609619]], [[2.7697553634643555]], [[2.686061143875122]], [[2.561701536178589]], [[2.3971052169799805]], [[2.2943966388702393]], [[2.1714916229248047]], [[2.030071496963501]], [[1.9301340579986572]], [[1.7907061576843262]], [[1.712608814239502]], [[1.5761215686798096]], [[1.5180894136428833]], [[1.3274149894714355]], [[1.1780180931091309]], [[1.0138167142868042]], [[0.92463219165802]], [[0.6033599972724915]], [[1.3035807609558105]], [[1.6745800971984863]], [[2.103729248046875]], [[2.285590410232544]], [[2.447969436645508]], [[2.7142961025238037]], [[2.8669331073760986]], [[2.9835546016693115]], [[3.0690877437591553]], [[3.128264904022217]], [[3.165213108062744]], [[3.179370403289795]], [[3.1870224475860596]], [[3.1779439449310303]], [[3.14121413230896]], [[3.0437445640563965]], [[2.9832544326782227]], [[2.9175097942352295]], [[2.8301265239715576]], [[2.70147442817688]], [[2.60673451423645]], [[2.451720952987671]], [[2.334226369857788]], [[2.275797128677368]], [[2.1388838291168213]], [[2.021744966506958]], [[1.905146837234497]], [[1.7885504961013794]], [[1.6923378705978394]], [[1.558572769165039]], [[1.4262140989303589]], [[1.332734227180481]], [[1.2020676136016846]], [[1.110856533050537]], [[1.0380184650421143]], [[0.912077784538269]], [[0.7887873649597168]], [[0.6852080225944519]], [[0.5837978720664978]], [[0.5012450814247131]], [[0.42066293954849243]], [[0.2965048551559448]], [[0.2075638771057129]], [[0.12322190403938293]], [[0.35506001114845276]], [[0.8849091529846191]], [[1.2706972360610962]], [[1.829991340637207]], [[2.1780762672424316]], [[2.3849494457244873]], [[2.5426015853881836]], [[2.614525556564331]], [[2.647038221359253]], [[2.6351044178009033]], [[2.5919268131256104]], [[2.514559507369995]], [[2.402240037918091]], [[2.3559224605560303]], [[2.2748382091522217]], [[2.190171718597412]], [[2.0312623977661133]], [[1.922824740409851]], [[1.794659972190857]], [[1.7205768823623657]], [[1.591537594795227]], [[1.462205171585083]], [[1.4069777727127075]], [[1.260172963142395]], [[1.1684231758117676]], [[1.059111475944519]], [[0.9504411220550537]], [[0.8431824445724487]], [[0.7362071871757507]], [[0.6313112378120422]], [[0.5620471239089966]], [[0.4248720407485962]], [[0.3409423828125]], [[0.22624070942401886]], [[0.17749038338661194]], [[0.0370175838470459]], [[0.0010000000474974513]], [[0.0010000000474974513]], [[0.0010000000474974513]], [[0.0010000000474974513]], [[0.0010000000474974513]], [[0.0010000000474974513]], [[0.0010000000474974513]], [[0.0010000000474974513]], [[0.0010000000474974513]], [[0.0010000000474974513]], [[0.0010000000474974513]], [[0.0010000000474974513]], [[0.0010000000474974513]], [[0.0010000000474974513]], [[0.0010000000474974513]], [[0.0010000000474974513]], [[0.0010000000474974513]], [[0.006643258035182953]], [[0.14353090524673462]], [[0.1057400032877922]], [[0.3267316222190857]], [[0.7892231345176697]], [[0.9689294099807739]], [[1.2018073797225952]], [[1.4394561052322388]], [[1.5448750257492065]], [[1.6217966079711914]], [[1.6910417079925537]], [[1.706176519393921]], [[1.7012803554534912]], [[1.6812306642532349]], [[1.6337441205978394]], [[1.5790200233459473]], [[1.5140894651412964]], [[1.4151818752288818]], [[1.3482671976089478]], [[1.2777059078216553]], [[1.1896336078643799]], [[1.083297610282898]], [[0.9894412755966187]], [[0.894252598285675]], [[0.7969820499420166]], [[0.7482969164848328]], [[0.6495445370674133]], [[0.534011721611023]], [[0.43403181433677673]], [[0.3171066343784332]], [[0.233440101146698]], [[0.11636205017566681]], [[0.06575479358434677]], [[0.0010000000474974513]], [[0.0010000000474974513]], [[0.0010000000474974513]], [[0.0010000000474974513]], [[0.0010000000474974513]], [[0.0010000000474974513]], [[0.0010000000474974513]], [[0.0010000000474974513]], [[0.0010000000474974513]], [[0.0010000000474974513]], [[0.0010000000474974513]], [[0.0010000000474974513]], [[0.0010000000474974513]], [[0.0010000000474974513]], [[0.0010000000474974513]], [[0.0010000000474974513]], [[0.0010000000474974513]], [[0.0010000000474974513]], [[0.0010000000474974513]], [[0.0010000000474974513]], [[0.0010000000474974513]], [[0.0010000000474974513]], [[0.05844400078058243]], [[0.1775001734495163]], [[0.23537558317184448]], [[0.3637967109680176]], [[0.49515026807785034]], [[0.567045271396637]], [[0.6415091753005981]], [[0.6836329102516174]], [[0.7562666535377502]], [[0.7789889574050903]], [[0.8050678372383118]], [[0.8126159906387329]], [[0.8117591738700867]], [[0.8065041899681091]], [[0.7812907695770264]], [[0.7583507895469666]], [[0.7243297100067139]], [[0.6460621356964111]], [[0.5962381362915039]], [[0.542092502117157]], [[0.4743958115577698]], [[0.443805068731308]], [[0.3917014002799988]], [[0.29315292835235596]], [[0.2249361276626587]], [[0.154823899269104]], [[0.08332271873950958]], [[0.010320395231246948]], [[0.0010000000474974513]], [[0.0010000000474974513]], [[0.0010000000474974513]], [[0.0010000000474974513]], [[0.0010000000474974513]], [[0.0010000000474974513]], [[0.0010000000474974513]], [[0.0010000000474974513]], [[0.0010000000474974513]], [[0.0010000000474974513]], [[0.0010000000474974513]], [[0.0010000000474974513]], [[0.0010000000474974513]], [[0.0010000000474974513]], [[0.0010000000474974513]], [[0.0010000000474974513]], [[0.0010000000474974513]], [[0.0010000000474974513]], 