{"vc": [[-0.11627136915922165, 0.0, 0.0], [0.0, -0.10941677540540695, 0.10964749753475189], [-0.049201127141714096, 0.33078157901763916, -0.3306167721748352], [-0.1708812713623047, 0.0, 0.0], [0.0, 0.0, 0.0], [0.0, 0.0, 0.0], [0.0, 0.024593811482191086, -0.024918772280216217], [0.0, 0.0, 0.0], [0.0, 0.0, 0.0], [0.3741914927959442, 0.0, 0.0]], "true_y1": [[[0.4006600081920624]], [[19.771846771240234]], [[23.31504249572754]], [[33.61336898803711]], [[42.70188903808594]], [[50.63566589355469]], [[52.85007858276367]], [[61.11028289794922]], [[65.96185302734375]], [[71.01289367675781]], [[73.88748931884766]], [[75.46896362304688]], [[76.80767059326172]], [[77.94878387451172]], [[80.11497497558594]], [[81.30313110351562]], [[82.15546417236328]], [[82.8909683227539]], [[83.29300689697266]], [[83.826416015625]], [[84.04307556152344]], [[84.11605834960938]], [[84.14105987548828]], [[84.13060760498047]], [[84.09123992919922]], [[84.03290557861328]], [[84.00376892089844]], [[83.92835998535156]], [[83.85763549804688]], [[83.79534149169922]], [[83.69122314453125]], [[83.63758087158203]], [[83.54153442382812]], [[83.4861831665039]], [[83.38720703125]], [[83.30103302001953]], [[83.21410369873047]], [[83.14102172851562]], [[83.03777313232422]], [[82.91877746582031]], [[82.85894775390625]], [[1.0533000230789185]], [[8.951276779174805]], [[14.06353759765625]], [[21.448453903198242]], [[28.262592315673828]], [[32.417694091796875]], [[38.19813537597656]], [[44.78886413574219]], [[48.920448303222656]], [[53.54332733154297]], [[54.506202697753906]], [[56.33074188232422]], [[60.58537673950195]], [[61.13320541381836]], [[63.038352966308594]], [[63.81418991088867]], [[64.79725646972656]], [[65.83099365234375]], [[66.92236328125]], [[68.14830780029297]], [[68.33700561523438]], [[68.56522369384766]], [[68.64442443847656]], [[68.67153930664062]], [[68.66159057617188]], [[68.63265991210938]], [[68.57945251464844]], [[68.52337646484375]], [[68.43141174316406]], [[68.34329986572266]], [[67.71113586425781]], [[67.61615753173828]], [[67.48107147216797]], [[67.36334228515625]], [[67.26441955566406]], [[67.12384033203125]], [[1.104699969291687]], [[4.961304664611816]], [[10.683244705200195]], [[17.984962463378906]], [[19.668458938598633]], [[26.185251235961914]], [[29.137222290039062]], [[34.57685852050781]], [[36.96490478515625]], [[39.19297790527344]], [[43.11324691772461]], [[46.36868667602539]], [[47.773292541503906]], [[49.6102409362793]], [[50.68037796020508]], [[52.52378463745117]], [[53.99113845825195]], [[55.87859344482422]], [[56.290924072265625]], [[56.986446380615234]], [[57.653526306152344]], [[58.51109313964844]], [[58.817604064941406]], [[59.070831298828125]], [[59.14979553222656]], [[59.223297119140625]], [[59.26009750366211]], [[59.25696563720703]], [[59.23318099975586]], [[59.18452835083008]], [[59.1391716003418]], [[59.06365203857422]], [[59.01606369018555]], [[58.9251594543457]], [[58.88383865356445]], [[58.73820877075195]], [[58.61447525024414]], [[58.46926498413086]], [[58.38630676269531]], [[0.6033599972724915]], [[9.024232864379883]], [[13.855908393859863]], [[19.98070526123047]], [[22.83162498474121]], [[25.561519622802734]], [[30.59264373779297]], [[33.97749710083008]], [[37.01847839355469]], [[39.73002624511719]], [[42.13481521606445]], [[44.251834869384766]], [[45.51418685913086]], [[47.729156494140625]], [[49.13202667236328]], [[51.0802116394043]], [[53.36588668823242]], [[54.2157096862793]], [[54.916629791259766]], [[55.62291717529297]], [[56.36859130859375]], [[56.77101135253906]], [[57.25437545776367]], [[57.519710540771484]], [[57.627723693847656]], [[57.832740783691406]], [[57.96616744995117]], [[58.06987762451172]], [[58.1509895324707]], [[58.20437240600586]], [[58.262428283691406]], [[58.30522537231445]], [[58.32847213745117]], [[58.35320281982422]], [[58.36603546142578]], [[58.37409210205078]], [[58.38414764404297]], [[58.39002990722656]], [[58.392478942871094]], [[58.39302062988281]], [[58.39228057861328]], [[58.39065170288086]], [[58.38655090332031]], [[58.38250732421875]], [[58.37782669067383]], [[0.35506001114845276]], [[7.148723125457764]], [[12.412649154663086]], [[20.951858520507812]], [[27.330419540405273]], [[31.99032211303711]], [[36.66705322265625]], [[39.885093688964844]], [[43.95531463623047]], [[45.551979064941406]], [[47.53593444824219]], [[49.31303405761719]], [[50.829105377197266]], [[51.28467559814453]], [[51.939640045166016]], [[52.48537826538086]], [[53.26015090942383]], [[53.66280746459961]], [[54.04954528808594]], [[54.23968505859375]], [[54.52640914916992]], [[54.769962310791016]], [[54.863460540771484]], [[55.08806610107422]], [[55.21418762207031]], [[55.35340881347656]], [[55.48240661621094]], [[55.60264205932617]], [[55.71727752685547]], [[55.82597351074219]], [[55.89632797241211]], [[56.033748626708984]], [[56.117393493652344]], [[56.23233413696289]], [[56.2817268371582]], [[56.427371978759766]], [[56.50839614868164]], [[56.58869552612305]], [[56.653785705566406]], [[56.832942962646484]], [[56.898284912109375]], [[56.98100662231445]], [[57.09777069091797]], [[57.1990852355957]], [[57.2846794128418]], [[57.37039566040039]], [[57.51042556762695]], [[57.634464263916016]], [[57.760772705078125]], [[57.815486907958984]], [[57.925594329833984]], [[58.03763961791992]], [[58.17026901245117]], [[58.266395568847656]], [[58.363948822021484]], [[0.1057400032877922]], [[3.6018788814544678]], [[11.260919570922852]], [[14.474392890930176]], [[19.006996154785156]], [[24.43207359313965]], [[27.38985824584961]], [[30.067129135131836]], [[33.7287712097168]], [[35.66386795043945]], [[37.67568588256836]], [[39.12943649291992]], [[40.865013122558594]], [[42.11548614501953]], [[43.191776275634766]], [[44.40837860107422]], [[45.06093978881836]], [[45.651371002197266]], [[46.28638458251953]], [[46.94411849975586]], [[47.452430725097656]], [[47.916385650634766]], [[48.3492431640625]], [[48.55324935913086]], [[48.94601821899414]], [[49.37674331665039]], [[49.73025131225586]], [[50.126686096191406]], [[50.40184020996094]], [[50.77824401855469]], [[50.93863296508789]], [[51.30547332763672]], [[51.66911315917969]], [[51.928001403808594]], [[52.342525482177734]], [[52.54835510253906]], [[52.85943603515625]], [[53.17209243774414]], [[53.53984832763672]], [[53.857601165771484]], [[54.07157897949219]], [[54.61140441894531]], [[54.886016845703125]], [[55.441410064697266]], [[55.497528076171875]], [[55.89384460449219]], [[56.53038787841797]], [[56.706485748291016]], [[57.18083572387695]], [[57.542152404785156]], [[57.8482551574707]], [[58.15643310546875]], [[58.65647888183594]], [[0.05844400078058243]], [[3.168607234954834]], [[4.709041595458984]], [[8.240163803100586]], [[12.115790367126465]], [[14.42704963684082]], [[17.061058044433594]], [[18.72394561767578]], [[22.18219757080078]], [[23.5979061126709]], [[25.886764526367188]], [[27.092863082885742]], [[29.55879020690918]], [[30.299373626708984]], [[32.1451530456543]], [[33.184200286865234]], [[34.33584213256836]], [[36.21713638305664]], [[37.13328170776367]], [[37.98694610595703]], [[38.912628173828125]], [[39.2924919128418]], [[39.89677810668945]], [[40.926578521728516]], [[41.57489013671875]], [[42.20039749145508]], [[42.80498504638672]], [[43.39509582519531]], [[43.9710578918457]], [[44.630008697509766]], [[44.908775329589844]], [[45.646846771240234]], [[46.28428649902344]], [[46.73876190185547]], [[47.283119201660156]], [[47.73758316040039]], [[48.28208923339844]], [[48.921905517578125]], [[49.47366714477539]], [[50.02639389038086]], [[50.4922981262207]], [[51.14877700805664]], [[52.195533752441406]], [[52.7750358581543]], [[53.358402252197266]], [[54.14658737182617]], [[54.447044372558594]], [[55.04853439331055]], [[55.65834045410156]], [[56.47962188720703]], [[56.79124450683594]], [[57.52499008178711]]]}