{"vc": [[-0.12000945210456848, 0.0, 0.0], [0.0, -0.11497095972299576, 0.11518988758325577], [-0.05245286971330643, 0.3372817933559418, -0.3372913897037506], [-0.18471410870552063, 0.0, 0.0], [0.0, 0.0, 0.0], [0.0, 0.0, 0.0], [0.0, 0.02634541690349579, -0.026146356016397476], [0.0, 0.0, 0.0], [0.0, 0.0, 0.0], [0.3531939685344696, 0.0, 0.0]], "true_y1": [[[0.4006600081920624]], [[18.621294021606445]], [[21.9552001953125]], [[31.649211883544922]], [[40.210716247558594]], [[47.6900749206543]], [[49.77858352661133]], [[57.571781158447266]], [[62.14927673339844]], [[66.91102600097656]], [[69.61566162109375]], [[71.10018920898438]], [[72.35369110107422]], [[73.4188003540039]], [[75.42593383789062]], [[76.51130676269531]], [[77.27578735351562]], [[77.91632843017578]], [[78.25131225585938]], [[78.65213012695312]], [[78.76539611816406]], [[78.76676940917969]], [[78.69004821777344]], [[78.63589477539062]], [[78.52164459228516]], [[78.38969421386719]], [[78.32929992675781]], [[78.18099975585938]], [[78.04790496826172]], [[77.93342590332031]], [[77.74555206298828]], [[77.64984893798828]], [[77.47964477539062]], [[77.38202667236328]], [[77.20800018310547]], [[77.05682373046875]], [[76.90449523925781]], [[76.77649688720703]], [[76.59567260742188]], [[76.38720703125]], [[76.2823486328125]], [[1.0533000230789185]], [[8.473993301391602]], [[13.276841163635254]], [[20.21518325805664]], [[26.618547439575195]], [[30.524059295654297]], [[35.958492279052734]], [[42.15586471557617]], [[46.040470123291016]], [[50.38433074951172]], [[51.28833770751953]], [[53.00009536743164]], [[56.98046112060547]], [[57.49100875854492]], [[59.26008987426758]], [[59.97641372680664]], [[60.878700256347656]], [[61.81745910644531]], [[62.787940979003906]], [[63.806297302246094]], [[63.94106674194336]], [[64.06975555419922]], [[64.08067321777344]], [[64.04322052001953]], [[63.97223663330078]], [[63.8942756652832]], [[63.784034729003906]], [[63.681724548339844]], [[63.526588439941406]], [[63.38558578491211]], [[62.44806671142578]], [[62.31085205078125]], [[62.116851806640625]], [[61.94866943359375]], [[61.80788803100586]], [[61.60853576660156]], [[1.104699969291687]], [[4.725307464599609]], [[10.09599494934082]], [[16.94863510131836]], [[18.528581619262695]], [[24.644792556762695]], [[27.415462493896484]], [[32.52096176147461]], [[34.762027740478516]], [[36.8525390625]], [[40.52874755859375]], [[43.57754898071289]], [[44.89098358154297]], [[46.60573196411133]], [[47.60248565673828]], [[49.31369400024414]], [[50.667640686035156]], [[52.389129638671875]], [[52.76003646850586]], [[53.3785400390625]], [[53.9587287902832]], [[54.665035247802734]], [[54.891357421875]], [[55.046470642089844]], [[55.07902145385742]], [[55.086421966552734]], [[55.03990173339844]], [[54.98666763305664]], [[54.904422760009766]], [[54.790096282958984]], [[54.69911193847656]], [[54.56071472167969]], [[54.478187561035156]], [[54.326499938964844]], [[54.25938415527344]], [[54.028846740722656]], [[53.838050842285156]], [[53.61805725097656]], [[53.49378967285156]], [[0.6033599972724915]], [[8.506241798400879]], [[13.040647506713867]], [[18.789478302001953]], [[21.465898513793945]], [[24.029033660888672]], [[28.75356101989746]], [[31.932363510131836]], [[34.78788757324219]], [[37.33317184448242]], [[39.58903884887695]], [[41.572933197021484]], [[42.7545051574707]], [[44.823822021484375]], [[46.13058090209961]], [[47.937137603759766]], [[50.034629821777344]], [[50.80335998535156]], [[51.42955017089844]], [[52.049659729003906]], [[52.68499755859375]], [[53.01411056518555]], [[53.38661575317383]], [[53.57293701171875]], [[53.64278030395508]], [[53.76046371459961]], [[53.8208122253418]], [[53.85268783569336]], [[53.86240768432617]], [[53.8569450378418]], [[53.83290481567383]], [[53.79374313354492]], [[53.75844192504883]], [[53.700111389160156]], [[53.653934478759766]], [[53.61415100097656]], [[53.53974151611328]], [[53.460418701171875]], [[53.38898468017578]], [[53.31476974487305]], [[53.25109100341797]], [[53.18589401245117]], [[53.07878875732422]], [[52.99615478515625]], [[52.91203689575195]], [[0.35506001114845276]], [[6.727156639099121]], [[11.664737701416016]], [[19.67702865600586]], [[25.664480209350586]], [[30.039159774780273]], [[34.427764892578125]], [[37.443817138671875]], [[41.247249603271484]], [[42.732398986816406]], [[44.56760025024414]], [[46.195098876953125]], [[47.561153411865234]], [[47.9650764465332]], [[48.5378303527832]], [[49.00537872314453]], [[49.646358489990234]], [[49.96372604370117]], [[50.25337219238281]], [[50.388572692871094]], [[50.58079528808594]], [[50.73030090332031]], [[50.78364181518555]], [[50.90098190307617]], [[50.95939254760742]], [[51.016944885253906]], [[51.06338882446289]], [[51.100521087646484]], [[51.130374908447266]], [[51.1537971496582]], [[51.16652297973633]], [[51.18622589111328]], [[51.19514083862305]], [[51.20399856567383]], [[51.20671081542969]], [[51.211341857910156]], [[51.212005615234375]], [[51.21149826049805]], [[51.2103271484375]], [[51.2041130065918]], [[51.20091247558594]], [[51.19625473022461]], [[51.188663482666016]], [[51.18124008178711]], [[51.1744384765625]], [[51.167198181152344]], [[51.1545524597168]], [[51.14261245727539]], [[51.12983322143555]], [[51.124122619628906]], [[51.11233139038086]], [[51.09996032714844]], [[51.08487319946289]], [[51.07366180419922]], [[51.06206130981445]], [[0.1057400032877922]], [[3.3797760009765625]], [[10.553426742553711]], [[13.564264297485352]], [[17.812255859375]], [[22.89773941040039]], [[25.66979217529297]], [[28.177383422851562]], [[31.601375579833984]], [[33.40595245361328]], [[35.27574157714844]], [[36.620784759521484]], [[38.21643829345703]], [[39.356136322021484]], [[40.32750701904297]], [[41.41059875488281]], [[41.98286437988281]], [[42.49399948120117]], [[43.035240173339844]], [[43.58473587036133]], [[44.00029754638672]], [[44.3717041015625]], [[44.710750579833984]], [[44.867889404296875]], [[45.16543197631836]], [[45.48397445678711]], [[45.739288330078125]], [[46.01912307739258]], [[46.20943832397461]], [[46.46483612060547]], [[46.5720100402832]], [[46.81364440917969]], [[47.04871368408203]], [[47.21359634399414]], [[47.47372817993164]], [[47.60127639770508]], [[47.79220199584961]], [[47.98204040527344]], [[48.202972412109375]], [[48.39201354980469]], [[48.518436431884766]], [[48.83456039428711]], [[48.99397659301758]], [[49.31385040283203]], [[49.34599685668945]], [[49.57218933105469]], [[49.93268966674805]], [[50.031864166259766]], [[50.29792785644531]], [[50.49959945678711]], [[50.669830322265625]], [[50.84067153930664]], [[51.11679458618164]], [[0.05844400078058243]], [[2.963508129119873]], [[4.402409553527832]], [[7.701134204864502]], [[11.322388648986816]], [[13.482199668884277]], [[15.943527221679688]], [[17.497112274169922]], [[20.72613525390625]], [[22.04665184020996]], [[24.178726196289062]], [[25.300174713134766]], [[27.586456298828125]], [[28.27078628540039]], [[29.96996307373047]], [[30.921417236328125]], [[31.970497131347656]], [[33.6683235168457]], [[34.48612594604492]], [[35.241695404052734]], [[36.052955627441406]], [[36.38319396972656]], [[36.905086517333984]], [[37.78401184082031]], [[38.33015441894531]], [[38.851593017578125]], [[39.350372314453125]], [[39.832237243652344]], [[40.2978630065918]], [[40.82503890991211]], [[41.04633331298828]], [[41.62748718261719]], [[42.12413787841797]], [[42.4754524230957]], [[42.893394470214844]], [[43.24009323120117]], [[43.65300369262695]], [[44.135013580322266]], [[44.54817199707031]], [[44.959930419921875]], [[45.30549621582031]], [[45.790283203125]], [[46.5587043762207]], [[46.98199462890625]], [[47.406761169433594]], [[47.9787483215332]], [[48.196258544921875]], [[48.63090133666992]], [[49.07054901123047]], [[49.661231994628906]], [[49.88496780395508]], [[50.41099548339844]]]}