{"vc": [[-0.07003947347402573, 0.0, 0.0], [0.0, -0.9956647157669067, 0.9964467287063599], [-0.016179094091057777, 0.06957263499498367, -0.06931102275848389], [-0.24494510889053345, 0.0, 0.0], [0.0, 0.0, 0.0], [0.0, 0.0, 0.0], [0.0, 0.4292811453342438, -0.4293602406978607], [0.0, 0.0, 0.0], [0.0, 0.0, 0.0], [0.045790012925863266, 0.0, 0.0]], "true_y1": [[[0.4006600081920624]], [[2.0872201919555664]], [[2.372715950012207]], [[3.144723415374756]], [[3.7417123317718506]], [[4.186753273010254]], [[4.296844482421875]], [[4.646008491516113]], [[4.799154281616211]], [[4.906640529632568]], [[4.936588287353516]], [[4.939977645874023]], [[4.93338680267334]], [[4.919028282165527]], [[4.859293460845947]], [[4.7965407371521]], [[4.726560115814209]], [[4.633695125579834]], [[4.557648181915283]], [[4.383973121643066]], [[4.230145454406738]], [[4.116086483001709]], [[3.9461753368377686]], [[3.8711459636688232]], [[3.740784168243408]], [[3.6113927364349365]], [[3.5563137531280518]], [[3.4279990196228027]], [[3.3187036514282227]], [[3.2278201580047607]], [[3.0833117961883545]], [[3.011470317840576]], [[2.886115789413452]], [[2.815446615219116]], [[2.6914315223693848]], [[2.585585117340088]], [[2.4805855751037598]], [[2.3935933113098145]], [[2.2725818157196045]], [[2.1357853412628174]], [[2.068084239959717]], [[1.0533000230789185]], [[1.6877597570419312]], [[2.0665767192840576]], [[2.5629501342773438]], [[2.9625658988952637]], [[3.1767818927764893]], [[3.4353954792022705]], [[3.6701111793518066]], [[3.7809324264526367]], [[3.865933895111084]], [[3.877587080001831]], [[3.8929290771484375]], [[3.885214328765869]], [[3.8783533573150635]], [[3.8391313552856445]], [[3.8142690658569336]], [[3.7721710205078125]], [[3.7093849182128906]], [[3.6071670055389404]], [[3.3717269897460938]], [[3.2986674308776855]], [[3.1520020961761475]], [[3.0431859493255615]], [[2.934767246246338]], [[2.8278768062591553]], [[2.739305019378662]], [[2.633700370788574]], [[2.546416759490967]], [[2.425279378890991]], [[2.322678327560425]], [[1.7254178524017334]], [[1.6454110145568848]], [[1.5349334478378296]], [[1.4415826797485352]], [[1.3651561737060547]], [[1.2596378326416016]], [[1.104699969291687]], [[1.3931611776351929]], [[1.7889838218688965]], [[2.2322309017181396]], [[2.3239309787750244]], [[2.6397924423217773]], [[2.761646270751953]], [[2.9493978023529053]], [[3.015817642211914]], [[3.068268060684204]], [[3.1359174251556396]], [[3.1641342639923096]], [[3.166755437850952]], [[3.159458875656128]], [[3.1484878063201904]], [[3.114628791809082]], [[3.0693166255950928]], [[2.9719316959381104]], [[2.941361904144287]], [[2.877551794052124]], [[2.7945685386657715]], [[2.6229665279388428]], [[2.5188980102539062]], [[2.380420207977295]], [[2.3110008239746094]], [[2.208197593688965]], [[2.072699546813965]], [[1.98844575881958]], [[1.8879036903381348]], [[1.7725739479064941]], [[1.6912978887557983]], [[1.5782102346420288]], [[1.5150216817855835]], [[1.4048590660095215]], [[1.35812509059906]], [[1.2050288915634155]], [[1.0855852365493774]], [[0.9548566341400146]], [[0.8841090202331543]], [[0.6033599972724915]], [[1.194292664527893]], [[1.503983736038208]], [[1.8587440252304077]], [[2.007750988006592]], [[2.1399829387664795]], [[2.354743480682373]], [[2.4761359691619873]], [[2.567502021789551]], [[2.6331355571746826]], [[2.677088499069214]], [[2.7028708457946777]], [[2.7115442752838135]], [[2.712156295776367]], [[2.700723171234131]], [[2.6643927097320557]], [[2.575742244720459]], [[2.522298812866211]], [[2.464860200881958]], [[2.3892083168029785]], [[2.278813362121582]], [[2.198070526123047]], [[2.0667364597320557]], [[1.9677252769470215]], [[1.918639063835144]], [[1.8039792776107788]], [[1.7062557935714722]], [[1.6093087196350098]], [[1.512677550315857]], [[1.4331732988357544]], [[1.322989583015442]], [[1.2143746614456177]], [[1.137918472290039]], [[1.0314184427261353]], [[0.9573473930358887]], [[0.8983667492866516]], [[0.7967687249183655]], [[0.6978224515914917]], [[0.6151346564292908]], [[0.5346161127090454]], [[0.4694291353225708]], [[0.4061482548713684]], [[0.3094312250614166]], [[0.24084129929542542]], [[0.17645195126533508]], [[0.35506001114845276]], [[0.8016579151153564]], [[1.12434983253479]], [[1.5876250267028809]], [[1.8721253871917725]], [[2.03873610496521]], [[2.1628708839416504]], [[2.2169113159179688]], [[2.235211133956909]], [[2.221275806427002]], [[2.179738759994507]], [[2.1095147132873535]], [[2.010162591934204]], [[1.9696292877197266]], [[1.8990657329559326]], [[1.8257951736450195]], [[1.6891173124313354]], [[1.5963515043258667]], [[1.4871478080749512]], [[1.424221396446228]], [[1.3149360418319702]], [[1.2057950496673584]], [[1.1593072414398193]], [[1.0360757112503052]], [[0.9593150615692139]], [[0.8681282997131348]], [[0.7777783870697021]], [[0.6889172196388245]], [[0.6006287336349487]], [[0.5144164562225342]], [[0.4577042758464813]], [[0.34595727920532227]], [[0.27800923585891724]], [[0.185761958360672]], [[0.14680078625679016]], [[0.03552616387605667]], [[-0.023333560675382614]], [[-0.07895664870738983]], [[-0.12175843119621277]], [[-0.22691033780574799]], [[-0.259884774684906]], [[-0.296874463558197]], [[-0.3390209674835205]], [[-0.36491867899894714]], [[-0.3782428503036499]], [[-0.3830692172050476]], [[-0.3711237907409668]], [[-0.33857545256614685]], [[-0.28330186009407043]], [[-0.2523934245109558]], [[-0.1777675598859787]], [[-0.08580497652292252]], [[0.04120396822690964]], [[0.14308424293994904]], [[0.252432644367218]], [[0.1057400032877922]], [[0.2902388572692871]], [[0.6747993230819702]], [[0.8235299587249756]], [[1.015451431274414]], [[1.2097582817077637]], [[1.2949470281600952]], [[1.3561723232269287]], [[1.4090149402618408]], [[1.4184848070144653]], [[1.4105663299560547]], [[1.3906168937683105]], [[1.3464986085891724]], [[1.2970292568206787]], [[1.2390849590301514]], [[1.151615858078003]], [[1.0927730798721313]], [[1.0309250354766846]], [[0.953951895236969]], [[0.8612773418426514]], [[0.7796722650527954]], [[0.6970660090446472]], [[0.6127981543540955]], [[0.5706718564033508]], [[0.4853212833404541]], [[0.3856264054775238]], [[0.29948562383651733]], [[0.1988997459411621]], [[0.1270279735326767]], [[0.02660325914621353]], [[-0.016749940812587738]], [[-0.11671599745750427]], [[-0.21631769835948944]], [[-0.2871386408805847]], [[-0.3996858298778534]], [[-0.45491865277290344]], [[-0.5372240543365479]], [[-0.6181419491767883]], [[-0.7103846073150635]], [[-0.786932110786438]], [[-0.8365172743797302]], [[-0.9529973864555359]], [[-1.0065085887908936]], [[-1.0994092226028442]], [[-1.107450008392334]], [[-1.1557323932647705]], [[-1.194877028465271]], [[-1.195326566696167]], [[-1.1687500476837158]], [[-1.1168169975280762]], [[-1.0480210781097412]], [[-0.9535284042358398]], [[-0.7432193756103516]], [[0.05844400078058243]], [[0.15389224886894226]], [[0.20017142593860626]], [[0.30254417657852173]], [[0.40669047832489014]], [[0.4633522629737854]], [[0.5216401815414429]], [[0.5543338060379028]], [[0.6097550988197327]], [[0.6265499591827393]], [[0.6447307467460632]], [[0.649088442325592]], [[0.6442349553108215]], [[0.6385484337806702]], [[0.6141069531440735]], [[0.5929281115531921]], [[0.5621569156646729]], [[0.49261903762817383]], [[0.4488145709037781]], [[0.4014504551887512]], [[0.3424834907054901]], [[0.3159099221229553]], [[0.2707354724407196]], [[0.18555068969726562]], [[0.12675884366035461]], [[0.06647151708602905]], [[0.0051313117146492004]], [[-0.05734699219465256]], [[-0.12047946453094482]], [[-0.19485187530517578]], [[-0.2268715351819992]], [[-0.3128097951412201]], [[-0.3878787159919739]], [[-0.4415624737739563]], [[-0.5057331323623657]], [[-0.5589731335639954]], [[-0.6220772862434387]], [[-0.6948542594909668]], [[-0.756029486656189]], [[-0.8154544830322266]], [[-0.8638134002685547]], [[-0.9287426471710205]], [[-1.0226114988327026]], [[-1.0682294368743896]], [[-1.108538031578064]], [[-1.1522610187530518]], [[-1.165141224861145]], [[-1.1836082935333252]], [[-1.1909340620040894]], 