{"vc": [[-0.024042854085564613, 0.0, 0.0], [0.0, -0.026785679161548615, 0.026710867881774902], [0.028414655476808548, 0.1762976497411728, -0.17638495564460754], [0.14321647584438324, 0.0, 0.0], [0.0, 0.0, 0.0], [0.0, 0.0, 0.0], [0.0, 0.0081649674102664, 0.0], [0.0, 0.0, 0.0], [0.0, 0.0, 0.0], [0.8365665674209595, 0.0, 0.0]], "true_y1": [[[0.4006600081920624]], [[46.21077346801758]], [[55.082366943359375]], [[82.60549926757812]], [[110.20804595947266]], [[138.54177856445312]], [[147.48622131347656]], [[187.0816650390625]], [[217.5287322998047]], [[259.91766357421875]], [[292.80035400390625]], [[315.5342102050781]], [[338.6915283203125]], [[362.4798889160156]], [[424.9897766113281]], [[477.64813232421875]], [[532.6686401367188]], [[604.5527954101562]], [[663.9097900390625]], [[802.0907592773438]], [[923.9520263671875]], [[1009.4696044921875]], [[1119.8885498046875]], [[1159.3096923828125]], [[1211.088623046875]], [[1240.940185546875]], [[1247.856201171875]], [[1254.72607421875]], [[1256.8800048828125]], [[1262.1246337890625]], [[1288.4796142578125]], [[1313.281494140625]], [[1376.861328125]], [[1422.44921875]], [[1511.238037109375]], [[1584.813232421875]], [[1644.401123046875]], [[1678.367919921875]], [[1701.2293701171875]], [[1704.943115234375]], [[1706.361572265625]], [[1.0533000230789185]], [[19.61137580871582]], [[31.961824417114258]], [[50.704952239990234]], [[69.51648712158203]], [[82.0570297241211]], [[101.47171020507812]], [[127.85139465332031]], [[148.05392456054688]], [[176.28167724609375]], [[183.2583465576172]], [[197.93960571289062]], [[243.66159057617188]], [[251.37875366210938]], [[283.86822509765625]], [[300.666015625]], [[326.6260070800781]], [[362.7748107910156]], [[419.78851318359375]], [[554.6964111328125]], [[598.3214721679688]], [[687.4315185546875]], [[753.2250366210938]], [[816.3599853515625]], [[873.9520874023438]], [[916.4639892578125]], [[959.1340942382812]], [[986.7609252929688]], [[1012.9685668945312]], [[1024.94140625]], [[1099.0711669921875]], [[1133.181884765625]], [[1191.14697265625]], [[1244.8414306640625]], [[1287.337646484375]], [[1336.6820068359375]], [[1.104699969291687]], [[10.195446014404297]], [[23.961563110351562]], [[42.49858093261719]], [[47.009368896484375]], [[65.72784423828125]], [[75.08592987060547]], [[94.47205352783203]], [[104.18476104736328]], [[114.15431213378906]], [[134.61978149414062]], [[155.85882568359375]], [[166.81846618652344]], [[183.5279541015625]], [[194.9263153076172]], [[218.75592041015625]], [[243.51319885253906]], [[289.58514404296875]], [[303.3822326660156]], [[331.98583984375]], [[369.4631042480469]], [[449.9613037109375]], [[501.13818359375]], [[571.430419921875]], [[607.1254272460938]], [[659.6539916992188]], [[726.1333618164062]], [[764.3846435546875]], [[805.3321533203125]], [[844.14404296875]], [[865.3615112304688]], [[885.9409790039062]], [[893.12255859375]], [[899.6365966796875]], [[900.7925415039062]], [[903.7026977539062]], [[912.933837890625]], [[939.9086303710938]], [[964.21728515625]], [[0.6033599972724915]], [[20.679533004760742]], [[32.69318389892578]], [[48.94244384765625]], [[57.078895568847656]], [[65.33493041992188]], [[82.15413665771484]], [[95.09081268310547]], [[108.3055419921875]], [[121.84698486328125]], [[135.7791748046875]], [[150.1233367919922]], [[159.92111206054688]], [[180.24696350097656]], [[196.0030517578125]], [[223.66754150390625]], [[271.4667663574219]], [[297.1007995605469]], [[323.9579162597656]], [[359.2066345214844]], [[411.5615539550781]], [[450.9457092285156]], [[517.0274047851562]], [[568.0311279296875]], [[593.4503784179688]], [[652.2992553710938]], [[700.6591796875]], [[745.4866943359375]], [[785.5235595703125]], [[813.9608764648438]], [[845.363525390625]], [[866.4525756835938]], [[875.6076049804688]], [[881.9539794921875]], [[883.5635986328125]], [[884.403564453125]], [[887.9677734375]], [[898.4588623046875]], [[915.9885864257812]], [[942.7128295898438]], [[971.7026977539062]], [[1005.5435180664062]], [[1064.4967041015625]], [[1107.115478515625]], [[1143.169921875]], [[0.35506001114845276]], [[16.58968734741211]], [[29.6656551361084]], [[52.96525955200195]], [[73.49370574951172]], [[91.5076904296875]], [[113.96333312988281]], [[133.6422882080078]], [[167.557373046875]], [[185.59970092773438]], [[214.61744689941406]], [[251.10572814941406]], [[296.93914794921875]], [[315.1703186035156]], [[346.96917724609375]], [[380.4398498535156]], [[444.73516845703125]], [[489.73480224609375]], [[543.6036987304688]], [[574.7200927734375]], [[627.9560546875]], [[678.6123046875]], [[698.9468994140625]], [[747.716064453125]], [[773.3780517578125]], [[798.2473754882812]], [[816.4071655273438]], [[828.0558471679688]], [[834.3223266601562]], [[836.858642578125]], [[837.6567993164062]], [[840.7421875]], [[846.0546875]], [[860.9259643554688]], [[870.654052734375]], [[911.8129272460938]], [[941.7818603515625]], [[974.6283569335938]], [[1002.0922241210938]], [[1070.825927734375]], [[1090.177001953125]], [[1108.698486328125]], [[1123.5098876953125]], [[1127.8751220703125]], [[1128.401123046875]], [[1129.0919189453125]], [[1138.13623046875]], [[1161.61572265625]], [[1205.17822265625]], [[1230.51318359375]], [[1292.453857421875]], [[1367.6729736328125]], [[1465.5074462890625]], [[1536.626220703125]], [[1603.9876708984375]], [[0.1057400032877922]], [[8.53123664855957]], [[27.728940963745117]], [[36.42051696777344]], [[49.80887222290039]], [[68.60069274902344]], [[80.85734558105469]], [[93.82823944091797]], [[115.98872375488281]], [[130.85328674316406]], [[149.90841674804688]], [[166.9727325439453]], [[192.7450408935547]], [[216.6555633544922]], [[242.48483276367188]], [[280.122802734375]], [[305.3697509765625]], [[332.171630859375]], [[366.0894775390625]], [[407.80450439453125]], [[445.18316650390625]], [[483.3204040527344]], [[522.0618896484375]], [[541.17822265625]], [[578.9362182617188]], [[620.4567260742188]], [[653.078857421875]], [[686.1488647460938]], [[705.8607788085938]], [[727.3677978515625]], [[734.4318237304688]], [[745.8760375976562]], [[751.576171875]], [[753.2802734375]], [[754.8194580078125]], [[756.3509521484375]], [[761.3778076171875]], [[771.307861328125]], [[790.7905883789062]], [[814.6220092773438]], [[833.8624877929688]], [[889.287109375]], [[918.07177734375]], [[968.42236328125]], [[972.5746459960938]], [[995.8313598632812]], [[1011.972412109375]], [[1013.0596313476562]], [[1013.6429443359375]], [[1016.223388671875]], [[1023.0415649414062]], [[1036.2408447265625]], [[1074.3612060546875]], [[0.05844400078058243]], [[7.728588581085205]], [[11.579843521118164]], [[20.678600311279297]], [[31.389076232910156]], [[38.333126068115234]], [[46.97311019897461]], [[52.94757080078125]], [[67.15823364257812]], [[73.90052795410156]], [[86.38048553466797]], [[93.9585952758789]], [[112.41377258300781]], [[118.95262145996094]], [[137.95960998535156]], [[150.8042755126953]], [[167.38919067382812]], [[201.50241088867188]], [[222.2203826904297]], [[244.57443237304688]], [[272.69842529296875]], [[285.54119873046875]], [[307.6549072265625]], [[350.329345703125]], [[380.4224853515625]], [[411.62744140625]], [[443.4638977050781]], [[475.60882568359375]], [[507.3351745605469]], [[543.0007934570312]], [[557.5630493164062]], [[593.5166015625]], [[620.3209838867188]], [[636.388427734375]], [[651.8973999023438]], [[661.63671875]], [[669.6495361328125]], [[674.7691650390625]], [[676.6355590820312]], [[677.5775146484375]], [[678.7849731445312]], [[682.9917602539062]], [[700.459228515625]], [[717.252197265625]], [[739.141845703125]], [[774.7071533203125]], [[789.28759765625]], [[818.5480346679688]], [[846.2737426757812]], [[876.8087768554688]], [[885.707275390625]], [[900.358154296875]]]}