{"vc": [[-0.04533913731575012, 0.0, 0.0], [0.0, -1.1361883878707886, 1.1369541883468628], [-0.012123381718993187, 0.06697116047143936, -0.06672167032957077], [-0.22177857160568237, 0.0, 0.0], [0.0, 0.0, 0.0], [0.0, 0.0, 0.0], [0.0, 0.49284371733665466, -0.49278637766838074], [0.0, 0.0, 0.0], [0.0, 0.0, 0.0], [0.03961906582117081, 0.0, 0.0]], "true_y1": [[[0.4006600081920624]], [[1.831925868988037]], [[2.0734026432037354]], [[2.725534439086914]], [[3.2291979789733887]], [[3.6044559478759766]], [[3.6972670555114746]], [[3.9915618896484375]], [[4.120545387268066]], [[4.210871696472168]], [[4.235830783843994]], [[4.238478183746338]], [[4.23271369934082]], [[4.220412731170654]], [[4.169683456420898]], [[4.116676330566406]], [[4.057788372039795]], [[3.9799556732177734]], [[3.9164607524871826]], [[3.772185802459717]], [[3.6451315879821777]], [[3.55129075050354]], [[3.4119632244110107]], [[3.3505847454071045]], [[3.2441141605377197]], [[3.138617753982544]], [[3.093756914138794]], [[2.9893386363983154]], [[2.9004862308502197]], [[2.826655626296997]], [[2.7093489170074463]], [[2.6510658264160156]], [[2.5494186878204346]], [[2.4921395778656006]], [[2.3916609287261963]], [[2.305936574935913]], [[2.220923662185669]], [[2.150505781173706]], [[2.0525665283203125]], [[1.9418617486953735]], [[1.8870714902877808]], [[1.0533000230789185]], [[1.5877667665481567]], [[1.9035779237747192]], [[2.313408613204956]], [[2.63969349861145]], [[2.81300687789917]], [[3.020322322845459]], [[3.2056946754455566]], [[3.2913639545440674]], [[3.3545854091644287]], [[3.362696886062622]], [[3.3724374771118164]], [[3.3588151931762695]], [[3.3521573543548584]], [[3.316164970397949]], [[3.2940802574157715]], [[3.2572503089904785]], [[3.2030768394470215]], [[3.115969181060791]], [[2.9180681705474854]], [[2.857156276702881]], [[2.7353885173797607]], [[2.6454105377197266]], [[2.5560176372528076]], [[2.468099355697632]], [[2.3953888416290283]], [[2.3088412284851074]], [[2.237414598464966]], [[2.1384241580963135]], [[2.0546932220458984]], [[1.5687336921691895]], [[1.5037468671798706]], [[1.4140183925628662]], [[1.3381911516189575]], [[1.2760909795761108]], [[1.1902958154678345]], [[1.104699969291687]], [[1.346855878829956]], [[1.6752493381500244]], [[2.0370607376098633]], [[2.1110193729400635]], [[2.362863540649414]], [[2.4585072994232178]], [[2.603292465209961]], [[2.6532914638519287]], [[2.6919262409210205]], [[2.739243745803833]], [[2.7551496028900146]], [[2.754028558731079]], [[2.743598222732544]], [[2.731902599334717]], [[2.69923996925354]], [[2.6578750610351562]], [[2.5719504356384277]], [[2.5454068183898926]], [[2.4904041290283203]], [[2.4194750785827637]], [[2.27423357963562]], [[2.1868162155151367]], [[2.0710701942443848]], [[2.0132527351379395]], [[1.9278484582901]], [[1.81563138961792]], [[1.746030569076538]], [[1.6631325483322144]], [[1.5682344436645508]], [[1.5014697313308716]], [[1.4087138175964355]], [[1.3569512367248535]], [[1.2668100595474243]], [[1.2286051511764526]], [[1.103575348854065]], [[1.006131887435913]], [[0.8995342254638672]], [[0.8418429493904114]], [[0.6033599972724915]], [[1.0967750549316406]], [[1.352726697921753]], [[1.6435459852218628]], [[1.7648499011993408]], [[1.8720064163208008]], [[2.0447986125946045]], [[2.1414847373962402]], [[2.213433265686035]], [[2.264268398284912]], [[2.2973687648773193]], [[2.3156495094299316]], [[2.3209095001220703]], [[2.317826747894287]], [[2.3058977127075195]], [[2.272047281265259]], [[2.1934075355529785]], [[2.1468505859375]], [[2.0971670150756836]], [[2.0321097373962402]], [[1.9377238750457764]], [[1.8690043687820435]], [[1.7576801776885986]], [[1.674073576927185]], [[1.632716178894043]], [[1.5363305807113647]], [[1.4544119834899902]], [[1.3733421564102173]], [[1.2927247285842896]], [[1.2265328168869019]], [[1.134997844696045]], [[1.0449891090393066]], [[0.9817617535591125]], [[0.893869161605835]], [[0.8328635692596436]], [[0.7843594551086426]], [[0.7009600400924683]], [[0.6199229955673218]], [[0.5523418188095093]], [[0.48665446043014526]], [[0.4335593283176422]], [[0.38208508491516113]], [[0.303526908159256]], [[0.24787607789039612]], [[0.19564804434776306]], [[0.35506001114845276]], [[0.7266796231269836]], [[0.9933761954307556]], [[1.3735928535461426]], [[1.6052190065383911]], [[1.739741325378418]], [[1.8385995626449585]], [[1.8802516460418701]], [[1.8906933069229126]], [[1.8769030570983887]], [[1.8391865491867065]], [[1.7773034572601318]], [[1.6909282207489014]], [[1.6558862924575806]], [[1.5950607061386108]], [[1.532089352607727]], [[1.4150192737579346]], [[1.3358063697814941]], [[1.2427799701690674]], [[1.18927800655365]], [[1.0965304374694824]], [[1.004115104675293]], [[0.9648140668869019]], [[0.8608130216598511]], [[0.7961630821228027]], [[0.7194962501525879]], [[0.6436778903007507]], [[0.569253146648407]], [[0.49545446038246155]], [[0.4235377609729767]], [[0.3763118088245392]], [[0.28345832228660583]], [[0.22713693976402283]], [[0.15085458755493164]], [[0.11870262026786804]], [[0.02711113542318344]], [[0.0010000000474974513]], [[0.0010000000474974513]], [[0.0010000000474974513]], [[0.0010000000474974513]], [[0.0010000000474974513]], [[0.0010000000474974513]], [[0.0010000000474974513]], [[0.0010000000474974513]], [[0.0010000000474974513]], [[0.0010000000474974513]], [[0.0010000000474974513]], [[0.0010000000474974513]], [[0.0010000000474974513]], [[0.0010000000474974513]], [[0.0010000000474974513]], [[0.0010000000474974513]], [[0.019565485417842865]], [[0.10027328878641129]], [[0.1874021291732788]], [[0.1057400032877922]], [[0.25667986273765564]], [[0.5704039931297302]], [[0.6915256381034851]], [[0.847714900970459]], [[1.005691409111023]], [[1.0747953653335571]], [[1.1242330074310303]], [[1.1661549806594849]], [[1.172846794128418]], [[1.1648170948028564]], [[1.1469529867172241]], [[1.1083402633666992]], [[1.0654170513153076]], [[1.0153179168701172]], [[0.939849317073822]], [[0.8891353607177734]], [[0.8358607292175293]], [[0.7695881128311157]], [[0.6898311972618103]], [[0.6196265816688538]], [[0.5485821962356567]], [[0.4761289358139038]], [[0.43991580605506897]], [[0.366558313369751]], [[0.2808901071548462]], [[0.2068800926208496]], [[0.12046494334936142]], [[0.05871666967868805]], [[0.0010000000474974513]], [[0.0010000000474974513]], [[0.0010000000474974513]], [[0.0010000000474974513]], [[0.0010000000474974513]], [[0.0010000000474974513]], [[0.0010000000474974513]], [[0.0010000000474974513]], [[0.0010000000474974513]], [[0.0010000000474974513]], [[0.0010000000474974513]], [[0.0010000000474974513]], [[0.0010000000474974513]], [[0.0010000000474974513]], [[0.0010000000474974513]], [[0.0010000000474974513]], [[0.0010000000474974513]], [[0.0010000000474974513]], [[0.0010000000474974513]], [[0.0010000000474974513]], [[0.0010000000474974513]], [[0.0010000000474974513]], [[0.0010000000474974513]], [[0.0010000000474974513]], [[0.05844400078058243]], [[0.13152149319648743]], [[0.1668587327003479]], [[0.24483132362365723]], [[0.3238895833492279]], [[0.3667728304862976]], [[0.41074392199516296]], [[0.43530169129371643]], [[0.476526141166687]], [[0.4887606203556061]], [[0.5014214515686035]], [[0.503925085067749]], [[0.4979783296585083]], [[0.49277377128601074]], [[0.471451073884964]], [[0.4533890187740326]], [[0.4273872673511505]], [[0.36906132102012634]], [[0.33246415853500366]], [[0.292962908744812]], [[0.2438596934080124]], [[0.22175472974777222]], [[0.1842089146375656]], [[0.11352402716875076]], [[0.06483712047338486]], [[0.015008468180894852]], [[0.0010000000474974513]], [[0.0010000000474974513]], [[0.0010000000474974513]], [[0.0010000000474974513]], [[0.0010000000474974513]], [[0.0010000000474974513]], [[0.0010000000474974513]], [[0.0010000000474974513]], [[0.0010000000474974513]], [[0.0010000000474974513]], [[0.0010000000474974513]], [[0.0010000000474974513]], [[0.0010000000474974513]], [[0.0010000000474974513]], [[0.0010000000474974513]], [[0.0010000000474974513]], [[0.0010000000474974513]], [[0.0010000000474974513]], 