{"vc": [[-0.04717708379030228, 0.0, 0.0], [0.0, -2.179441452026367, 2.1797919273376465], [-0.004649909678846598, 0.08144662529230118, -0.08215155452489853], [-0.0775594711303711, 0.0, 0.0], [0.0, 0.0, 0.0], [0.0, 0.0, 0.0], [0.0, 0.8712656497955322, -0.8707993626594543], [0.0, 0.0, 0.0], [0.0, 0.0, 0.0], [0.016155321151018143, 0.0, 0.0]], "true_y1": [[[0.4006600081920624]], [[1.0073130130767822]], [[1.1097573041915894]], [[1.390141248703003]], [[1.614058017730713]], [[1.789233684539795]], [[1.8343909978866577]], [[1.9863591194152832]], [[2.0613303184509277]], [[2.124401092529297]], [[2.150881767272949]], [[2.161360502243042]], [[2.167205572128296]], [[2.1693484783172607]], [[2.162679433822632]], [[2.148974657058716]], [[2.1307132244110107]], [[2.1039650440216064]], [[2.0807952880859375]], [[2.0255274772644043]], [[1.9751224517822266]], [[1.937311053276062]], [[1.8806277513504028]], [[1.855517864227295]], [[1.8118202686309814]], [[1.7683862447738647]], [[1.7498825788497925]], [[1.7067443132400513]], [[1.6699655055999756]], [[1.639356255531311]], [[1.5906308889389038]], [[1.5663785934448242]], [[1.5240082740783691]], [[1.5000884532928467]], [[1.458045244216919]], [[1.4220844507217407]], [[1.3863301277160645]], [[1.356637716293335]], [[1.3152124881744385]], [[1.2681843042373657]], [[1.2448186874389648]], [[1.0533000230789185]], [[1.278639316558838]], [[1.4058799743652344]], [[1.5652403831481934]], [[1.6879994869232178]], [[1.7519097328186035]], [[1.8273470401763916]], [[1.8940564393997192]], [[1.9247400760650635]], [[1.9473881721496582]], [[1.9502992630004883]], [[1.9537971019744873]], [[1.948793649673462]], [[1.9463515281677246]], [[1.9330769777297974]], [[1.9248783588409424]], [[1.9111262559890747]], [[1.8907337188720703]], [[1.8575760126113892]], [[1.780787467956543]], [[1.756799340248108]], [[1.7084038257598877]], [[1.672296166419983]], [[1.6361558437347412]], [[1.6003687381744385]], [[1.5705995559692383]], [[1.5349698066711426]], [[1.5054093599319458]], [[1.4642117023468018]], [[1.4291558265686035]], [[1.2214927673339844]], [[1.193063497543335]], [[1.1534829139709473]], [[1.1196998357772827]], [[1.0917731523513794]], [[1.0527492761611938]], [[1.104699969291687]], [[1.2091714143753052]], [[1.3436800241470337]], [[1.482611894607544]], [[1.5098109245300293]], [[1.5991737842559814]], [[1.6316403150558472]], [[1.6787289381027222]], [[1.6941337585449219]], [[1.705489993095398]], [[1.7178425788879395]], [[1.7195740938186646]], [[1.7174214124679565]], [[1.7113407850265503]], [[1.7057418823242188]], [[1.6914807558059692]], [[1.674406886100769]], [[1.6400871276855469]], [[1.6296210289001465]], [[1.6080213785171509]], [[1.580241084098816]], [[1.5232748985290527]], [[1.4888074398040771]], [[1.4428690671920776]], [[1.4197763204574585]], [[1.3854732513427734]], [[1.340032696723938]], [[1.311627984046936]], [[1.277564525604248]], [[1.2382441759109497]], [[1.2103595733642578]], [[1.1712939739227295]], [[1.1493169069290161]], [[1.110715627670288]], [[1.0942187309265137]], [[1.0395896434783936]], [[0.9962268471717834]], [[0.947820246219635]], [[0.9211130738258362]], [[0.6033599972724915]], [[0.8168572187423706]], [[0.9235674142837524]], [[1.0423532724380493]], [[1.0913612842559814]], [[1.1345187425613403]], [[1.204185128211975]], [[1.243536353111267]], [[1.2733263969421387]], [[1.2949961423873901]], [[1.3098417520523071]], [[1.3189505338668823]], [[1.3223179578781128]], [[1.3236913681030273]], [[1.3208560943603516]], [[1.310423731803894]], [[1.2833361625671387]], [[1.2665672302246094]], [[1.2483253479003906]], [[1.2240391969680786]], [[1.1881986856460571]], [[1.161749243736267]], [[1.118391513824463]], [[1.085476040840149]], [[1.069094181060791]], [[1.0306785106658936]], [[0.9977822303771973]], [[0.9650120735168457]], [[0.9322145581245422]], [[0.9051263928413391]], [[0.8674200177192688]], [[0.8300429582595825]], [[0.8035928010940552]], [[0.7665264010429382]], [[0.7405699491500854]], [[0.7197813987731934]], [[0.6836785674095154]], [[0.6480855941772461]], [[0.6179307699203491]], [[0.5881153345108032]], [[0.5635709166526794]], [[0.539311945438385]], [[0.5011624693870544]], [[0.4730450212955475]], [[0.44551602005958557]], [[0.35506001114845276]], [[0.5203355550765991]], [[0.6365530490875244]], [[0.8012905716896057]], [[0.9033876657485962]], [[0.9650977849960327]], [[1.0139943361282349]], [[1.0381622314453125]], [[1.0533487796783447]], [[1.0526739358901978]], [[1.0440497398376465]], [[1.0255147218704224]], [[0.9965599775314331]], [[0.9842613935470581]], [[0.9624083638191223]], [[0.9392634034156799]], [[0.8952075242996216]], [[0.8648258447647095]], [[0.8286911845207214]], [[0.807720959186554]], [[0.7710868120193481]], [[0.7342666983604431]], [[0.7185198664665222]], [[0.6766071915626526]], [[0.6503783464431763]], [[0.6190977096557617]], [[0.5879656076431274]], [[0.5571982860565186]], [[0.5264627933502197]], [[0.496261328458786]], [[0.4762741029262543]], [[0.43654635548591614]], [[0.4121123254299164]], [[0.3784986138343811]], [[0.36411136388778687]], [[0.3221793472766876]], [[0.2993241548538208]], [[0.277118980884552]], [[0.25950005650520325]], [[0.2130967378616333]], [[0.19704470038414001]], [[0.17747248709201813]], [[0.15139086544513702]], [[0.13034981489181519]], [[0.11381368339061737]], [[0.09846500307321548]], [[0.07617411017417908]], [[0.059516362845897675]], [[0.04574901610612869]], [[0.04083665460348129]], [[0.03295965492725372]], [[0.027796529233455658]], [[0.02554205060005188]], [[0.026588495820760727]], [[0.02998512051999569]], [[0.1057400032877922]], [[0.1772545874118805]], [[0.3257295489311218]], [[0.3838145434856415]], [[0.46045559644699097]], [[0.5421683192253113]], [[0.5809048414230347]], [[0.6114552021026611]], [[0.644217312335968]], [[0.6559662222862244]], [[0.6626399755477905]], [[0.6629065275192261]], [[0.6565540432929993]], [[0.6460402607917786]], [[0.6317344307899475]], [[0.6079283952713013]], [[0.5909642577171326]], [[0.572558581829071]], [[0.5490240454673767]], [[0.5199851393699646]], [[0.49392473697662354]], [[0.46717745065689087]], [[0.43958479166030884]], [[0.4256928563117981]], [[0.3973767161369324]], [[0.36405736207962036]], [[0.3350931406021118]], [[0.3011029362678528]], [[0.27672138810157776]], [[0.2425411194562912]], [[0.22774924337863922]], [[0.19356562197208405]], [[0.1594068557024002]], [[0.13505780696868896]], [[0.09624792635440826]], [[0.07714129239320755]], [[0.04857545346021652]], [[0.020347870886325836]], [[0.0010000000474974513]], [[0.0010000000474974513]], [[0.0010000000474974513]], [[0.0010000000474974513]], [[0.0010000000474974513]], [[0.0010000000474974513]], [[0.0010000000474974513]], [[0.0010000000474974513]], [[0.0010000000474974513]], [[0.0010000000474974513]], [[0.0010000000474974513]], [[0.0010000000474974513]], [[0.0010000000474974513]], [[0.0010000000474974513]], [[0.0010000000474974513]], [[0.05844400078058243]], [[0.09896735101938248]], [[0.11853617429733276]], [[0.16186338663101196]], [[0.20643658936023712]], [[0.23119792342185974]], [[0.2574056088924408]], [[0.27266085147857666]], [[0.3004644215106964]], [[0.31000232696533203]], [[0.32258397340774536]], [[0.3275413513183594]], [[0.33318576216697693]], [[0.33347874879837036]], [[0.3307342231273651]], [[0.32663771510124207]], [[0.31954070925712585]], [[0.30105307698249817]], [[0.2884169816970825]], [[0.2741985023021698]], [[0.25588923692703247]], [[0.24745838344097137]], [[0.2329084724187851]], [[0.2048330157995224]], [[0.18503805994987488]], [[0.16442732512950897]], [[0.14315739274024963]], [[0.12119976431131363]], [[0.0987216979265213]], [[0.07187052816152573]], [[0.06018523871898651]], [[0.028437279164791107]], [[0.0010000000474974513]], [[0.0010000000474974513]], [[0.0010000000474974513]], [[0.0010000000474974513]], [[0.0010000000474974513]], [[0.0010000000474974513]], [[0.0010000000474974513]], [[0.0010000000474974513]], [[0.0010000000474974513]], [[0.0010000000474974513]], [[0.0010000000474974513]], [[0.0010000000474974513]], [[0.0010000000474974513]], 