{"vc": [[-0.048238810151815414, 0.0, 0.0], [0.0, -2.1258201599121094, 2.1267142295837402], [-0.0059812236577272415, 0.07439491897821426, -0.07547105848789215], [-0.08711045235395432, 0.0, 0.0], [0.0, 0.0, 0.0], [0.0, 0.0, 0.0], [0.0, 0.847841739654541, -0.8471574783325195], [0.0, 0.0, 0.0], [0.0, 0.0, 0.0], [0.025272419676184654, 0.0, 0.0]], "true_y1": [[[0.4006600081920624]], [[1.4293980598449707]], [[1.5974376201629639]], [[2.040804386138916]], [[2.371375322341919]], [[2.6103403568267822]], [[2.668518304824829]], [[2.8515615463256836]], [[2.932776927947998]], [[2.994029998779297]], [[3.0162289142608643]], [[3.0235354900360107]], [[3.026339054107666]], [[3.0257015228271484]], [[3.013587713241577]], [[2.997070550918579]], [[2.977046251296997]], [[2.9490671157836914]], [[2.925360918045044]], [[2.869340658187866]], [[2.818103790283203]], [[2.779365062713623]], [[2.7207257747650146]], [[2.694538116455078]], [[2.648676872253418]], [[2.602759838104248]], [[2.5831055641174316]], [[2.537085771560669]], [[2.497642993927002]], [[2.464679002761841]], [[2.4119575023651123]], [[2.3856050968170166]], [[2.3393895626068115]], [[2.313199520111084]], [[2.266988754272461]], [[2.2272789478302]], [[2.187621831893921]], [[2.1545495986938477]], [[2.108187437057495]], [[2.055220365524292]], [[2.0287628173828125]], [[1.0533000230789185]], [[1.4520870447158813]], [[1.6772019863128662]], [[1.9561232328414917]], [[2.166425943374634]], [[2.273552417755127]], [[2.3973517417907715]], [[2.504300117492676]], [[2.5531787872314453]], [[2.590745687484741]], [[2.596130847930908]], [[2.6037895679473877]], [[2.606224775314331]], [[2.6045570373535156]], [[2.5937604904174805]], [[2.58650803565979]], [[2.5739400386810303]], [[2.554819107055664]], [[2.523090124130249]], [[2.4478719234466553]], [[2.4239864349365234]], [[2.3752899169921875]], [[2.338550090789795]], [[2.301459550857544]], [[2.2644453048706055]], [[2.2334554195404053]], [[2.196143865585327]], [[2.1650168895721436]], [[2.1213924884796143]], [[2.0840587615966797]], [[1.859013557434082]], [[1.8276817798614502]], [[1.7838243246078491]], [[1.7461614608764648]], [[1.714858055114746]], [[1.6708409786224365]], [[1.104699969291687]], [[1.2954456806182861]], [[1.5433260202407837]], [[1.8001950979232788]], [[1.8504079580307007]], [[2.015117883682251]], [[2.075059413909912]], [[2.1632213592529297]], [[2.1931588649749756]], [[2.2163665294647217]], [[2.246011972427368]], [[2.259141206741333]], [[2.2612085342407227]], [[2.2601139545440674]], [[2.257181406021118]], [[2.2471911907196045]], [[2.2333180904388428]], [[2.203047752380371]], [[2.193484306335449]], [[2.173443555831909]], [[2.1472151279449463]], [[2.092289924621582]], [[2.0584747791290283]], [[2.012836217880249]], [[1.9896727800369263]], [[1.9550143480300903]], [[1.9086766242980957]], [[1.8794814348220825]], [[1.8442507982254028]], [[1.803298830986023]], [[1.7740784883499146]], [[1.732897400856018]], [[1.7096059322357178]], [[1.66847825050354]], [[1.6508162021636963]], [[1.5919522047042847]], [[1.544798493385315]], [[1.4916776418685913]], [[1.4621355533599854]], [[0.6033599972724915]], [[0.9996356964111328]], [[1.1967326402664185]], [[1.4123644828796387]], [[1.4994829893112183]], [[1.5750229358673096]], [[1.694189190864563]], [[1.7598166465759277]], [[1.8087527751922607]], [[1.8442058563232422]], [[1.8688997030258179]], [[1.8850017786026]], [[1.8918626308441162]], [[1.8982912302017212]], [[1.898053765296936]], [[1.8906538486480713]], [[1.8667393922805786]], [[1.8512284755706787]], [[1.8341490030288696]], [[1.8112276792526245]], [[1.7771543264389038]], [[1.751851201057434]], [[1.7100821733474731]], [[1.6781173944473267]], [[1.6621217727661133]], [[1.6243749856948853]], [[1.591778039932251]], [[1.5590462684631348]], [[1.526019811630249]], [[1.4985355138778687]], [[1.4599562883377075]], [[1.4213312864303589]], [[1.393757939338684]], [[1.354765772819519]], [[1.3272035121917725]], [[1.3049675226211548]], [[1.2659885883331299]], [[1.2270740270614624]], [[1.193690299987793]], [[1.1602696180343628]], [[1.1324186325073242]], [[1.1045604944229126]], [[1.0600030422210693]], [[1.0264948606491089]], [[0.9930509924888611]], [[0.35506001114845276]], [[0.6708108186721802]], [[0.8908979296684265]], [[1.1925206184387207]], [[1.3687227964401245]], [[1.4694428443908691]], [[1.5454857349395752]], [[1.5819920301437378]], [[1.6064317226409912]], [[1.6077966690063477]], [[1.6008236408233643]], [[1.583340048789978]], [[1.5554583072662354]], [[1.543616771697998]], [[1.5226186513900757]], [[1.5004332065582275]], [[1.4582833051681519]], [[1.4292110204696655]], [[1.394559621810913]], [[1.3743908405303955]], [[1.3390170335769653]], [[1.3032455444335938]], [[1.2878704071044922]], [[1.2466943264007568]], [[1.2207214832305908]], [[1.1895179748535156]], [[1.1581939458847046]], [[1.126948356628418]], [[1.0954207181930542]], [[1.0641034841537476]], [[1.0431764125823975]], [[1.0010493993759155]], [[0.9747479557991028]], [[0.9380056262016296]], [[0.9220581650733948]], [[0.8747002482414246]], [[0.8482514023780823]], [[0.8220453262329102]], [[0.8008430004119873]], [[0.7428669333457947]], [[0.7219194769859314]], [[0.695588231086731]], [[0.6588255763053894]], [[0.6273514628410339]], [[0.601093053817749]], [[0.5751195549964905]], [[0.5334174633026123]], [[0.4972701966762543]], [[0.4612638056278229]], [[0.44592711329460144]], [[0.41555535793304443]], [[0.3853451609611511]], [[0.350532591342926]], [[0.3259711265563965]], [[0.3016461133956909]], [[0.1057400032877922]], [[0.25607141852378845]], [[0.5634045004844666]], [[0.6791597008705139]], [[0.8254745006561279]], [[0.9706541299819946]], [[1.0344669818878174]], [[1.081966757774353]], [[1.1294397115707397]], [[1.1452858448028564]], [[1.1538149118423462]], [[1.1540935039520264]], [[1.1465955972671509]], [[1.1347222328186035]], [[1.1191010475158691]], [[1.0939346551895142]], [[1.0764310359954834]], [[1.0577330589294434]], [[1.0341651439666748]], [[1.0054796934127808]], [[0.9800106883049011]], [[0.9540678858757019]], [[0.9274579882621765]], [[0.9141045212745667]], [[0.8869502544403076]], [[0.8550668358802795]], [[0.8273732662200928]], [[0.7948586344718933]], [[0.7715017795562744]], [[0.7386769652366638]], [[0.724432647228241]], [[0.6913977265357971]], [[0.6581840515136719]], [[0.6343544721603394]], [[0.5960421562194824]], [[0.5770015716552734]], [[0.5482676029205322]], [[0.5194991230964661]], [[0.48587968945503235]], [[0.45707836747169495]], [[0.4378346800804138]], [[0.38990604877471924]], [[0.3659003674983978]], [[0.318209171295166]], [[0.3134578764438629]], [[0.2802782356739044]], [[0.2284422516822815]], [[0.21443994343280792]], [[0.17750322818756104]], [[0.15017889440059662]], [[0.127617746591568]], [[0.1054835319519043]], [[0.07090519368648529]], [[0.05844400078058243]], [[0.16775304079055786]], [[0.22051659226417542]], [[0.33624887466430664]], [[0.45212501287460327]], [[0.5143360495567322]], [[0.5779780745506287]], [[0.6138050556182861]], [[0.6764638423919678]], [[0.6971270442008972]], [[0.7238323092460632]], [[0.7343360781669617]], [[0.7473775744438171]], [[0.7488968968391418]], [[0.7473351955413818]], [[0.7428060173988342]], [[0.734397292137146]], [[0.7121632099151611]], [[0.6971322298049927]], [[0.680443286895752]], [[0.6592835783958435]], [[0.6496540307998657]], [[0.6331868171691895]], [[0.6018855571746826]], [[0.5801354050636292]], [[0.5577251315116882]], [[0.534816324710846]], [[0.5113679766654968]], [[0.4875473082065582]], [[0.45930221676826477]], [[0.44707345962524414]], [[0.4140184223651886]], [[0.38481953740119934]], [[0.36371755599975586]], [[0.3382073938846588]], [[0.31676584482192993]], [[0.2909637987613678]], [[0.2605675458908081]], [[0.23435130715370178]], [[0.2081385850906372]], [[0.18611407279968262]], [[0.15523763000965118]], [[0.10651855170726776]], [[0.07988691329956055]], [[0.05336882174015045]], [[0.018071744590997696]], [[0.004796135239303112]], [[0.0010000000474974513]], [[0.0010000000474974513]], [[0.0010000000474974513]], [[0.0010000000474974513]], 