{"vc": [[-0.15969298779964447, -0.1526356041431427, 0.1529274433851242], [-0.2563435733318329, -2.4159324169158936, 2.4161157608032227], [-0.05635803937911987, -0.012860609218478203, 0.01302076131105423], [-0.08456233143806458, -0.19891981780529022, 0.1990717351436615], [-0.09811272472143173, -0.0073268539272248745, 0.007357688620686531], [-0.08542764186859131, 0.05316019058227539, -0.0530644953250885], [-0.2222924530506134, 0.48647692799568176, -0.48636409640312195], [0.0023452057503163815, 0.001058058231137693, -0.001005649915896356], [0.08103034645318985, 0.06281638145446777, -0.06260915100574493], [-0.007788669317960739, 0.04817249998450279, -0.04813382029533386]], "true_y1": [[[0.4006600081920624]], [[0.0718526840209961]], [[0.07542402297258377]], [[0.16345368325710297]], [[0.3249320983886719]], [[0.5270153880119324]], [[0.5939586758613586]], [[0.8877535462379456]], [[1.095243215560913]], [[1.33915376663208]], [[1.4875342845916748]], [[1.5694762468338013]], [[1.6367223262786865]], [[1.690224289894104]], [[1.768064260482788]], [[1.780582308769226]], [[1.759210467338562]], [[1.6985934972763062]], [[1.6327953338623047]], [[1.457261085510254]], [[1.2976001501083374]], [[1.1850725412368774]], [[1.0320852994918823]], [[0.9708083271980286]], [[0.8732019066810608]], [[0.7867240905761719]], [[0.7527837753295898]], [[0.6796672344207764]], [[0.6232724785804749]], [[0.5799872875213623]], [[0.5170096158981323]], [[0.4880484342575073]], [[0.44074103236198425]], [[0.4156850576400757]], [[0.3741694688796997]], [[0.340914249420166]], [[0.30964288115501404]], [[0.2848743200302124]], [[0.2519175708293915]], [[0.21645809710025787]], [[0.1995123028755188]], [[1.0533000230789185]], [[0.7561722993850708]], [[0.6742820739746094]], [[0.6572404503822327]], [[0.718108057975769]], [[0.7828229665756226]], [[0.9011056423187256]], [[1.0687754154205322]], [[1.1874256134033203]], [[1.3267713785171509]], [[1.3558083772659302]], [[1.4097881317138672]], [[1.5202468633651733]], [[1.5313247442245483]], [[1.5586446523666382]], [[1.5624979734420776]], [[1.5578043460845947]], [[1.5352249145507812]], [[1.4763370752334595]], [[1.2968261241912842]], [[1.2394351959228516]], [[1.1264724731445312]], [[1.0470449924468994]], [[0.9727025032043457]], [[0.9044517278671265]], [[0.8516960740089417]], [[0.7931132316589355]], [[0.7480298280715942]], [[0.6900388598442078]], [[0.6446878910064697]], [[0.428783118724823]], [[0.40585532784461975]], [[0.37500324845314026]], [[0.34964147210121155]], [[0.32931503653526306]], [[0.3018016219139099]], [[1.104699969291687]], [[0.90390944480896]], [[0.7373509407043457]], [[0.6746505498886108]], [[0.6771531105041504]], [[0.7310339212417603]], [[0.7743538618087769]], [[0.8780186772346497]], [[0.9314656853675842]], [[0.9847389459609985]], [[1.0840519666671753]], [[1.1682004928588867]], [[1.2034850120544434]], [[1.2469550371170044]], [[1.2699302434921265]], [[1.3026025295257568]], [[1.318349838256836]], [[1.3129913806915283]], [[1.3053934574127197]], [[1.2839384078979492]], [[1.2482084035873413]], [[1.1594027280807495]], [[1.1019976139068604]], [[1.0257936716079712]], [[0.9885839819908142]], [[0.9353122711181641]], [[0.8690534830093384]], [[0.8302968740463257]], [[0.7864974737167358]], [[0.7394258975982666]], [[0.7081745862960815]], [[0.6671275496482849]], [[0.6453344821929932]], [[0.6091132760047913]], [[0.5943740606307983]], [[0.5483840703964233]], [[0.5146074891090393]], [[0.4793183207511902]], [[0.46079859137535095]], [[0.6033599972724915]], [[0.30729809403419495]], [[0.24639658629894257]], [[0.24313829839229584]], [[0.2636711299419403]], [[0.29447442293167114]], [[0.3768784999847412]], [[0.449527382850647]], [[0.5259422659873962]], [[0.6026617884635925]], [[0.6771828532218933]], [[0.7474505305290222]], [[0.791172206401825]], [[0.87030428647995]], [[0.9210977554321289]], [[0.989931583404541]], [[1.0593723058700562]], [[1.077532410621643]], [[1.0863966941833496]], [[1.0865308046340942]], [[1.0709936618804932]], [[1.0518354177474976]], [[1.0120995044708252]], [[0.9781078696250916]], [[0.9605706930160522]], [[0.9188575744628906]], [[0.88331538438797]], [[0.8486803770065308]], [[0.8151459693908691]], [[0.7884536981582642]], [[0.7529283761978149]], [[0.7196279764175415]], [[0.6971974968910217]], [[0.667280375957489]], [[0.647331178188324]], [[0.6319139003753662]], [[0.606245756149292]], [[0.5822058916091919]], [[0.5627277493476868]], [[0.5441904664039612]], [[0.5294168591499329]], [[0.5152040719985962]], [[0.49354082345962524]], [[0.4780348241329193]], [[0.4631633758544922]], [[0.35506001114845276]], [[0.10416164994239807]], [[0.021689407527446747]], [[0.017665313556790352]], [[0.09051967412233353]], [[0.17894843220710754]], [[0.29764634370803833]], [[0.39784523844718933]], [[0.5476133823394775]], [[0.6131816506385803]], [[0.6986039876937866]], [[0.7756138443946838]], [[0.8356673121452332]], [[0.8510717749595642]], [[0.8693289160728455]], [[0.8794258832931519]], [[0.8811793923377991]], [[0.8735506534576416]], [[0.8584608435630798]], [[0.8476306796073914]], [[0.8263044357299805]], [[0.802974283695221]], [[0.7926777005195618]], [[0.7649067044258118]], [[0.7475416660308838]], [[0.7270806431770325]], [[0.7071399092674255]], [[0.6879518628120422]], [[0.6693593859672546]], [[0.6516783237457275]], [[0.6403009295463562]], [[0.6184374094009399]], [[0.6054693460464478]], [[0.5881854891777039]], [[0.5809721350669861]], [[0.5605149865150452]], [[0.5496803522109985]], [[0.5393325686454773]], [[0.5312273502349854]], [[0.5101854801177979]], [[0.5029560327529907]], [[0.4941256046295166]], [[0.48224297165870667]], [[0.4724503457546234]], [[0.46452727913856506]], [[0.45689451694488525]], [[0.44502782821655273]], [[0.43508976697921753]], [[0.4254729449748993]], [[0.42145344614982605]], [[0.4136139452457428]], [[0.4059563875198364]], [[0.39727547764778137]], [[0.3912234604358673]], [[0.38527244329452515]], [[0.1057400032877922]], [[-0.05316763371229172]], [[-0.2250957190990448]], [[-0.25072863698005676]], [[-0.25392499566078186]], [[-0.21536219120025635]], [[-0.1761746108531952]], [[-0.12912778556346893]], [[-0.044803015887737274]], [[0.010526351630687714]], [[0.07726968824863434]], [[0.1320149004459381]], [[0.20508602261543274]], [[0.2629272937774658]], [[0.3157515525817871]], [[0.3775654435157776]], [[0.41074714064598083]], [[0.4400674104690552]], [[0.4700404107570648]], [[0.49827030301094055]], [[0.5172879099845886]], [[0.5319293141365051]], [[0.5428692698478699]], [[0.5470384359359741]], [[0.5532081723213196]], [[0.5571500062942505]], [[0.5582561492919922]], [[0.5573996305465698]], [[0.5556462407112122]], [[0.5519392490386963]], [[0.5499680042266846]], [[0.544745922088623]], [[0.5388063788414001]], [[0.5342482924461365]], [[0.5265858173370361]], [[0.5226831436157227]], [[0.5167356133460999]], [[0.5107625722885132]], [[0.5038195848464966]], [[0.4979425072669983]], [[0.49406546354293823]], [[0.48461899161338806]], [[0.48001348972320557]], [[0.4711286723613739]], [[0.47026318311691284]], [[0.4643174707889557]], [[0.45536190271377563]], [[0.4530090093612671]], [[0.446925550699234]], [[0.44252970814704895]], [[0.4389578402042389]], [[0.43549594283103943]], [[0.4301486909389496]], [[0.05844400078058243]], [[-0.1113092228770256]], [[-0.1722317934036255]], [[-0.27051466703414917]], [[-0.3303644061088562]], [[-0.34863561391830444]], [[-0.356879860162735]], [[-0.3560585379600525]], [[-0.3408829867839813]], [[-0.3296569287776947]], [[-0.305311381816864]], [[-0.289296418428421]], [[-0.24919942021369934]], [[-0.2350974678993225]], [[-0.19545015692710876]], [[-0.17014649510383606]], [[-0.13947005569934845]], [[-0.08337961137294769]], [[-0.0535416342318058]], [[-0.024480853229761124]], [[0.008068561553955078]], [[0.021628830581903458]], [[0.043300993740558624]], [[0.08001261204481125]], [[0.10257593542337418]], [[0.12363164126873016]], [[0.1430882066488266]], [[0.1610420197248459]], [[0.17743273079395294]], [[0.1946789175271988]], [[0.20146746933460236]], [[0.2179492861032486]], 