{"vc": [[-0.07153476774692535, 0.0, 0.0], [0.0, -0.05545099452137947, 0.055320873856544495], [-0.01195027306675911, 0.30860909819602966, -0.3087306320667267], [-0.00996988546103239, 0.0, 0.0], [0.0, 0.0, 0.0], [0.0, 0.0, 0.0], [0.0, 0.01334037259221077, -0.013419854454696178], [0.0, 0.0, 0.0], [0.0, 0.0, 0.0], [0.6116597056388855, 0.0, 0.0]], "true_y1": [[[0.4006600081920624]], [[32.891788482666016]], [[38.86653137207031]], [[56.330894470214844]], [[71.9100570678711]], [[85.68746185302734]], [[89.56999969482422]], [[104.2334976196289]], [[113.0121078491211]], [[122.32939910888672]], [[127.73942565917969]], [[130.7593994140625]], [[133.345947265625]], [[135.57730102539062]], [[139.9047088623047]], [[142.355712890625]], [[144.17332458496094]], [[145.81517028808594]], [[146.76834106445312]], [[148.19253540039062]], [[148.95556640625]], [[149.3525390625]], [[149.7855987548828]], [[149.9369659423828]], [[150.16168212890625]], [[150.35096740722656]], [[150.42428588867188]], [[150.58299255371094]], [[150.7083740234375]], [[150.80787658691406]], [[150.9601287841797]], [[151.03399658203125]], [[151.16119384765625]], [[151.2323455810547]], [[151.35690307617188]], [[151.46340942382812]], [[151.56964111328125]], [[151.65830993652344]], [[151.78297424316406]], [[151.92617797851562]], [[151.9980926513672]], [[1.0533000230789185]], [[14.36371898651123]], [[23.00882339477539]], [[35.55976486206055]], [[47.2309684753418]], [[54.40314483642578]], [[64.4685287475586]], [[76.10171508789062]], [[83.5030288696289]], [[91.9132080078125]], [[93.6856460571289]], [[97.0674819946289]], [[105.10037231445312]], [[106.1536636352539]], [[109.86289978027344]], [[111.39888000488281]], [[113.37364196777344]], [[115.49726867675781]], [[117.82508087158203]], [[120.71192169189453]], [[121.238037109375]], [[122.00519561767578]], [[122.40288543701172]], [[122.70207214355469]], [[122.92960357666016]], [[123.08097076416016]], [[123.22876739501953]], [[123.33049011230469]], [[123.44886016845703]], [[123.5335693359375]], [[123.88179016113281]], [[123.92127990722656]], [[123.9743881225586]], [[124.01850891113281]], [[124.05442810058594]], [[124.10414123535156]], [[1.104699969291687]], [[7.634823322296143]], [[17.350788116455078]], [[29.819629669189453]], [[32.70914840698242]], [[43.96129608154297]], [[49.099853515625]], [[58.6539306640625]], [[62.88956069946289]], [[66.86824798583984]], [[73.9422378540039]], [[79.90335845947266]], [[82.50526428222656]], [[85.94095611572266]], [[87.96250915527344]], [[91.48735046386719]], [[94.34224700927734]], [[98.11003112792969]], [[98.954345703125]], [[100.40506744384766]], [[101.84227752685547]], [[103.82295227050781]], [[104.61808776855469]], [[105.3834457397461]], [[105.67700958251953]], [[106.03114318847656]], [[106.3882064819336]], [[106.56381225585938]], [[106.73866271972656]], [[106.90354919433594]], [[107.00210571289062]], [[107.12063598632812]], [[107.17931365966797]], [[107.27147674560547]], [[107.30736541748047]], [[107.41474914550781]], [[107.49052429199219]], [[107.56832122802734]], [[107.6090316772461]], [[0.6033599972724915]], [[14.903857231140137]], [[23.141708374023438]], [[33.638641357421875]], [[38.55162811279297]], [[43.275665283203125]], [[52.0418701171875]], [[57.992042541503906]], [[63.38115310668945]], [[68.22712707519531]], [[72.56233978271484]], [[76.41273498535156]], [[78.72602844238281]], [[82.82156372070312]], [[85.4437026977539]], [[89.13032531738281]], [[93.54695129394531]], [[95.22567749023438]], [[96.63236236572266]], [[98.07799530029297]], [[99.65115356445312]], [[100.53227233886719]], [[101.64299011230469]], [[102.29436492919922]], [[102.57335662841797]], [[103.13742065429688]], [[103.54234313964844]], [[103.8922348022461]], [[104.20149230957031]], [[104.43278503417969]], [[104.72660064697266]], [[104.99311065673828]], [[105.17040252685547]], [[105.406982421875]], [[105.56634521484375]], [[105.69114685058594]], [[105.90348815917969]], [[106.10929107666016]], [[106.28231811523438]], [[106.45325469970703]], [[106.59451293945312]], [[106.735107421875]], [[106.95930480957031]], [[107.12789154052734]], [[107.29655456542969]], [[0.35506001114845276]], [[11.931633949279785]], [[20.929100036621094]], [[35.616737365722656]], [[46.70026779174805]], [[54.8830451965332]], [[63.19083023071289]], [[68.9774398803711]], [[76.40213012695312]], [[79.35526275634766]], [[83.06570434570312]], [[86.43856811523438]], [[89.36727142333984]], [[90.25996398925781]], [[91.55709838867188]], [[92.65360260009766]], [[94.24488067626953]], [[95.09479522705078]], [[95.9325180053711]], [[96.3543701171875]], [[97.00637817382812]], [[97.57864379882812]], [[97.80364990234375]], [[98.35796356201172]], [[98.67855834960938]], [[99.04080963134766]], [[99.38447570800781]], [[99.71167755126953]], [[100.02954864501953]], [[100.33587646484375]], [[100.5364761352539]], [[100.93284606933594]], [[101.1766128540039]], [[101.5140609741211]], [[101.6597900390625]], [[102.09133911132812]], [[102.33228302001953]], [[102.57144927978516]], [[102.76548767089844]], [[103.29981231689453]], [[103.49461364746094]], [[103.7410659790039]], [[104.08851623535156]], [[104.38948059082031]], [[104.64331817626953]], [[104.89708709716797]], [[105.31066131591797]], [[105.6759262084961]], [[106.04679107666016]], [[106.20709228515625]], [[106.529052734375]], [[106.85580444335938]], [[107.24143981933594]], [[107.52017211914062]], [[107.80238342285156]], [[0.1057400032877922]], [[6.119919776916504]], [[19.320459365844727]], [[24.87737464904785]], [[32.743595123291016]], [[42.216514587402344]], [[47.41501235961914]], [[52.14531707763672]], [[58.659202575683594]], [[62.1251220703125]], [[65.74761962890625]], [[68.3782958984375]], [[71.53411865234375]], [[73.81845092773438]], [[75.79177856445312]], [[78.03018951416016]], [[79.23404693603516]], [[80.32502746582031]], [[81.49995422363281]], [[82.71818542480469]], [[83.66010284423828]], [[84.51973724365234]], [[85.32128143310547]], [[85.69876861572266]], [[86.42478942871094]], [[87.21947479248047]], [[87.87017059326172]], [[88.597900390625]], [[89.1015853881836]], [[89.7885513305664]], [[90.08051300048828]], [[90.7464828491211]], [[91.40412139892578]], [[91.87077331542969]], [[92.61530303955078]], [[92.98380279541016]], [[93.53926849365234]], [[94.09581756591797]], [[94.74832916259766]], [[95.31035614013672]], [[95.68795013427734]], [[96.63756561279297]], [[97.11909484863281]], [[98.08997344970703]], [[98.1878662109375]], [[98.87811279296875]], [[99.98307800292969]], [[100.28800201416016]], [[101.10784149169922]], [[101.73087310791016]], [[102.25776672363281]], [[102.78739166259766]], [[103.64505004882812]], [[0.05844400078058243]], [[5.4947190284729]], [[8.188121795654297]], [[14.365182876586914]], [[21.151233673095703]], [[25.202091217041016]], [[29.82274627685547]], [[32.74223709106445]], [[38.81974792480469]], [[41.30982208251953]], [[45.337608337402344]], [[47.460567474365234]], [[51.80047607421875]], [[53.10321044921875]], [[56.34708786010742]], [[58.17028045654297]], [[60.187381744384766]], [[63.4704475402832]], [[65.06178283691406]], [[66.53888702392578]], [[68.13316345214844]], [[68.78484344482422]], [[69.8181381225586]], [[71.56846618652344]], [[72.66289520263672]], [[73.7129135131836]], [[74.72206115722656]], [[75.7014389038086]], [[76.65193176269531]], [[77.73284912109375]], [[78.18805694580078]], [[79.38748931884766]], [[80.4168701171875]], [[81.14728546142578]], [[82.0185317993164]], [[82.7430419921875]], [[83.6078872680664]], [[84.61997985839844]], [[85.48948669433594]], [[86.35773468017578]], [[87.08760833740234]], [[88.11324310302734]], [[89.74267578125]], [[90.64202880859375]], [[91.54566955566406]], [[92.7641830444336]], [[93.22802734375]], [[94.15565490722656]], [[95.09491729736328]], [[96.35826873779297]], [[96.83718872070312]], [[97.96401977539062]]]}