{"vc": [[-0.059455838054418564, 0.0, 0.0], [0.0, -0.04859714210033417, 0.048523832112550735], [-0.003325485857203603, 0.3048801124095917, -0.3049084544181824], [0.034995365887880325, 0.0, 0.0], [0.0, 0.0, 0.0], [0.0, 0.0, 0.0], [0.0, 0.011532550677657127, -0.011586674489080906], [0.0, 0.0, 0.0], [0.0, 0.0, 0.0], [0.6760560274124146, 0.0, 0.0]], "true_y1": [[[0.4006600081920624]], [[36.47282028198242]], [[43.120635986328125]], [[62.59989929199219]], [[80.05844116210938]], [[95.58753967285156]], [[99.98269653320312]], [[116.67693328857422]], [[126.75985717773438]], [[137.5582275390625]], [[143.8872528076172]], [[147.44410705566406]], [[150.50680541992188]], [[153.1630859375]], [[158.36175537109375]], [[161.34332275390625]], [[163.57955932617188]], [[165.62635803222656]], [[166.831787109375]], [[168.67205810546875]], [[169.6923065185547]], [[170.24032592773438]], [[170.8598175048828]], [[171.08355712890625]], [[171.42428588867188]], [[171.72007751464844]], [[171.8368682861328]], [[172.09376525878906]], [[172.3003387451172]], [[172.46621704101562]], [[172.72271728515625]], [[172.84808349609375]], [[173.06497192382812]], [[173.1867218017578]], [[173.40036010742188]], [[173.58334350585938]], [[173.76600646972656]], [[173.9185333251953]], [[174.1329345703125]], [[174.37905883789062]], [[174.50257873535156]], [[1.0533000230789185]], [[15.835251808166504]], [[25.446792602539062]], [[39.427425384521484]], [[52.46953582763672]], [[60.51078796386719]], [[71.83956909179688]], [[85.01392364501953]], [[93.45356750488281]], [[103.1138916015625]], [[105.1612319946289]], [[109.08049774169922]], [[118.4721450805664]], [[119.714111328125]], [[124.11279296875]], [[125.94768524169922]], [[128.32107543945312]], [[130.89578247070312]], [[133.75489807128906]], [[137.39529418945312]], [[138.08045959472656]], [[139.10443115234375]], [[139.65415954589844]], [[140.08218383789062]], [[140.42054748535156]], [[140.6546630859375]], [[140.89300537109375]], [[141.064453125]], [[141.27392578125]], [[141.4320068359375]], [[142.17710876464844]], [[142.26954650878906]], [[142.39630126953125]], [[142.50340270996094]], [[142.59158325195312]], [[142.71475219726562]], [[1.104699969291687]], [[8.361100196838379]], [[19.166606903076172]], [[33.06255340576172]], [[36.2894172668457]], [[48.88764190673828]], [[54.661861419677734]], [[65.44270324707031]], [[70.24456787109375]], [[74.7699966430664]], [[82.85774230957031]], [[89.72335052490234]], [[92.7375259399414]], [[96.73694610595703]], [[99.1019515991211]], [[103.25039672851562]], [[106.63836669921875]], [[111.1612777709961]], [[112.18543243408203]], [[113.95728302001953]], [[115.73184967041016]], [[118.2252197265625]], [[119.25170135498047]], [[120.26434326171875]], [[120.66255187988281]], [[121.1538314819336]], [[121.66679382324219]], [[121.92859649658203]], [[122.19817352294922]], [[122.46334075927734]], [[122.62845611572266]], [[122.83540344238281]], [[122.94184875488281]], [[123.11529541015625]], [[123.18509674072266]], [[123.40227508544922]], [[123.56334686279297]], [[123.73538208007812]], [[123.82792663574219]], [[0.6033599972724915]], [[16.50465202331543]], [[25.679332733154297]], [[37.39823532104492]], [[42.89793395996094]], [[48.197242736816406]], [[58.06600570678711]], [[64.79606628417969]], [[70.9183349609375]], [[76.44924926757812]], [[81.42132568359375]], [[85.85958862304688]], [[88.53755187988281]], [[93.30317687988281]], [[96.37330627441406]], [[100.72013092041016]], [[105.98771667480469]], [[108.01261138916016]], [[109.72203826904297]], [[111.49372863769531]], [[113.44404602050781]], [[114.54983520507812]], [[115.96257781982422]], [[116.80397033691406]], [[117.16805267333984]], [[117.91236877441406]], [[118.45467376708984]], [[118.92964935302734]], [[119.3550033569336]], [[119.67681884765625]], [[120.09040069580078]], [[120.47024536132812]], [[120.72535705566406]], [[121.06861877441406]], [[121.3015365600586]], [[121.48480224609375]], [[121.79817962646484]], [[122.10350799560547]], [[122.36121368408203]], [[122.61653900146484]], [[122.82797241210938]], [[123.03873443603516]], [[123.37531280517578]], [[123.62870025634766]], [[123.88236236572266]], [[0.35506001114845276]], [[13.233362197875977]], [[23.25699234008789]], [[39.675621032714844]], [[52.13857650756836]], [[61.3984375]], [[70.86798858642578]], [[77.51573181152344]], [[86.12686920166016]], [[89.5840072631836]], [[93.96062469482422]], [[97.97850036621094]], [[101.50692749023438]], [[102.59162902832031]], [[104.17707824707031]], [[105.52729034423828]], [[107.50666809082031]], [[108.57562255859375]], [[109.63894653320312]], [[110.17852020263672]], [[111.01848602294922]], [[111.76216125488281]], [[112.05628204345703]], [[112.78508758544922]], [[113.20930480957031]], [[113.69091796875]], [[114.14991760253906]], [[114.58866119384766]], [[115.01632690429688]], [[115.42961883544922]], [[115.70079040527344]], [[116.23764038085938]], [[116.568359375]], [[117.02670288085938]], [[117.22478485107422]], [[117.811767578125]], [[118.1396713256836]], [[118.46521759033203]], [[118.7293701171875]], [[119.45677185058594]], [[119.721923828125]], [[120.05733489990234]], [[120.53006744384766]], [[120.93940734863281]], [[121.28453063964844]], [[121.62943267822266]], [[122.19125366210938]], [[122.68714141845703]], [[123.1903305053711]], [[123.40773010253906]], [[123.84418487548828]], [[124.2868881225586]], [[124.80903625488281]], [[125.18621063232422]], [[125.5678939819336]], [[0.1057400032877922]], [[6.804683685302734]], [[21.52872085571289]], [[27.743743896484375]], [[36.56869888305664]], [[47.254295349121094]], [[53.153831481933594]], [[58.54944610595703]], [[66.03143310546875]], [[70.04180145263672]], [[74.25929260253906]], [[77.3410873413086]], [[81.06240844726562]], [[83.77490997314453]], [[86.13253784179688]], [[88.82501983642578]], [[90.2818374633789]], [[91.6077651977539]], [[93.04208374023438]], [[94.53650665283203]], [[95.6971206665039]], [[96.76026916503906]], [[97.75485229492188]], [[98.22431182861328]], [[99.12902069091797]], [[100.12181854248047]], [[100.93648529052734]], [[101.84921264648438]], [[102.4817886352539]], [[103.34546661376953]], [[103.7127914428711]], [[104.55113983154297]], [[105.37946319580078]], [[105.9674072265625]], [[106.9056167602539]], [[107.36998748779297]], [[108.06993103027344]], [[108.77113342285156]], [[109.59303283691406]], [[110.30072784423828]], [[110.77604675292969]], [[111.97086334228516]], [[112.57638549804688]], [[113.7965087890625]], [[113.91947174072266]], [[114.78618621826172]], [[116.17245483398438]], [[116.55474853515625]], [[117.58201599121094]], [[118.36211395263672]], [[119.02144622802734]], [[119.683837890625]], [[120.75572204589844]], [[0.05844400078058243]], [[6.127795696258545]], [[9.136255264282227]], [[16.04294204711914]], [[23.648624420166016]], [[28.201679229736328]], [[33.410499572753906]], [[36.71162033081055]], [[43.613468170166016]], [[46.454769134521484]], [[51.069942474365234]], [[53.513084411621094]], [[58.53304672241211]], [[60.04717254638672]], [[63.83335494995117]], [[65.971923828125]], [[68.34735107421875]], [[72.23577880859375]], [[74.13070678710938]], [[75.89559936523438]], [[77.80686950683594]], [[78.58998107910156]], [[79.83380889892578]], [[81.9464111328125]], [[83.27066040039062]], [[84.54330444335938]], [[85.76814270019531]], [[86.95824432373047]], [[88.11434173583984]], [[89.43013000488281]], [[89.98451232910156]], [[91.44580841064453]], [[92.7003173828125]], [[93.590576171875]], [[94.65247344970703]], [[95.53544616699219]], [[96.58926391601562]], [[97.82215118408203]], [[98.88096618652344]], [[99.93782806396484]], [[100.82589721679688]], [[102.07322692871094]], [[104.05328369140625]], [[105.14527130126953]], [[106.24181365966797]], [[107.71936798095703]], [[108.281494140625]], [[109.40510559082031]], [[110.54206085205078]], [[112.07010650634766]], [[112.64900970458984]], [[114.01029205322266]]]}