{"vc": [[-0.13935016095638275, 0.0, 0.0], [0.0, -0.19488517940044403, 0.19450826942920685], [-0.06038515642285347, 0.3448314070701599, -0.34502607583999634], [-0.24518398940563202, 0.0, 0.0], [0.0, 0.0, 0.0], [0.0, 0.0, 0.0], [0.0, 0.04389083757996559, -0.044414542615413666], [0.0, 0.0, 0.0], [0.0, 0.0, 0.0], [0.2416822761297226, 0.0, 0.0]], "true_y1": [[[0.4006600081920624]], [[12.494364738464355]], [[14.689224243164062]], [[21.016176223754883]], [[26.513111114501953]], [[31.221168518066406]], [[32.51667022705078]], [[37.259986877441406]], [[39.96474838256836]], [[42.693721771240234]], [[44.19329071044922]], [[44.995948791503906]], [[45.65950393676758]], [[46.210716247558594]], [[47.205291748046875]], [[47.704811096191406]], [[48.02625274658203]], [[48.25686264038086]], [[48.34707260131836]], [[48.364593505859375]], [[48.255069732666016]], [[48.130821228027344]], [[47.904056549072266]], [[47.792999267578125]], [[47.58889389038086]], [[47.37575912475586]], [[47.28254318237305]], [[47.06071853637695]], [[46.867435455322266]], [[46.704132080078125]], [[46.440242767333984]], [[46.30727767944336]], [[46.072628021240234]], [[45.93890380859375]], [[45.701751708984375]], [[45.496822357177734]], [[45.291175842285156]], [[45.118953704833984]], [[44.8764533996582]], [[44.59791946411133]], [[44.45820617675781]], [[1.0533000230789185]], [[5.953533172607422]], [[9.10897445678711]], [[13.632654190063477]], [[17.7576904296875]], [[20.24347496032715]], [[23.65549087524414]], [[27.464508056640625]], [[29.796594619750977]], [[32.340248107910156]], [[32.85942459106445]], [[33.831153869628906]], [[36.01954650878906]], [[36.29103469848633]], [[37.209102630615234]], [[37.56826400756836]], [[38.00639343261719]], [[38.43830871582031]], [[38.84037399291992]], [[39.11802291870117]], [[39.108642578125]], [[39.01529312133789]], [[38.90143966674805]], [[38.76224136352539]], [[38.606563568115234]], [[38.466983795166016]], [[38.290748596191406]], [[38.1385383605957]], [[37.919281005859375]], [[37.727439880371094]], [[36.5250244140625]], [[36.35384750366211]], [[36.11315155029297]], [[35.90555953979492]], [[35.73245620727539]], [[35.4882698059082]], [[1.104699969291687]], [[3.4825963973999023]], [[6.995390892028809]], [[11.438798904418945]], [[12.45512580871582]], [[16.352479934692383]], [[18.095165252685547]], [[21.260269165039062]], [[22.62750816345215]], [[23.88874053955078]], [[26.06824493408203]], [[27.83095932006836]], [[28.575014114379883]], [[29.52956771850586]], [[30.074159622192383]], [[30.987207412719727]], [[31.684127807617188]], [[32.51982498168945]], [[32.68845748901367]], [[32.955078125]], [[33.17967224121094]], [[33.37764358520508]], [[33.389404296875]], [[33.32698059082031]], [[33.271446228027344]], [[33.167152404785156]], [[32.99888229370117]], [[32.880672454833984]], [[32.72886276245117]], [[32.5428581237793]], [[32.405338287353516]], [[32.206321716308594]], [[32.09157943725586]], [[31.88589096069336]], [[31.796537399291992]], [[31.49518394470215]], [[31.25060272216797]], [[30.972463607788086]], [[30.816804885864258]], [[0.6033599972724915]], [[5.77306604385376]], [[8.720662117004395]], [[12.425824165344238]], [[14.134967803955078]], [[15.760306358337402]], [[18.72147560119629]], [[20.683740615844727]], [[22.421781539916992]], [[23.94808006286621]], [[25.279844284057617]], [[26.432079315185547]], [[27.108631134033203]], [[28.27298355102539]], [[28.9923038482666]], [[29.960750579833984]], [[31.031267166137695]], [[31.401262283325195]], [[31.688705444335938]], [[31.95519256591797]], [[32.19730758666992]], [[32.30094909667969]], [[32.38157272338867]], [[32.3912467956543]], [[32.38380813598633]], [[32.341556549072266]], [[32.28343963623047]], [[32.21000671386719]], [[32.12409210205078]], [[32.045413970947266]], [[31.926225662231445]], [[31.79873275756836]], [[31.70368194580078]], [[31.56455421447754]], [[31.463376998901367]], [[31.380268096923828]], [[31.23177146911621]], [[31.080385208129883]], [[30.948322296142578]], [[30.814287185668945]], [[30.70130157470703]], [[30.587188720703125]], [[30.40251922607422]], [[30.261980056762695]], [[30.12034034729004]], [[0.35506001114845276]], [[4.506007194519043]], [[7.705820083618164]], [[12.840620040893555]], [[16.60729217529297]], [[19.306072235107422]], [[21.954439163208008]], [[23.73123550415039]], [[25.90579605102539]], [[26.72891616821289]], [[27.718759536743164]], [[28.56232452392578]], [[29.232696533203125]], [[29.42115020751953]], [[29.677358627319336]], [[29.873605728149414]], [[30.11337661743164]], [[30.21198272705078]], [[30.28228187561035]], [[30.305448532104492]], [[30.322233200073242]], [[30.315370559692383]], [[30.30661392211914]], [[30.269554138183594]], [[30.23781967163086]], [[30.192888259887695]], [[30.141620635986328]], [[30.08542251586914]], [[30.024463653564453]], [[29.960363388061523]], [[29.915830612182617]], [[29.822649002075195]], [[29.76238441467285]], [[29.67588233947754]], [[29.637577056884766]], [[29.521408081054688]], [[29.455087661743164]], [[29.38844108581543]], [[29.333871841430664]], [[29.181861877441406]], [[29.12596893310547]], [[29.054996490478516]], [[28.95458221435547]], [[28.86737632751465]], [[28.793731689453125]], [[28.720064163208008]], [[28.599998474121094]], [[28.4940242767334]], [[28.38654899597168]], [[28.34014320373535]], [[28.24704360961914]], [[28.152711868286133]], [[28.041601181030273]], [[27.96144676208496]], [[27.880428314208984]], [[0.1057400032877922]], [[2.2133984565734863]], [[6.812294960021973]], [[8.727752685546875]], [[11.40735912322998]], [[14.567892074584961]], [[16.262653350830078]], [[17.774738311767578]], [[19.80061149597168]], [[20.84673309326172]], [[21.911659240722656]], [[22.663694381713867]], [[23.537582397460938]], [[24.14712905883789]], [[24.654874801635742]], [[25.205249786376953]], [[25.487865447998047]], [[25.73455238342285]], [[25.98891830444336]], [[26.23876190185547]], [[26.421220779418945]], [[26.57895851135254]], [[26.718141555786133]], [[26.7810001373291]], [[26.897048950195312]], [[27.01689338684082]], [[27.109676361083984]], [[27.208145141601562]], [[27.27330207824707]], [[27.35865020751953]], [[27.39381980895996]], [[27.47190284729004]], [[27.546512603759766]], [[27.598224639892578]], [[27.67906951904297]], [[27.718486785888672]], [[27.77734375]], [[27.835819244384766]], [[27.90397834777832]], [[27.962514877319336]], [[28.001821517944336]], [[28.100839614868164]], [[28.151243209838867]], [[28.253490447998047]], [[28.26385498046875]], [[28.337255477905273]], [[28.45606803894043]], [[28.489164352416992]], [[28.578855514526367]], [[28.647729873657227]], [[28.706472396850586]], [[28.765987396240234]], [[28.863374710083008]], [[0.05844400078058243]], [[1.8898437023162842]], [[2.795856237411499]], [[4.867800712585449]], [[7.129761695861816]], [[8.470125198364258]], [[9.987494468688965]], [[10.938767433166504]], [[12.89693832397461]], [[13.689316749572754]], [[14.956844329833984]], [[15.61712646484375]], [[16.947921752929688]], [[17.3419246673584]], [[18.310771942138672]], [[18.846996307373047]], [[19.432641983032227]], [[20.3671932220459]], [[20.811203002929688]], [[21.217775344848633]], [[21.650413513183594]], [[21.825387954711914]], [[22.10060691833496]], [[22.560718536376953]], [[22.844694137573242]], [[23.114660263061523]], [[23.372026443481445]], [[23.62006378173828]], [[23.859386444091797]], [[24.130189895629883]], [[24.24388885498047]], [[24.542766571044922]], [[24.79875946044922]], [[24.98029899597168]], [[25.19689178466797]], [[25.377159118652344]], [[25.5926513671875]], [[25.845420837402344]], [[26.063217163085938]], [[26.28138542175293]], [[26.465375900268555]], [[26.724918365478516]], [[27.13984489440918]], [[27.37030601501465]], [[27.602943420410156]], [[27.91839599609375]], [[28.03901481628418]], [[28.281129837036133]], [[28.52750587463379]], [[28.860841751098633]], [[28.987789154052734]], [[29.28774070739746]]]}