{"vc": [[-0.050838127732276917, 0.0, 0.0], [0.0, -0.04568670690059662, 0.04601128026843071], [0.003228302812203765, 0.3025743067264557, -0.30232277512550354], [0.06420915573835373, 0.0, 0.0], [0.0, 0.0, 0.0], [0.0, 0.0, 0.0], [0.0, 0.01091292966157198, -0.010701864957809448], [0.0, 0.0, 0.0], [0.0, 0.0, 0.0], [0.7174932360649109, 0.0, 0.0]], "true_y1": [[[0.4006600081920624]], [[38.7769660949707]], [[45.8572883605957]], [[66.62938690185547]], [[85.29065704345703]], [[101.93773651123047]], [[106.65953063964844]], [[124.64559936523438]], [[135.55694580078125]], [[147.29559326171875]], [[154.20834350585938]], [[158.1065216064453]], [[161.4722442626953]], [[164.39927673339844]], [[170.15435791015625]], [[173.47593688964844]], [[175.9812469482422]], [[178.28909301757812]], [[179.657470703125]], [[181.7667236328125]], [[182.95260620117188]], [[183.59710693359375]], [[184.3340301513672]], [[184.60263061523438]], [[185.0140838623047]], [[185.37327575683594]], [[185.5154571533203]], [[185.82855224609375]], [[186.08029174804688]], [[186.28216552734375]], [[186.59339904785156]], [[186.74497985839844]], [[187.00616455078125]], [[187.1521453857422]], [[187.40707397460938]], [[187.62413024902344]], [[187.83956909179688]], [[188.01849365234375]], [[188.26849365234375]], [[188.55331420898438]], [[188.69537353515625]], [[1.0533000230789185]], [[16.782760620117188]], [[27.016508102416992]], [[41.91729736328125]], [[55.8411865234375]], [[64.44109344482422]], [[76.58154296875]], [[90.74546813964844]], [[99.85171508789062]], [[110.31501007080078]], [[112.5390396118164]], [[116.8039321899414]], [[127.07117462158203]], [[128.43499755859375]], [[133.27978515625]], [[135.3085479736328]], [[137.94102478027344]], [[140.8097686767578]], [[144.01658630371094]], [[148.15289306640625]], [[148.94300842285156]], [[150.13624572753906]], [[150.78573608398438]], [[151.29774475097656]], [[151.70773315429688]], [[151.9947509765625]], [[152.29029846191406]], [[152.5052032470703]], [[152.7705078125]], [[152.97265625]], [[153.93917846679688]], [[154.05853271484375]], [[154.2216796875]], [[154.35891723632812]], [[154.47140502929688]], [[154.62767028808594]], [[1.104699969291687]], [[8.828847885131836]], [[20.336219787597656]], [[35.151885986328125]], [[38.59623718261719]], [[52.0626220703125]], [[58.247039794921875]], [[69.82007598876953]], [[74.98790740966797]], [[79.86695098876953]], [[88.61119842529297]], [[96.06378173828125]], [[99.34600067138672]], [[103.71256256103516]], [[106.3016586303711]], [[110.85792541503906]], [[114.59563446044922]], [[119.61616516113281]], [[120.7592544555664]], [[122.74392700195312]], [[124.74269104003906]], [[127.57775115966797]], [[128.7584991455078]], [[129.9355926513672]], [[130.40306091308594]], [[130.98458862304688]], [[131.59902954101562]], [[131.91622924804688]], [[132.24591064453125]], [[132.57363891601562]], [[132.77955627441406]], [[133.0396728515625]], [[133.17431640625]], [[133.394775390625]], [[133.48382568359375]], [[133.76168823242188]], [[133.96810913085938]], [[134.18832397460938]], [[134.30648803710938]], [[0.6033599972724915]], [[17.53575325012207]], [[27.31427001953125]], [[39.82146072387695]], [[45.69995880126953]], [[51.37091064453125]], [[61.952659606933594]], [[69.18771362304688]], [[75.78532409667969]], [[81.76094818115234]], [[87.14715576171875]], [[91.96834564208984]], [[94.88420104980469]], [[100.08776092529297]], [[103.4513168334961]], [[108.23163604736328]], [[114.0599365234375]], [[116.31354522705078]], [[118.22319030761719]], [[120.2105941772461]], [[122.41012573242188]], [[123.66388702392578]], [[125.27426147460938]], [[126.23869323730469]], [[126.65738677978516]], [[127.51603698730469]], [[128.1439208984375]], [[128.69529724121094]], [[129.1899871826172]], [[129.56463623046875]], [[130.04624938964844]], [[130.48826599121094]], [[130.7847137451172]], [[131.18272399902344]], [[131.4520263671875]], [[131.66339111328125]], [[132.02357482910156]], [[132.37277221679688]], [[132.666015625]], [[132.95510864257812]], [[133.193359375]], [[133.42979431152344]], [[133.80508422851562]], [[134.0857391357422]], [[134.36505126953125]], [[0.35506001114845276]], [[14.071901321411133]], [[24.757295608520508]], [[42.294708251953125]], [[55.652137756347656]], [[65.61260986328125]], [[75.84039306640625]], [[83.05211639404297]], [[92.44342041015625]], [[96.233154296875]], [[101.05044555664062]], [[105.49594116210938]], [[109.4222183227539]], [[110.6341552734375]], [[112.4103012084961]], [[113.92768096923828]], [[116.16067504882812]], [[117.37093353271484]], [[118.57764434814453]], [[119.1908950805664]], [[120.14641571044922]], [[120.99273681640625]], [[121.32737731933594]], [[122.1558837890625]], [[122.6373519897461]], [[123.18291473388672]], [[123.70149993896484]], [[124.19566345214844]], [[124.67565155029297]], [[125.13770294189453]], [[125.4398193359375]], [[126.03528594970703]], [[126.4002685546875]], [[126.90364837646484]], [[127.12029266357422]], [[127.75901794433594]], [[128.11366271972656]], [[128.4642333984375]], [[128.74755859375]], [[129.52255249023438]], [[129.80316162109375]], [[130.15670776367188]], [[130.65231323242188]], [[131.07896423339844]], [[131.43690490722656]], [[131.7930145263672]], [[132.3697052001953]], [[132.87530517578125]], [[133.38514709472656]], [[133.60443115234375]], [[134.0429229736328]], [[134.48533630371094]], [[135.004150390625]], [[135.37693786621094]], [[135.7525177001953]], [[0.1057400032877922]], [[7.245818138122559]], [[22.95372772216797]], [[29.595550537109375]], [[39.04486846923828]], [[50.5252571105957]], [[56.88703536987305]], [[62.723270416259766]], [[70.8497314453125]], [[75.22415924072266]], [[79.84062957763672]], [[83.22550964355469]], [[87.3270263671875]], [[90.32713317871094]], [[92.94219207763672]], [[95.93708038330078]], [[97.56102752685547]], [[99.04092407226562]], [[100.64337158203125]], [[102.31399536132812]], [[103.61149597167969]], [[104.79943084716797]], [[105.90962982177734]], [[106.43310546875]], [[107.4405746459961]], [[108.54354858398438]], [[109.44610595703125]], [[110.45407104492188]], [[111.15037536621094]], [[112.09770965576172]], [[112.4993667602539]], [[113.4130859375]], [[114.3116226196289]], [[114.94673156738281]], [[115.95547485351562]], [[116.45257568359375]], [[117.1990737915039]], [[117.9435806274414]], [[118.81198120117188]], [[119.5560531616211]], [[120.05391693115234]], [[121.2988052368164]], [[121.9261474609375]], [[123.18313598632812]], [[123.30929565429688]], [[124.1958999633789]], [[125.60457611083984]], [[125.99105834960938]], [[127.02543640136719]], [[127.80697631835938]], [[128.46493530273438]], [[129.12359619140625]], [[130.1845703125]], [[0.05844400078058243]], [[6.535863876342773]], [[9.747740745544434]], [[17.127155303955078]], [[25.26775550842285]], [[30.15107536315918]], [[35.749412536621094]], [[39.304893493652344]], [[46.76055145263672]], [[49.839569091796875]], [[54.85441970825195]], [[57.516414642333984]], [[63.00300979614258]], [[64.66253662109375]], [[68.82195281982422]], [[71.1773910522461]], [[73.79863739013672]], [[78.09954071044922]], [[80.19915771484375]], [[82.15613555908203]], [[84.27616882324219]], [[85.1447982788086]], [[86.52413177490234]], [[88.86492156982422]], [[90.33011627197266]], [[91.73603820800781]], [[93.08660125732422]], [[94.39599609375]], [[95.66484832763672]], [[97.10470581054688]], [[97.70988464355469]], [[99.3005142211914]], [[100.66045379638672]], [[101.62220764160156]], [[102.76564025878906]], [[103.7132339477539]], [[104.84032440185547]], [[106.1535415649414]], [[107.27667236328125]], [[108.3934097290039]], [[109.32847595214844]], [[110.63671875]], [[112.70142364501953]], [[113.83389282226562]], [[114.96674346923828]], [[116.48648834228516]], [[117.06267547607422]], [[118.21117401123047]], [[119.3690185546875]], [[120.91852569580078]], [[121.50362396240234]], [[122.87538146972656]]]}