{"vc": [[0.00483348872512579, 0.0, 0.0], [0.0, 0.0, 0.0], [0.039409514516592026, -0.05066000670194626, 0.050652872771024704], [0.21350474655628204, 0.0, 0.0], [0.0, 0.0, 0.0], [0.0, 0.0, 0.0], [0.0, 0.0012133255368098617, 0.0], [0.0, 0.0, 0.0], [0.0, 0.0, 0.0], [0.9110128879547119, 0.0, 0.0]], "true_y1": [[[0.4006600081920624]], [[50.372745513916016]], [[59.9957389831543]], [[89.6353530883789]], [[118.9341049194336]], [[148.4534149169922]], [[157.6410675048828]], [[197.49005126953125]], [[227.17205810546875]], [[267.0684814453125]], [[296.8868103027344]], [[316.9435119628906]], [[336.92303466796875]], [[356.9938659667969]], [[407.7217102050781]], [[448.4605407714844]], [[489.41009521484375]], [[540.9609985351562]], [[582.34033203125]], [[677.031005859375]], [[762.8525390625]], [[828.2545166015625]], [[929.0367431640625]], [[974.976318359375]], [[1057.1556396484375]], [[1142.0364990234375]], [[1179.284423828125]], [[1268.951904296875]], [[1348.8892822265625]], [[1418.1854248046875]], [[1534.4134521484375]], [[1595.3157958984375]], [[1707.28271484375]], [[1773.973876953125]], [[1898.1322021484375]], [[2012.2850341796875]], [[2134.16796875]], [[2242.623046875]], [[2406.564697265625]], [[2613.635986328125]], [[2726.1962890625]], [[1.0533000230789185]], [[21.37401008605957]], [[34.90060806274414]], [[55.364200592041016]], [[75.74774932861328]], [[89.21214294433594]], [[109.80976867675781]], [[137.22402954101562]], [[157.7130889892578]], [[185.54541015625]], [[192.27699279785156]], [[206.24978637695312]], [[248.1079559326172]], [[254.93157958984375]], [[282.933349609375]], [[296.9713439941406]], [[318.1168212890625]], [[346.5410461425781]], [[389.2908935546875]], [[483.3738098144531]], [[512.6137084960938]], [[572.261474609375]], [[617.6179809570312]], [[663.9431762695312]], [[710.87451171875]], [[750.8153076171875]], [[799.8159790039062]], [[841.5601196289062]], [[901.5753784179688]], [[954.5213623046875]], [[1316.657958984375]], [[1374.9014892578125]], [[1460.6904296875]], [[1538.7999267578125]], [[1607.2127685546875]], [[1709.4244384765625]], [[1.104699969291687]], [[11.066520690917969]], [[26.180992126464844]], [[46.4943962097168]], [[51.41683578491211]], [[71.69853210449219]], [[81.72610473632812]], [[102.19759368896484]], [[112.28005981445312]], [[122.49647521972656]], [[143.02020263671875]], [[163.6505584716797]], [[174.02349853515625]], [[189.48135375976562]], [[199.7812957763672]], [[220.69131469726562]], [[241.5629425048828]], [[278.30462646484375]], [[288.8291931152344]], [[310.0291442871094]], [[336.69293212890625]], [[390.7114562988281]], [[423.5357360839844]], [[467.8800048828125]], [[490.5185546875]], [[524.6633911132812]], [[570.9849853515625]], [[600.6542358398438]], [[637.0443115234375]], [[680.2676391601562]], [[711.79443359375]], [[757.3200073242188]], [[783.6928100585938]], [[831.4854125976562]], [[852.5296020507812]], [[925.19287109375]], [[986.558349609375]], [[1059.5992431640625]], [[1102.2442626953125]], [[0.6033599972724915]], [[22.59653091430664]], [[35.715782165527344]], [[53.31088638305664]], [[62.02803039550781]], [[70.79447174072266]], [[88.36778259277344]], [[101.58999633789062]], [[114.80646514892578]], [[128.02943420410156]], [[141.28553771972656]], [[154.56051635742188]], [[163.41123962402344]], [[181.22166442871094]], [[194.53208923339844]], [[216.9143524169922]], [[252.92054748535156]], [[271.02105712890625]], [[289.21209716796875]], [[312.0550231933594]], [[344.2453308105469]], [[367.4309997558594]], [[405.103271484375]], [[433.7639465332031]], [[448.1170959472656]], [[482.13360595703125]], [[511.77886962890625]], [[541.89697265625]], [[572.7260131835938]], [[598.7760620117188]], [[636.0382690429688]], [[674.2743530273438]], [[702.2122192382812]], [[742.7434692382812]], [[772.1915893554688]], [[796.475830078125]], [[840.2857055664062]], [[885.7620849609375]], [[926.3173828125]], [[968.49755859375]], [[1004.9713745117188]], [[1042.76611328125]], [[1106.224609375]], [[1156.6534423828125]], [[1209.5732421875]], [[0.35506001114845276]], [[18.13589096069336]], [[32.38502883911133]], [[57.348388671875]], [[78.64825439453125]], [[96.66239929199219]], [[118.13381958007812]], [[136.02113342285156]], [[164.85507202148438]], [[179.2261199951172]], [[201.0615234375]], [[226.5433807373047]], [[255.96487426757812]], [[267.00311279296875]], [[285.5074768066406]], [[304.1236877441406]], [[338.06951904296875]], [[360.9261779785156]], [[387.9327392578125]], [[403.6221008300781]], [[431.2076416015625]], [[459.312255859375]], [[471.4863586425781]], [[504.4501647949219]], [[525.5626831054688]], [[551.3125]], [[577.6416015625]], [[604.4442749023438]], [[632.0987548828125]], [[660.241455078125]], [[679.4554443359375]], [[719.2268676757812]], [[744.8677368164062]], [[781.8438720703125]], [[798.3460693359375]], [[849.1349487304688]], [[878.7681274414062]], [[909.1177978515625]], [[934.447021484375]], [[1007.6420288085938]], [[1035.656982421875]], [[1072.18798828125]], [[1125.8724365234375]], [[1174.5849609375]], [[1217.381591796875]], [[1261.8375244140625]], [[1338.1551513671875]], [[1409.9091796875]], [[1487.375]], [[1522.414306640625]], [[1595.85009765625]], [[1674.8765869140625]], [[1774.55126953125]], [[1851.328369140625]], [[1933.48779296875]], [[0.1057400032877922]], [[9.3421630859375]], [[30.1756649017334]], [[39.409576416015625]], [[53.27949523925781]], [[71.87285614013672]], [[83.38984680175781]], [[95.03491973876953]], [[113.6595687866211]], [[125.2997055053711]], [[139.30323791503906]], [[151.0483856201172]], [[167.53526306152344]], [[181.66966247558594]], [[195.88291931152344]], [[214.9944610595703]], [[226.9551544189453]], [[239.049072265625]], [[253.64306640625]], [[270.7864685058594]], [[285.6546630859375]], [[300.59564208984375]], [[315.8026123046875]], [[323.41192626953125]], [[338.87890625]], [[357.0860595703125]], [[372.9925842285156]], [[391.8325500488281]], [[405.5057067871094]], [[424.9603576660156]], [[433.50115966796875]], [[453.56842041015625]], [[474.1533508300781]], [[489.2054138183594]], [[513.9603881835938]], [[526.5418701171875]], [[545.9130859375]], [[565.8103637695312]], [[589.7645874023438]], [[610.947998046875]], [[625.472900390625]], [[663.0823364257812]], [[682.7695922851562]], [[723.8107299804688]], [[728.0533447265625]], [[758.5438232421875]], [[809.585693359375]], [[824.1904296875]], [[864.6604614257812]], [[896.6629028320312]], [[924.6287231445312]], [[953.6243286132812]], [[1002.5943603515625]], [[0.05844400078058243]], [[8.479156494140625]], [[12.68667984008789]], [[22.508731842041016]], [[33.74612045288086]], [[40.787132263183594]], [[49.23739242553711]], [[54.86623001098633]], [[67.52824401855469]], [[73.18025207519531]], [[83.06298828125]], [[88.71599578857422]], [[101.48278045654297]], [[105.69580078125]], [[117.13499450683594]], [[124.26248168945312]], [[132.84910583496094]], [[148.71859741210938]], [[157.41282653808594]], [[166.16172790527344]], [[176.41366577148438]], [[180.8634033203125]], [[188.24366760253906]], [[201.69357299804688]], [[210.7294921875]], [[219.85833740234375]], [[229.05419921875]], [[238.36770629882812]], [[247.76223754882812]], [[258.85400390625]], [[263.6496276855469]], [[276.6204528808594]], [[288.1173095703125]], [[296.4663391113281]], [[306.6206970214844]], [[315.2189636230469]], [[325.6571350097656]], [[338.10321044921875]], [[348.9874572753906]], [[360.02801513671875]], [[369.44049072265625]], [[382.8695983886719]], [[404.69757080078125]], [[417.0121765136719]], [[429.5846252441406]], [[446.8684387207031]], [[453.55181884765625]], [[467.0978698730469]], [[481.0697021484375]], [[500.29376220703125]], [[507.7178039550781]], [[525.4987182617188]]]}