{"vc": [[-0.15160609781742096, 0.0, 0.0], [0.0, -0.4655749797821045, 0.46622076630592346], [-0.06084708869457245, 0.1649228036403656, -0.16467051208019257], [-0.31827953457832336, 0.0, 0.0], [0.0, 0.0, 0.0], [0.0, 0.0, 0.0], [0.0, 0.1363852620124817, -0.13708485662937164], [0.0, 0.0, 0.0], [0.0, 0.0, 0.0], [0.11176320910453796, 0.0, 0.0]], "true_y1": [[[0.4006600081920624]], [[5.362851619720459]], [[6.2383246421813965]], [[8.690150260925293]], [[10.708669662475586]], [[12.330001831054688]], [[12.755263328552246]], [[14.218634605407715]], [[14.972161293029785]], [[15.649639129638672]], [[15.971348762512207]], [[16.121925354003906]], [[16.230499267578125]], [[16.305734634399414]], [[16.384681701660156]], [[16.36913299560547]], [[16.3087158203125]], [[16.191781997680664]], [[16.0767765045166]], [[15.7746000289917]], [[15.478034019470215]], [[15.246786117553711]], [[14.889745712280273]], [[14.728397369384766]], [[14.443795204162598]], [[14.156798362731934]], [[14.033439636230469]], [[13.743568420410156]], [[13.494108200073242]], [[13.284980773925781]], [[12.949398040771484]], [[12.781180381774902]], [[12.485445022583008]], [[12.317460060119629]], [[12.02039909362793]], [[11.764483451843262]], [[11.508340835571289]], [[11.294317245483398]], [[10.993696212768555]], [[10.649469375610352]], [[10.47724437713623]], [[1.0533000230789185]], [[3.0175814628601074]], [[4.258481025695801]], [[5.989346027374268]], [[7.5031538009643555]], [[8.37864875793457]], [[9.526505470275879]], [[10.71934700012207]], [[11.392741203308105]], [[12.063638687133789]], [[12.190485000610352]], [[12.416557312011719]], [[12.853045463562012]], [[12.897261619567871]], [[13.02039623260498]], [[13.053037643432617]], [[13.073790550231934]], [[13.05984115600586]], [[12.975865364074707]], [[12.64663028717041]], [[12.523218154907227]], [[12.256952285766602]], [[12.047257423400879]], [[11.830427169799805]], [[11.610315322875977]], [[11.423856735229492]], [[11.197310447692871]], [[11.006924629211426]], [[10.738372802734375]], [[10.507216453552246]], [[9.096336364746094]], [[8.898263931274414]], [[8.620600700378418]], [[8.381878852844238]], [[8.183347702026367]], [[7.904138088226318]], [[1.104699969291687]], [[2.0350069999694824]], [[3.3880512714385986]], [[5.04642391204834]], [[5.41508150100708]], [[6.783135414123535]], [[7.367832660675049]], [[8.378192901611328]], [[8.790821075439453]], [[9.156620979309082]], [[9.749424934387207]], [[10.18344783782959]], [[10.350919723510742]], [[10.548053741455078]], [[10.64939022064209]], [[10.794498443603516]], [[10.874614715576172]], [[10.904047012329102]], [[10.893183708190918]], [[10.852180480957031]], [[10.772468566894531]], [[10.548636436462402]], [[10.387734413146973]], [[10.153877258300781]], [[10.029986381530762]], [[9.839848518371582]], [[9.57890796661377]], [[9.41151237487793]], [[9.207131385803223]], [[8.96692943572998]], [[8.79412841796875]], [[8.548956871032715]], [[8.409564971923828]], [[8.162348747253418]], [[8.055810928344727]], [[7.6994147300720215]], [[7.41274356842041]], [[7.088940620422363]], [[6.908626556396484]], [[0.6033599972724915]], [[2.590775966644287]], [[3.697936773300171]], [[5.047451019287109]], [[5.649840831756592]], [[6.208627700805664]], [[7.185580730438232]], [[7.798600196838379]], [[8.314225196838379]], [[8.742061614990234]], [[9.092650413513184]], [[9.375327110290527]], [[9.530569076538086]], [[9.774446487426758]], [[9.906278610229492]], [[10.051175117492676]], [[10.137481689453125]], [[10.13296890258789]], [[10.105522155761719]], [[10.046263694763184]], [[9.929067611694336]], [[9.827531814575195]], [[9.64245891571045]], [[9.490601539611816]], [[9.412142753601074]], [[9.221909523010254]], [[9.053046226501465]], [[8.88015365600586]], [[8.702970504760742]], [[8.5537748336792]], [[8.342103004455566]], [[8.127942085266113]], [[7.973874568939209]], [[7.7545247077941895]], [[7.598532676696777]], [[7.47216796875]], [[7.249630928039551]], [[7.026279926300049]], [[6.833828449249268]], [[6.640463829040527]], [[6.47884464263916]], [[6.316798210144043]], [[6.056937217712402]], [[5.861085414886475]], [[5.66536283493042]], [[0.35506001114845276]], [[1.918560266494751]], [[3.100595712661743]], [[4.921121597290039]], [[6.168453693389893]], [[6.998781204223633]], [[7.745584487915039]], [[8.196855545043945]], [[8.670836448669434]], [[8.81739616394043]], [[8.955942153930664]], [[9.022139549255371]], [[9.01064682006836]], [[8.988883018493652]], [[8.936468124389648]], [[8.86777114868164]], [[8.713079452514648]], [[8.594003677368164]], [[8.443065643310547]], [[8.35173225402832]], [[8.186707496643066]], [[8.014798164367676]], [[7.939627170562744]], [[7.735145568847656]], [[7.604112148284912]], [[7.444895267486572]], [[7.283322334289551]], [[7.120607376098633]], [[6.955010890960693]], [[6.789236068725586]], [[6.677797317504883]], [[6.451966762542725]], [[6.3100175857543945]], [[6.110571384429932]], [[6.023608207702637]], [[5.764032363891602]], [[5.6182451248168945]], [[5.473257064819336]], [[5.355582237243652]], [[5.0322747230529785]], [[4.914967060089111]], [[4.767193794250488]], [[4.560385227203369]], [[4.382986545562744]], [[4.234839916229248]], [[4.088260650634766]], [[3.8530824184417725]], [[3.6497254371643066]], [[3.448029041290283]], [[3.362496852874756]], [[3.194012403488159]], [[3.027942657470703]], [[2.8390777111053467]], [[2.7079052925109863]], [[2.5801241397857666]], [[0.1057400032877922]], [[0.853464663028717]], [[2.4573419094085693]], [[3.104459285736084]], [[3.978238821029663]], [[4.9456682205200195]], [[5.42764139175415]], [[5.830044746398926]], [[6.31711483001709]], [[6.538348197937012]], [[6.735097408294678]], [[6.85153341293335]], [[6.954959392547607]], [[6.999199867248535]], [[7.01138973236084]], [[6.988456726074219]], [[6.956254005432129]], [[6.9126996994018555]], [[6.848219394683838]], [[6.759334564208984]], [[6.673324108123779]], [[6.580441474914551]], [[6.480736255645752]], [[6.429271697998047]], [[6.322086334228516]], [[6.1924920082092285]], [[6.0771307945251465]], [[5.938827037811279]], [[5.8377838134765625]], [[5.693638324737549]], [[5.630364894866943]], [[5.4820661544799805]], [[5.330908298492432]], [[5.221263408660889]], [[5.042994022369385]], [[4.953517436981201]], [[4.817413330078125]], [[4.679872035980225]], [[4.517543315887451]], [[4.377117156982422]], [[4.282588958740234]], [[4.044680118560791]], [[3.9241671562194824]], [[3.6819660663604736]], [[3.6576273441314697]], [[3.4865598678588867]], [[3.215214967727661]], [[3.1409966945648193]], [[2.943153142929077]], [[2.794696092605591]], [[2.670614004135132]], [[2.5474064350128174]], [[2.351564645767212]], [[0.05844400078058243]], [[0.6379530429840088]], [[0.9229516983032227]], [[1.5665608644485474]], [[2.2492566108703613]], [[2.6400527954101562]], [[3.0665977001190186]], [[3.3238120079040527]], [[3.8231279850006104]], [[4.011514663696289]], [[4.292962551116943]], [[4.428343772888184]], [[4.672793865203857]], [[4.736639976501465]], [[4.873473167419434]], [[4.934828758239746]], [[4.987822532653809]], [[5.035572052001953]], [[5.039055347442627]], [[5.029335021972656]], [[5.003669261932373]], [[4.988375663757324]], [[4.958165645599365]], [[4.889747142791748]], [[4.835692405700684]], [[4.775638103485107]], [[4.710460186004639]], [[4.64040470123291]], [[4.566272735595703]], [[4.475035190582275]], [[4.43453311920166]], [[4.322359085083008]], [[4.220322608947754]], [[4.145029544830322]], [[4.052405834197998]], [[3.973280906677246]], [[3.876607656478882]], [[3.760777711868286]], [[3.6592538356781006]], [[3.5562808513641357]], [[3.468644142150879]], [[3.344069480895996]], [[3.143352508544922]], [[3.0313875675201416]], [[2.91821551322937]], [[2.7647500038146973]], [[2.7061209678649902]], [[2.5886008739471436]], [[2.4693267345428467]], [[2.3086400032043457]], [[2.2476963996887207]], [[2.1043596267700195]]]}