{"vc": [[-0.0668032318353653, 0.0, 0.0], [0.0, -1.0900717973709106, 1.0907403230667114], [-0.014701440930366516, 0.06905114650726318, -0.06897883862257004], [-0.23003707826137543, 0.0, 0.0], [0.0, 0.0, 0.0], [0.0, 0.0, 0.0], [0.0, 0.4769246280193329, -0.4770762622356415], [0.0, 0.0, 0.0], [0.0, 0.0, 0.0], [0.040734026581048965, 0.0, 0.0]], "true_y1": [[[0.4006600081920624]], [[1.865294337272644]], [[2.112658739089966]], [[2.7810661792755127]], [[3.297541618347168]], [[3.682163953781128]], [[3.777181625366211]], [[4.077535152435303]], [[4.207852363586426]], [[4.296720027923584]], [[4.318774700164795]], [[4.318819046020508]], [[4.310053825378418]], [[4.294408798217773]], [[4.234172344207764]], [[4.172825813293457]], [[4.1052093505859375]], [[4.0161542892456055]], [[3.943596601486206]], [[3.778764486312866]], [[3.6335651874542236]], [[3.5263049602508545]], [[3.367068290710449]], [[3.2969391345977783]], [[3.1753365993499756]], [[3.0549240112304688]], [[3.0037481784820557]], [[2.8847057819366455]], [[2.783501386642456]], [[2.699479341506958]], [[2.5661330223083496]], [[2.4999582767486572]], [[2.3846869468688965]], [[2.3198165893554688]], [[2.2061898708343506]], [[2.1094393730163574]], [[2.0136911869049072]], [[1.9345513582229614]], [[1.8247759342193604]], [[1.7011747360229492]], [[1.6402223110198975]], [[1.0533000230789185]], [[1.5988361835479736]], [[1.9217312335968018]], [[2.341372489929199]], [[2.6759002208709717]], [[2.853663444519043]], [[3.0661587715148926]], [[3.2554476261138916]], [[3.3420352935791016]], [[3.4041988849639893]], [[3.411714792251587]], [[3.4198594093322754]], [[3.399113893508911]], [[3.3910324573516846]], [[3.3486359119415283]], [[3.323063611984253]], [[3.2807180881500244]], [[3.218761920928955]], [[3.1194567680358887]], [[2.8940460681915283]], [[2.824634552001953]], [[2.68581485748291]], [[2.5832066535949707]], [[2.481266736984253]], [[2.3810338973999023]], [[2.298175573348999]], [[2.199612617492676]], [[2.118337869644165]], [[2.0058276653289795]], [[1.9108035564422607]], [[1.3634657859802246]], [[1.2911019325256348]], [[1.1916725635528564]], [[1.1081675291061401]], [[1.0402021408081055]], [[0.9470537900924683]], [[1.104699969291687]], [[1.3509972095489502]], [[1.6854946613311768]], [[2.0546653270721436]], [[2.1301944255828857]], [[2.3874104022979736]], [[2.4849987030029297]], [[2.6322364807128906]], [[2.6827139854431152]], [[2.7213714122772217]], [[2.767451286315918]], [[2.780618667602539]], [[2.7776434421539307]], [[2.763951063156128]], [[2.7497940063476562]], [[2.7115511894226074]], [[2.663994550704956]], [[2.5661203861236572]], [[2.535979986190796]], [[2.47357439994812]], [[2.393129348754883]], [[2.2283225059509277]], [[2.1290390491485596]], [[1.997485637664795]], [[1.9317429065704346]], [[1.834614872932434]], [[1.7070019245147705]], [[1.6278830766677856]], [[1.533708095550537]], [[1.4260201454162598]], [[1.3503623008728027]], [[1.2454426288604736]], [[1.1870121955871582]], [[1.0855172872543335]], [[1.0426175594329834]], [[0.9028441905975342]], [[0.7947582006454468]], [[0.6776911020278931]], [[0.6150002479553223]], [[0.6033599972724915]], [[1.1045763492584229]], [[1.3648738861083984]], [[1.6608113050460815]], [[1.7842553853988647]], [[1.8932570219039917]], [[2.0687427520751953]], [[2.1665384769439697]], [[2.2388174533843994]], [[2.2892417907714844]], [[2.3212413787841797]], [[2.337794065475464]], [[2.3415884971618652]], [[2.3348891735076904]], [[2.3197524547576904]], [[2.279714584350586]], [[2.189563274383545]], [[2.136704921722412]], [[2.080446481704712]], [[2.006883382797241]], [[1.9002103805541992]], [[1.8225263357162476]], [[1.6965967416763306]], [[1.6019443273544312]], [[1.5550999641418457]], [[1.4458768367767334]], [[1.3530079126358032]], [[1.2610855102539062]], [[1.1696834564208984]], [[1.094660997390747]], [[0.9909860491752625]], [[0.889171302318573]], [[0.8177651166915894]], [[0.7187225222587585]], [[0.6501755714416504]], [[0.595823347568512]], [[0.5027586221694946]], [[0.4129489064216614]], [[0.33867910504341125]], [[0.26721757650375366]], [[0.21013471484184265]], [[0.1555405557155609]], [[0.07412700355052948]], [[0.01838790252804756]], [[-0.031821347773075104]], [[0.35506001114845276]], [[0.7311835289001465]], [[1.001272201538086]], [[1.3863705396652222]], [[1.6205408573150635]], [[1.755786418914795]], [[1.853728175163269]], [[1.8932181596755981]], [[1.8978585004806519]], [[1.8802841901779175]], [[1.835912823677063]], [[1.7651759386062622]], [[1.667523741722107]], [[1.6280367374420166]], [[1.5595651865005493]], [[1.4887131452560425]], [[1.3569633960723877]], [[1.2677501440048218]], [[1.1628868579864502]], [[1.102529764175415]], [[0.9978188276290894]], [[0.8933914303779602]], [[0.8489582538604736]], [[0.7313240766525269]], [[0.6581748723983765]], [[0.5714247822761536]], [[0.4856555461883545]], [[0.4015158414840698]], [[0.31817805767059326]], [[0.23710927367210388]], [[0.1839839220046997]], [[0.07990451902151108]], [[0.017112456262111664]], [[-0.067332923412323]], [[-0.1026487648487091]], [[-0.20194002985954285]], [[-0.2531846761703491]], [[-0.3004505932331085]], [[-0.3357960283756256]], [[-0.4165715277194977]], [[-0.43897587060928345]], [[-0.46105602383613586]], [[-0.4788750112056732]], [[-0.48017269372940063]], [[-0.46996554732322693]], [[-0.4486071467399597]], [[-0.3883536159992218]], [[-0.3080061674118042]], [[-0.20087501406669617]], [[-0.1471235454082489]], [[-0.027226291596889496]], [[0.10776522010564804]], [[0.27818867564201355]], [[0.404374897480011]], [[0.5309847593307495]], [[0.1057400032877922]], [[0.25653713941574097]], [[0.5699248313903809]], [[0.6908571720123291]], [[0.8466223478317261]], [[1.0035419464111328]], [[1.0715776681900024]], [[1.1195365190505981]], [[1.1581698656082153]], [[1.1622120141983032]], [[1.1504055261611938]], [[1.1289070844650269]], [[1.0845426321029663]], [[1.03615403175354]], [[0.9801311492919922]], [[0.8961307406425476]], [[0.839802086353302]], [[0.7806716561317444]], [[0.7071323394775391]], [[0.6186130046844482]], [[0.5406537652015686]], [[0.4617060720920563]], [[0.38112351298332214]], [[0.34081822633743286]], [[0.25910690426826477]], [[0.16356538236141205]], [[0.08091478049755096]], [[-0.015731528401374817]], [[-0.08489276468753815]], [[-0.18170282244682312]], [[-0.2235671877861023]], [[-0.3202947676181793]], [[-0.4169922471046448]], [[-0.4859883487224579]], [[-0.5961518287658691]], [[-0.6504987478256226]], [[-0.7319178581237793]], [[-0.8125901222229004]], [[-0.9055401682853699]], [[-0.9837369918823242]], [[-1.0350663661956787]], [[-1.158658742904663]], [[-1.2175394296646118]], [[-1.32567298412323]], [[-1.335614562034607]], [[-1.3993937969207764]], [[-1.4713177680969238]], [[-1.4824668169021606]], [[-1.4872480630874634]], [[-1.460001826286316]], [[-1.4106147289276123]], [[-1.3319026231765747]], [[-1.1318368911743164]], [[0.05844400078058243]], [[0.12769165635108948]], [[0.16114288568496704]], [[0.23485539853572845]], [[0.3093864321708679]], [[0.3496587574481964]], [[0.39073479175567627]], [[0.4135025441646576]], [[0.45105406641960144]], [[0.4617796540260315]], [[0.47194239497184753]], [[0.47307446599006653]], [[0.4641103446483612]], [[0.45791953802108765]], [[0.4339069724082947]], [[0.4141461253166199]], [[0.3860650658607483]], [[0.3238005042076111]], [[0.28500568866729736]], [[0.24328218400478363]], [[0.19158759713172913]], [[0.16837090253829956]], [[0.12901100516319275]], [[0.055166468024253845]], [[0.004510276019573212]], [[-0.04713805764913559]], [[-0.09933757781982422]], [[-0.15208593010902405]], [[-0.20488595962524414]], [[-0.2663230895996094]], [[-0.29248014092445374]], [[-0.3616495132446289]], [[-0.4206015169620514]], [[-0.4617364704608917]], [[-0.5095601081848145]], [[-0.5479171276092529]], [[-0.5915092825889587]], [[-0.6386767625808716]], [[-0.6750837564468384]], [[-0.7068334221839905]], [[-0.7293541431427002]], [[-0.7534829378128052]], [[-0.7701249718666077]], [[-0.7658123970031738]], [[-0.7503662705421448]], [[-0.7100958824157715]], [[-0.6885230541229248]], 