{"vc": [[-0.06280337274074554, 0.0, 0.0], [0.0, -1.3408780097961426, 1.3418389558792114], [-0.014600023627281189, 0.07615797966718674, -0.07723710685968399], [-0.19527626037597656, 0.0, 0.0], [0.0, 0.0, 0.0], [0.0, 0.0, 0.0], [0.0, 0.5451564192771912, -0.5442537665367126], [0.0, 0.0, 0.0], [0.0, 0.0, 0.0], [0.03868933767080307, 0.0, 0.0]], "true_y1": [[[0.4006600081920624]], [[1.8428475856781006]], [[2.0835602283477783]], [[2.7271530628204346]], [[3.2154226303100586]], [[3.572000026702881]], [[3.6589105129241943]], [[3.9296069145202637]], [[4.044465065002441]], [[4.121078968048096]], [[4.139293670654297]], [[4.138771057128906]], [[4.1307291984558105]], [[4.116854667663574]], [[4.064363479614258]], [[4.0112833976745605]], [[3.9528188705444336]], [[3.875626564025879]], [[3.8124608993530273]], [[3.6678051948547363]], [[3.5389702320098877]], [[3.4429891109466553]], [[3.2993624210357666]], [[3.235725164413452]], [[3.124889850616455]], [[3.01459002494812]], [[2.9675612449645996]], [[2.857844352722168]], [[2.7642343044281006]], [[2.686295747756958]], [[2.5622031688690186]], [[2.5004398822784424]], [[2.392564058303833]], [[2.331691026687622]], [[2.2247700691223145]], [[2.133418321609497]], [[2.042713165283203]], [[1.9675014019012451]], [[1.8627855777740479]], [[1.744286060333252]], [[1.6855934858322144]], [[1.0533000230789185]], [[1.5983431339263916]], [[1.9176740646362305]], [[2.3275930881500244]], [[2.648963689804077]], [[2.8172333240509033]], [[3.0154988765716553]], [[3.1886672973632812]], [[3.2663323879241943]], [[3.321013927459717]], [[3.3274827003479004]], [[3.3343145847320557]], [[3.3154666423797607]], [[3.308361053466797]], [[3.271389961242676]], [[3.2492218017578125]], [[3.212620258331299]], [[3.159181833267212]], [[3.073545455932617]], [[2.8781092166900635]], [[2.8174691200256348]], [[2.6954197883605957]], [[2.6045219898223877]], [[2.513636350631714]], [[2.4237170219421387]], [[2.3489768505096436]], [[2.2596001625061035]], [[2.1855220794677734]], [[2.0824155807495117]], [[1.994828462600708]], [[1.4805549383163452]], [[1.4111067056655884]], [[1.3149816989898682]], [[1.233546495437622]], [[1.1667256355285645]], [[1.074238896369934]], [[1.104699969291687]], [[1.3550779819488525]], [[1.6923054456710815]], [[2.059255599975586]], [[2.1334614753723145]], [[2.383362054824829]], [[2.476832628250122]], [[2.6161069869995117]], [[2.663283586502075]], [[2.6991896629333496]], [[2.7417826652526855]], [[2.7542366981506348]], [[2.751889228820801]], [[2.740217685699463]], [[2.72804594039917]], [[2.6951377391815186]], [[2.6542768478393555]], [[2.570358991622925]], [[2.54453706741333]], [[2.4910647869110107]], [[2.422065258026123]], [[2.280203342437744]], [[2.1942830085754395]], [[2.0797834396362305]], [[2.0222580432891846]], [[1.9368740320205688]], [[1.823938012123108]], [[1.7534700632095337]], [[1.6691246032714844]], [[1.5720247030258179]], [[1.5033670663833618]], [[1.407515048980713]], [[1.3537901639938354]], [[1.259831190109253]], [[1.2198543548583984]], [[1.0883793830871582]], [[0.9852173328399658]], [[0.8716511130332947]], [[0.8098727464675903]], [[0.6033599972724915]], [[1.1168763637542725]], [[1.380874514579773]], [[1.6775990724563599]], [[1.7999995946884155]], [[1.907271385192871]], [[2.078119993209839]], [[2.172189712524414]], [[2.241140127182007]], [[2.2889957427978516]], [[2.3194022178649902]], [[2.3354408740997314]], [[2.3394994735717773]], [[2.3347349166870117]], [[2.3221631050109863]], [[2.2882611751556396]], [[2.2115607261657715]], [[2.166590452194214]], [[2.118736743927002]], [[2.0561511516571045]], [[1.9652984142303467]], [[1.899009346961975]], [[1.7912324666976929]], [[1.7099062204360962]], [[1.6695421934127808]], [[1.5751047134399414]], [[1.494422435760498]], [[1.414184331893921]], [[1.3339992761611938]], [[1.2678629159927368]], [[1.1759520769119263]], [[1.0850508213043213]], [[1.0208789110183716]], [[0.931225061416626]], [[0.8686808347702026]], [[0.8187621831893921]], [[0.7325191497802734]], [[0.6481960415840149]], [[0.5774562358856201]], [[0.5083111524581909]], [[0.4521251320838928]], [[0.39738696813583374]], [[0.31330645084381104]], [[0.25332120060920715]], [[0.19668668508529663]], [[0.35506001114845276]], [[0.7477996945381165]], [[1.0277025699615479]], [[1.4213658571243286]], [[1.6561908721923828]], [[1.7897824048995972]], [[1.8857251405715942]], [[1.9248474836349487]], [[1.932655930519104]], [[1.9184496402740479]], [[1.881209373474121]], [[1.8212817907333374]], [[1.7384660243988037]], [[1.7049925327301025]], [[1.6469653844833374]], [[1.5869274139404297]], [[1.4752321243286133]], [[1.3995059728622437]], [[1.310348391532898]], [[1.258941888809204]], [[1.1695767641067505]], [[1.0801911354064941]], [[1.042069673538208]], [[0.9408617615699768]], [[0.8776993751525879]], [[0.8025395274162292]], [[0.7279278039932251]], [[0.6544026732444763]], [[0.5812060236930847]], [[0.5095858573913574]], [[0.4623921513557434]], [[0.36920639872550964]], [[0.3124137222766876]], [[0.2351449728012085]], [[0.20245032012462616]], [[0.10886730253696442]], [[0.05923602730035782]], [[0.012246325612068176]], [[-0.023972880095243454]], [[-0.11319500207901001]], [[-0.14125093817710876]], [[-0.1727721095085144]], [[-0.20875999331474304]], [[-0.2309248149394989]], [[-0.24236103892326355]], [[-0.24654363095760345]], [[-0.23644816875457764]], [[-0.20880478620529175]], [[-0.16195538640022278]], [[-0.13583269715309143]], [[-0.07300984859466553]], [[0.0038913264870643616]], [[0.10909438878297806]], [[0.1925872266292572]], [[0.28125718235969543]], [[0.1057400032877922]], [[0.273114949464798]], [[0.6192091107368469]], [[0.7514854669570923]], [[0.9202383160591125]], [[1.0879465341567993]], [[1.1599550247192383]], [[1.210721731185913]], [[1.2529171705245972]], [[1.2593437433242798]], [[1.2510672807693481]], [[1.2332683801651]], [[1.1953457593917847]], [[1.1536158323287964]], [[1.1052501201629639]], [[1.0328444242477417]], [[0.9844005107879639]], [[0.9336423873901367]], [[0.8706420063972473]], [[0.7949744462966919]], [[0.7284666299819946]], [[0.6612293124198914]], [[0.5927094221115112]], [[0.5584778785705566]], [[0.4891625642776489]], [[0.4082614779472351]], [[0.3384157419204712]], [[0.25693294405937195]], [[0.19877108931541443]], [[0.11761023104190826]], [[0.08262088149785995]], [[0.002081260085105896]], [[-0.07791224122047424]], [[-0.13458700478076935]], [[-0.2241794317960739]], [[-0.2678707242012024]], [[-0.33253031969070435]], [[-0.3954242467880249]], [[-0.4659987688064575]], [[-0.5233016014099121]], [[-0.5595862865447998]], [[-0.6409381031990051]], [[-0.6755031943321228]], [[-0.7272659540176392]], [[-0.7309141159057617]], [[-0.746845006942749]], [[-0.7294056415557861]], [[-0.7134687304496765]], [[-0.6427910923957825]], [[-0.5596226453781128]], [[-0.46852630376815796]], [[-0.3581545054912567]], [[-0.1438172608613968]], [[0.05844400078058243]], [[0.15254753828048706]], [[0.19806841015815735]], [[0.2983646094799042]], [[0.3995743989944458]], [[0.4541473984718323]], [[0.5098028779029846]], [[0.5407491326332092]], [[0.5925939083099365]], [[0.6080812811851501]], [[0.6246034502983093]], [[0.6284379959106445]], [[0.6237037777900696]], [[0.6184738874435425]], [[0.5963335633277893]], [[0.5773566365242004]], [[0.5499805808067322]], [[0.4886496961116791]], [[0.45026659965515137]], [[0.4089124798774719]], [[0.3575814366340637]], [[0.33448949456214905]], [[0.2952739894390106]], [[0.22140374779701233]], [[0.17043161392211914]], [[0.11813166737556458]], [[0.06485063582658768]], [[0.010473523288965225]], [[-0.0446234866976738]], [[-0.10978413373231888]], [[-0.13794124126434326]], [[-0.21389251947402954]], [[-0.2807924747467041]], [[-0.3290292024612427]], [[-0.38721606135368347]], [[-0.4360142946243286]], [[-0.4946034550666809]], [[-0.5634359121322632]], [[-0.6226370930671692]], [[-0.6816763877868652]], [[-0.7311637997627258]], [[-0.8003602623939514]], [[-0.9091265797615051]], [[-0.968376100063324]], [[-1.027236819267273]], [[-1.1053857803344727]], [[-1.1347229480743408]], [[-1.1926335096359253]], 