{"vc": [[-0.11822810769081116, 0.0, 0.0], [0.0, -0.11182183772325516, 0.11163449287414551], [-0.040818650275468826, 0.32844293117523193, -0.32868996262550354], [-0.16506126523017883, 0.0, 0.0], [0.0, 0.0, 0.0], [0.0, 0.0, 0.0], [0.0, 0.026190467178821564, -0.0261042769998312], [0.0, 0.0, 0.0], [0.0, 0.0, 0.0], [0.36630332469940186, 0.0, 0.0]], "true_y1": [[[0.4006600081920624]], [[19.357336044311523]], [[22.81903839111328]], [[32.861995697021484]], [[41.69359588623047]], [[49.36921691894531]], [[51.50448989868164]], [[59.43494415283203]], [[64.06108856201172]], [[68.84342956542969]], [[71.54457092285156]], [[73.02233123779297]], [[74.26758575439453]], [[75.3241195678711]], [[77.31342315673828]], [[78.39165496826172]], [[79.15631103515625]], [[79.80669403076172]], [[80.15604400634766]], [[80.60518646240234]], [[80.77384948730469]], [[80.82144165039062]], [[80.81920623779297]], [[80.79959106445312]], [[80.74724578857422]], [[80.67874908447266]], [[80.6458969116211]], [[80.56289672851562]], [[80.4865951538086]], [[80.42012786865234]], [[80.30999755859375]], [[80.25357818603516]], [[80.15292358398438]], [[80.09507751464844]], [[79.99185180664062]], [[79.90214538574219]], [[79.811767578125]], [[79.73585510253906]], [[79.62870025634766]], [[79.50529479980469]], [[79.44329071044922]], [[1.0533000230789185]], [[8.786989212036133]], [[13.78907585144043]], [[21.00473403930664]], [[27.64675521850586]], [[31.686649322509766]], [[37.29008102416992]], [[43.64841842651367]], [[47.61281204223633]], [[52.02288055419922]], [[52.93727493286133]], [[54.66526794433594]], [[58.66543960571289]], [[59.1767578125]], [[60.946041107177734]], [[61.661781311035156]], [[62.56360626220703]], [[63.503971099853516]], [[64.4837646484375]], [[65.55170440673828]], [[65.70822143554688]], [[65.88721466064453]], [[65.93997192382812]], [[65.94710540771484]], [[65.92231750488281]], [[65.88399505615234]], [[65.82235717773438]], [[65.76116943359375]], [[65.66435241699219]], [[65.57379150390625]], [[64.9469223022461]], [[64.85407257080078]], [[64.72244262695312]], [[64.60807037353516]], [[64.51219177246094]], [[64.37623596191406]], [[1.104699969291687]], [[4.882000923156738]], [[10.48330307006836]], [[17.620325088500977]], [[19.26329231262207]], [[25.610544204711914]], [[28.477523803710938]], [[33.74305725097656]], [[36.04599380493164]], [[38.188926696777344]], [[41.943458557128906]], [[45.04222869873047]], [[46.37263870239258]], [[48.10527420043945]], [[49.110225677490234]], [[50.832069396972656]], [[52.19218063354492]], [[53.922393798828125]], [[54.296363830566406]], [[54.92256164550781]], [[55.515811920166016]], [[56.26020050048828]], [[56.516117095947266]], [[56.716827392578125]], [[56.77447509765625]], [[56.82132339477539]], [[56.83027267456055]], [[56.81319046020508]], [[56.775508880615234]], [[56.713966369628906]], [[56.661155700683594]], [[56.57712936401367]], [[56.525604248046875]], [[56.42902374267578]], [[56.38570022583008]], [[56.234954833984375]], [[56.10856246948242]], [[55.96158981323242]], [[55.87812805175781]], [[0.6033599972724915]], [[8.848628997802734]], [[13.573810577392578]], [[19.55206298828125]], [[22.328659057617188]], [[24.982770919799805]], [[29.859750747680664]], [[33.127925872802734]], [[36.0531005859375]], [[38.65091323852539]], [[40.945030212402344]], [[42.95559310913086]], [[44.1497917175293]], [[46.23522186279297]], [[47.548282623291016]], [[49.35921096801758]], [[51.45869064331055]], [[52.22948455810547]], [[52.85957336425781]], [[53.4876708984375]], [[54.140281677246094]], [[54.48588180541992]], [[54.89126205444336]], [[55.10667419433594]], [[55.19214630126953]], [[55.349117279052734]], [[55.445716857910156]], [[55.51580810546875]], [[55.565673828125]], [[55.59468460083008]], [[55.6204833984375]], [[55.632747650146484]], [[55.63501739501953]], [[55.630950927734375]], [[55.62389373779297]], [[55.61611557006836]], [[55.59873580932617]], [[55.577491760253906]], [[55.55677032470703]], [[55.53413391113281]], [[55.51405334472656]], [[55.493019104003906]], [[55.457698822021484]], [[55.42998504638672]], [[55.40148162841797]], [[0.35506001114845276]], [[7.007558822631836]], [[12.156123161315918]], [[20.484046936035156]], [[26.67291259765625]], [[31.168701171875]], [[35.65113067626953]], [[38.71292495727539]], [[42.549888610839844]], [[44.040771484375]], [[45.87825012207031]], [[47.50556564331055]], [[48.8742561340332]], [[49.28074645996094]], [[49.86006164550781]], [[50.33710479736328]], [[51.002410888671875]], [[51.34064483642578]], [[51.65879821777344]], [[51.81217956542969]], [[52.03874588012695]], [[52.22578430175781]], [[52.29602813720703]], [[52.46070098876953]], [[52.55038833618164]], [[52.64684295654297]], [[52.73371124267578]], [[52.81245040893555]], [[52.88552474975586]], [[52.95306396484375]], [[52.99591064453125]], [[53.077754974365234]], [[53.126468658447266]], [[53.192195892333984]], [[53.22004699707031]], [[53.300960540771484]], [[53.345279693603516]], [[53.38877868652344]], [[53.42375946044922]], [[53.51892852783203]], [[53.55328369140625]], [[53.5965461730957]], [[53.6572151184082]], [[53.70952606201172]], [[53.75350570678711]], [[53.797367095947266]], [[53.868675231933594]], [[53.9315185546875]], [[53.99523162841797]], [[54.02274703979492]], [[54.07798385620117]], [[54.134010314941406]], [[54.20010757446289]], [[54.24787139892578]], [[54.29623031616211]], [[0.1057400032877922]], [[3.529855728149414]], [[11.021419525146484]], [[14.156477928161621]], [[18.565149307250977]], [[23.81322479248047]], [[26.656864166259766]], [[29.21710205078125]], [[32.69237518310547]], [[34.513816833496094]], [[36.39366912841797]], [[37.74161148071289]], [[39.33692932128906]], [[40.47499084472656]], [[41.44527816772461]], [[42.52957534790039]], [[43.10468292236328]], [[43.6204948425293]], [[44.169822692871094]], [[44.73212814331055]], [[45.16151428222656]], [[45.549137115478516]], [[45.90685272216797]], [[46.07408142089844]], [[46.393531799316406]], [[46.74001693725586]], [[47.02140808105469]], [[47.3338623046875]], [[47.548866271972656]], [[47.84065246582031]], [[47.96420669555664]], [[48.24516296386719]], [[48.52157974243164]], [[48.71721267700195]], [[49.02863311767578]], [[49.18250274658203]], [[49.414180755615234]], [[49.646053314208984]], [[49.917659759521484]], [[50.15144348144531]], [[50.308448791503906]], [[50.703163146972656]], [[50.90326690673828]], [[51.306705474853516]], [[51.34738540649414]], [[51.63423538208008]], [[52.093536376953125]], [[52.22031784057617]], [[52.5612678527832]], [[52.82046127319336]], [[53.03972625732422]], [[53.260196685791016]], [[53.617366790771484]], [[0.05844400078058243]], [[3.1047706604003906]], [[4.612854957580566]], [[8.065934181213379]], [[11.845749855041504]], [[14.092490196228027]], [[16.64409828186035]], [[18.249114990234375]], [[21.569263458251953]], [[22.920305252075195]], [[25.092731475830078]], [[26.230819702148438]], [[28.541112899780273]], [[29.230093002319336]], [[30.936124801635742]], [[31.8887996673584]], [[32.93748474121094]], [[34.6323356628418]], [[35.44859313964844]], [[36.20331954956055]], [[37.01493835449219]], [[37.34586715698242]], [[37.869686126708984]], [[38.754756927490234]], [[39.30698013305664]], [[39.83613204956055]], [[40.34423065185547]], [[40.83705139160156]], [[41.31519317626953]], [[41.85891342163086]], [[42.08791732788086]], [[42.69148254394531]], [[43.20975112915039]], [[43.577693939208984]], [[44.01681900024414]], [[44.382198333740234]], [[44.8186149597168]], [[45.32970428466797]], [[45.76910400390625]], [[46.20814514160156]], [[46.577423095703125]], [[47.096641540527344]], [[47.922183990478516]], [[48.378143310546875]], [[48.83647537231445]], [[49.45478820800781]], [[49.69023513793945]], [[50.16120529174805]], [[50.638221740722656]], [[51.28002166748047]], [[51.523372650146484]], [[52.09603500366211]]]}