{"vc": [[-0.0020425308030098677, 0.0, 0.0], [0.0, 0.0, 0.0], [0.03625794127583504, -0.047935616225004196, 0.048155881464481354], [0.1980154663324356, 0.0, 0.0], [0.0, 0.0, 0.0], [0.0, 0.0, 0.0], [0.0, 0.0012179948389530182, 0.0], [0.0, 0.0, 0.0], [0.0, 0.0, 0.0], [0.8951727747917175, 0.0, 0.0]], "true_y1": [[[0.4006600081920624]], [[49.46952438354492]], [[58.91841506958008]], [[88.0213623046875]], [[116.78890991210938]], [[145.7721405029297]], [[154.79273986816406]], [[193.91574096679688]], [[223.05523681640625]], [[262.219482421875]], [[291.48785400390625]], [[311.173095703125]], [[330.78118896484375]], [[350.47735595703125]], [[400.2503967285156]], [[440.2127685546875]], [[480.3715515136719]], [[530.9097290039062]], [[571.460205078125]], [[664.1896362304688]], [[748.1402587890625]], [[812.04541015625]], [[910.380859375]], [[955.1421508789062]], [[1035.10498046875]], [[1117.5380859375]], [[1153.6575927734375]], [[1240.46533203125]], [[1317.674560546875]], [[1384.463623046875]], [[1496.1798095703125]], [[1554.560791015625]], [[1661.60498046875]], [[1725.185791015625]], [[1843.1973876953125]], [[1951.291015625]], [[2066.27734375]], [[2168.2294921875]], [[2321.70068359375]], [[2514.47607421875]], [[2618.780029296875]], [[1.0533000230789185]], [[21.003280639648438]], [[34.28251266479492]], [[54.3709716796875]], [[74.37973022460938]], [[87.59590148925781]], [[107.81275177001953]], [[134.71807861328125]], [[154.82501220703125]], [[182.13555908203125]], [[188.7404327392578]], [[202.44955444335938]], [[243.51177978515625]], [[250.2047119140625]], [[277.6670227050781]], [[291.4325256347656]], [[312.1647644042969]], [[340.0277404785156]], [[381.9193420410156]], [[474.0404968261719]], [[502.6462707519531]], [[560.9577026367188]], [[605.2550048828125]], [[650.4554443359375]], [[696.19873046875]], [[735.0867309570312]], [[782.7395629882812]], [[823.283447265625]], [[881.4839477539062]], [[932.7367553710938]], [[1280.710693359375]], [[1336.2281494140625]], [[1417.76904296875]], [[1491.77001953125]], [[1556.396728515625]], [[1652.628662109375]], [[1.104699969291687]], [[10.883382797241211]], [[25.719200134277344]], [[45.656578063964844]], [[50.48762893676758]], [[70.39165496826172]], [[80.2318115234375]], [[100.31916046142578]], [[110.2116470336914]], [[120.23500061035156]], [[140.3690948486328]], [[160.6051788330078]], [[170.77879333496094]], [[185.93820190429688]], [[196.03826904296875]], [[216.5398406982422]], [[236.99990844726562]], [[273.0064697265625]], [[283.31768798828125]], [[304.08380126953125]], [[330.19342041015625]], [[383.05621337890625]], [[415.1534423828125]], [[458.48126220703125]], [[480.58416748046875]], [[513.897705078125]], [[559.0426025390625]], [[587.9260864257812]], [[623.3156127929688]], [[665.2944946289062]], [[695.8729858398438]], [[739.96533203125]], [[765.4720458984375]], [[811.625244140625]], [[831.9182739257812]], [[901.8453979492188]], [[960.7232055664062]], [[1030.5860595703125]], [[1071.264892578125]], [[0.6033599972724915]], [[22.190576553344727]], [[35.0670051574707]], [[52.33561706542969]], [[60.89064025878906]], [[69.49378204345703]], [[86.73890686035156]], [[99.71338653564453]], [[112.68148040771484]], [[125.65512084960938]], [[138.6603546142578]], [[151.68310546875]], [[160.3650665283203]], [[177.8342742919922]], [[190.88816833496094]], [[212.83575439453125]], [[248.132568359375]], [[265.8710021972656]], [[283.6939697265625]], [[306.068115234375]], [[337.5838317871094]], [[360.2722473144531]], [[397.1135559082031]], [[425.1206970214844]], [[439.13897705078125]], [[472.3400573730469]], [[501.2477111816406]], [[530.5885620117188]], [[560.5908203125]], [[585.9161376953125]], [[622.09765625]], [[659.16796875]], [[686.2158203125]], [[725.3960571289062]], [[753.816650390625]], [[777.2236328125]], [[819.380859375]], [[863.0443115234375]], [[901.8975219726562]], [[942.2208251953125]], [[977.0172119140625]], [[1013.0032348632812]], [[1073.26318359375]], [[1121.005859375]], [[1170.97021484375]], [[0.35506001114845276]], [[17.805896759033203]], [[31.79004669189453]], [[56.28788757324219]], [[77.18904876708984]], [[94.86470031738281]], [[115.93075561523438]], [[133.4784698486328]], [[161.76051330566406]], [[175.85403442382812]], [[197.2640380859375]], [[222.24276733398438]], [[251.0726776123047]], [[261.8855895996094]], [[280.0075378417969]], [[298.2325744628906]], [[331.4464111328125]], [[353.7947998046875]], [[380.18292236328125]], [[395.5032958984375]], [[422.4213562011719]], [[449.8194580078125]], [[461.6786804199219]], [[493.76116943359375]], [[514.2860717773438]], [[539.2932739257812]], [[564.8322143554688]], [[590.7970581054688]], [[617.55029296875]], [[644.736083984375]], [[663.2731323242188]], [[701.580810546875]], [[726.2322387695312]], [[761.7171020507812]], [[777.5288696289062]], [[826.0953369140625]], [[854.3633422851562]], [[883.26220703125]], [[907.33984375]], [[976.7096557617188]], [[1003.1790161132812]], [[1037.62744140625]], [[1088.1146240234375]], [[1133.786865234375]], [[1173.804931640625]], [[1215.2696533203125]], [[1286.2083740234375]], [[1352.630615234375]], [[1424.0506591796875]], [[1456.259033203125]], [[1523.5718994140625]], [[1595.7294921875]], [[1686.3406982421875]], [[1755.84228515625]], [[1829.94189453125]], [[0.1057400032877922]], [[9.168281555175781]], [[29.60912322998047]], [[38.66874694824219]], [[52.27650451660156]], [[70.5174789428711]], [[81.81547546386719]], [[93.23841857910156]], [[111.50594329833984]], [[122.92144775390625]], [[136.65296936035156]], [[148.16822814941406]], [[164.32925415039062]], [[178.18089294433594]], [[192.10617065429688]], [[210.82386779785156]], [[222.53372192382812]], [[234.37020874023438]], [[248.64801025390625]], [[265.4114685058594]], [[279.9420166015625]], [[294.535400390625]], [[309.3793640136719]], [[316.8033447265625]], [[331.8855895996094]], [[349.6253356933594]], [[365.10986328125]], [[383.4325866699219]], [[396.7179260253906]], [[415.6018981933594]], [[423.88494873046875]], [[443.3285827636719]], [[463.2467041015625]], [[477.79327392578125]], [[501.6830139160156]], [[513.8082275390625]], [[532.4547119140625]], [[551.5791015625]], [[574.5639038085938]], [[594.8541870117188]], [[608.7470092773438]], [[644.6450805664062]], [[663.393310546875]], [[702.3812866210938]], [[706.404296875]], [[735.276123046875]], [[783.4505004882812]], [[797.19873046875]], [[835.2125854492188]], [[865.187744140625]], [[891.3214111328125]], [[918.3585815429688]], [[963.887451171875]], [[0.05844400078058243]], [[8.317014694213867]], [[12.44347858428955]], [[22.076169967651367]], [[33.09661865234375]], [[40.00149154663086]], [[48.2880859375]], [[53.80769348144531]], [[66.22322082519531]], [[71.76478576660156]], [[81.45365905761719]], [[86.99526977539062]], [[99.50886535644531]], [[103.63777160644531]], [[114.84695434570312]], [[121.82978057861328]], [[130.24057006835938]], [[145.7799530029297]], [[154.2901153564453]], [[162.85118103027344]], [[172.87939453125]], [[177.230712890625]], [[184.4458770751953]], [[197.58848571777344]], [[206.41293334960938]], [[215.32371520996094]], [[224.29513549804688]], [[233.3761749267578]], [[242.53065490722656]], [[253.33143615722656]], [[257.9986267089844]], [[270.6136474609375]], [[281.7845458984375]], [[289.89031982421875]], [[299.74114990234375]], [[308.07562255859375]], [[318.1849670410156]], [[330.2263488769531]], [[340.74505615234375]], [[351.4035339355469]], [[360.4811096191406]], [[373.41748046875]], [[394.4064025878906]], [[406.2264099121094]], [[418.2779235839844]], [[434.8188781738281]], [[441.2066955566406]], [[454.13934326171875]], [[467.45831298828125]], [[485.75054931640625]], [[492.8043212890625]], [[509.6749572753906]]]}