{"vc": [[0.002466815523803234, -0.045196276158094406, 0.04462709650397301], [-0.02632954716682434, -2.2847557067871094, 2.2845709323883057], [0.0048082079738378525, -0.008844099007546902, 0.00855664536356926], [-0.009901105426251888, -0.005841363221406937, 0.005528912413865328], [-0.006048580165952444, 0.008774777874350548, -0.00878226663917303], [-0.020519444718956947, 0.022754089906811714, -0.022793950513005257], [-0.01568893902003765, 0.9976679682731628, -0.9979413747787476], [0.001251185778528452, 0.001523821847513318, -0.0015998582821339369], [0.00021203310461714864, 0.029401468113064766, -0.029505256563425064], [0.0005003472324460745, 0.015991706401109695, -0.01626289077103138]], "true_y1": [[[0.4006600081920624]], [[0.3827541470527649]], [[0.37949874997138977]], [[0.3700169622898102]], [[0.3615923523902893]], [[0.35420432686805725]], [[0.35214847326278687]], [[0.3446572721004486]], [[0.34064793586730957]], [[0.3374457359313965]], [[0.3367082178592682]], [[0.33700665831565857]], [[0.33793285489082336]], [[0.33948662877082825]], [[0.34611839056015015]], [[0.35411933064460754]], [[0.3643949627876282]], [[0.3802347183227539]], [[0.3950428366661072]], [[0.4347068667411804]], [[0.4758017063140869]], [[0.509174108505249]], [[0.5621626973152161]], [[0.5863820314407349]], [[0.629036545753479]], [[0.6714529991149902]], [[0.6893683671951294]], [[0.7304562330245972]], [[0.7644569277763367]], [[0.7918503284454346]], [[0.8334975242614746]], [[0.8532506227493286]], [[0.8861139416694641]], [[0.9037197232246399]], [[0.9329935908317566]], [[0.9563526511192322]], [[0.978073239326477]], [[0.9950029850006104]], [[1.0170058012008667]], [[1.0398151874542236]], [[1.0503355264663696]], [[1.0533000230789185]], [[1.0247658491134644]], [[1.0066356658935547]], [[0.9808052778244019]], [[0.9571983218193054]], [[0.94283127784729]], [[0.9227768182754517]], [[0.8996647596359253]], [[0.8849731087684631]], [[0.8683510422706604]], [[0.8648772239685059]], [[0.8583100438117981]], [[0.8434433341026306]], [[0.8416463732719421]], [[0.8359125852584839]], [[0.8339561223983765]], [[0.8320491909980774]], [[0.8312446475028992]], [[0.8332216739654541]], [[0.8471379280090332]], [[0.8532170653343201]], [[0.867072582244873]], [[0.8783551454544067]], [[0.8901112675666809]], [[0.9019611477851868]], [[0.9118310213088989]], [[0.9235198497772217]], [[0.9330285787582397]], [[0.9458826184272766]], [[0.9563800096511841]], [[1.008887529373169]], [[1.0146292448043823]], [[1.02212655544281]], [[1.028084397315979]], [[1.0327149629592896]], [[1.0387591123580933]], [[1.104699969291687]], [[1.0860909223556519]], [[1.0590665340423584]], [[1.0254331827163696]], [[1.0177826881408691]], [[0.9883882403373718]], [[0.9751222133636475]], [[0.9505886435508728]], [[0.9397228956222534]], [[0.9294979572296143]], [[0.9112247228622437]], [[0.895687997341156]], [[0.888862669467926]], [[0.8798204660415649]], [[0.8744969964027405]], [[0.8652664422988892]], [[0.8579488396644592]], [[0.848961591720581]], [[0.847170889377594]], [[0.8444638848304749]], [[0.8425388932228088]], [[0.8425285816192627]], [[0.8443661332130432]], [[0.8483099937438965]], [[0.8507744073867798]], [[0.8548681139945984]], [[0.860847532749176]], [[0.8647860884666443]], [[0.86961430311203]], [[0.8752299547195435]], [[0.8791877031326294]], [[0.884638786315918]], [[0.8876376152038574]], [[0.8927573561668396]], [[0.8948813080787659]], [[0.9016123414039612]], [[0.9066044688224792]], [[0.9117984175682068]], [[0.914492666721344]], [[0.6033599972724915]], [[0.5781337022781372]], [[0.5641579031944275]], [[0.546819269657135]], [[0.5388538837432861]], [[0.5312708616256714]], [[0.5173726677894592]], [[0.5080601572990417]], [[0.49972137808799744]], [[0.4923287332057953]], [[0.4858454763889313]], [[0.48025304079055786]], [[0.4770078957080841]], [[0.4715997576713562]], [[0.46849092841148376]], [[0.4649394750595093]], [[0.46319571137428284]], [[0.4639492332935333]], [[0.4656696021556854]], [[0.4690457284450531]], [[0.47576457262039185]], [[0.4817812442779541]], [[0.4931882321834564]], [[0.5028833746910095]], [[0.5079810619354248]], [[0.5205135941505432]], [[0.5317563414573669]], [[0.5432916283607483]], [[0.555058479309082]], [[0.5648715496063232]], [[0.5785706639289856]], [[0.5920867919921875]], [[0.6015570163726807]], [[0.6146305203437805]], [[0.6236139535903931]], [[0.6306909322738647]], [[0.6427052021026611]], [[0.6541774272918701]], [[0.6635890603065491]], [[0.6726070046424866]], [[0.6798122525215149]], [[0.6867389678955078]], [[0.6972426772117615]], [[0.7046851515769958]], [[0.7117337584495544]], [[0.35506001114845276]], [[0.3389374911785126]], [[0.3269560933113098]], [[0.30815523862838745]], [[0.2944187521934509]], [[0.2844851016998291]], [[0.27464503049850464]], [[0.26807156205177307]], [[0.26045581698417664]], [[0.25796839594841003]], [[0.2557542026042938]], [[0.2553982436656952]], [[0.25769296288490295]], [[0.25923365354537964]], [[0.2625730335712433]], [[0.2668111324310303]], [[0.27651482820510864]], [[0.28426581621170044]], [[0.29444369673728943]], [[0.3007742166519165]], [[0.3124890625476837]], [[0.32499417662620544]], [[0.3305356502532959]], [[0.3457610607147217]], [[0.3555850088596344]], [[0.3675353229045868]], [[0.37962406873703003]], [[0.39170676469802856]], [[0.4038606882095337]], [[0.41584041714668274]], [[0.42376935482025146]], [[0.4394867420196533]], [[0.4491018056869507]], [[0.46223723888397217]], [[0.4678213596343994]], [[0.4839513599872589]], [[0.4926489591598511]], [[0.5010374188423157]], [[0.5076534152030945]], [[0.5249499678611755]], [[0.5309110283851624]], [[0.5381871461868286]], [[0.5479446053504944]], [[0.5559321045875549]], [[0.5623424649238586]], [[0.5684612393379211]], [[0.5778367519378662]], [[0.585532546043396]], [[0.5928187966346741]], [[0.5958119034767151]], [[0.6015526056289673]], [[0.6070270538330078]], [[0.6130609512329102]], [[0.6171521544456482]], [[0.6210775971412659]], [[0.1057400032877922]], [[0.0987548977136612]], [[0.08427438139915466]], [[0.07842771708965302]], [[0.07030773907899857]], [[0.060664426535367966]], [[0.05539771541953087]], [[0.05061433091759682]], [[0.0440763421356678]], [[0.040670573711395264]], [[0.03724917024374008]], [[0.03493501991033554]], [[0.03251606971025467]], [[0.0311883557587862]], [[0.030521642416715622]], [[0.030635718256235123]], [[0.03127007186412811]], [[0.032331470400094986]], [[0.03414890542626381]], [[0.036991629749536514]], [[0.04003629833459854]], [[0.04359934478998184]], [[0.047705359756946564]], [[0.049929119646549225]], [[0.054770953953266144]], [[0.06097497418522835]], [[0.06679041683673859]], [[0.07409048080444336]], [[0.0796290785074234]], [[0.08779910951852798]], [[0.09147629141807556]], [[0.10028840601444244]], [[0.10951605439186096]], [[0.11634140461683273]], [[0.12763246893882751]], [[0.13337360322475433]], [[0.1421794891357422]], [[0.15114502608776093]], [[0.1617790013551712]], [[0.1709965467453003]], [[0.1771988421678543]], [[0.19275306165218353]], [[0.20057958364486694]], [[0.21615056693553925]], [[0.2177014797925949]], [[0.22852051258087158]], [[0.2453566938638687]], [[0.24988651275634766]], [[0.2617959678173065]], [[0.2705720365047455]], [[0.2778022289276123]], [[0.2848894000053406]], [[0.2959766387939453]], [[0.05844400078058243]], [[0.05012425035238266]], [[0.04614677280187607]], [[0.0373198501765728]], [[0.02799161523580551]], [[0.022555649280548096]], [[0.016437210142612457]], [[0.012602103874087334]], [[0.004659056663513184]], [[0.001411632401868701]], [[-0.0038375298026949167]], [[-0.00660026166588068]], [[-0.012217378243803978]], [[-0.013886537402868271]], [[-0.01797187142074108]], [[-0.02019592374563217]], [[-0.022558143362402916]], [[-0.026046816259622574]], [[-0.027495630085468292]], [[-0.028637459501624107]], [[-0.029587209224700928]], [[-0.029873380437493324]], [[-0.03018522448837757]], [[-0.030251139774918556]], [[-0.029948245733976364]], [[-0.02937374822795391]], [[-0.028535282239317894]], [[-0.02743389829993248]], [[-0.026079747825860977]], 