{"vc": [[-0.2601670026779175, -0.14768320322036743, 0.14788690209388733], [-0.3288758397102356, -2.4368767738342285, 2.4369943141937256], [-0.08406071364879608, -0.007930868305265903, 0.007988471537828445], [-0.1444946974515915, -0.2517043650150299, 0.25198543071746826], [-0.12758439779281616, -0.03253643587231636, 0.032633665949106216], [-0.11634163558483124, 0.07840047776699066, -0.07830461859703064], [-0.23177789151668549, 0.4111151397228241, -0.4108729064464569], [-0.00023799861082807183, -0.0015817969106137753, 0.001592738088220358], [0.11949773132801056, 0.06814075261354446, -0.06789222359657288], [-0.011179759167134762, 0.05447611212730408, -0.054353002458810806]], "true_y1": [[[0.4006600081920624]], [[-0.013795167207717896]], [[0.002602389082312584]], [[0.15955710411071777]], [[0.41183462738990784]], [[0.7090831995010376]], [[0.8041946887969971]], [[1.2023392915725708]], [[1.462220549583435]], [[1.7376148700714111]], [[1.8820302486419678]], [[1.9500259160995483]], [[1.9959758520126343]], [[2.0221405029296875]], [[2.013779640197754]], [[1.9498894214630127]], [[1.853062391281128]], [[1.7057839632034302]], [[1.579606533050537]], [[1.2971440553665161]], [[1.0735719203948975]], [[0.927781343460083]], [[0.7417693138122559]], [[0.6708634495735168]], [[0.5620185732841492]], [[0.4699094593524933]], [[0.434929758310318]], [[0.36197882890701294]], [[0.3081377148628235]], [[0.2683835029602051]], [[0.2132244110107422]], [[0.18901871144771576]], [[0.15119047462940216]], [[0.1320696771144867]], [[0.10187660157680511]], [[0.07910428941249847]], [[0.05889797955751419]], [[0.04375629127025604]], [[0.02482954040169716]], [[0.006062395870685577]], [[-0.00231208186596632]], [[1.0533000230789185]], [[0.7161826491355896]], [[0.6443639397621155]], [[0.6717175245285034]], [[0.7926721572875977]], [[0.898902177810669]], [[1.0766255855560303]], [[1.3068538904190063]], [[1.4560710191726685]], [[1.6136736869812012]], [[1.6433497667312622]], [[1.6944375038146973]], [[1.768561840057373]], [[1.7708425521850586]], [[1.7567634582519531]], [[1.7377874851226807]], [[1.697579264640808]], [[1.627279281616211]], [[1.501070499420166]], [[1.203358769416809]], [[1.1196236610412598]], [[0.9631353616714478]], [[0.8583868145942688]], [[0.7636175751686096]], [[0.6791318655014038]], [[0.6153926253318787]], [[0.5461837649345398]], [[0.494062602519989]], [[0.4285343289375305]], [[0.3785528540611267]], [[0.1571144163608551]], [[0.1370398998260498]], [[0.1103600561618805]], [[0.08893817663192749]], [[0.07220010459423065]], [[0.05025090277194977]], [[1.104699969291687]], [[0.873470664024353]], [[0.7018271684646606]], [[0.6744646430015564]], [[0.689265787601471]], [[0.799196720123291]], [[0.870284378528595]], [[1.0246325731277466]], [[1.0986196994781494]], [[1.169166088104248]], [[1.2918668985366821]], [[1.384840488433838]], [[1.4195886850357056]], [[1.457000732421875]], [[1.4729770421981812]], [[1.485819935798645]], [[1.4765870571136475]], [[1.4214386940002441]], [[1.3993315696716309]], [[1.349204182624817]], [[1.2794114351272583]], [[1.1308385133743286]], [[1.0437744855880737]], [[0.9342701435089111]], [[0.8826653957366943]], [[0.8104418516159058]], [[0.7228560447692871]], [[0.6725971698760986]], [[0.6165441274642944]], [[0.5571016669273376]], [[0.5180636048316956]], [[0.46728527545928955]], [[0.44055405259132385]], [[0.396481990814209]], [[0.37868016958236694]], [[0.3236561715602875]], [[0.28379684686660767]], [[0.24271491169929504]], [[0.2214108258485794]], [[0.6033599972724915]], [[0.2321239411830902]], [[0.16974538564682007]], [[0.1906299889087677]], [[0.22950105369091034]], [[0.2810688018798828]], [[0.40793919563293457]], [[0.5134443044662476]], [[0.6200807094573975]], [[0.7231590151786804]], [[0.819438636302948]], [[0.9064462780952454]], [[0.9584932923316956]], [[1.0477796792984009]], [[1.1008834838867188]], [[1.1650428771972656]], [[1.2108107805252075]], [[1.2126755714416504]], [[1.2036917209625244]], [[1.180658221244812]], [[1.1331610679626465]], [[1.092501163482666]], [[1.0213626623153687]], [[0.9665709733963013]], [[0.9395613074302673]], [[0.8776625990867615]], [[0.8268271684646606]], [[0.7784955501556396]], [[0.7325506806373596]], [[0.6964401006698608]], [[0.6488574743270874]], [[0.6046186685562134]], [[0.5749595761299133]], [[0.535514235496521]], [[0.5092552900314331]], [[0.4889727234840393]], [[0.4552047848701477]], [[0.4235576093196869]], [[0.39788568019866943]], [[0.3734191656112671]], [[0.353890985250473]], [[0.33507639169692993]], [[0.30634042620658875]], [[0.28572502732276917]], [[0.2659135162830353]], [[0.35506001114845276]], [[0.012408703565597534]], [[-0.09130410104990005]], [[-0.07625772804021835]], [[0.03875765949487686]], [[0.1685117483139038]], [[0.3346620798110962]], [[0.46876847743988037]], [[0.6577670574188232]], [[0.735321044921875]], [[0.8300056457519531]], [[0.9064972996711731]], [[0.9553069472312927]], [[0.9646056294441223]], [[0.9712296724319458]], [[0.9686331152915955]], [[0.9467548131942749]], [[0.9239431619644165]], [[0.8922162652015686]], [[0.8724614977836609]], [[0.8367612361907959]], [[0.8004163503646851]], [[0.7849472761154175]], [[0.7444025278091431]], [[0.719691812992096]], [[0.6910169124603271]], [[0.6634047627449036]], [[0.6370490193367004]], [[0.6116386651992798]], [[0.5875345468521118]], [[0.5720330476760864]], [[0.5422149896621704]], [[0.524485170841217]], [[0.5007712841033936]], [[0.49083858728408813]], [[0.46252426505088806]], [[0.44742703437805176]], [[0.4329317808151245]], [[0.4215206205844879]], [[0.3916302025318146]], [[0.3812633156776428]], [[0.36852550506591797]], [[0.3512447476387024]], [[0.33687272667884827]], [[0.3251514136791229]], [[0.3137756586074829]], [[0.2959142029285431]], [[0.28077882528305054]], [[0.2659663259983063]], [[0.2597236931324005]], [[0.24745580554008484]], [[0.23534831404685974]], [[0.2214643806219101]], [[0.21167919039726257]], [[0.20196761190891266]], [[0.1057400032877922]], [[-0.13454753160476685]], [[-0.38870447874069214]], [[-0.4248391389846802]], [[-0.42666956782341003]], [[-0.3668172359466553]], [[-0.30831626057624817]], [[-0.2394227236509323]], [[-0.11885928362607956]], [[-0.04170890152454376]], [[0.04920720309019089]], [[0.12190175801515579]], [[0.2160291224718094]], [[0.28791749477386475]], [[0.3512668311595917]], [[0.42212867736816406]], [[0.45844292640686035]], [[0.48930835723876953]], [[0.5194018483161926]], [[0.5459582805633545]], [[0.5624364018440247]], [[0.5738850831985474]], [[0.5812028050422668]], [[0.5834887027740479]], [[0.585790753364563]], [[0.5852509140968323]], [[0.5826014876365662]], [[0.5775538086891174]], [[0.5729503631591797]], [[0.5654661655426025]], [[0.561936616897583]], [[0.5532758831977844]], [[0.5441054701805115]], [[0.5373533368110657]], [[0.5263500809669495]], [[0.5208622813224792]], [[0.5126031041145325]], [[0.5043995380401611]], [[0.494938462972641]], [[0.48696696758270264]], [[0.48171746730804443]], [[0.4689268469810486]], [[0.4626784324645996]], [[0.4505729079246521]], [[0.4493890106678009]], [[0.44122737646102905]], [[0.42882171273231506]], [[0.4255361258983612]], [[0.41698214411735535]], [[0.4107428193092346]], [[0.40563318133354187]], [[0.4006439745426178]], [[0.3928602635860443]], [[0.05844400078058243]], [[-0.2053138017654419]], [[-0.2990764379501343]], [[-0.44865745306015015]], [[-0.537333607673645]], [[-0.562904953956604]], [[-0.5723588466644287]], [[-0.5689169764518738]], [[-0.5408715009689331]], [[-0.5217041373252869]], [[-0.48141923546791077]], [[-0.45551759004592896]], [[-0.39218056201934814]], [[-0.37035953998565674]], [[-0.310196191072464]], [[-0.2727005183696747]], [[-0.22818899154663086]], [[-0.1495363712310791]], [[-0.1091742068529129]], [[-0.07088088989257812]], [[-0.02921374887228012]], [[-0.012244723737239838]], [[0.01438898965716362]], [[0.05810507386922836]], [[0.08407401293516159]], [[0.1076677143573761]], [[0.12890218198299408]], [[0.1479957103729248]], [[0.1649903655052185]], [[0.182400643825531]], [[0.18911537528038025]], [[0.20507311820983887]], 