{"vc": [[0.046065375208854675, 0.0, 0.0], [0.0, 0.0, 0.0], [0.058125946670770645, -0.05332663282752037, 0.053097203373909], [0.30504143238067627, 0.0, 0.0], [0.0, 0.0, 0.0], [0.0, 0.0, 0.0], [0.0, 0.0008583013550378382, 0.0], [0.0, 0.0, 0.0], [0.0, 0.0, 0.0], [1.0047597885131836, 0.0, 0.0]], "true_y1": [[[0.4006600081920624]], [[55.71449279785156]], [[66.36626434326172]], [[99.1746826171875]], [[131.6056365966797]], [[164.28005981445312]], [[174.44949340820312]], [[218.55462646484375]], [[251.40383911132812]], [[295.55126953125]], [[328.5406188964844]], [[350.7265319824219]], [[372.8235778808594]], [[395.01763916015625]], [[451.0906982421875]], [[496.0954895019531]], [[541.3037109375]], [[598.16552734375]], [[643.7601318359375]], [[747.9006958007812]], [[841.99755859375]], [[913.4821166992188]], [[1023.19091796875]], [[1072.99755859375]], [[1161.7435302734375]], [[1252.893310546875]], [[1292.7158203125]], [[1388.11376953125]], [[1472.57666015625]], [[1545.3316650390625]], [[1666.3590087890625]], [[1729.26318359375]], [[1843.9747314453125]], [[1911.7210693359375]], [[2036.6900634765625]], [[2150.272216796875]], [[2270.174560546875]], [[2375.69921875]], [[2533.18017578125]], [[2728.727783203125]], [[2833.513916015625]], [[1.0533000230789185]], [[23.56542205810547]], [[38.55133056640625]], [[61.22343444824219]], [[83.80767822265625]], [[98.72607421875]], [[121.54832458496094]], [[151.9234619140625]], [[174.62490844726562]], [[205.46080017089844]], [[212.9183807373047]], [[228.39744567871094]], [[274.7601623535156]], [[282.31671142578125]], [[313.32086181640625]], [[328.8603210449219]], [[352.26202392578125]], [[383.70709228515625]], [[430.96868896484375]], [[534.8010864257812]], [[567.0066528320312]], [[632.5858154296875]], [[682.3298950195312]], [[733.0107421875]], [[784.2100219726562]], [[827.6570434570312]], [[880.7870483398438]], [[925.888427734375]], [[990.4525146484375]], [[1047.1220703125]], [[1426.5157470703125]], [[1486.1019287109375]], [[1573.1256103515625]], [[1651.591552734375]], [[1719.72021484375]], [[1820.4842529296875]], [[1.104699969291687]], [[12.149311065673828]], [[28.90743637084961]], [[51.43128204345703]], [[56.88958740234375]], [[79.37996673583984]], [[90.49991607666016]], [[113.20196533203125]], [[124.38308715820312]], [[135.71270751953125]], [[158.4722137451172]], [[181.34852600097656]], [[192.84988403320312]], [[209.98793029785156]], [[221.4062957763672]], [[244.58334350585938]], [[267.7121276855469]], [[308.408935546875]], [[320.0611877441406]], [[343.5242614746094]], [[373.01605224609375]], [[432.68646240234375]], [[468.8832092285156]], [[517.6929931640625]], [[542.5655517578125]], [[580.01416015625]], [[630.6771240234375]], [[663.0330810546875]], [[702.60888671875]], [[749.4468383789062]], [[783.4860229492188]], [[832.4427490234375]], [[860.6917724609375]], [[911.6660766601562]], [[934.0191650390625]], [[1010.7520751953125]], [[1074.9932861328125]], [[1150.7666015625]], [[1194.654541015625]], [[0.6033599972724915]], [[24.995540618896484]], [[39.54645919799805]], [[59.062255859375]], [[68.73115539550781]], [[78.45480346679688]], [[97.94699096679688]], [[112.61278533935547]], [[127.2718276977539]], [[141.9374542236328]], [[156.638916015625]], [[171.36009216308594]], [[181.17420959472656]], [[200.9207763671875]], [[215.675537109375]], [[240.48023986816406]], [[280.362060546875]], [[300.3983459472656]], [[320.5246276855469]], [[345.781005859375]], [[381.33544921875]], [[406.9131774902344]], [[448.4071350097656]], [[479.91363525390625]], [[495.66961669921875]], [[532.9454956054688]], [[565.3495483398438]], [[598.184814453125]], [[631.6984252929688]], [[659.9351806640625]], [[700.1864013671875]], [[741.3089599609375]], [[771.2337036132812]], [[814.455322265625]], [[845.7100830078125]], [[871.3875732421875]], [[917.4843139648438]], [[965.0186157226562]], [[1007.132080078125]], [[1050.6517333984375]], [[1088.0509033203125]], [[1126.5755615234375]], [[1190.7359619140625]], [[1241.25634765625]], [[1293.8323974609375]], [[0.35506001114845276]], [[20.08696746826172]], [[35.90013122558594]], [[63.60417175292969]], [[87.24244689941406]], [[107.23350524902344]], [[131.05918884277344]], [[150.905029296875]], [[182.88796997070312]], [[198.8234405517578]], [[223.02734375]], [[251.25701904296875]], [[283.8235168457031]], [[296.03253173828125]], [[316.48663330078125]], [[337.0461120605469]], [[374.4808654785156]], [[399.64111328125]], [[429.3153076171875]], [[446.5246887207031]], [[476.7247314453125]], [[507.41009521484375]], [[520.6741333007812]], [[556.4979858398438]], [[579.3681640625]], [[607.1782836914062]], [[635.5143432617188]], [[664.25146484375]], [[693.7820434570312]], [[723.7041015625]], [[744.0554809570312]], [[785.9758911132812]], [[812.8519897460938]], [[851.3975219726562]], [[868.5183715820312]], [[920.8905639648438]], [[951.222412109375]], [[982.1150512695312]], [[1007.763671875]], [[1081.20068359375]], [[1109.0426025390625]], [[1145.129638671875]], [[1197.7188720703125]], [[1244.989501953125]], [[1286.174560546875]], [[1328.6219482421875]], [[1400.7176513671875]], [[1467.6385498046875]], [[1538.9832763671875]], [[1570.955810546875]], [[1637.3814697265625]], [[1708.01171875]], [[1795.89111328125]], [[1862.70556640625]], [[1933.39501953125]], [[0.1057400032877922]], [[10.37088394165039]], [[33.525047302246094]], [[43.78753662109375]], [[59.202178955078125]], [[79.8651123046875]], [[92.66278076171875]], [[105.60132598876953]], [[126.29043579101562]], [[139.21730041503906]], [[154.76416015625]], [[167.79901123046875]], [[186.08743286132812]], [[201.75653076171875]], [[217.50233459472656]], [[238.6547088623047]], [[251.8793487548828]], [[265.2395935058594]], [[281.34442138671875]], [[300.23583984375]], [[316.5942077636719]], [[333.00616455078125]], [[349.6806640625]], [[358.01239013671875]], [[374.9217529296875]], [[394.7794494628906]], [[412.0832214355469]], [[432.5206604003906]], [[447.3121337890625]], [[468.29541015625]], [[477.4832458496094]], [[499.0108337402344]], [[521.00341796875]], [[537.0248413085938]], [[563.260498046875]], [[576.5391235351562]], [[596.9091186523438]], [[617.7366943359375]], [[642.6802368164062]], [[664.6181030273438]], [[679.5944213867188]], [[718.1221313476562]], [[738.1455078125]], [[779.5681762695312]], [[783.82568359375]], [[814.2889404296875]], [[864.76220703125]], [[879.0853271484375]], [[918.5032348632812]], [[949.3953857421875]], [[976.1937255859375]], [[1003.7881469726562]], [[1049.9610595703125]], [[0.05844400078058243]], [[9.4384183883667]], [[14.125282287597656]], [[25.066341400146484]], [[37.583858489990234]], [[45.426734924316406]], [[54.838924407958984]], [[61.10813903808594]], [[75.20906066894531]], [[81.50241088867188]], [[92.50468444824219]], [[98.79678344726562]], [[113.00257873535156]], [[117.68891906738281]], [[130.40866088867188]], [[138.3301239013672]], [[147.86866760253906]], [[165.4820098876953]], [[175.12179565429688]], [[184.8141632080078]], [[196.16030883789062]], [[201.08084106445312]], [[209.23605346679688]], [[224.07772827148438]], [[234.03250122070312]], [[244.07533264160156]], [[254.17636108398438]], [[264.38970947265625]], [[274.67364501953125]], [[286.7905578613281]], [[292.0206604003906]], [[306.1387939453125]], [[318.6171569824219]], [[327.6571044921875]], [[338.6260681152344]], [[347.8913269042969]], [[359.11029052734375]], [[372.44464111328125]], [[384.0664978027344]], [[395.81689453125]], [[405.8034362792969]], [[420.0009765625]], [[442.9483337402344]], [[455.822265625]], [[468.9112854003906]], [[486.81451416015625]], [[493.7091064453125]], [[507.634521484375]], [[521.92919921875]], [[541.4837646484375]], [[549.0001831054688]], [[566.9229125976562]]]}