{"vc": [[-0.06373105943202972, 0.0, 0.0], [0.0, -2.0103845596313477, 2.0109500885009766], [-0.00526848528534174, 0.107517771422863, -0.10783746838569641], [-0.1302914321422577, 0.0, 0.0], [0.0, 0.0, 0.0], [0.0, 0.0, 0.0], [0.0, 0.707830011844635, -0.7078940868377686], [0.0, 0.0, 0.0], [0.0, 0.0, 0.0], [0.023695694282650948, 0.0, 0.0]], "true_y1": [[[0.4006600081920624]], [[1.2533886432647705]], [[1.3974708318710327]], [[1.7899329662322998]], [[2.0994083881378174]], [[2.3369336128234863]], [[2.3971657752990723]], [[2.5950658321380615]], [[2.688199043273926]], [[2.7612364292144775]], [[2.78798246383667]], [[2.796339511871338]], [[2.798753499984741]], [[2.79646635055542]], [[2.7758355140686035]], [[2.7493996620178223]], [[2.717836380004883]], [[2.674252986907959]], [[2.637756586074829]], [[2.5530970096588135]], [[2.4775211811065674]], [[2.4214367866516113]], [[2.3380300998687744]], [[2.3012845516204834]], [[2.23758602142334]], [[2.174553155899048]], [[2.147780179977417]], [[2.085543632507324]], [[2.0326807498931885]], [[1.9888269901275635]], [[1.9192931652069092]], [[1.8848152160644531]], [[1.824802279472351]], [[1.791054129600525]], [[1.7319825887680054]], [[1.6817244291305542]], [[1.6320204734802246]], [[1.5909607410430908]], [[1.5340348482131958]], [[1.4699671268463135]], [[1.4383777379989624]], [[1.0533000230789185]], [[1.3680315017700195]], [[1.5493171215057373]], [[1.7800192832946777]], [[1.9604803323745728]], [[2.055345296859741]], [[2.1680595874786377]], [[2.2682416439056396]], [[2.3143222332000732]], [[2.3480324745178223]], [[2.3522720336914062]], [[2.3571832180023193]], [[2.3482306003570557]], [[2.3442890644073486]], [[2.3231773376464844]], [[2.3102633953094482]], [[2.2887160778045654]], [[2.2569468021392822]], [[2.2056336402893066]], [[2.0880978107452393]], [[2.0517148971557617]], [[1.9787756204605103]], [[1.9247492551803589]], [[1.8710041046142578]], [[1.818105697631836]], [[1.77434504032135]], [[1.722259759902954]], [[1.6792891025543213]], [[1.6197763681411743]], [[1.5694892406463623]], [[1.2792448997497559]], [[1.2407249212265015]], [[1.1876916885375977]], [[1.1430264711380005]], [[1.1065610647201538]], [[1.05636727809906]], [[1.104699969291687]], [[1.247741460800171]], [[1.4360151290893555]], [[1.6359463930130005]], [[1.675825595855713]], [[1.8088619709014893]], [[1.858094334602356]], [[1.9306734800338745]], [[1.954861044883728]], [[1.972944974899292]], [[1.9932514429092407]], [[1.9970563650131226]], [[1.9942094087600708]], [[1.9854012727737427]], [[1.9770585298538208]], [[1.9554660320281982]], [[1.9293268918991089]], [[1.8764139413833618]], [[1.8602350950241089]], [[1.826828122138977]], [[1.7838770151138306]], [[1.6960572004318237]], [[1.6431868076324463]], [[1.5731229782104492]], [[1.5380979776382446]], [[1.4863338470458984]], [[1.4182844161987305]], [[1.376070261001587]], [[1.325796365737915]], [[1.268269419670105]], [[1.2278238534927368]], [[1.1716872453689575]], [[1.140394926071167]], [[1.0859757661819458]], [[1.0629441738128662]], [[0.9877365231513977]], [[0.9293321371078491]], [[0.8656968474388123]], [[0.8313857316970825]], [[0.6033599972724915]], [[0.8932927250862122]], [[1.0405840873718262]], [[1.206132411956787]], [[1.2748143672943115]], [[1.3354074954986572]], [[1.4332029819488525]], [[1.4881770610809326]], [[1.529379963874817]], [[1.5588017702102661]], [[1.5782699584960938]], [[1.589345932006836]], [[1.5927681922912598]], [[1.591739296913147]], [[1.5853171348571777]], [[1.5662473440170288]], [[1.520625352859497]], [[1.4931766986846924]], [[1.4636409282684326]], [[1.424665927886963]], [[1.367652416229248]], [[1.3258737325668335]], [[1.2578414678573608]], [[1.2065438032150269]], [[1.1811240911483765]], [[1.1218111515045166]], [[1.0713669061660767]], [[1.021459698677063]], [[0.971886157989502]], [[0.9312530159950256]], [[0.875213086605072]], [[0.8203368782997131]], [[0.7819626331329346]], [[0.7289155125617981]], [[0.6923395395278931]], [[0.6634265780448914]], [[0.6141204833984375]], [[0.5668014883995056]], [[0.527881920337677]], [[0.49062496423721313]], [[0.4610012173652649]], [[0.4327790141105652]], [[0.3908630609512329]], [[0.36223092675209045]], [[0.3363977074623108]], [[0.35506001114845276]], [[0.5742360353469849]], [[0.7297807335853577]], [[0.9512249231338501]], [[1.087825894355774]], [[1.1690764427185059]], [[1.2312432527542114]], [[1.2596286535263062]], [[1.2717844247817993]], [[1.2662197351455688]], [[1.2471067905426025]], [[1.2130054235458374]], [[1.1632448434829712]], [[1.1426352262496948]], [[1.1064528226852417]], [[1.0685616731643677]], [[0.9972555637359619]], [[0.9485394954681396]], [[0.8909882307052612]], [[0.8577666282653809]], [[0.8000347018241882]], [[0.7424125671386719]], [[0.717900812625885]], [[0.6530833840370178]], [[0.6128710508346558]], [[0.5653209686279297]], [[0.5185039043426514]], [[0.472817599773407]], [[0.4278600513935089]], [[0.3844699561595917]], [[0.3562544286251068]], [[0.30158504843711853]], [[0.26907041668891907]], [[0.22603479027748108]], [[0.20831596851348877]], [[0.1596112698316574]], [[0.13528092205524445]], [[0.1134856790304184]], [[0.09770427644252777]], [[0.06421474367380142]], [[0.05603735148906708]], [[0.049079470336437225]], [[0.046107418835163116]], [[0.05036301910877228]], [[0.059069156646728516]], [[0.07252510637044907]], [[0.104548379778862]], [[0.14276060461997986]], [[0.190110445022583]], [[0.21290060877799988]], [[0.2621609568595886]], [[0.3157958984375]], [[0.38180601596832275]], [[0.43001607060432434]], [[0.47821345925331116]], [[0.1057400032877922]], [[0.1942477822303772]], [[0.37828370928764343]], [[0.45010408759117126]], [[0.5442859530448914]], [[0.6430303454399109]], [[0.6885104775428772]], [[0.7230490446090698]], [[0.7568156123161316]], [[0.766245424747467]], [[0.7675876617431641]], [[0.7615566253662109]], [[0.7440492510795593]], [[0.722221851348877]], [[0.6952463984489441]], [[0.6528211832046509]], [[0.6234911680221558]], [[0.5921531319618225]], [[0.5525670051574707]], [[0.504219651222229]], [[0.46114951372146606]], [[0.417167067527771]], [[0.37197431921958923]], [[0.34927842020988464]], [[0.30311957001686096]], [[0.2489657998085022]], [[0.2020283341407776]], [[0.14712205529212952]], [[0.10787144303321838]], [[0.053077079355716705]], [[0.02946445159614086]], [[0.0010000000474974513]], [[0.0010000000474974513]], [[0.0010000000474974513]], [[0.0010000000474974513]], [[0.0010000000474974513]], [[0.0010000000474974513]], [[0.0010000000474974513]], [[0.0010000000474974513]], [[0.0010000000474974513]], [[0.0010000000474974513]], [[0.0010000000474974513]], [[0.0010000000474974513]], [[0.0010000000474974513]], [[0.0010000000474974513]], [[0.0010000000474974513]], [[0.0010000000474974513]], [[0.0010000000474974513]], [[0.0010000000474974513]], [[0.0010000000474974513]], [[0.0010000000474974513]], [[0.0024032816290855408]], [[0.17627599835395813]], [[0.05844400078058243]], [[0.0988120436668396]], [[0.11827091872692108]], [[0.16122490167617798]], [[0.20509086549282074]], [[0.22919994592666626]], [[0.25435128808021545]], [[0.26870760321617126]], [[0.2938143014907837]], [[0.30180999636650085]], [[0.31114089488983154]], [[0.31390559673309326]], [[0.3136715590953827]], [[0.3117399513721466]], [[0.302249550819397]], [[0.2934412956237793]], [[0.28017282485961914]], [[0.2489602267742157]], [[0.22869719564914703]], [[0.20639050006866455]], [[0.17813646793365479]], [[0.16524970531463623]], [[0.1431446522474289]], [[0.10084956884384155]], [[0.07123853266239166]], [[0.04054894670844078]], [[0.009005766361951828]], [[0.0010000000474974513]], [[0.0010000000474974513]], [[0.0010000000474974513]], [[0.0010000000474974513]], [[0.0010000000474974513]], [[0.0010000000474974513]], [[0.0010000000474974513]], [[0.0010000000474974513]], [[0.0010000000474974513]], [[0.0010000000474974513]], [[0.0010000000474974513]], [[0.0010000000474974513]], [[0.0010000000474974513]], [[0.0010000000474974513]], [[0.0010000000474974513]], [[0.0010000000474974513]], [[0.0010000000474974513]], [[0.0010000000474974513]], 