{"vc": [[-0.14209318161010742, 0.0, 0.0], [0.0, -0.23075859248638153, 0.23136542737483978], [-0.06272294372320175, 0.33520030975341797, -0.33497655391693115], [-0.2585695683956146, 0.0, 0.0], [0.0, 0.0, 0.0], [0.0, 0.0, 0.0], [0.0, 0.0514567494392395, -0.05134662613272667], [0.0, 0.0, 0.0], [0.0, 0.0, 0.0], [0.2195216566324234, 0.0, 0.0]], "true_y1": [[[0.4006600081920624]], [[11.275075912475586]], [[13.244105339050293]], [[18.906429290771484]], [[23.80398178100586]], [[27.976808547973633]], [[29.120712280273438]], [[33.28953170776367]], [[35.65024185180664]], [[38.01634979248047]], [[39.307857513427734]], [[39.995845794677734]], [[40.56239318847656]], [[41.03109359741211]], [[41.87008285522461]], [[42.28533172607422]], [[42.54703140258789]], [[42.72652053833008]], [[42.788700103759766]], [[42.76710891723633]], [[42.6378173828125]], [[42.50313949584961]], [[42.263916015625]], [[42.14791488647461]], [[41.93547058105469]], [[41.71400451660156]], [[41.61715316772461]], [[41.38654708862305]], [[41.18535232543945]], [[41.01511764526367]], [[40.739471435546875]], [[40.600303649902344]], [[40.35422897338867]], [[40.21371078491211]], [[39.96400451660156]], [[39.74769973754883]], [[39.530147552490234]], [[39.34757614135742]], [[39.08993148803711]], [[38.793190002441406]], [[38.644020080566406]], [[1.0533000230789185]], [[5.4514617919921875]], [[8.27987289428711]], [[12.32676887512207]], [[16.005887985229492]], [[18.216384887695312]], [[21.24066162109375]], [[24.600383758544922]], [[26.646923065185547]], [[28.867948532104492]], [[29.319599151611328]], [[30.16318130493164]], [[32.05279541015625]], [[32.285972595214844]], [[33.07157897949219]], [[33.377315521240234]], [[33.748416900634766]], [[34.11099624633789]], [[34.4417610168457]], [[34.64240264892578]], [[34.62117385864258]], [[34.51211166381836]], [[34.390724182128906]], [[34.245826721191406]], [[34.08539581298828]], [[33.94211959838867]], [[33.76144790649414]], [[33.60538864135742]], [[33.38032913208008]], [[33.183048248291016]], [[31.936386108398438]], [[31.75755500793457]], [[31.50550651550293]], [[31.287578582763672]], [[31.105484008789062]], [[30.848051071166992]], [[1.104699969291687]], [[3.234813690185547]], [[6.378523826599121]], [[10.347078323364258]], [[11.253137588500977]], [[14.720346450805664]], [[16.266311645507812]], [[19.065702438354492]], [[20.271100997924805]], [[21.380687713623047]], [[23.29213523864746]], [[24.83161163330078]], [[25.479412078857422]], [[26.308429718017578]], [[26.780221939086914]], [[27.56886863708496]], [[28.168241500854492]], [[28.881916046142578]], [[29.02469825744629]], [[29.248685836791992]], [[29.433908462524414]], [[29.584491729736328]], [[29.580520629882812]], [[29.505441665649414]], [[29.44579315185547]], [[29.33705711364746]], [[29.16463851928711]], [[29.044279098510742]], [[28.88996124267578]], [[28.700838088989258]], [[28.560819625854492]], [[28.357757568359375]], [[28.24041748046875]], [[28.02955436706543]], [[27.9377384185791]], [[27.627103805541992]], [[27.37388038635254]], [[27.084718704223633]], [[26.922346115112305]], [[0.6033599972724915]], [[5.228740215301514]], [[7.862300872802734]], [[11.166556358337402]], [[12.68777847290039]], [[14.132303237915039]], [[16.757898330688477]], [[18.492700576782227]], [[20.025341033935547]], [[21.367835998535156]], [[22.536304473876953]], [[23.544822692871094]], [[24.135835647583008]], [[25.15074920654297]], [[25.77617073059082]], [[26.61589813232422]], [[27.539817810058594]], [[27.857364654541016]], [[28.102840423583984]], [[28.328636169433594]], [[28.530193328857422]], [[28.613346099853516]], [[28.671112060546875]], [[28.669252395629883]], [[28.657352447509766]], [[28.607004165649414]], [[28.543825149536133]], [[28.46645736694336]], [[28.377304077148438]], [[28.296266555786133]], [[28.17401695251465]], [[28.04351234436035]], [[27.946239471435547]], [[27.80375099182129]], [[27.699989318847656]], [[27.614646911621094]], [[27.46186637878418]], [[27.30569076538086]], [[27.16907501220703]], [[27.030046463012695]], [[26.912553787231445]], [[26.793609619140625]], [[26.60051918029785]], [[26.453075408935547]], [[26.304044723510742]], [[0.35506001114845276]], [[4.063260555267334]], [[6.9188079833984375]], [[11.491249084472656]], [[14.833949089050293]], [[17.220985412597656]], [[19.555530548095703]], [[21.11671257019043]], [[23.021068572998047]], [[23.739891052246094]], [[24.602636337280273]], [[25.33612060546875]], [[25.917211532592773]], [[26.08005714416504]], [[26.300777435302734]], [[26.46892738342285]], [[26.671804428100586]], [[26.752992630004883]], [[26.80794906616211]], [[26.824127197265625]], [[26.831106185913086]], [[26.81659698486328]], [[26.805055618286133]], [[26.761571884155273]], [[26.726329803466797]], [[26.677518844604492]], [[26.622562408447266]], [[26.56275177001953]], [[26.498104095458984]], [[26.430206298828125]], [[26.383024215698242]], [[26.28415870666504]], [[26.220060348510742]], [[26.127775192260742]], [[26.086793899536133]], [[25.962020874023438]], [[25.890443801879883]], [[25.818248748779297]], [[25.758934020996094]], [[25.59271812438965]], [[25.531232833862305]], [[25.452871322631836]], [[25.341449737548828]], [[25.24416160583496]], [[25.161623001098633]], [[25.078716278076172]], [[24.94286346435547]], [[24.822216033935547]], [[24.69916343688965]], [[24.64581871032715]], [[24.538419723510742]], [[24.42909049987793]], [[24.299671173095703]], [[24.205888748168945]], [[24.110746383666992]], [[0.1057400032877922]], [[1.9804470539093018]], [[6.068788528442383]], [[7.769931793212891]], [[10.147296905517578]], [[12.946795463562012]], [[14.4456148147583]], [[15.781412124633789]], [[17.56902313232422]], [[18.491329193115234]], [[19.429885864257812]], [[20.092649459838867]], [[20.863040924072266]], [[21.400772094726562]], [[21.84910774230957]], [[22.335716247558594]], [[22.585922241210938]], [[22.804540634155273]], [[23.030193328857422]], [[23.25204849243164]], [[23.414161682128906]], [[23.5543155670166]], [[23.677913665771484]], [[23.73368263244629]], [[23.836498260498047]], [[23.942359924316406]], [[24.02397346496582]], [[24.110105514526367]], [[24.166732788085938]], [[24.240341186523438]], [[24.270450592041016]], [[24.336755752563477]], [[24.399314880371094]], [[24.442157745361328]], [[24.508209228515625]], [[24.539979934692383]], [[24.586864471435547]], [[24.632774353027344]], [[24.6854305267334]], [[24.729917526245117]], [[24.75941276550293]], [[24.832399368286133]], [[24.86884880065918]], [[24.941396713256836]], [[24.94864845275879]], [[24.9995059967041]], [[25.08002281188965]], [[25.102073669433594]], [[25.16105079650879]], [[25.205598831176758]], [[25.24311065673828]], [[25.280683517456055]], [[25.34126853942871]], [[0.05844400078058243]], [[1.675201654434204]], [[2.4750380516052246]], [[4.304267883300781]], [[6.301578521728516]], [[7.4854021072387695]], [[8.825961112976074]], [[9.6666898727417]], [[11.398385047912598]], [[12.099684715270996]], [[13.222472190856934]], [[13.80794620513916]], [[14.98961353302002]], [[15.339987754821777]], [[16.20285415649414]], [[16.681367874145508]], [[17.204914093017578]], [[18.04277801513672]], [[18.442058563232422]], [[18.80843734741211]], [[19.199146270751953]], [[19.35741424560547]], [[19.606639862060547]], [[20.02402114868164]], [[20.282011032104492]], [[20.527469635009766]], [[20.761573791503906]], [[20.987201690673828]], [[21.20482063293457]], [[21.450847625732422]], [[21.554040908813477]], [[21.824905395507812]], [[22.056324005126953]], [[22.220041275024414]], [[22.41487693786621]], [[22.576583862304688]], [[22.76930046081543]], [[22.994478225708008]], [[23.187694549560547]], [[23.380460739135742]], [[23.542404174804688]], [[23.769851684570312]], [[24.13101577758789]], [[24.330305099487305]], [[24.53053092956543]], [[24.8005313873291]], [[24.903318405151367]], [[25.108896255493164]], [[25.317087173461914]], [[25.597183227539062]], [[25.703388214111328]], [[25.953330993652344]]]}