{"vc": [[-0.12029339373111725, 0.0, 0.0], [0.0, -0.11310574412345886, 0.11356914043426514], [-0.042720727622509, 0.3307513892650604, -0.3304155468940735], [-0.17211352288722992, 0.0, 0.0], [0.0, 0.0, 0.0], [0.0, 0.0, 0.0], [0.0, 0.02735537476837635, -0.027082327753305435], [0.0, 0.0, 0.0], [0.0, 0.0, 0.0], [0.3554084599018097, 0.0, 0.0]], "true_y1": [[[0.4006600081920624]], [[18.755084991455078]], [[22.104625701904297]], [[31.815153121948242]], [[40.342201232910156]], [[47.73944854736328]], [[49.794288635253906]], [[57.410438537597656]], [[61.83774948120117]], [[66.39569091796875]], [[68.95709228515625]], [[70.35243225097656]], [[71.52369689941406]], [[72.51315307617188]], [[74.35983276367188]], [[75.3456039428711]], [[76.0322036743164]], [[76.60032653808594]], [[76.89342498779297]], [[77.23661804199219]], [[77.32748413085938]], [[77.32334899902344]], [[77.25001525878906]], [[77.20053100585938]], [[77.09770965576172]], [[76.98023986816406]], [[76.9267349243164]], [[76.79581451416016]], [[76.6787109375]], [[76.57819366455078]], [[76.41350555419922]], [[76.3297119140625]], [[76.18080139160156]], [[76.09544372558594]], [[75.94334411621094]], [[75.811279296875]], [[75.67823791503906]], [[75.56646728515625]], [[75.40859985351562]], [[75.22663116455078]], [[75.1351089477539]], [[1.0533000230789185]], [[8.538806915283203]], [[13.37832260131836]], [[20.35474967956543]], [[26.769390106201172]], [[30.666383743286133]], [[36.063961029052734]], [[42.174171447753906]], [[45.97295379638672]], [[50.18453598022461]], [[51.0552864074707]], [[52.69779586791992]], [[56.47921371459961]], [[56.95960235595703]], [[58.61379623413086]], [[59.27827072143555]], [[60.10987854003906]], [[60.96727752685547]], [[61.842124938964844]], [[62.73685836791992]], [[62.8505973815918]], [[62.95338439941406]], [[62.95586395263672]], [[62.91685104370117]], [[62.84954833984375]], [[62.77777099609375]], [[62.677894592285156]], [[62.58617401123047]], [[62.44820022583008]], [[62.32358932495117]], [[61.50472640991211]], [[61.38560104370117]], [[61.2173957824707]], [[61.071754455566406]], [[60.94995880126953]], [[60.777652740478516]], [[1.104699969291687]], [[4.75949239730835]], [[10.177175521850586]], [[17.07452964782715]], [[18.661048889160156]], [[24.784038543701172]], [[27.54569435119629]], [[32.608970642089844]], [[34.81892013549805]], [[36.8722038269043]], [[40.46052551269531]], [[43.41033935546875]], [[44.67234802246094]], [[46.310577392578125]], [[47.2573127746582]], [[48.87146759033203]], [[50.13660430908203]], [[51.72480773925781]], [[52.06307601928711]], [[52.622989654541016]], [[53.1420783996582]], [[53.76064682006836]], [[53.952239990234375]], [[54.07685089111328]], [[54.09951400756836]], [[54.097633361816406]], [[54.04689025878906]], [[53.99477005004883]], [[53.91693878173828]], [[53.8111457824707]], [[53.72806930541992]], [[53.6028938293457]], [[53.52875518798828]], [[53.393211364746094]], [[53.3334846496582]], [[53.12923049926758]], [[52.961021423339844]], [[52.76780319213867]], [[52.65895080566406]], [[0.6033599972724915]], [[8.578839302062988]], [[13.146491050720215]], [[18.91999626159668]], [[21.5986385345459]], [[24.156932830810547]], [[28.850830078125]], [[31.989810943603516]], [[34.793556213378906]], [[37.277706146240234]], [[39.46565628051758]], [[41.377479553222656]], [[42.509891510009766]], [[44.4802131652832]], [[45.7147331237793]], [[47.4064826965332]], [[49.34284591674805]], [[50.04254913330078]], [[50.60722351074219]], [[51.16044616699219]], [[51.71879196166992]], [[52.00308609008789]], [[52.31808090209961]], [[52.47081756591797]], [[52.526519775390625]], [[52.61654281616211]], [[52.658267974853516]], [[52.67531967163086]], [[52.67325210571289]], [[52.65996170043945]], [[52.627410888671875]], [[52.58206558227539]], [[52.543514251708984]], [[52.48193359375]], [[52.43425369262695]], [[52.39366912841797]], [[52.318603515625]], [[52.23942184448242]], [[52.168636322021484]], [[52.095481872558594]], [[52.032958984375]], [[51.96913528442383]], [[51.864620208740234]], [[51.784217834472656]], [[51.702537536621094]], [[0.35506001114845276]], [[6.788215637207031]], [[11.764070510864258]], [[19.801315307617188]], [[25.758882522583008]], [[30.07367706298828]], [[34.3593635559082]], [[37.27316665649414]], [[40.900306701660156]], [[42.29863739013672]], [[44.00882339477539]], [[45.504981994628906]], [[46.741065979003906]], [[47.10207748413086]], [[47.60951614379883]], [[48.01901626586914]], [[48.57109832763672]], [[48.83884811401367]], [[49.078365325927734]], [[49.18796920776367]], [[49.340354919433594]], [[49.4548225402832]], [[49.49441909790039]], [[49.578102111816406]], [[49.61723327636719]], [[49.65321731567383]], [[49.67943572998047]], [[49.69753646850586]], [[49.7091064453125]], [[49.715091705322266]], [[49.71649169921875]], [[49.71399688720703]], [[49.7093620300293]], [[49.69956970214844]], [[49.69425964355469]], [[49.67521667480469]], [[49.66270065307617]], [[49.64912796020508]], [[49.63736343383789]], [[49.601985931396484]], [[49.58815002441406]], [[49.57002258300781]], [[49.54342269897461]], [[49.51950454711914]], [[49.49877166748047]], [[49.47758102416992]], [[49.44215393066406]], [[49.41004180908203]], [[49.37672805786133]], [[49.362125396728516]], [[49.33245086669922]], [[49.3018913269043]], [[49.26529312133789]], [[49.238502502441406]], [[49.21110534667969]], [[0.1057400032877922]], [[3.4145588874816895]], [[10.64914608001709]], [[13.672738075256348]], [[17.91806411743164]], [[22.956832885742188]], [[25.677337646484375]], [[28.118606567382812]], [[31.41557502746582]], [[33.132999420166016]], [[34.89492416381836]], [[36.149635314941406]], [[37.62198257446289]], [[38.66112518310547]], [[39.537174224853516]], [[40.50172424316406]], [[41.00529479980469]], [[41.45100021362305]], [[41.918251037597656]], [[42.38703155517578]], [[42.73732376098633]], [[43.046966552734375]], [[43.32653045654297]], [[43.45503234863281]], [[43.69638442993164]], [[43.951786041259766]], [[44.154170989990234]], [[44.37355422973633]], [[44.52128601074219]], [[44.71767044067383]], [[44.7994499206543]], [[44.98250198364258]], [[45.15885925292969]], [[45.281585693359375]], [[45.47366714477539]], [[45.56719207763672]], [[45.706417083740234]], [[45.84398651123047]], [[46.00306701660156]], [[46.13836669921875]], [[46.228450775146484]], [[46.452396392822266]], [[46.564659118652344]], [[46.788665771484375]], [[46.81108856201172]], [[46.96843719482422]], [[47.21772384643555]], [[47.2859992980957]], [[47.46855545043945]], [[47.60635757446289]], [[47.72230911254883]], [[47.83835220336914]], [[48.025245666503906]], [[0.05844400078058243]], [[2.998265027999878]], [[4.453222274780273]], [[7.782586097717285]], [[11.421524047851562]], [[13.580467224121094]], [[16.02733039855957]], [[17.563039779663086]], [[20.728986740112305]], [[22.01209831237793]], [[24.06729507446289]], [[25.139284133911133]], [[27.30301856994629]], [[27.944475173950195]], [[29.523529052734375]], [[30.39854621887207]], [[31.35504722595215]], [[32.88297653198242]], [[33.609352111816406]], [[34.274505615234375]], [[34.982025146484375]], [[35.26799011230469]], [[35.71744155883789]], [[36.46738815307617]], [[36.92890548706055]], [[37.3663330078125]], [[37.78182601928711]], [[38.18055725097656]], [[38.563411712646484]], [[38.99407958984375]], [[39.17400360107422]], [[39.64421844482422]], [[40.04355239868164]], [[40.3247184753418]], [[40.65788650512695]], [[40.93323516845703]], [[41.26002883911133]], [[41.64006042480469]], [[41.964664459228516]], [[42.28720474243164]], [[42.55720901489258]], [[42.93502426147461]], [[43.531822204589844]], [[43.859615325927734]], [[44.18794631958008]], [[44.629207611083984]], [[44.79677200317383]], [[45.131248474121094]], [[45.46913528442383]], [[45.92247772216797]], [[46.09402084350586]], [[46.49701690673828]]]}