{"vc": [[-0.06573577970266342, 0.0, 0.0], [0.0, -1.507207989692688, 1.5076407194137573], [-0.011854113079607487, 0.08650708943605423, -0.08671760559082031], [-0.18288740515708923, 0.0, 0.0], [0.0, 0.0, 0.0], [0.0, 0.0, 0.0], [0.0, 0.6011905670166016, -0.6015973091125488], [0.0, 0.0, 0.0], [0.0, 0.0, 0.0], [0.027602480724453926, 0.0, 0.0]], "true_y1": [[[0.4006600081920624]], [[1.3183413743972778]], [[1.4741847515106201]], [[1.899832010269165]], [[2.2362117767333984]], [[2.493772029876709]], [[2.5587246417999268]], [[2.769028425216675]], [[2.8636457920074463]], [[2.930173397064209]], [[2.9470763206481934]], [[2.946974277496338]], [[2.939793109893799]], [[2.926917791366577]], [[2.8765218257904053]], [[2.824270009994507]], [[2.7659571170806885]], [[2.6884028911590576]], [[2.6248390674591064]], [[2.480048656463623]], [[2.3528754711151123]], [[2.2595088481903076]], [[2.1221208572387695]], [[2.06213641166687]], [[1.9589372873306274]], [[1.8578062057495117]], [[1.8151544332504272]], [[1.7167257070541382]], [[1.6339412927627563]], [[1.5658671855926514]], [[1.4591269493103027]], [[1.4067846536636353]], [[1.3166881799697876]], [[1.2666330337524414]], [[1.1801902055740356]], [[1.1079477071762085]], [[1.0378342866897583]], [[0.9810366034507751]], [[0.9041996598243713]], [[0.8207967281341553]], [[0.78105628490448]], [[1.0533000230789185]], [[1.381925344467163]], [[1.5724022388458252]], [[1.8159475326538086]], [[2.0068836212158203]], [[2.106966018676758]], [[2.2246592044830322]], [[2.3256351947784424]], [[2.3681721687316895]], [[2.3921236991882324]], [[2.3932583332061768]], [[2.3909239768981934]], [[2.355024576187134]], [[2.346104383468628]], [[2.3033299446105957]], [[2.278965950012207]], [[2.2396433353424072]], [[2.1833081245422363]], [[2.0943799018859863]], [[1.8949066400527954]], [[1.8338900804519653]], [[1.7124247550964355]], [[1.6232080459594727]], [[1.5351369380950928]], [[1.449173927307129]], [[1.3786479234695435]], [[1.2954630851745605]], [[1.2275110483169556]], [[1.1345179080963135]], [[1.057068109512329]], [[0.6385811567306519]], [[0.5883017182350159]], [[0.5220317244529724]], [[0.4693332016468048]], [[0.428793340921402]], [[0.37730327248573303]], [[1.104699969291687]], [[1.2485677003860474]], [[1.438409686088562]], [[1.6400573253631592]], [[1.6801352500915527]], [[1.8125267028808594]], [[1.8603856563568115]], [[1.927686095237732]], [[1.9480218887329102]], [[1.9613786935806274]], [[1.9698386192321777]], [[1.9589331150054932]], [[1.947782039642334]], [[1.9256467819213867]], [[1.9078772068023682]], [[1.8660553693771362]], [[1.8185971975326538]], [[1.7264201641082764]], [[1.6987497806549072]], [[1.6420395374298096]], [[1.569700837135315]], [[1.423030138015747]], [[1.3353279829025269]], [[1.2197635173797607]], [[1.1623001098632812]], [[1.0778024196624756]], [[0.967629075050354]], [[0.8998966217041016]], [[0.819959819316864]], [[0.7296369671821594]], [[0.6670014262199402]], [[0.5814923644065857]], [[0.5346696376800537]], [[0.4549662470817566]], [[0.4219958186149597]], [[0.3182457685470581]], [[0.24289077520370483]], [[0.16782337427139282]], [[0.1312738060951233]], [[0.6033599972724915]], [[0.8890867233276367]], [[1.0342624187469482]], [[1.1970033645629883]], [[1.2641258239746094]], [[1.3229283094406128]], [[1.4161735773086548]], [[1.4666541814804077]], [[1.5023059844970703]], [[1.5250557661056519]], [[1.536708116531372]], [[1.538864254951477]], [[1.535764455795288]], [[1.5203319787979126]], [[1.5021425485610962]], [[1.4616526365280151]], [[1.3782813549041748]], [[1.3307652473449707]], [[1.2805631160736084]], [[1.2151532173156738]], [[1.1203994750976562]], [[1.051348090171814]], [[0.9392739534378052]], [[0.8549590706825256]], [[0.8132264614105225]], [[0.715976357460022]], [[0.6334328651428223]], [[0.5519683957099915]], [[0.4713173508644104]], [[0.4054797291755676]], [[0.3152189552783966]], [[0.22766976058483124]], [[0.16712063550949097]], [[0.0846680998802185]], [[0.028934579342603683]], [[-0.014281738549470901]], [[-0.08573496341705322]], [[-0.150676429271698]], [[-0.20031210780143738]], [[-0.24333801865577698]], [[-0.27325987815856934]], [[-0.2969709038734436]], [[-0.319789320230484]], [[-0.32265859842300415]], [[-0.3113569915294647]], [[0.35506001114845276]], [[0.5623539686203003]], [[0.7091150879859924]], [[0.9166921377182007]], [[1.042109727859497]], [[1.1134639978408813]], [[1.1624281406402588]], [[1.1782079935073853]], [[1.1666038036346436]], [[1.147648811340332]], [[1.1064218282699585]], [[1.0442157983779907]], [[0.9596161246299744]], [[0.9254279136657715]], [[0.8660089373588562]], [[0.8042741417884827]], [[0.6887123584747314]], [[0.609902024269104]], [[0.5167363882064819]], [[0.4628762900829315]], [[0.3690764605998993]], [[0.27514052391052246]], [[0.2350730299949646]], [[0.1287796050310135]], [[0.06257320195436478]], [[-0.015981972217559814]], [[-0.0936054065823555]], [[-0.16959905624389648]], [[-0.24456723034381866]], [[-0.3170079290866852]], [[-0.36408883333206177]], [[-0.4549449682235718]], [[-0.5084475874900818]], [[-0.5779422521591187]], [[-0.6058238744735718]], [[-0.6782950162887573]], [[-0.710426390171051]], [[-0.7347921133041382]], [[-0.7480265498161316]], [[-0.7463937997817993]], [[-0.7289183139801025]], [[-0.6913984417915344]], [[-0.6058493256568909]], [[-0.49828243255615234]], [[-0.38294681906700134]], [[-0.24640928208827972]], [[0.013363614678382874]], [[0.2659614086151123]], [[0.5244530439376831]], [[0.6318924427032471]], [[0.8327516317367554]], [[1.0099579095840454]], [[1.1793869733810425]], [[1.2748918533325195]], [[1.3501207828521729]], [[0.1057400032877922]], [[0.17719629406929016]], [[0.32474443316459656]], [[0.3818231523036957]], [[0.45586922764778137]], [[0.5312978029251099]], [[0.5641103982925415]], [[0.586853563785553]], [[0.6030562520027161]], [[0.6018636226654053]], [[0.5903955698013306]], [[0.5733949542045593]], [[0.5399190187454224]], [[0.5037610530853271]], [[0.46174338459968567]], [[0.39812809228897095]], [[0.35502347350120544]], [[0.3094049096107483]], [[0.2521801292896271]], [[0.18265187740325928]], [[0.12090469896793365]], [[0.05795109272003174]], [[-0.006683029234409332]], [[-0.03913520649075508]], [[-0.10514162480831146]], [[-0.18261995911598206]], [[-0.2498367428779602]], [[-0.3285748362541199]], [[-0.3849576711654663]], [[-0.4638424217700958]], [[-0.49791219830513]], [[-0.5764420628547668]], [[-0.654532253742218]], [[-0.7098684906959534]], [[-0.797243595123291]], [[-0.83974289894104]], [[-0.902378261089325]], [[-0.9627994298934937]], [[-1.0295363664627075]], [[-1.0822484493255615]], [[-1.1144706010818481]], [[-1.1801981925964355]], [[-1.202470064163208]], [[-1.2150145769119263]], [[-1.2132970094680786]], [[-1.1816484928131104]], [[-1.0424071550369263]], [[-0.9809182286262512]], [[-0.7609682679176331]], [[-0.5424697995185852]], [[-0.3295395076274872]], [[-0.09902667999267578]], [[0.27918344736099243]], [[0.05844400078058243]], [[0.06879854947328568]], [[0.07347129285335541]], [[0.08293388038873672]], [[0.09105240553617477]], [[0.09456510841846466]], [[0.09711945056915283]], [[0.09780222177505493]], [[0.0963713526725769]], [[0.09443172812461853]], [[0.08918869495391846]], [[0.08517716825008392]], [[0.07361383736133575]], [[0.06909476965665817]], [[0.055269937962293625]], [[0.045639216899871826]], [[0.03316972404718399]], [[0.008225513622164726]], [[-0.006132521666586399]], [[-0.02081891894340515]], [[-0.03806085139513016]], [[-0.04547906294465065]], [[-0.05760101601481438]], [[-0.07877182215452194]], [[-0.09204927086830139]], [[-0.10446386784315109]], [[-0.11576807498931885]], [[-0.1258116066455841]], [[-0.13434766232967377]], [[-0.14217232167720795]], [[-0.14475439488887787]], [[-0.14919717609882355]], [[-0.14994236826896667]], [[-0.14857898652553558]], [[-0.14478109776973724]], [[-0.1397763192653656]], [[-0.13159911334514618]], [[-0.11906178295612335]], [[-0.10588566958904266]], [[-0.09072624891996384]], [[-0.07663069665431976]], [[-0.05512377619743347]], [[-0.018256109207868576]], [[0.002690298482775688]], 