{"vc": [[-0.14811432361602783, 0.0, 0.0], [0.0, -0.4694924056529999, 0.4696679711341858], [-0.06256231665611267, 0.14648357033729553, -0.1464332938194275], [-0.33040717244148254, 0.0, 0.0], [0.0, 0.0, 0.0], [0.0, 0.0, 0.0], [0.0, 0.14460794627666473, -0.1457415521144867], [0.0, 0.0, 0.0], [0.0, 0.0, 0.0], [0.10783033818006516, 0.0, 0.0]], "true_y1": [[[0.4006600081920624]], [[5.119256496429443]], [[5.949307918548584]], [[8.267007827758789]], [[10.164342880249023]], [[11.677690505981445]], [[12.072447776794434]], [[13.420546531677246]], [[14.105048179626465]], [[14.708975791931152]], [[14.987457275390625]], [[15.113512992858887]], [[15.200700759887695]], [[15.257051467895508]], [[15.297372817993164]], [[15.25776481628418]], [[15.177490234375]], [[15.039883613586426]], [[14.910758018493652]], [[14.581635475158691]], [[14.264711380004883]], [[14.019598960876465]], [[13.643146514892578]], [[13.473567962646484]], [[13.175042152404785]], [[12.874611854553223]], [[12.745634078979492]], [[12.442877769470215]], [[12.182649612426758]], [[11.964704513549805]], [[11.615345001220703]], [[11.440386772155762]], [[11.133062362670898]], [[10.958641052246094]], [[10.650455474853516]], [[10.385221481323242]], [[10.120000839233398]], [[9.898587226867676]], [[9.58789348602295]], [[9.23259162902832]], [[9.055017471313477]], [[1.0533000230789185]], [[2.9149868488311768]], [[4.088455677032471]], [[5.720202445983887]], [[7.14061975479126]], [[7.9582438468933105]], [[9.024446487426758]], [[10.122551918029785]], [[10.73556900024414]], [[11.33768367767334]], [[11.449976921081543]], [[11.648174285888672]], [[12.017277717590332]], [[12.0524320602417]], [[12.142854690551758]], [[12.161422729492188]], [[12.163369178771973]], [[12.127839088439941]], [[12.017377853393555]], [[11.645394325256348]], [[11.511375427246094]], [[11.22591495513916]], [[11.00325870513916]], [[10.774279594421387]], [[10.542760848999023]], [[10.34719181060791]], [[10.110116958618164]], [[9.911263465881348]], [[9.631265640258789]], [[9.390664100646973]], [[7.9288010597229]], [[7.724414348602295]], [[7.438265323638916]], [[7.192604064941406]], [[6.988567352294922]], [[6.702051639556885]], [[1.104699969291687]], [[1.9834551811218262]], [[3.259002208709717]], [[4.816409111022949]], [[5.161432266235352]], [[6.436699390411377]], [[6.9786834716796875]], [[7.9091973304748535]], [[8.286279678344727]], [[8.618611335754395]], [[9.151670455932617]], [[9.53493881225586]], [[9.680044174194336]], [[9.847311019897461]], [[9.930816650390625]], [[10.044124603271484]], [[10.097443580627441]], [[10.088857650756836]], [[10.068787574768066]], [[10.011015892028809]], [[9.912968635559082]], [[9.658717155456543]], [[9.482400894165039]], [[9.230240821838379]], [[9.097869873046875]], [[8.895820617675781]], [[8.620108604431152]], [[8.443951606750488]], [[8.229463577270508]], [[7.9780683517456055]], [[7.797604084014893]], [[7.542048931121826]], [[7.396987438201904]], [[7.140104293823242]], [[7.029547214508057]], [[6.660326957702637]], [[6.36403226852417]], [[6.03012228012085]], [[5.84454870223999]], [[0.6033599972724915]], [[2.476274013519287]], [[3.5166831016540527]], [[4.780162334442139]], [[5.341907024383545]], [[5.861394882202148]], [[6.764896869659424]], [[7.327690601348877]], [[7.797557353973389]], [[8.183988571166992]], [[8.4972562789917]], [[8.746466636657715]], [[8.88139820098877]], [[9.088766098022461]], [[9.196686744689941]], [[9.306833267211914]], [[9.348451614379883]], [[9.325420379638672]], [[9.281393051147461]], [[9.203641891479492]], [[9.063797950744629]], [[8.947851181030273]], [[8.741904258728027]], [[8.575799942016602]], [[8.490635871887207]], [[8.285469055175781]], [[8.104531288146973]], [[7.920130252838135]], [[7.73185920715332]], [[7.573783874511719]], [[7.35011625289917]], [[7.124438285827637]], [[6.962427139282227]], [[6.732217788696289]], [[6.568806171417236]], [[6.43660831451416]], [[6.204176902770996]], [[5.971375942230225]], [[5.771172523498535]], [[5.5703935623168945]], [[5.402876853942871]], [[5.235204696655273]], [[4.9669647216796875]], [[4.76536750793457]], [[4.564445495605469]], [[0.35506001114845276]], [[1.8242334127426147]], [[2.9322614669799805]], [[4.630237579345703]], [[5.783538818359375]], [[6.54353141784668]], [[7.217939853668213]], [[7.617910385131836]], [[8.024145126342773]], [[8.14271068572998]], [[8.244603157043457]], [[8.275169372558594]], [[8.229667663574219]], [[8.196664810180664]], [[8.126893997192383]], [[8.042309761047363]], [[7.8618245124816895]], [[7.727187156677246]], [[7.559319496154785]], [[7.45875883102417]], [[7.278425693511963]], [[7.091955184936523]], [[7.010763168334961]], [[6.790753364562988]], [[6.650319576263428]], [[6.480164527893066]], [[6.307966709136963]], [[6.134983062744141]], [[5.9593400955200195]], [[5.783888816833496]], [[5.666150093078613]], [[5.428042411804199]], [[5.278707504272461]], [[5.06931734085083]], [[4.978179454803467]], [[4.706745624542236]], [[4.554713249206543]], [[4.403829574584961]], [[4.281614303588867]], [[3.9470741748809814]], [[3.8261897563934326]], [[3.6743361949920654]], [[3.462702989578247]], [[3.282101631164551]], [[3.13204026222229]], [[2.9843404293060303]], [[2.749244451522827]], [[2.5482001304626465]], [[2.3513362407684326]], [[2.2687594890594482]], [[2.1079680919647217]], [[1.9523570537567139]], [[1.779725432395935]], [[1.6632260084152222]], [[1.553090214729309]], [[0.1057400032877922]], [[0.8022328615188599]], [[2.292879104614258]], [[2.8918263912200928]], [[3.6967453956604004]], [[4.579979419708252]], [[5.01500129699707]], [[5.3740668296813965]], [[5.80009651184082]], [[5.987912654876709]], [[6.1486945152282715]], [[6.238089084625244]], [[6.307633876800537]], [[6.326005935668945]], [[6.314621448516846]], [[6.263128280639648]], [[6.214559555053711]], [[6.155441761016846]], [[6.073310375213623]], [[5.965028285980225]], [[5.863185882568359]], [[5.755188465118408]], [[5.640815258026123]], [[5.5822553634643555]], [[5.4611053466796875]], [[5.315791130065918]], [[5.187275409698486]], [[5.034032344818115]], [[4.922555446624756]], [[4.764123916625977]], [[4.6947784423828125]], [[4.5326762199401855]], [[4.368014335632324]], [[4.248905181884766]], [[4.055807590484619]], [[3.959141731262207]], [[3.8124217987060547]], [[3.6645452976226807]], [[3.49053692817688]], [[3.3404765129089355]], [[3.239719867706299]], [[2.987121343612671]], [[2.859752893447876]], [[2.6051323413848877]], [[2.579655647277832]], [[2.401228904724121]], [[2.1208419799804688]], [[2.044809103012085]], [[1.843780517578125]], [[1.6947646141052246]], [[1.5716452598571777]], [[1.450893759727478]], [[1.2626419067382812]], [[0.05844400078058243]], [[0.5884873270988464]], [[0.8489261865615845]], [[1.4359935522079468]], [[2.05608868598938]], [[2.4091992378234863]], [[2.79239559173584]], [[3.0219829082489014]], [[3.463038444519043]], [[3.6271893978118896]], [[3.868844509124756]], [[3.982891798019409]], [[4.182721138000488]], [[4.23284912109375]], [[4.33469820022583]], [[4.3757758140563965]], [[4.405710220336914]], [[4.414236545562744]], [[4.3978190422058105]], [[4.3690338134765625]], [[4.3221001625061035]], [[4.2978973388671875]], [[4.253297328948975]], [[4.159765243530273]], [[4.089548110961914]], [[4.013675689697266]], [[3.933032512664795]], [[3.8477513790130615]], [[3.758671760559082]], [[3.650275707244873]], [[3.6025094985961914]], [[3.471129894256592]], [[3.352583885192871]], [[3.2655909061431885]], [[3.159055709838867]], [[3.0684187412261963]], [[2.9580953121185303]], [[2.8264522552490234]], [[2.7115120887756348]], [[2.5953266620635986]], [[2.4967453479766846]], [[2.3570759296417236]], [[2.133175849914551]], [[2.008906602859497]], [[1.8837811946868896]], [[1.714943528175354]], [[1.65071702003479]], [[1.5224785804748535]], [[1.39307701587677]], [[1.2201168537139893]], [[1.1549838781356812]], [[1.0029574632644653]]]}