{"vc": [[0.02060573361814022, 0.0, 0.0], [0.0, 0.0, 0.0], [0.04653394967317581, -0.051198333501815796, 0.051107410341501236], [0.24878256022930145, 0.0, 0.0], [0.0, 0.0, 0.0], [0.0, 0.0, 0.0], [0.0, 0.0010811445536091924, 0.0], [0.0, 0.0, 0.0], [0.0, 0.0, 0.0], [0.947193443775177, 0.0, 0.0]], "true_y1": [[[0.4006600081920624]], [[52.43400573730469]], [[62.45395278930664]], [[93.31620788574219]], [[123.82341003417969]], [[154.55999755859375]], [[164.12643432617188]], [[205.61752319335938]], [[236.52162170410156]], [[278.05859375]], [[309.1009521484375]], [[329.979736328125]], [[350.7770080566406]], [[371.66796875]], [[424.46160888671875]], [[466.8504943847656]], [[509.4488525390625]], [[563.05859375]], [[606.0746459960938]], [[704.445068359375]], [[793.5048828125]], [[861.2996826171875]], [[965.6193237304688]], [[1013.1033935546875]], [[1097.92724609375]], [[1185.365966796875]], [[1223.676513671875]], [[1315.7431640625]], [[1397.620361328125]], [[1468.43896484375]], [[1586.875732421875]], [[1648.758056640625]], [[1762.201416015625]], [[1829.569580078125]], [[1954.582763671875]], [[2069.05615234375]], [[2190.79248046875]], [[2298.69775390625]], [[2461.0732421875]], [[2664.935791015625]], [[2775.19384765625]], [[1.0533000230789185]], [[22.219541549682617]], [[36.30906677246094]], [[57.62440490722656]], [[78.8564682006836]], [[92.88136291503906]], [[114.3364028930664]], [[142.8916015625]], [[164.23301696777344]], [[193.2223663330078]], [[200.2335968017578]], [[214.78659057617188]], [[258.3798828125]], [[265.48583984375]], [[294.6443176269531]], [[309.2608642578125]], [[331.2759094238281]], [[360.8648376464844]], [[405.3554382324219]], [[503.20782470703125]], [[533.5973510742188]], [[595.5501708984375]], [[642.617919921875]], [[690.6484375]], [[739.2584838867188]], [[780.5853271484375]], [[831.2281494140625]], [[874.3168334960938]], [[936.1708374023438]], [[990.6405029296875]], [[1360.38232421875]], [[1419.352783203125]], [[1505.9521484375]], [[1584.5291748046875]], [[1653.14013671875]], [[1755.283203125]], [[1.104699969291687]], [[11.484305381774902]], [[27.232784271240234]], [[48.39849090576172]], [[53.527496337890625]], [[74.6603775024414]], [[85.10881042480469]], [[106.43943786621094]], [[116.9449691772461]], [[127.5899887084961]], [[148.974365234375]], [[170.4691162109375]], [[181.27630615234375]], [[197.38070678710938]], [[208.1110076904297]], [[229.89337158203125]], [[251.6336212158203]], [[289.8977966308594]], [[300.8565979003906]], [[322.9283142089844]], [[350.68212890625]], [[406.88226318359375]], [[441.010986328125]], [[487.0867004394531]], [[510.5936279296875]], [[546.0259399414062]], [[594.0465087890625]], [[624.7721557617188]], [[662.4207763671875]], [[707.0816040039062]], [[739.6148071289062]], [[786.5267333984375]], [[813.6647338867188]], [[862.76953125]], [[884.360107421875]], [[958.7556762695312]], [[1021.3912353515625]], [[1095.7052001953125]], [[1138.97119140625]], [[0.6033599972724915]], [[23.522113800048828]], [[37.19358825683594]], [[55.529380798339844]], [[64.61349487304688]], [[73.74897003173828]], [[92.06196594238281]], [[105.840576171875]], [[119.61300659179688]], [[133.39193725585938]], [[147.2050323486328]], [[161.03732299804688]], [[170.25930786132812]], [[188.81593322753906]], [[202.68307495117188]], [[225.99929809570312]], [[263.50054931640625]], [[282.34832763671875]], [[301.2868957519531]], [[325.0628662109375]], [[358.5555419921875]], [[382.6687927246094]], [[421.82635498046875]], [[451.59625244140625]], [[466.4974060058594]], [[501.79071044921875]], [[532.5211791992188]], [[563.7130126953125]], [[595.6085815429688]], [[622.5322875976562]], [[660.9972534179688]], [[700.4064331054688]], [[729.1600341796875]], [[770.8095092773438]], [[801.0196533203125]], [[825.8993530273438]], [[870.7058715820312]], [[917.1083984375]], [[958.3941650390625]], [[1001.23681640625]], [[1038.20263671875]], [[1076.4273681640625]], [[1140.424560546875]], [[1191.117431640625]], [[1244.1585693359375]], [[0.35506001114845276]], [[18.88869285583496]], [[33.74117660522461]], [[59.7615966796875]], [[81.96321105957031]], [[100.73963928222656]], [[123.11884307861328]], [[141.76141357421875]], [[171.80996704101562]], [[186.78463745117188]], [[209.5343017578125]], [[236.07760620117188]], [[266.7153625488281]], [[278.20684814453125]], [[297.4667053222656]], [[316.83685302734375]], [[352.13922119140625]], [[375.89404296875]], [[403.9437255859375]], [[420.2291564941406]], [[448.8432922363281]], [[477.9681091308594]], [[490.57476806640625]], [[524.6791381835938]], [[546.497314453125]], [[573.0797119140625]], [[600.2265014648438]], [[627.8248901367188]], [[656.259765625]], [[685.152587890625]], [[704.8523559570312]], [[745.559326171875]], [[771.751953125]], [[809.4510498046875]], [[826.247802734375]], [[877.8323974609375]], [[907.851806640625]], [[938.5369262695312]], [[964.0994262695312]], [[1037.7293701171875]], [[1065.8170166015625]], [[1102.3653564453125]], [[1155.9173583984375]], [[1204.348876953125]], [[1246.774169921875]], [[1290.722900390625]], [[1365.8870849609375]], [[1436.23828125]], [[1511.8536376953125]], [[1545.9442138671875]], [[1617.1715087890625]], [[1693.4970703125]], [[1789.3017578125]], [[1862.7574462890625]], [[1941.04541015625]], [[0.1057400032877922]], [[9.739102363586426]], [[31.467967987060547]], [[41.09870529174805]], [[55.564571380615234]], [[74.9563980102539]], [[86.96754455566406]], [[99.11178588867188]], [[118.53337097167969]], [[130.67041015625]], [[145.27020263671875]], [[157.51390075683594]], [[174.6976776123047]], [[189.4263153076172]], [[204.2335968017578]], [[224.1373291015625]], [[236.58941650390625]], [[249.17636108398438]], [[264.35955810546875]], [[282.186279296875]], [[297.6385498046875]], [[313.1576843261719]], [[328.9432678222656]], [[336.838134765625]], [[352.8769226074219]], [[371.7414245605469]], [[388.20733642578125]], [[407.690673828125]], [[421.8170166015625]], [[441.8955078125]], [[450.7021179199219]], [[471.373779296875]], [[492.5482482910156]], [[508.01116943359375]], [[533.4034423828125]], [[546.2900390625]], [[566.1055908203125]], [[586.4266967773438]], [[610.8464965820312]], [[632.4003295898438]], [[647.156494140625]], [[685.2782592773438]], [[705.18359375]], [[746.5679931640625]], [[750.8375244140625]], [[781.47412109375]], [[832.575927734375]], [[847.1555786132812]], [[887.4591064453125]], [[919.22998046875]], [[946.9223022460938]], [[975.5651245117188]], [[1023.7821044921875]], [[0.05844400078058243]], [[8.849272727966309]], [[13.241735458374023]], [[23.495506286621094]], [[35.22676467895508]], [[42.5771369934082]], [[51.39853286743164]], [[57.27446365356445]], [[70.49177551269531]], [[76.39134216308594]], [[86.70633697509766]], [[92.60617065429688]], [[105.92899322509766]], [[110.32499694824219]], [[122.259521484375]], [[129.69436645507812]], [[138.64976501464844]], [[155.1957550048828]], [[164.25738525390625]], [[173.3733673095703]], [[184.05172729492188]], [[188.68519592285156]], [[196.3682403564453]], [[210.3632049560547]], [[219.75997924804688]], [[229.24867248535156]], [[238.80189514160156]], [[248.4717559814453]], [[258.2196960449219]], [[269.720458984375]], [[274.6900329589844]], [[288.1220703125]], [[300.0159606933594]], [[308.6460266113281]], [[319.1336364746094]], [[328.0064697265625]], [[338.7682800292969]], [[351.5859375]], [[362.7819519042969]], [[374.1258544921875]], [[383.7864685058594]], [[397.552490234375]], [[419.8841857910156]], [[432.45843505859375]], [[445.27740478515625]], [[462.86907958984375]], [[469.66180419921875]], [[483.4127197265625]], [[497.572265625]], [[517.0152587890625]], [[524.5115966796875]], [[542.4381103515625]]]}