{"vc": [[-0.049434226006269455, 0.0, 0.0], [0.0, -1.3370014429092407, 1.3380944728851318], [-0.010520591400563717, 0.07099754363298416, -0.07108987867832184], [-0.19689440727233887, 0.0, 0.0], [0.0, 0.0, 0.0], [0.0, 0.0, 0.0], [0.0, 0.5605264902114868, -0.5598922967910767], [0.0, 0.0, 0.0], [0.0, 0.0, 0.0], [0.03635965660214424, 0.0, 0.0]], "true_y1": [[[0.4006600081920624]], [[1.7236679792404175]], [[1.945053219795227]], [[2.539001941680908]], [[2.9926679134368896]], [[3.326695203781128]], [[3.4086179733276367]], [[3.665811777114868]], [[3.776608467102051]], [[3.852390766143799]], [[3.872041702270508]], [[3.8731026649475098]], [[3.866990804672241]], [[3.8553285598754883]], [[3.8093113899230957]], [[3.7620978355407715]], [[3.7099809646606445]], [[3.6412980556488037]], [[3.5853052139282227]], [[3.4579203128814697]], [[3.3454062938690186]], [[3.2620747089385986]], [[3.138007879257202]], [[3.0832347869873047]], [[2.988072156906128]], [[2.8936147689819336]], [[2.8534038066864014]], [[2.7597172260284424]], [[2.6799049377441406]], [[2.613527774810791]], [[2.5079636573791504]], [[2.4554715156555176]], [[2.363858222961426]], [[2.31219744682312]], [[2.2215120792388916]], [[2.14408016204834]], [[2.067232608795166]], [[2.003533124923706]], [[1.9148674011230469]], [[1.814540147781372]], [[1.7648422718048096]], [[1.0533000230789185]], [[1.5488088130950928]], [[1.8383983373641968]], [[2.209747314453125]], [[2.5008814334869385]], [[2.6534361839294434]], [[2.8333888053894043]], [[2.9908223152160645]], [[3.0615153312683105]], [[3.1112663745880127]], [[3.117133140563965]], [[3.1232845783233643]], [[3.1057934761047363]], [[3.0992636680603027]], [[3.0653841495513916]], [[3.0451254844665527]], [[3.011754274368286]], [[2.9631969928741455]], [[2.885779857635498]], [[2.710867404937744]], [[2.6570534706115723]], [[2.549332618713379]], [[2.4695653915405273]], [[2.390152931213379]], [[2.3118839263916016]], [[2.2470288276672363]], [[2.1696865558624268]], [[2.105741500854492]], [[2.0169520378112793]], [[1.9417015314102173]], [[1.502333164215088]], [[1.4432238340377808]], [[1.3614555597305298]], [[1.2922043800354004]], [[1.2353779077529907]], [[1.1566863059997559]], [[1.104699969291687]], [[1.3305962085723877]], [[1.6336498260498047]], [[1.9620349407196045]], [[2.0282788276672363]], [[2.2509255409240723]], [[2.3339762687683105]], [[2.457279920578003]], [[2.4987940788269043]], [[2.5301811695098877]], [[2.5667059421539307]], [[2.576141834259033]], [[2.573152780532837]], [[2.5613670349121094]], [[2.5495803356170654]], [[2.518345832824707]], [[2.480081796646118]], [[2.4023234844207764]], [[2.3785476684570312]], [[2.3294920921325684]], [[2.266509532928467]], [[2.1379992961883545]], [[2.0607378482818604]], [[1.9583781957626343]], [[1.9071909189224243]], [[1.831486701965332]], [[1.731816053390503]], [[1.6698710918426514]], [[1.5959570407867432]], [[1.511155128479004]], [[1.4513678550720215]], [[1.3681259155273438]], [[1.3215779066085815]], [[1.2403467893600464]], [[1.2058497667312622]], [[1.092645525932312]], [[1.0040565729141235]], [[0.9067233204841614]], [[0.8538337349891663]], [[0.6033599972724915]], [[1.0638670921325684]], [[1.300096035003662]], [[1.5655630826950073]], [[1.6751388311386108]], [[1.7712370157241821]], [[1.92445707321167]], [[2.0089058876037598]], [[2.0708019733428955]], [[2.1136834621429443]], [[2.140772581100464]], [[2.1548092365264893]], [[2.1581227779388428]], [[2.152977705001831]], [[2.1408865451812744]], [[2.1088693141937256]], [[2.037135124206543]], [[1.9952808618545532]], [[1.9508651494979858]], [[1.892950177192688]], [[1.809214472770691]], [[1.748365044593811]], [[1.6498703956604004]], [[1.5759011507034302]], [[1.5392991304397583]], [[1.4539438486099243]], [[1.3813248872756958]], [[1.3093760013580322]], [[1.2377371788024902]], [[1.1788429021835327]], [[1.0972809791564941]], [[1.016934871673584]], [[0.9604034423828125]], [[0.8816836476325989]], [[0.8269453048706055]], [[0.7833613157272339]], [[0.7082796692848206]], [[0.6351326107978821]], [[0.5739647150039673]], [[0.5143418312072754]], [[0.46600666642189026]], [[0.4190048277378082]], [[0.34694141149520874]], [[0.2955835461616516]], [[0.24707496166229248]], [[0.35506001114845276]], [[0.7042742371559143]], [[0.9528995156288147]], [[1.3031518459320068]], [[1.5129612684249878]], [[1.6327913999557495]], [[1.7190183401107788]], [[1.7540112733840942]], [[1.7600126266479492]], [[1.7463639974594116]], [[1.7111482620239258]], [[1.6547949314117432]], [[1.5771539211273193]], [[1.5458306074142456]], [[1.491608738899231]], [[1.435614824295044]], [[1.331748366355896]], [[1.2615666389465332]], [[1.1791917085647583]], [[1.1318237781524658]], [[1.0497053861618042]], [[0.9678584933280945]], [[0.9330413341522217]], [[0.8408674001693726]], [[0.7835375070571899]], [[0.7155157923698425]], [[0.6482064127922058]], [[0.5820927619934082]], [[0.5164926052093506]], [[0.4525224566459656]], [[0.41049063205718994]], [[0.3277900218963623]], [[0.27758535742759705]], [[0.20953115820884705]], [[0.18082544207572937]], [[0.09896602481603622]], [[0.05573979392647743]], [[0.014933735132217407]], [[0.0010000000474974513]], [[0.0010000000474974513]], [[0.0010000000474974513]], [[0.0010000000474974513]], [[0.0010000000474974513]], [[0.0010000000474974513]], [[0.0010000000474974513]], [[0.0010000000474974513]], [[0.0010000000474974513]], [[0.0010000000474974513]], [[0.0010000000474974513]], [[0.0010000000474974513]], [[0.0010000000474974513]], [[0.0010000000474974513]], [[0.060054607689380646]], [[0.1269194632768631]], [[0.19912013411521912]], [[0.1057400032877922]], [[0.25018569827079773]], [[0.5490341782569885]], [[0.6636279821395874]], [[0.8104283809661865]], [[0.9573123455047607]], [[1.0207802057266235]], [[1.0656685829162598]], [[1.102871060371399]], [[1.1081902980804443]], [[1.1000005006790161]], [[1.0831353664398193]], [[1.0474295616149902]], [[1.0081737041473389]], [[0.962651252746582]], [[0.8944422006607056]], [[0.8487748503684998]], [[0.8009085059165955]], [[0.741483747959137]], [[0.6701065301895142]], [[0.6073777675628662]], [[0.5439771413803101]], [[0.4793895483016968]], [[0.4471321702003479]], [[0.38183510303497314]], [[0.30565890669822693]], [[0.23992007970809937]], [[0.16325384378433228]], [[0.1085401251912117]], [[0.03219086676836014]], [[0.0010000000474974513]], [[0.0010000000474974513]], [[0.0010000000474974513]], [[0.0010000000474974513]], [[0.0010000000474974513]], [[0.0010000000474974513]], [[0.0010000000474974513]], [[0.0010000000474974513]], [[0.0010000000474974513]], [[0.0010000000474974513]], [[0.0010000000474974513]], [[0.0010000000474974513]], [[0.0010000000474974513]], [[0.0010000000474974513]], [[0.0010000000474974513]], [[0.0010000000474974513]], [[0.0010000000474974513]], [[0.0010000000474974513]], [[0.0010000000474974513]], [[0.0010000000474974513]], [[0.0010000000474974513]], [[0.0010000000474974513]], [[0.0010000000474974513]], [[0.05844400078058243]], [[0.13222090899944305]], [[0.16785363852977753]], [[0.24631300568580627]], [[0.325517475605011]], [[0.3682693541049957]], [[0.41189441084861755]], [[0.43613845109939575]], [[0.47655487060546875]], [[0.4884425699710846]], [[0.500616192817688]], [[0.5029457211494446]], [[0.4969872236251831]], [[0.49191221594810486]], [[0.4713066816329956]], [[0.4539673328399658]], [[0.4291132390499115]], [[0.37365061044692993]], [[0.33898410201072693]], [[0.3016434907913208]], [[0.2553023099899292]], [[0.23445935547351837]], [[0.19907300174236298]], [[0.1324700117111206]], [[0.08657514303922653]], [[0.039559394121170044]], [[0.0010000000474974513]], [[0.0010000000474974513]], [[0.0010000000474974513]], [[0.0010000000474974513]], [[0.0010000000474974513]], [[0.0010000000474974513]], [[0.0010000000474974513]], [[0.0010000000474974513]], [[0.0010000000474974513]], [[0.0010000000474974513]], [[0.0010000000474974513]], [[0.0010000000474974513]], [[0.0010000000474974513]], [[0.0010000000474974513]], [[0.0010000000474974513]], [[0.0010000000474974513]], [[0.0010000000474974513]], 