{"vc": [[0.00183446507435292, -0.0012223245576024055, 0.0016342087183147669], [-0.02037224732339382, -2.2896621227264404, 2.28981351852417], [0.0008246954530477524, 0.0028407624922692776, -0.002523922361433506], [-0.002776606474071741, 0.004398115910589695, -0.0041027129627764225], [-0.004848075099289417, 0.008737767115235329, -0.008767888881266117], [-0.018167151138186455, 0.013876068405807018, -0.013694536872208118], [-0.0093127666041255, 1.0096747875213623, -1.0098313093185425], [-0.0013910636771470308, -0.0004256832180544734, 0.00047142282710410655], [-0.00813124980777502, 0.013180251233279705, -0.012440764345228672], [0.004742332734167576, 0.019005248323082924, -0.018990525975823402]], "true_y1": [[[0.4006600081920624]], [[0.5687068700790405]], [[0.5898990631103516]], [[0.6351701021194458]], [[0.6538580060005188]], [[0.6512003540992737]], [[0.6466761231422424]], [[0.6107202172279358]], [[0.5702977776527405]], [[0.5031693577766418]], [[0.44632917642593384]], [[0.4058842957019806]], [[0.3643180727958679]], [[0.32162952423095703]], [[0.2114408165216446]], [[0.12235815823078156]], [[0.033643320202827454]], [[-0.07558226585388184]], [[-0.1605939269065857]], [[-0.34437060356140137]], [[-0.49672698974609375]], [[-0.6033703684806824]], [[-0.7513482570648193]], [[-0.8120681047439575]], [[-0.9096798300743103]], [[-0.9945677518844604]], [[-1.026212453842163]], [[-1.0865569114685059]], [[-1.1188181638717651]], [[-1.1276898384094238]], [[-1.0967997312545776]], [[-1.0558711290359497]], [[-0.9368690252304077]], [[-0.8425613045692444]], [[-0.637445867061615]], [[-0.4404793381690979]], [[-0.25063425302505493]], [[-0.11465512216091156]], [[0.023776531219482422]], [[0.10022521018981934]], [[0.10880694538354874]], [[1.0533000230789185]], [[1.092872142791748]], [[1.101112723350525]], [[1.092154622077942]], [[1.0636634826660156]], [[1.036859154701233]], [[0.9868593811988831]], [[0.9086931347846985]], [[0.8448503017425537]], [[0.7541180849075317]], [[0.7317908406257629]], [[0.6852297186851501]], [[0.545898973941803]], [[0.5234116315841675]], [[0.43230339884757996]], [[0.387469083070755]], [[0.3211513161659241]], [[0.2345001995563507]], [[0.10989873856306076]], [[-0.13963410258293152]], [[-0.2104703187942505]], [[-0.3457046151161194]], [[-0.4406936764717102]], [[-0.5312161445617676]], [[-0.6166977882385254]], [[-0.6848560571670532]], [[-0.7631269693374634]], [[-0.8254836797714233]], [[-0.9087082743644714]], [[-0.9763070344924927]], [[-1.3046646118164062]], [[-1.3321871757507324]], [[-1.353600025177002]], [[-1.3482487201690674]], [[-1.3195987939834595]], [[-1.2278850078582764]], [[1.104699969291687]], [[1.121594786643982]], [[1.1271408796310425]], [[1.1057610511779785]], [[1.0967936515808105]], [[1.0485801696777344]], [[1.0195937156677246]], [[0.9533971548080444]], [[0.91837477684021]], [[0.8818088173866272]], [[0.8063086271286011]], [[0.7292163968086243]], [[0.6904310584068298]], [[0.6329447627067566]], [[0.5949781537055969]], [[0.5190404057502747]], [[0.44508057832717896]], [[0.3200467824935913]], [[0.28552159667015076]], [[0.21776816248893738]], [[0.13596360385417938]], [[-0.018317490816116333]], [[-0.10486231744289398]], [[-0.21363461017608643]], [[-0.2657398283481598]], [[-0.34019288420677185]], [[-0.4337218999862671]], [[-0.4894058406352997]], [[-0.5535172820091248]], [[-0.6240953207015991]], [[-0.6720385551452637]], [[-0.736434280872345]], [[-0.7713128924369812]], [[-0.8303684592247009]], [[-0.8547928333282471]], [[-0.9324637651443481]], [[-0.990917980670929]], [[-1.053248405456543]], [[-1.0864691734313965]], [[0.6033599972724915]], [[0.6574185490608215]], [[0.6718000173568726]], [[0.6744349002838135]], [[0.6699088215827942]], [[0.6621155142784119]], [[0.6384044885635376]], [[0.6148969531059265]], [[0.587690532207489]], [[0.5576046705245972]], [[0.5252615213394165]], [[0.4912527799606323]], [[0.4679105877876282]], [[0.41983523964881897]], [[0.38330769538879395]], [[0.32146117091178894]], [[0.22265854477882385]], [[0.1739291101694107]], [[0.12585026025772095]], [[0.06694181263446808]], [[-0.013008572161197662]], [[-0.06824163347482681]], [[-0.15366718173027039]], [[-0.2150760442018509]], [[-0.24468091130256653]], [[-0.3118493854999542]], [[-0.3670494854450226]], [[-0.4200741946697235]], [[-0.4712991416454315]], [[-0.5122853517532349]], [[-0.5674407482147217]], [[-0.6200317740440369]], [[-0.6560441851615906]], [[-0.7048842906951904]], [[-0.7379760146141052]], [[-0.763823926448822]], [[-0.8073104619979858]], [[-0.8483633995056152]], [[-0.8815956711769104]], [[-0.9128486514091492]], [[-0.9371541142463684]], [[-0.9596336483955383]], [[-0.9909111857414246]], [[-1.009572148323059]], [[-1.0226696729660034]], [[0.35506001114845276]], [[0.41246986389160156]], [[0.4419601559638977]], [[0.46419110894203186]], [[0.4599400460720062]], [[0.44401681423187256]], [[0.4143007695674896]], [[0.38312220573425293]], [[0.3248409032821655]], [[0.29340919852256775]], [[0.24393033981323242]], [[0.18491414189338684]], [[0.11666548997163773]], [[0.09129953384399414]], [[0.04927931725978851]], [[0.007798314094543457]], [[-0.0653662383556366]], [[-0.1126149594783783]], [[-0.16620789468288422]], [[-0.19620291888713837]], [[-0.24689233303070068]], [[-0.2958616614341736]], [[-0.3162464499473572]], [[-0.368985652923584]], [[-0.400924950838089]], [[-0.4380020499229431]], [[-0.4738542139530182]], [[-0.508298933506012]], [[-0.5417618155479431]], [[-0.5737483501434326]], [[-0.5944385528564453]], [[-0.6344453692436218]], [[-0.6583106517791748]], [[-0.6901981234550476]], [[-0.703499436378479]], [[-0.740976870059967]], [[-0.760500431060791]], [[-0.7787488698959351]], [[-0.792638897895813]], [[-0.8259343504905701]], [[-0.8359558582305908]], [[-0.8467026948928833]], [[-0.8575818538665771]], [[-0.8621873259544373]], [[-0.8619235754013062]], [[-0.857233464717865]], [[-0.8384009599685669]], [[-0.808212161064148]], [[-0.7626237273216248]], [[-0.7379340529441833]], [[-0.679106593132019]], [[-0.6073342561721802]], [[-0.5093860626220703]], [[-0.4322839677333832]], [[-0.35165873169898987]], [[0.1057400032877922]], [[0.14396893978118896]], [[0.20958733558654785]], [[0.22995372116565704]], [[0.2514422535896301]], [[0.26526355743408203]], [[0.26657798886299133]], [[0.26323938369750977]], [[0.249968022108078]], [[0.23772165179252625]], [[0.21988238394260406]], [[0.20285218954086304]], [[0.1765574961900711]], [[0.15239860117435455]], [[0.12708480656147003]], [[0.09207180142402649]], [[0.06987245380878448]], [[0.04736938327550888]], [[0.020299024879932404]], [[-0.011179320514202118]], [[-0.038051217794418335]], [[-0.06454623490571976]], [[-0.09090964496135712]], [[-0.10385335236787796]], [[-0.12962213158607483]], [[-0.15898528695106506]], [[-0.1837490200996399]], [[-0.2119864523410797]], [[-0.2317333221435547]], [[-0.2587519884109497]], [[-0.27021723985671997]], [[-0.29621952772140503]], [[-0.3215574324131012]], [[-0.3392540216445923]], [[-0.3668876588344574]], [[-0.38025593757629395]], [[-0.399984210729599]], [[-0.4192132353782654]], [[-0.44104284048080444]], [[-0.45921188592910767]], [[-0.4710862636566162]], [[-0.49977096915245056]], [[-0.5136781930923462]], [[-0.5404419898986816]], [[-0.5430474877357483]], [[-0.5609467625617981]], [[-0.5879215598106384]], [[-0.5950120091438293]], [[-0.6133385896682739]], [[-0.6265608668327332]], [[-0.6372759342193604]], [[-0.6476197838783264]], [[-0.6634665131568909]], [[0.05844400078058243]], [[0.09304707497358322]], [[0.10829659551382065]], [[0.13865134119987488]], [[0.16473591327667236]], [[0.17670956254005432]], [[0.18703371286392212]], [[0.19166915118694305]], [[0.19632801413536072]], [[0.1961350440979004]], [[0.19293107092380524]], [[0.18965837359428406]], [[0.17905773222446442]], [[0.17472408711910248]], [[0.16125719249248505]], [[0.15181103348731995]], [[0.13957029581069946]], [[0.11507157236337662]], [[0.1009080782532692]], [[0.08629842102527618]], [[0.06887312978506088]], [[0.06124396622180939]], [[0.04854235425591469]], [[0.025364859029650688]], [[0.009862372651696205]],