{"vc": [[-0.28070491552352905, -0.1467234343290329, 0.14688245952129364], [-0.34275761246681213, -2.439718246459961, 2.4398953914642334], [-0.08914848417043686, -0.007818262092769146, 0.007903345860540867], [-0.15549446642398834, -0.2602679133415222, 0.26051756739616394], [-0.13245245814323425, -0.04188456013798714, 0.04192223399877548], [-0.12213686853647232, 0.08324578404426575, -0.08313116431236267], [-0.2306932657957077, 0.40344321727752686, -0.4031713008880615], [-0.0006181860808283091, -0.001998842926695943, 0.0020320797339081764], [0.12871932983398438, 0.06926166266202927, -0.0690419003367424], [-0.010633432306349277, 0.055481620132923126, -0.05516956001520157]], "true_y1": [[[0.4006600081920624]], [[0.022768378257751465]], [[0.048950519412755966]], [[0.23819084465503693]], [[0.5222277641296387]], [[0.8476128578186035]], [[0.950211763381958]], [[1.3717873096466064]], [[1.638653039932251]], [[1.9100303649902344]], [[2.043370485305786]], [[2.1011428833007812]], [[2.135406494140625]], [[2.1488940715789795]], [[2.1073997020721436]], [[2.0186607837677]], [[1.9000366926193237]], [[1.730545163154602]], [[1.5906155109405518]], [[1.2877819538116455]], [[1.0554686784744263]], [[0.9069702625274658]], [[0.7209520936012268]], [[0.651154637336731]], [[0.5453805923461914]], [[0.4573791027069092]], [[0.4243839979171753]], [[0.35645508766174316]], [[0.30721062421798706]], [[0.2714250385761261]], [[0.22273147106170654]], [[0.20177161693572998]], [[0.16960132122039795]], [[0.15364685654640198]], [[0.12893542647361755]], [[0.11073987931013107]], [[0.0949598029255867]], [[0.08338814228773117]], [[0.06926769018173218]], [[0.05569485202431679]], [[0.049793440848588943]], [[1.0533000230789185]], [[0.7382557988166809]], [[0.6828483939170837]], [[0.7353825569152832]], [[0.8796933889389038]], [[0.9994770884513855]], [[1.194031834602356]], [[1.4382057189941406]], [[1.5914353132247925]], [[1.7467180490493774]], [[1.774708867073059]], [[1.821171522140503]], [[1.8751440048217773]], [[1.8736493587493896]], [[1.8436572551727295]], [[1.8167693614959717]], [[1.7650939226150513]], [[1.680666208267212]], [[1.5365986824035645]], [[1.2130311727523804]], [[1.124639868736267]], [[0.961679220199585]], [[0.8541180491447449]], [[0.7578440308570862]], [[0.6728896498680115]], [[0.6093849539756775]], [[0.5410639047622681]], [[0.4900966286659241]], [[0.42669355869293213]], [[0.37891241908073425]], [[0.1751662939786911]], [[0.1579713225364685]], [[0.13532273471355438]], [[0.11737864464521408]], [[0.10354247689247131]], [[0.08568403124809265]], [[1.104699969291687]], [[0.8842872381210327]], [[0.7305221557617188]], [[0.7274625897407532]], [[0.7478830814361572]], [[0.878754198551178]], [[0.9584988355636597]], [[1.126330852508545]], [[1.2047868967056274]], [[1.2784147262573242]], [[1.4032135009765625]], [[1.4936256408691406]], [[1.5256985425949097]], [[1.5578408241271973]], [[1.569671869277954]], [[1.5731486082077026]], [[1.5540459156036377]], [[1.482113003730774]], [[1.4555926322937012]], [[1.3972452878952026]], [[1.318465232849121]], [[1.156036615371704]], [[1.0630321502685547]], [[0.9477140307426453]], [[0.8939236402511597]], [[0.8191852569580078]], [[0.7293692827224731]], [[0.6782361268997192]], [[0.6215687990188599]], [[0.5619163513183594]], [[0.5230082273483276]], [[0.47274887561798096]], [[0.446464866399765]], [[0.40342095494270325]], [[0.3861459791660309]], [[0.3332061767578125]], [[0.29534244537353516]], [[0.2568134069442749]], [[0.23705613613128662]], [[0.6033599972724915]], [[0.24581262469291687]], [[0.19465072453022003]], [[0.23192426562309265]], [[0.27895212173461914]], [[0.33849048614501953]], [[0.4800105690956116]], [[0.5948807001113892]], [[0.7091324925422668]], [[0.8179314732551575]], [[0.9180097579956055]], [[1.006955623626709]], [[1.0593351125717163]], [[1.1472556591033936]], [[1.1978639364242554]], [[1.2557741403579712]], [[1.28859543800354]], [[1.2836401462554932]], [[1.2679940462112427]], [[1.2371567487716675]], [[1.180057168006897]], [[1.1335675716400146]], [[1.054748773574829]], [[0.9954081773757935]], [[0.9664739370346069]], [[0.9007997512817383]], [[0.8474205136299133]], [[0.7970659732818604]], [[0.7495177388191223]], [[0.7123498916625977]], [[0.6636346578598022]], [[0.6186044216156006]], [[0.5885575413703918]], [[0.5487802028656006]], [[0.5224222540855408]], [[0.5021337270736694]], [[0.46850115060806274]], [[0.4371585249900818]], [[0.4118717610836029]], [[0.3878978490829468]], [[0.36885783076286316]], [[0.3505992591381073]], [[0.3228881359100342]], [[0.3031499683856964]], [[0.28430286049842834]], [[0.35506001114845276]], [[0.016509801149368286]], [[-0.07932372391223907]], [[-0.045858193188905716]], [[0.08590766787528992]], [[0.2286568284034729]], [[0.4074074327945709]], [[0.5489425659179688]], [[0.7437126636505127]], [[0.8215640187263489]], [[0.9140936136245728]], [[0.9852983951568604]], [[1.0261280536651611]], [[1.0322703123092651]], [[1.033660650253296]], [[1.026054859161377]], [[0.9960781335830688]], [[0.9686883091926575]], [[0.9324213266372681]], [[0.9104244709014893]], [[0.8713933229446411]], [[0.832334578037262]], [[0.8158688545227051]], [[0.7730706334114075]], [[0.7472027540206909]], [[0.7173590064048767]], [[0.6887784004211426]], [[0.6616286635398865]], [[0.635564923286438]], [[0.6109378337860107]], [[0.595148503780365]], [[0.5648828148841858]], [[0.5469534397125244]], [[0.5230522155761719]], [[0.5130689144134521]], [[0.4847049415111542]], [[0.4696413576602936]], [[0.455220103263855]], [[0.4438973069190979]], [[0.4143725633621216]], [[0.4041811227798462]], [[0.3916955590248108]], [[0.37482529878616333]], [[0.36085835099220276]], [[0.34951290488243103]], [[0.33854302763938904]], [[0.3214053809642792]], [[0.30697134137153625]], [[0.2929286062717438]], [[0.28703632950782776]], [[0.2755037546157837]], [[0.2641853094100952]], [[0.2512873709201813]], [[0.24225157499313354]], [[0.2333301305770874]], [[0.1057400032877922]], [[-0.1391107439994812]], [[-0.39313530921936035]], [[-0.4264209568500519]], [[-0.42208266258239746]], [[-0.3519500195980072]], [[-0.2866390645503998]], [[-0.21092689037322998]], [[-0.08027908205986023]], [[0.002333424985408783]], [[0.09872910380363464]], [[0.17501813173294067]], [[0.27263644337654114]], [[0.34616798162460327]], [[0.4100806415081024]], [[0.4803338646888733]], [[0.5156803131103516]], [[0.5452519655227661]], [[0.5735136866569519]], [[0.5977367162704468]], [[0.6121712327003479]], [[0.6216381192207336]], [[0.6270692348480225]], [[0.6284714937210083]], [[0.6291126608848572]], [[0.6268551349639893]], [[0.6229093074798584]], [[0.6165534853935242]], [[0.6111403703689575]], [[0.6026816964149475]], [[0.5987831354141235]], [[0.5893775820732117]], [[0.5795962810516357]], [[0.5724796056747437]], [[0.5610008239746094]], [[0.5553210973739624]], [[0.5468208193778992]], [[0.5384277105331421]], [[0.5288022756576538]], [[0.5207327604293823]], [[0.5154373645782471]], [[0.5025924444198608]], [[0.4963456690311432]], [[0.48429322242736816]], [[0.4831179678440094]], [[0.4750326871871948]], [[0.46279850602149963]], [[0.45956963300704956]], [[0.45118582248687744]], [[0.44509148597717285]], [[0.44011396169662476]], [[0.4352657198905945]], [[0.42772620916366577]], [[0.05844400078058243]], [[-0.2138180136680603]], [[-0.31032758951187134]], [[-0.4635111689567566]], [[-0.5528479814529419]], [[-0.5775226950645447]], [[-0.5849474668502808]], [[-0.5797154307365417]], [[-0.5467633008956909]], [[-0.5251461267471313]], [[-0.4803852140903473]], [[-0.4518836438655853]], [[-0.3827810287475586]], [[-0.3591330349445343]], [[-0.2943077087402344]], [[-0.2541763186454773]], [[-0.2068057656288147]], [[-0.12384695559740067]], [[-0.08166689425706863]], [[-0.04191301017999649]], [[0.0010322704911231995]], [[0.01842372678220272]], [[0.04559972882270813]], [[0.08986654877662659]], [[0.11594880372285843]], [[0.139496311545372]], [[0.16055969893932343]], [[0.1793876737356186]], [[0.19605106115341187]], [[0.21302282810211182]], [[0.21954011917114258]], [[0.2349611222743988]], 