{"vc": [[-0.06907542794942856, 0.0, 0.0], [0.0, -0.05399976670742035, 0.054186541587114334], [-0.010023752227425575, 0.30933231115341187, -0.30915406346321106], [-0.0004992615431547165, 0.0, 0.0], [0.0, 0.0, 0.0], [0.0, 0.0, 0.0], [0.0, 0.012681175023317337, -0.012730373069643974], [0.0, 0.0, 0.0], [0.0, 0.0, 0.0], [0.6256341934204102, 0.0, 0.0]], "true_y1": [[[0.4006600081920624]], [[33.68256759643555]], [[39.812774658203125]], [[57.764808654785156]], [[73.83666229248047]], [[88.11311340332031]], [[92.14973449707031]], [[107.46250915527344]], [[116.69309997558594]], [[126.55974578857422]], [[132.33157348632812]], [[135.57098388671875]], [[138.35748291015625]], [[140.7718048095703]], [[145.48910522460938]], [[148.18861389160156]], [[150.20924377441406]], [[152.05419921875]], [[153.13763427734375]], [[154.783447265625]], [[155.6873779296875]], [[156.16795349121094]], [[156.70423889160156]], [[156.8954620361328]], [[157.1835479736328]], [[157.4302978515625]], [[157.52684020996094]], [[157.73748779296875]], [[157.90525817871094]], [[158.0390167236328]], [[158.24436950683594]], [[158.34414672851562]], [[158.51596069335938]], [[158.6120147705078]], [[158.77992248535156]], [[158.92315673828125]], [[159.06565856933594]], [[159.18429565429688]], [[159.35055541992188]], [[159.54074096679688]], [[159.63592529296875]], [[1.0533000230789185]], [[14.684247970581055]], [[23.544139862060547]], [[36.42475128173828]], [[48.43112564086914]], [[55.82795715332031]], [[66.23963928222656]], [[78.33100128173828]], [[86.06550598144531]], [[94.90540313720703]], [[96.77676391601562]], [[100.35684204101562]], [[108.92138671875]], [[110.05220031738281]], [[114.05314636230469]], [[115.719970703125]], [[117.87371063232422]], [[120.20658874511719]], [[122.79117584228516]], [[126.0648422241211]], [[126.67645263671875]], [[127.58439636230469]], [[128.06671142578125]], [[128.43798828125]], [[128.7274932861328]], [[128.92491149902344]], [[129.12269592285156]], [[129.2625274658203]], [[129.43003845214844]], [[129.55374145507812]], [[130.10252380371094]], [[130.16757202148438]], [[130.2557373046875]], [[130.32940673828125]], [[130.38955688476562]], [[130.47288513183594]], [[1.104699969291687]], [[7.792482852935791]], [[17.748170852661133]], [[30.54371452331543]], [[33.513519287109375]], [[45.101261138916016]], [[50.408103942871094]], [[60.307701110839844]], [[64.71290588378906]], [[68.86184692382812]], [[76.26950073242188]], [[82.54937744140625]], [[85.30358123779297]], [[88.95503997802734]], [[91.11248779296875]], [[94.89320373535156]], [[97.976806640625]], [[102.08609771728516]], [[103.01509094238281]], [[104.62055969238281]], [[106.2256088256836]], [[108.47286224365234]], [[109.39320373535156]], [[110.29576873779297]], [[110.6483383178711]], [[111.0804672241211]], [[111.52674102783203]], [[111.751708984375]], [[111.98064422607422]], [[112.20240783691406]], [[112.33839416503906]], [[112.50614929199219]], [[112.59114837646484]], [[112.72762298583984]], [[112.78181457519531]], [[112.94764709472656]], [[113.0679702758789]], [[113.1941146850586]], [[113.26103210449219]], [[0.6033599972724915]], [[15.253716468811035]], [[23.703292846679688]], [[34.49070739746094]], [[39.5506706237793]], [[44.42440414428711]], [[53.494964599609375]], [[59.675777435302734]], [[65.29438018798828]], [[70.36656188964844]], [[74.92288970947266]], [[78.987060546875]], [[81.43782043457031]], [[85.79608917236328]], [[88.60155487060547]], [[92.5702896118164]], [[97.37348937988281]], [[99.2176742553711]], [[100.77335357666016]], [[102.38427734375]], [[104.15538024902344]], [[105.1580810546875]], [[106.43671417236328]], [[107.19634246826172]], [[107.52442932128906]], [[108.1936264038086]], [[108.67957305908203]], [[109.1037368774414]], [[109.4822006225586]], [[109.76754760742188]], [[110.13285827636719]], [[110.46686553955078]], [[110.69034576416016]], [[110.98994445800781]], [[111.19252014160156]], [[111.35150909423828]], [[111.62256622314453]], [[111.88571166992188]], [[112.10711669921875]], [[112.32586669921875]], [[112.5065689086914]], [[112.68631744384766]], [[112.97260284423828]], [[113.18753051757812]], [[113.40219116210938]], [[0.35506001114845276]], [[12.215597152709961]], [[21.444461822509766]], [[36.55320358276367]], [[48.01226043701172]], [[56.519081115722656]], [[65.21077728271484]], [[71.30699157714844]], [[79.19602966308594]], [[82.360595703125]], [[86.36449432373047]], [[90.0378189086914]], [[93.26171875]], [[94.25241088867188]], [[95.70008850097656]], [[96.93257141113281]], [[98.73847961425781]], [[99.71311950683594]], [[100.68196105957031]], [[101.17324829101562]], [[101.93743896484375]], [[102.61324310302734]], [[102.88027954101562]], [[103.54125213623047]], [[103.92546081542969]], [[104.36113739013672]], [[104.77579498291016]], [[105.17161560058594]], [[105.55690002441406]], [[105.92871856689453]], [[106.17239379882812]], [[106.65413665771484]], [[106.95045471191406]], [[107.36054992675781]], [[107.5375747680664]], [[108.0614242553711]], [[108.35358428955078]], [[108.643310546875]], [[108.8781509399414]], [[109.52371215820312]], [[109.75862884521484]], [[110.05548858642578]], [[110.47330474853516]], [[110.83455657958984]], [[111.13875579833984]], [[111.44241333007812]], [[111.93632507324219]], [[112.37154388427734]], [[112.8124771118164]], [[113.00276947021484]], [[113.38442993164062]], [[113.77104949951172]], [[114.22640228271484]], [[114.55490112304688]], [[114.88697052001953]], [[0.1057400032877922]], [[6.268631458282471]], [[19.813026428222656]], [[25.529254913330078]], [[33.64472961425781]], [[43.468910217285156]], [[48.8916130065918]], [[53.850345611572266]], [[60.725486755371094]], [[64.4103012084961]], [[68.2854995727539]], [[71.1174545288086]], [[74.53779602050781]], [[77.03174591064453]], [[79.2002944946289]], [[81.6782455444336]], [[83.01980590820312]], [[84.2414321899414]], [[85.56367492675781]], [[86.9422378540039]], [[88.01356506347656]], [[88.99547576904297]], [[89.91452026367188]], [[90.34847259521484]], [[91.18500518798828]], [[92.10330200195312]], [[92.85702514648438]], [[93.70159912109375]], [[94.2869644165039]], [[95.08615112304688]], [[95.42601776123047]], [[96.2015609741211]], [[96.96759796142578]], [[97.51114654541016]], [[98.37811279296875]], [[98.80702209472656]], [[99.4532241821289]], [[100.1002197265625]], [[100.85807037353516]], [[101.51014709472656]], [[101.94786071777344]], [[103.0472183227539]], [[103.60384368896484]], [[104.72434997558594]], [[104.83718872070312]], [[105.63214111328125]], [[106.9020767211914]], [[107.251953125]], [[108.19140625]], [[108.90412902832031]], [[109.50605773925781]], [[110.11036682128906]], [[111.08738708496094]], [[0.05844400078058243]], [[5.632278919219971]], [[8.395177841186523]], [[14.738621711730957]], [[21.725502014160156]], [[25.909204483032227]], [[30.696823120117188]], [[33.731910705566406]], [[40.080421447753906]], [[42.69529724121094]], [[46.94479751586914]], [[49.19559860229492]], [[53.82363510131836]], [[55.220558166503906]], [[58.71611022949219]], [[60.69228744506836]], [[62.889068603515625]], [[66.48963928222656]], [[68.24664306640625]], [[69.88462829589844]], [[71.6602783203125]], [[72.38838958740234]], [[73.5455551147461]], [[75.512939453125]], [[76.74742126464844]], [[77.93467712402344]], [[79.07810974121094]], [[80.18978118896484]], [[81.27025604248047]], [[82.50054931640625]], [[83.0190658569336]], [[84.38615417480469]], [[85.56006622314453]], [[86.3932113647461]], [[87.38699340820312]], [[88.21329498291016]], [[89.19937133789062]], [[90.35276794433594]], [[91.34304809570312]], [[92.33119201660156]], [[93.16124725341797]], [[94.32660675048828]], [[96.17526245117188]], [[97.19404602050781]], [[98.21650695800781]], [[99.59331512451172]], [[100.1168212890625]], [[101.16275787353516]], [[102.22044372558594]], [[103.64088439941406]], [[104.17869567871094]], [[105.4426498413086]]]}