{"vc": [[-0.09846017509698868, 0.0, 0.0], [0.0, -0.07781780511140823, 0.0782705545425415], [-0.033287737518548965, 0.31873488426208496, -0.31827083230018616], [-0.10730378329753876, 0.0, 0.0], [0.0, 0.0, 0.0], [0.0, 0.0, 0.0], [0.0, 0.018038267269730568, -0.018058039247989655], [0.0, 0.0, 0.0], [0.0, 0.0, 0.0], [0.46936020255088806, 0.0, 0.0]], "true_y1": [[[0.4006600081920624]], [[25.04276466369629]], [[29.569835662841797]], [[42.790225982666016]], [[54.5631217956543]], [[64.95297241210938]], [[67.87641906738281]], [[78.89579010009766]], [[85.47245788574219]], [[92.43037414550781]], [[96.4563980102539]], [[98.69780731201172]], [[100.61317443847656]], [[102.26148223876953]], [[105.44294738769531]], [[107.23064422607422]], [[108.54423522949219]], [[109.7145767211914]], [[110.38121795654297]], [[111.33993530273438]], [[111.81305694580078]], [[112.03502655029297]], [[112.2431640625]], [[112.30376434326172]], [[112.37838745117188]], [[112.4248046875]], [[112.43844604492188]], [[112.45962524414062]], [[112.46866607666016]], [[112.47146606445312]], [[112.46928405761719]], [[112.46582794189453]], [[112.45687866210938]], [[112.45047760009766]], [[112.43731689453125]], [[112.42444610595703]], [[112.41040802001953]], [[112.39793395996094]], [[112.3794174194336]], [[112.35698699951172]], [[112.34532165527344]], [[1.0533000230789185]], [[11.121376991271973]], [[17.65477752685547]], [[27.12991714477539]], [[35.92806625366211]], [[41.32741165161133]], [[48.893836975097656]], [[57.619834899902344]], [[63.158653259277344]], [[69.4372329711914]], [[70.75797271728516]], [[73.2751235961914]], [[79.2353515625]], [[80.01431274414062]], [[82.7507095336914]], [[83.87989044189453]], [[85.32685852050781]], [[86.87437438964844]], [[88.5535659790039]], [[90.57467651367188]], [[90.92454528808594]], [[91.4081039428711]], [[91.635986328125]], [[91.7881088256836]], [[91.8853759765625]], [[91.9365005493164]], [[91.97110748291016]], [[91.98290252685547]], [[91.9800033569336]], [[91.96395111083984]], [[91.72532653808594]], [[91.68262481689453]], [[91.62015533447266]], [[91.56439208984375]], [[91.51677703857422]], [[91.4481201171875]], [[1.104699969291687]], [[6.032609462738037]], [[13.358622550964355]], [[22.74829864501953]], [[24.92209815979004]], [[33.378414154052734]], [[37.2351188659668]], [[44.39617156982422]], [[47.56637954711914]], [[50.54142379760742]], [[55.823204040527344]], [[60.26484298706055]], [[62.20027542114258]], [[64.752197265625]], [[66.25137329101562]], [[68.8600082397461]], [[70.966064453125]], [[73.73040771484375]], [[74.34613037109375]], [[75.39897155761719]], [[76.43257141113281]], [[77.8272933959961]], [[78.36737823486328]], [[78.86383819580078]], [[79.04376983642578]], [[79.24797821044922]], [[79.43147277832031]], [[79.50879669189453]], [[79.57308197021484]], [[79.61743927001953]], [[79.63378143310547]], [[79.64022064208984]], [[79.6369400024414]], [[79.6214599609375]], [[79.61162567138672]], [[79.56791687011719]], [[79.52330017089844]], [[79.46534729003906]], [[79.43028259277344]], [[0.6033599972724915]], [[11.382344245910645]], [[17.58685302734375]], [[25.487030029296875]], [[29.182138442993164]], [[32.733482360839844]], [[39.31883239746094]], [[43.7847900390625]], [[47.826499938964844]], [[51.45797348022461]], [[54.704010009765625]], [[57.58454513549805]], [[59.31382751464844]], [[62.3724479675293]], [[64.32823181152344]], [[67.07344055175781]], [[70.35103607177734]], [[71.59131622314453]], [[72.62666320800781]], [[73.68504333496094]], [[74.82630157470703]], [[75.45775604248047]], [[76.24038696289062]], [[76.68856048583984]], [[76.87701416015625]], [[77.24945068359375]], [[77.50772857666016]], [[77.72303771972656]], [[77.9059829711914]], [[78.0376205444336]], [[78.19770812988281]], [[78.33551025390625]], [[78.42314147949219]], [[78.53504943847656]], [[78.60726928710938]], [[78.66212463378906]], [[78.75220489501953]], [[78.83590698242188]], [[78.90379333496094]], [[78.96886444091797]], [[79.02127838134766]], [[79.07234191894531]], [[79.15172576904297]], [[79.20994567871094]], [[79.2670669555664]], [[0.35506001114845276]], [[9.066113471984863]], [[15.83361530303955]], [[26.875804901123047]], [[35.20402145385742]], [[41.349979400634766]], [[47.587223052978516]], [[51.92972946166992]], [[57.498111724853516]], [[59.7111930847168]], [[62.48933410644531]], [[65.010498046875]], [[67.19319152832031]], [[67.85639953613281]], [[68.81732177734375]], [[69.62604522705078]], [[70.79058074951172]], [[71.40586853027344]], [[72.00556182861328]], [[72.30425262451172]], [[72.76048278808594]], [[73.15442657470703]], [[73.30741119384766]], [[73.67920684814453]], [[73.89071655273438]], [[74.12645721435547]], [[74.34686279296875]], [[74.5538101196289]], [[74.75221252441406]], [[74.94105529785156]], [[75.06352233886719]], [[75.30291748046875]], [[75.44854736328125]], [[75.64830017089844]], [[75.73394012451172]], [[75.98554992675781]], [[76.12481689453125]], [[76.26226806640625]], [[76.37323760986328]], [[76.67647552490234]], [[76.7862319946289]], [[76.92453002929688]], [[77.11848449707031]], [[77.28558349609375]], [[77.42588806152344]], [[77.56560516357422]], [[77.79218292236328]], [[77.99119567871094]], [[78.19224548339844]], [[78.27884674072266]], [[78.45223999023438]], [[78.62750244140625]], [[78.83345031738281]], [[78.98171997070312]], [[79.13135528564453]], [[0.1057400032877922]], [[4.610448837280273]], [[14.499479293823242]], [[18.664506912231445]], [[24.564220428466797]], [[31.67734146118164]], [[35.58600616455078]], [[39.14662170410156]], [[44.0572395324707]], [[46.67420959472656]], [[49.412899017333984]], [[51.4041633605957]], [[53.79570770263672]], [[55.52863693237305]], [[57.02665328979492]], [[58.726566314697266]], [[59.64077377319336]], [[60.46897888183594]], [[61.36030197143555]], [[62.283355712890625]], [[62.99589538574219]], [[63.645015716552734]], [[64.24901580810547]], [[64.53298950195312]], [[65.07817840576172]], [[65.67330932617188]], [[66.15923309326172]], [[66.70111846923828]], [[67.0751724243164]], [[67.583984375]], [[67.79975128173828]], [[68.29086303710938]], [[68.77438354492188]], [[69.11661529541016]], [[69.66117858886719]], [[69.9300537109375]], [[70.33454895019531]], [[70.73888397216797]], [[71.21176147460938]], [[71.6180648803711]], [[71.89053344726562]], [[72.57401275634766]], [[72.9196548461914]], [[73.61470794677734]], [[73.68465423583984]], [[74.17717742919922]], [[74.96320343017578]], [[75.17960357666016]], [[75.7603759765625]], [[76.20072174072266]], [[76.57245635986328]], [[76.94552612304688]], [[77.54841613769531]], [[0.05844400078058243]], [[4.100125789642334]], [[6.103017807006836]], [[10.699220657348633]], [[15.75599479675293]], [[18.779993057250977]], [[22.235803604125977]], [[24.423519134521484]], [[28.99029541015625]], [[30.867076873779297]], [[33.91096878051758]], [[35.51980972290039]], [[38.819515228271484]], [[39.813079833984375]], [[42.29386901855469]], [[43.69266128540039]], [[45.24421310424805]], [[47.778892517089844]], [[49.01173782348633]], [[50.15856170654297]], [[51.39895248413086]], [[51.90671920776367]], [[52.71266174316406]], [[54.08000946044922]], [[54.936153411865234]], [[55.758262634277344]], [[56.54888153076172]], [[57.316524505615234]], [[58.06172180175781]], [[58.909244537353516]], [[59.266143798828125]], [[60.20634460449219]], [[61.01287078857422]], [[61.58485794067383]], [[62.266727447509766]], [[62.833370208740234]], [[63.509246826171875]], [[64.29939270019531]], [[64.97747039794922]], [[65.65380859375]], [[66.22174835205078]], [[67.01883697509766]], [[68.28269958496094]], [[68.97892761230469]], [[69.677490234375]], [[70.61787414550781]], [[70.9753646850586]], [[71.68948364257812]], [[72.4114761352539]], [[73.380859375]], [[73.7478256225586]], [[74.61013793945312]]]}