{"vc": [[0.042204599827528, 0.0, 0.0], [0.0, 0.0, 0.0], [0.05637526139616966, -0.05207980051636696, 0.052044402807950974], [0.2965649664402008, 0.0, 0.0], [0.0, 0.0, 0.0], [0.0, 0.0, 0.0], [0.0, 0.0011470952304080129, 0.0], [0.0, 0.0, 0.0], [0.0, 0.0, 0.0], [0.9960818886756897, 0.0, 0.0]], "true_y1": [[[0.4006600081920624]], [[55.21986770629883]], [[65.77639770507812]], [[98.291748046875]], [[130.43386840820312]], [[162.8189239501953]], [[172.8987579345703]], [[216.61895751953125]], [[249.18663024902344]], [[292.9654541015625]], [[325.6888427734375]], [[347.7015075683594]], [[369.6312255859375]], [[391.6630859375]], [[447.3573303222656]], [[492.0967102050781]], [[537.0804443359375]], [[593.7314453125]], [[639.2245483398438]], [[743.4089965820312]], [[837.95068359375]], [[910.0858764648438]], [[1021.4166870117188]], [[1072.2421875]], [[1163.2955322265625]], [[1257.537353515625]], [[1298.9599609375]], [[1398.85400390625]], [[1488.1290283203125]], [[1565.69580078125]], [[1696.1771240234375]], [[1764.7440185546875]], [[1891.161376953125]], [[1966.6839599609375]], [[2107.733642578125]], [[2237.934814453125]], [[2377.499755859375]], [[2502.16064453125]], [[2691.4326171875]], [[2931.90576171875]], [[3063.26806640625]], [[1.0533000230789185]], [[23.36237144470215]], [[38.212886810302734]], [[60.67994689941406]], [[83.0599136352539]], [[97.84352111816406]], [[120.46009826660156]], [[150.56329345703125]], [[173.06361389160156]], [[203.63059997558594]], [[211.0240936279297]], [[226.37152099609375]], [[272.35400390625]], [[279.8509826660156]], [[310.6193542480469]], [[326.0465393066406]], [[349.2877197265625]], [[380.5356140136719]], [[427.5484924316406]], [[531.0989379882812]], [[563.3101806640625]], [[629.0704956054688]], [[679.1265869140625]], [[730.3035278320312]], [[782.2088623046875]], [[826.4332885742188]], [[880.7576293945312]], [[927.1004028320312]], [[993.8359375]], [[1052.8233642578125]], [[1459.471923828125]], [[1525.43408203125]], [[1622.8857421875]], [[1711.919921875]], [[1790.1409912109375]], [[1907.422607421875]], [[1.104699969291687]], [[12.048995971679688]], [[28.654579162597656]], [[50.97292709350586]], [[56.38138961791992]], [[78.6664047241211]], [[89.68495178222656]], [[112.18069458007812]], [[123.2607650756836]], [[134.48851013183594]], [[157.04547119140625]], [[179.72203063964844]], [[191.12481689453125]], [[208.11878967285156]], [[219.44329833984375]], [[242.43605041503906]], [[265.39068603515625]], [[305.8107604980469]], [[317.39202880859375]], [[340.7251892089844]], [[370.0815734863281]], [[429.5932312011719]], [[465.78436279296875]], [[514.7175903320312]], [[539.71875]], [[577.455078125]], [[628.707763671875]], [[661.5741577148438]], [[701.9301147460938]], [[749.9322509765625]], [[784.9942626953125]], [[835.7028198242188]], [[865.1221923828125]], [[918.521728515625]], [[942.0709838867188]], [[1023.5604248046875]], [[1092.6002197265625]], [[1175.0474853515625]], [[1223.3238525390625]], [[0.6033599972724915]], [[24.773223876953125]], [[39.19132614135742]], [[58.52898025512695]], [[68.1097183227539]], [[77.74484252929688]], [[97.06024932861328]], [[111.59394836425781]], [[126.12206268310547]], [[140.6581573486328]], [[155.2316131591797]], [[169.82688903808594]], [[179.5585479736328]], [[199.14346313476562]], [[213.78175354003906]], [[238.40072631835938]], [[278.0169372558594]], [[297.9386901855469]], [[317.9651184082031]], [[343.1207275390625]], [[378.5870666503906]], [[404.1462097167969]], [[445.7031555175781]], [[477.34539794921875]], [[493.2010192871094]], [[530.8053588867188]], [[563.6107177734375]], [[596.9738159179688]], [[631.1630859375]], [[660.0848999023438]], [[701.509521484375]], [[744.087646484375]], [[775.2457885742188]], [[820.5238647460938]], [[853.4783935546875]], [[880.6917724609375]], [[929.8740234375]], [[981.0501708984375]], [[1026.7967529296875]], [[1074.486328125]], [[1115.81591796875]], [[1158.7327880859375]], [[1231.0001220703125]], [[1288.6160888671875]], [[1349.256103515625]], [[0.35506001114845276]], [[19.906230926513672]], [[35.57442855834961]], [[63.024871826171875]], [[86.44818878173828]], [[106.25955963134766]], [[129.8751983642578]], [[149.5509796142578]], [[181.27317810058594]], [[197.08673095703125]], [[221.11846923828125]], [[249.1716766357422]], [[281.5753479003906]], [[293.7366638183594]], [[314.12957763671875]], [[334.6538391113281]], [[372.1025085449219]], [[397.3370056152344]], [[427.1756896972656]], [[444.52252197265625]], [[475.0458679199219]], [[506.17694091796875]], [[519.6731567382812]], [[556.2529907226562]], [[579.7107543945312]], [[608.3536376953125]], [[637.6798095703125]], [[667.5758056640625]], [[698.468505859375]], [[729.9569702148438]], [[751.4852905273438]], [[796.126953125]], [[824.966064453125]], [[866.6368408203125]], [[885.2661743164062]], [[942.7274169921875]], [[976.3422241210938]], [[1010.838134765625]], [[1039.680908203125]], [[1123.3017578125]], [[1155.4144287109375]], [[1197.3779296875]], [[1259.2276611328125]], [[1315.5355224609375]], [[1365.14990234375]], [[1416.830078125]], [[1505.88330078125]], [[1589.9896240234375]], [[1681.1943359375]], [[1722.5833740234375]], [[1809.595703125]], [[1903.6319580078125]], [[2022.8157958984375]], [[2115.0498046875]], [[2214.15478515625]], [[0.1057400032877922]], [[10.275633811950684]], [[33.21501159667969]], [[43.382545471191406]], [[58.655269622802734]], [[79.1303482055664]], [[91.8138427734375]], [[104.63934326171875]], [[125.1544189453125]], [[137.97796630859375]], [[153.4075927734375]], [[166.3511962890625]], [[184.5245819091797]], [[200.109375]], [[215.78598022460938]], [[236.87393188476562]], [[250.07728576660156]], [[263.4327087402344]], [[279.5562744140625]], [[298.5075988769531]], [[314.9544372558594]], [[331.49261474609375]], [[348.337158203125]], [[356.77069091796875]], [[373.9234313964844]], [[394.1338806152344]], [[411.80828857421875]], [[432.76483154296875]], [[447.9902038574219]], [[469.6778869628906]], [[479.20843505859375]], [[501.62451171875]], [[524.654052734375]], [[541.5169677734375]], [[569.2943115234375]], [[583.4334716796875]], [[605.2319946289062]], [[627.6598510742188]], [[654.7117309570312]], [[678.6817626953125]], [[695.1432495117188]], [[737.8662109375]], [[760.2876586914062]], [[807.1564331054688]], [[812.0113525390625]], [[846.9566650390625]], [[905.6696166992188]], [[922.518310546875]], [[969.3196411132812]], [[1006.44580078125]], [[1038.9730224609375]], [[1072.7799072265625]], [[1130.0628662109375]], [[0.05844400078058243]], [[9.349596977233887]], [[13.992081642150879]], [[24.829635620117188]], [[37.22920608520508]], [[44.998680114746094]], [[54.32358932495117]], [[60.53533172607422]], [[74.50965881347656]], [[80.74803161621094]], [[91.6571273803711]], [[97.8979263305664]], [[111.99443054199219]], [[116.64703369140625]], [[129.28204345703125]], [[137.15647888183594]], [[146.64511108398438]], [[164.18869018554688]], [[173.80447387695312]], [[183.48423767089844]], [[194.83187866210938]], [[199.7589569091797]], [[207.93344116210938]], [[222.83938598632812]], [[232.86024475097656]], [[242.99008178710938]], [[253.20065307617188]], [[263.54876708984375]], [[273.9942932128906]], [[286.3370666503906]], [[291.6770935058594]], [[306.1315002441406]], [[318.95751953125]], [[328.2804870605469]], [[339.62957763671875]], [[349.2485046386719]], [[360.93719482421875]], [[374.8912658691406]], [[387.1097106933594]], [[399.5187683105469]], [[410.1102600097656]], [[425.241455078125]], [[449.8873291015625]], [[463.8202819824219]], [[478.066650390625]], [[497.6877746582031]], [[505.2862854003906]], [[520.7066650390625]], [[536.6392211914062]], [[558.6070556640625]], [[567.10498046875]], [[587.4904174804688]]]}