{"vc": [[-0.08025427162647247, 0.0, 0.0], [0.0, -0.06131545826792717, 0.06147095188498497], [-0.01919572241604328, 0.312213271856308, -0.312051385641098], [-0.041010189801454544, 0.0, 0.0], [0.0, 0.0, 0.0], [0.0, 0.0, 0.0], [0.0, 0.014629830606281757, -0.014713702723383904], [0.0, 0.0, 0.0], [0.0, 0.0, 0.0], [0.5663291811943054, 0.0, 0.0]], "true_y1": [[[0.4006600081920624]], [[30.387744903564453]], [[35.899017333984375]], [[51.99937057495117]], [[66.34611511230469]], [[79.01693725585938]], [[82.58415222167969]], [[96.03977966308594]], [[104.0796890258789]], [[112.59635162353516]], [[117.53153991699219]], [[120.28245544433594]], [[122.63582611083984]], [[124.66362762451172]], [[128.58804321289062]], [[130.8039093017578]], [[132.4419708251953]], [[133.9153289794922]], [[134.7660369873047]], [[136.02427673339844]], [[136.6848907470703]], [[137.0206298828125]], [[137.375732421875]], [[137.49586486816406]], [[137.66915893554688]], [[137.8096923828125]], [[137.86268615722656]], [[137.97459411621094]], [[138.06040954589844]], [[138.1269989013672]], [[138.2266387939453]], [[138.2741241455078]], [[138.35479736328125]], [[138.39939880371094]], [[138.47671508789062]], [[138.5421600341797]], [[138.60691833496094]], [[138.66062927246094]], [[138.73568725585938]], [[138.8212890625]], [[138.8640594482422]], [[1.0533000230789185]], [[13.330222129821777]], [[21.301136016845703]], [[32.86726379394531]], [[43.6141357421875]], [[50.213111877441406]], [[59.465904235839844]], [[70.14535522460938]], [[76.92984008789062]], [[84.62726593017578]], [[86.24760437011719]], [[89.33711242675781]], [[96.66228485107422]], [[97.6210708618164]], [[100.99335479736328]], [[102.38753509521484]], [[104.1774673461914]], [[106.09817504882812]], [[108.1960220336914]], [[110.77388763427734]], [[111.2370376586914]], [[111.90316009521484]], [[112.24068450927734]], [[112.48805236816406]], [[112.6699447631836]], [[112.78636169433594]], [[112.89485931396484]], [[112.96546173095703]], [[113.04197692871094]], [[113.09197998046875]], [[113.23811340332031]], [[113.24918365478516]], [[113.26225280761719]], [[113.27169036865234]], [[113.2785415649414]], [[113.28697204589844]], [[1.104699969291687]], [[7.124223709106445]], [[16.077680587768555]], [[27.56114959716797]], [[30.220935821533203]], [[40.57228469848633]], [[45.295658111572266]], [[54.07004165649414]], [[57.956275939941406]], [[61.60435485839844]], [[68.08395385742188]], [[73.53644561767578]], [[75.9136962890625]], [[79.04983520507812]], [[80.89336395263672]], [[84.10406494140625]], [[86.70021057128906]], [[90.11807250976562]], [[90.88211059570312]], [[92.19258880615234]], [[93.48685455322266]], [[95.2589340209961]], [[95.96304321289062]], [[96.63249969482422]], [[96.88562774658203]], [[97.1865463256836]], [[97.48226928710938]], [[97.623291015625]], [[97.75936126708984]], [[97.88211059570312]], [[97.95199584960938]], [[98.03150939941406]], [[98.06864166259766]], [[98.12340545654297]], [[98.1434097290039]], [[98.19828796386719]], [[98.232177734375]], [[98.26265716552734]], [[98.27690124511719]], [[0.6033599972724915]], [[13.781124114990234]], [[21.369173049926758]], [[31.03326416015625]], [[35.55408477783203]], [[39.89933776855469]], [[47.957481384277344]], [[53.42255401611328]], [[58.36859893798828]], [[62.81270980834961]], [[66.78524017333984]], [[70.31065368652344]], [[72.42723846435547]], [[76.17144775390625]], [[78.56629180908203]], [[81.92953491210938]], [[85.95098876953125]], [[87.47636413574219]], [[88.75261688232422]], [[90.06171417236328]], [[91.48207092285156]], [[92.2746810913086]], [[93.26905822753906]], [[93.84845733642578]], [[94.09542846679688]], [[94.59184265136719]], [[94.94513702392578]], [[95.24777221679688]], [[95.51277923583984]], [[95.70922088623047]], [[95.95633697509766]], [[96.1779556274414]], [[96.32398223876953]], [[96.51707458496094]], [[96.64602661132812]], [[96.74639129638672]], [[96.91597747802734]], [[97.07899475097656]], [[97.21509552001953]], [[97.34877014160156]], [[97.45868682861328]], [[97.56763458251953]], [[97.740478515625]], [[97.86980438232422]], [[97.99866485595703]], [[0.35506001114845276]], [[11.018227577209473]], [[19.303367614746094]], [[32.820648193359375]], [[43.011985778808594]], [[50.529273986816406]], [[58.15388107299805]], [[63.45915603637695]], [[70.25801086425781]], [[72.95906066894531]], [[76.34956359863281]], [[79.42765045166016]], [[82.09612274169922]], [[82.90839385986328]], [[84.0874252319336]], [[85.08261108398438]], [[86.5234146118164]], [[87.29056549072266]], [[88.04439544677734]], [[88.42288970947266]], [[89.00607299804688]], [[89.51576232910156]], [[89.71552276611328]], [[90.20594024658203]], [[90.48838806152344]], [[90.8064193725586]], [[91.10700988769531]], [[91.39217376708984]], [[91.66825103759766]], [[91.93342590332031]], [[92.10662841796875]], [[92.44786071777344]], [[92.6570816040039]], [[92.9459457397461]], [[93.07042694091797]], [[93.43818664550781]], [[93.6429672241211]], [[93.84587097167969]], [[94.0102310180664]], [[94.46167755126953]], [[94.62586212158203]], [[94.83329010009766]], [[95.12518310546875]], [[95.37753295898438]], [[95.59002685546875]], [[95.80215454101562]], [[96.14722442626953]], [[96.45135498046875]], [[96.75955963134766]], [[96.8926010131836]], [[97.15948486328125]], [[97.42992401123047]], [[97.74856567382812]], [[97.978515625]], [[98.21104431152344]], [[0.1057400032877922]], [[5.6389241218566895]], [[17.78217124938965]], [[22.892990112304688]], [[30.1262264251709]], [[38.833831787109375]], [[43.610595703125]], [[47.95588684082031]], [[53.93739318847656]], [[57.11891174316406]], [[60.44325637817383]], [[62.8568115234375]], [[65.75145721435547]], [[67.84622192382812]], [[69.65538024902344]], [[71.70700073242188]], [[72.8100814819336]], [[73.80948638916016]], [[74.88545227050781]], [[76.0005874633789]], [[76.86235809326172]], [[77.6484375]], [[78.38097381591797]], [[78.72579956054688]], [[79.388671875]], [[80.11367797851562]], [[80.70683288574219]], [[81.3696517944336]], [[81.82803344726562]], [[82.45269012451172]], [[82.71797943115234]], [[83.32267761230469]], [[83.91919708251953]], [[84.34210205078125]], [[85.01616668701172]], [[85.3494873046875]], [[85.8515396118164]], [[86.35411071777344]], [[86.94274139404297]], [[87.44923400878906]], [[87.78925323486328]], [[88.64344787597656]], [[89.07608795166016]], [[89.9473876953125]], [[90.03516387939453]], [[90.65371704101562]], [[91.64257049560547]], [[91.91516876220703]], [[92.64749908447266]], [[93.20346069335938]], [[93.67325592041016]], [[94.14515686035156]], [[94.90863037109375]], [[0.05844400078058243]], [[5.050311088562012]], [[7.523547172546387]], [[13.19591999053955]], [[19.428268432617188]], [[23.149169921875]], [[27.394155502319336]], [[30.076753616333008]], [[35.6625862121582]], [[37.95189666748047]], [[41.655967712402344]], [[43.60890197753906]], [[47.60276794433594]], [[48.80208969116211]], [[51.78955078125]], [[53.46938705444336]], [[55.3286018371582]], [[58.35649871826172]], [[59.825035095214844]], [[61.18869400024414]], [[62.6611213684082]], [[63.26316833496094]], [[64.21797180175781]], [[65.83586883544922]], [[66.8477783203125]], [[67.81880187988281]], [[68.75213623046875]], [[69.65799713134766]], [[70.53715515136719]], [[71.53690338134766]], [[71.95789337158203]], [[73.06702423095703]], [[74.01866912841797]], [[74.69375610351562]], [[75.49878692626953]], [[76.16802215576172]], [[76.96661376953125]], [[77.9007568359375]], [[78.70291137695312]], [[79.50350952148438]], [[80.17620849609375]], [[81.1209945678711]], [[82.6207275390625]], [[83.44781494140625]], [[84.27835083007812]], [[85.39749908447266]], [[85.82328033447266]], [[86.67437744140625]], [[87.5356216430664]], [[88.69318389892578]], [[89.13175201416016]], [[90.16309356689453]]]}