{"vc": [[-0.0681539997458458, 0.0, 0.0], [0.0, -1.3825055360794067, 1.3830959796905518], [-0.018234098330140114, 0.0795295462012291, -0.07963749766349792], [-0.1977073699235916, 0.0, 0.0], [0.0, 0.0, 0.0], [0.0, 0.0, 0.0], [0.0, 0.5453394055366516, -0.5456101298332214], [0.0, 0.0, 0.0], [0.0, 0.0, 0.0], [0.031782861799001694, 0.0, 0.0]], "true_y1": [[[0.4006600081920624]], [[1.4934476613998413]], [[1.6791170835494995]], [[2.185321807861328]], [[2.5835187435150146]], [[2.8864259719848633]], [[2.9624123573303223]], [[3.20672345161438]], [[3.315211772918701]], [[3.3899614810943604]], [[3.4077093601226807]], [[3.4064128398895264]], [[3.3969836235046387]], [[3.3810155391693115]], [[3.320164203643799]], [[3.2576918601989746]], [[3.1880667209625244]], [[3.0952718257904053]], [[3.018902540206909]], [[2.843533992767334]], [[2.687676191329956]], [[2.5721142292022705]], [[2.4003326892852783]], [[2.3247017860412598]], [[2.1937155723571777]], [[2.064317464828491]], [[2.0094428062438965]], [[1.8821334838867188]], [[1.7743338346481323]], [[1.6851906776428223]], [[1.5444912910461426]], [[1.4750744104385376]], [[1.354912519454956]], [[1.2877717018127441]], [[1.171149492263794]], [[1.0729995965957642]], [[0.9771122932434082]], [[0.8989593982696533]], [[0.7925260663032532]], [[0.6760526895523071]], [[0.6202099323272705]], [[1.0533000230789185]], [[1.4503812789916992]], [[1.683016061782837]], [[1.9833147525787354]], [[2.2213456630706787]], [[2.347302198410034]], [[2.4970061779022217]], [[2.6281485557556152]], [[2.685621500015259]], [[2.7218379974365234]], [[2.7248153686523438]], [[2.725156784057617]], [[2.6900217533111572]], [[2.6804308891296387]], [[2.6332085132598877]], [[2.605771064758301]], [[2.5609922409057617]], [[2.49609112739563]], [[2.3923680782318115]], [[2.1555497646331787]], [[2.0821216106414795]], [[1.9346537590026855]], [[1.825256109237671]], [[1.7163660526275635]], [[1.6092145442962646]], [[1.5206533670425415]], [[1.415420413017273]], [[1.3288133144378662]], [[1.2093045711517334]], [[1.1088485717773438]], [[0.5479073524475098]], [[0.47779178619384766]], [[0.3841320276260376]], [[0.3084837794303894]], [[0.2494666874408722]], [[0.17329491674900055]], [[1.104699969291687]], [[1.2806147336959839]], [[1.5159928798675537]], [[1.770987629890442]], [[1.8224642276763916]], [[1.995351791381836]], [[2.0595004558563232]], [[2.153087615966797]], [[2.18329119682312]], [[2.2048327922821045]], [[2.224982976913452]], [[2.220611572265625]], [[2.2111597061157227]], [[2.189950466156006]], [[2.171888589859009]], [[2.127652406692505]], [[2.0758445262908936]], [[1.972634196281433]], [[1.9412074089050293]], [[1.8763200044631958]], [[1.7927647829055786]], [[1.621134638786316]], [[1.517260193824768]], [[1.3790487051010132]], [[1.309762954711914]], [[1.2071917057037354]], [[1.072171926498413]], [[0.9884008765220642]], [[0.8887273073196411]], [[0.7749507427215576]], [[0.6952531337738037]], [[0.5852522253990173]], [[0.5243563055992126]], [[0.41944214701652527]], [[0.3755161762237549]], [[0.23481079936027527]], [[0.12957186996936798]], [[0.02099437266588211]], [[-0.0338582843542099]], [[0.6033599972724915]], [[0.9571373462677002]], [[1.1390936374664307]], [[1.3450418710708618]], [[1.4307239055633545]], [[1.5062532424926758]], [[1.6273541450500488]], [[1.694150686264038]], [[1.7425681352615356]], [[1.7749849557876587]], [[1.7936497926712036]], [[1.8005520105361938]], [[1.7995350360870361]], [[1.7861111164093018]], [[1.767845869064331]], [[1.7248756885528564]], [[1.633094310760498]], [[1.5799201726913452]], [[1.5233447551727295]], [[1.4491771459579468]], [[1.3410229682922363]], [[1.2617509365081787]], [[1.1323373317718506]], [[1.034373164176941]], [[0.9856884479522705]], [[0.8717095851898193]], [[0.7743492126464844]], [[0.6776505708694458]], [[0.5812516212463379]], [[0.5020064115524292]], [[0.39243441820144653]], [[0.2849353551864624]], [[0.20973917841911316]], [[0.10595249384641647]], [[0.03466987609863281]], [[-0.02139013633131981]], [[-0.11603400111198425]], [[-0.20501543581485748]], [[-0.27597999572753906]], [[-0.3409666419029236]], [[-0.3895796239376068]], [[-0.4322255849838257]], [[-0.485361784696579]], [[-0.5104293823242188]], [[-0.5199194550514221]], [[0.35506001114845276]], [[0.6157500743865967]], [[0.8019372224807739]], [[1.067563772201538]], [[1.2298555374145508]], [[1.3236345052719116]], [[1.3903117179870605]], [[1.4147725105285645]], [[1.4085618257522583]], [[1.3893719911575317]], [[1.345156192779541]], [[1.2765768766403198]], [[1.1820652484893799]], [[1.143667221069336]], [[1.0767533779144287]], [[1.0070463418960571]], [[0.8761638402938843]], [[0.7866442203521729]], [[0.6805557608604431]], [[0.6190920472145081]], [[0.5118050575256348]], [[0.4040253758430481]], [[0.3579411208629608]], [[0.23532505333423615]], [[0.158656045794487]], [[0.06734605878591537]], [[-0.023302465677261353]], [[-0.11253174394369125]], [[-0.20112892985343933]], [[-0.2874130606651306]], [[-0.34393322467803955]], [[-0.45431044697761536]], [[-0.5203973650932312]], [[-0.6080566644668579]], [[-0.6440557241439819]], [[-0.7415533065795898]], [[-0.7882965803146362]], [[-0.8275902271270752]], [[-0.8532037138938904]], [[-0.8862523436546326]], [[-0.8812236189842224]], [[-0.8587480187416077]], [[-0.7917408347129822]], [[-0.6958224773406982]], [[-0.5854804515838623]], [[-0.44813263416290283]], [[-0.17207181453704834]], [[0.1109551191329956]], [[0.41282448172569275]], [[0.5414718389511108]], [[0.786344587802887]], [[1.0064308643341064]], [[1.2195261716842651]], [[1.340313196182251]], [[1.4354466199874878]], [[0.1057400032877922]], [[0.20231664180755615]], [[0.402904748916626]], [[0.4808049201965332]], [[0.5820774435997009]], [[0.6857132315635681]], [[0.7312811613082886]], [[0.7635377645492554]], [[0.7887888550758362]], [[0.7900212407112122]], [[0.7788299918174744]], [[0.7602531909942627]], [[0.7223972678184509]], [[0.6809369921684265]], [[0.6325123310089111]], [[0.5590415000915527]], [[0.5092373490333557]], [[0.4565364420413971]], [[0.390448659658432]], [[0.3101809620857239]], [[0.23891010880470276]], [[0.16624191403388977]], [[0.09160676598548889]], [[0.05411499738693237]], [[-0.022197283804416656]], [[-0.11190477758646011]], [[-0.18989092111587524]], [[-0.28149962425231934]], [[-0.3473169207572937]], [[-0.43979787826538086]], [[-0.4799153208732605]], [[-0.5728967189788818]], [[-0.666266143321991]], [[-0.7331589460372925]], [[-0.8404854536056519]], [[-0.8936993479728699]], [[-0.9738070964813232]], [[-1.053720474243164]], [[-1.1466349363327026]], [[-1.2257025241851807]], [[-1.2781802415847778]], [[-1.407179355621338]], [[-1.4705188274383545]], [[-1.5923433303833008]], [[-1.6040831804275513]], [[-1.6831859350204468]], [[-1.7913283109664917]], [[-1.815480351448059]], [[-1.8623826503753662]], [[-1.8738770484924316]], [[-1.8606443405151367]], [[-1.8192142248153687]], [[-1.6716970205307007]], [[0.05844400078058243]], [[0.08734060823917389]], [[0.10110290348529816]], [[0.1310005933046341]], [[0.16058698296546936]], [[0.17621871829032898]], [[0.19174082577228546]], [[0.20002791285514832]], [[0.21249009668827057]], [[0.21527540683746338]], [[0.21608969569206238]], [[0.21429668366909027]], [[0.2045159786939621]], [[0.19964022934436798]], [[0.1826203465461731]], [[0.1694440394639969]], [[0.1512322872877121]], [[0.1118292585015297]], [[0.08764885365962982]], [[0.06186679005622864]], [[0.03022269532084465]], [[0.016122765839099884]], [[-0.007608238607645035]], [[-0.05145597457885742]], [[-0.08092701435089111]], [[-0.11035886406898499]], [[-0.13935840129852295]], [[-0.1677638292312622]], [[-0.19513031840324402]], [[-0.22537370026111603]], [[-0.23764486610889435]], [[-0.2680285573005676]], [[-0.29109591245651245]], [[-0.30529844760894775]], [[-0.3194221556186676]], [[-0.32849806547164917]], [[-0.3357561230659485]], [[-0.3387695550918579]], [[-0.3362142741680145]], [[-0.3286113142967224]], [[-0.3181731104850769]], [[-0.29716870188713074]], [[-0.24893400073051453]], [[-0.21508675813674927]], [[-0.1766003519296646]], 