{"vc": [[-0.0746806412935257, 0.0, 0.0], [0.0, -0.9493564963340759, 0.9496209025382996], [-0.017806150019168854, 0.07079089432954788, -0.07088529318571091], [-0.2543313205242157, 0.0, 0.0], [0.0, 0.0, 0.0], [0.0, 0.0, 0.0], [0.0, 0.4041789174079895, -0.40447303652763367], [0.0, 0.0, 0.0], [0.0, 0.0, 0.0], [0.04814404249191284, 0.0, 0.0]], "true_y1": [[[0.4006600081920624]], [[2.185230016708374]], [[2.4881229400634766]], [[3.3088016510009766]], [[3.945549726486206]], [[4.422011375427246]], [[4.5402140617370605]], [[4.916574001312256]], [[5.082976818084717]], [[5.201406478881836]], [[5.2358078956604]], [[5.240887641906738]], [[5.235170364379883]], [[5.221035957336426]], [[5.159763336181641]], [[5.094323635101318]], [[5.020853042602539]], [[4.922911643981934]], [[4.842461585998535]], [[4.658191204071045]], [[4.49456262588501]], [[4.373065948486328]], [[4.191883563995361]], [[4.111821174621582]], [[3.972651481628418]], [[3.8344531059265137]], [[3.775608777999878]], [[3.6384897232055664]], [[3.521662950515747]], [[3.42449688911438]], [[3.2699646949768066]], [[3.1931252479553223]], [[3.059028148651123]], [[2.9834182262420654]], [[2.850712299346924]], [[2.7374277114868164]], [[2.6250312328338623]], [[2.5318968296051025]], [[2.4023208618164062]], [[2.255814552307129]], [[2.1832973957061768]], [[1.0533000230789185]], [[1.7260053157806396]], [[2.129502058029175]], [[2.6607460975646973]], [[3.09104061126709]], [[3.322953701019287]], [[3.6045539379119873]], [[3.862600088119507]], [[3.9861068725585938]], [[4.0830559730529785]], [[4.096837043762207]], [[4.11580228805542]], [[4.113865852355957]], [[4.107386589050293]], [[4.068540096282959]], [[4.043279647827148]], [[4.000019073486328]], [[3.9348578453063965]], [[3.827885866165161]], [[3.579484224319458]], [[3.5020813941955566]], [[3.346414089202881]], [[3.230733633041382]], [[3.115356206893921]], [[3.0015103816986084]], [[2.9071156978607178]], [[2.7945077419281006]], [[2.701392412185669]], [[2.572103977203369]], [[2.462552070617676]], [[1.8241186141967773]], [[1.738515853881836]], [[1.6202834844589233]], [[1.52035653591156]], [[1.4385313987731934]], [[1.325540542602539]], [[1.104699969291687]], [[1.4107966423034668]], [[1.8328802585601807]], [[2.3090031147003174]], [[2.4080700874328613]], [[2.7512831687927246]], [[2.8847601413726807]], [[3.092318058013916]], [[3.1666526794433594]], [[3.225985288619995]], [[3.304373025894165]], [[3.3398828506469727]], [[3.345081329345703]], [[3.3405089378356934]], [[3.330718517303467]], [[3.297987222671509]], [[3.2524619102478027]], [[3.152438163757324]], [[3.120729446411133]], [[3.054255247116089]], [[2.967391014099121]], [[2.78682017326355]], [[2.6769046783447266]], [[2.5303239822387695]], [[2.456733465194702]], [[2.347644329071045]], [[2.2036938667297363]], [[2.114102363586426]], [[2.007117986679077]], [[1.884310245513916]], [[1.7977118492126465]], [[1.6771509647369385]], [[1.6097536087036133]], [[1.49219810962677]], [[1.4423069953918457]], [[1.2787818908691406]], [[1.1511094570159912]], [[1.0112812519073486]], [[0.9355680346488953]], [[0.6033599972724915]], [[1.231656551361084]], [[1.5625252723693848]], [[1.9432779550552368]], [[2.1038951873779297]], [[2.246868133544922]], [[2.480245590209961]], [[2.61312198638916]], [[2.7139387130737305]], [[2.787182569503784]], [[2.837123155593872]], [[2.8674700260162354]], [[2.878493547439575]], [[2.882411479949951]], [[2.8724071979522705]], [[2.8369064331054688]], [[2.7466235160827637]], [[2.691408634185791]], [[2.631744861602783]], [[2.552828073501587]], [[2.4372143745422363]], [[2.35241436958313]], [[2.214168071746826]], [[2.109745979309082]], [[2.057924270629883]], [[1.9367551803588867]], [[1.833365797996521]], [[1.730701208114624]], [[1.628281831741333]], [[1.543951392173767]], [[1.4269862174987793]], [[1.3115811347961426]], [[1.2302814722061157]], [[1.1169434785842896]], [[1.038050889968872]], [[0.9751900434494019]], [[0.8668164014816284]], [[0.7611484527587891]], [[0.6727380156517029]], [[0.5865411162376404]], [[0.5166690945625305]], [[0.4487532675266266]], [[0.3447534739971161]], [[0.27081751823425293]], [[0.20123179256916046]], [[0.35506001114845276]], [[0.8302783966064453]], [[1.17484450340271]], [[1.6719138622283936]], [[1.9793260097503662]], [[2.160822868347168]], [[2.297779083251953]], [[2.359022855758667]], [[2.383779764175415]], [[2.371246576309204]], [[2.330148696899414]], [[2.2585368156433105]], [[2.1558611392974854]], [[2.113746166229248]], [[2.0402326583862305]], [[1.9637023210525513]], [[1.8205665349960327]], [[1.723210334777832]], [[1.6084375381469727]], [[1.542232871055603]], [[1.4271488189697266]], [[1.3120959997177124]], [[1.2630559206008911]], [[1.1329638957977295]], [[1.0518616437911987]], [[0.9554494023323059]], [[0.8598471879959106]], [[0.7657443284988403]], [[0.6721680164337158]], [[0.5807082056999207]], [[0.520494282245636]], [[0.40171563625335693]], [[0.329393595457077]], [[0.23106420040130615]], [[0.18947577476501465]], [[0.07045707106590271]], [[0.007319100201129913]], [[-0.05250132456421852]], [[-0.09866300225257874]], [[-0.21279126405715942]], [[-0.24891293048858643]], [[-0.2897663712501526]], [[-0.337096244096756]], [[-0.3671852946281433]], [[-0.38378703594207764]], [[-0.3916139006614685]], [[-0.38384997844696045]], [[-0.3541070222854614]], [[-0.30063915252685547]], [[-0.2701365351676941]], [[-0.1955576092004776]], [[-0.10249676555395126]], [[0.02741042524576187]], [[0.13249288499355316]], [[0.24600252509117126]], [[0.1057400032877922]], [[0.303030401468277]], [[0.7150730490684509]], [[0.8748421669006348]], [[1.0815268754959106]], [[1.2917909622192383]], [[1.384634256362915]], [[1.451971411705017]], [[1.5115725994110107]], [[1.5236567258834839]], [[1.5175366401672363]], [[1.498152256011963]], [[1.4536631107330322]], [[1.4030174016952515]], [[1.3432703018188477]], [[1.2526315450668335]], [[1.1914722919464111]], [[1.1270818710327148]], [[1.0468298196792603]], [[0.9500811100006104]], [[0.8648014068603516]], [[0.7784104347229004]], [[0.690227210521698]], [[0.6461261510848999]], [[0.5567443370819092]], [[0.452297568321228]], [[0.3620207905769348]], [[0.2565780282020569]], [[0.1812223196029663]], [[0.07591737061738968]], [[0.030454937368631363]], [[-0.074374720454216]], [[-0.1788136214017868]], [[-0.2530618906021118]], [[-0.37101995944976807]], [[-0.4288850724697113]], [[-0.5150734186172485]], [[-0.5997477173805237]], [[-0.6961709260940552]], [[-0.7760751247406006]], [[-0.827762246131897]], [[-0.948858380317688]], [[-1.0042701959609985]], [[-1.099879264831543]], [[-1.1080983877182007]], [[-1.1570782661437988]], [[-1.1950644254684448]], [[-1.1946603059768677]], [[-1.1646320819854736]], [[-1.1090360879898071]], [[-1.0365854501724243]], [[-0.9380896091461182]], [[-0.7211848497390747]], [[0.05844400078058243]], [[0.16257813572883606]], [[0.21313028037548065]], [[0.3251286745071411]], [[0.43939268589019775]], [[0.5017635822296143]], [[0.5661668181419373]], [[0.6024613976478577]], [[0.664569079875946]], [[0.6837247014045715]], [[0.7051516771316528]], [[0.710889458656311]], [[0.7079930901527405]], [[0.7026301026344299]], [[0.6783562302589417]], [[0.656810998916626]], [[0.6251804232597351]], [[0.5530354380607605]], [[0.5073339939117432]], [[0.457782119512558]], [[0.3959447145462036]], [[0.3680342733860016]], [[0.3205340504646301]], [[0.23080246150493622]], [[0.16876059770584106]], [[0.10504955053329468]], [[0.040130674839019775]], [[-0.026095286011695862]], [[-0.09312700480222702]], [[-0.17225244641304016]], [[-0.20637698471546173]], [[-0.2981626093387604]], [[-0.3786123991012573]], [[-0.4363301396369934]], [[-0.5055647492408752]], [[-0.5632423162460327]], [[-0.6319412589073181]], [[-0.7117310762405396]], [[-0.7793945074081421]], [[-0.8457984328269958]], [[-0.9004730582237244]], [[-0.9750957489013672]], [[-1.086820363998413]], [[-1.1439179182052612]], [[-1.19720458984375]], [[-1.2611812353134155]], [[-1.2827324867248535]], [[-1.320357322692871]], [[-1.3498159646987915]], [[-1.3727238178253174]], 