{"vc": [[-0.0701572448015213, 0.0, 0.0], [0.0, -2.1500771045684814, 2.151050329208374], [-0.010141660459339619, 0.10999370366334915, -0.1101996898651123], [-0.11085206270217896, 0.0, 0.0], [0.0, 0.0, 0.0], [0.0, 0.0, 0.0], [0.0, 0.7108973860740662, -0.7105642557144165], [0.0, 0.0, 0.0], [0.0, 0.0, 0.0], [0.022650476545095444, 0.0, 0.0]], "true_y1": [[[0.4006600081920624]], [[1.250601053237915]], [[1.3947070837020874]], [[1.788529396057129]], [[2.1010372638702393]], [[2.342799663543701]], [[2.404498338699341]], [[2.609022617340088]], [[2.706909656524658]], [[2.7855145931243896]], [[2.8155975341796875]], [[2.8257620334625244]], [[2.8296213150024414]], [[2.8284342288970947]], [[2.8090877532958984]], [[2.782270669937134]], [[2.749220848083496]], [[2.7024290561676025]], [[2.662456512451172]], [[2.5675299167633057]], [[2.480679512023926]], [[2.415182113647461]], [[2.316422700881958]], [[2.2724759578704834]], [[2.1957523822784424]], [[2.1192359924316406]], [[2.086575508117676]], [[2.0103180408477783]], [[1.945204496383667]], [[1.8909666538238525]], [[1.8045803308486938]], [[1.7615771293640137]], [[1.6864678859710693]], [[1.6440900564193726]], [[1.5696768760681152]], [[1.5061341524124146]], [[1.4430885314941406]], [[1.3908597230911255]], [[1.318238377571106]], [[1.2362360954284668]], [[1.1957101821899414]], [[1.0533000230789185]], [[1.370450496673584]], [[1.5539231300354004]], [[1.7886440753936768]], [[1.973680853843689]], [[2.0717225074768066]], [[2.1893107891082764]], [[2.295635223388672]], [[2.3458306789398193]], [[2.384286642074585]], [[2.3895153999328613]], [[2.39627742767334]], [[2.391242504119873]], [[2.3877158164978027]], [[2.3676884174346924]], [[2.354963541030884]], [[2.3332865238189697]], [[2.3006207942962646]], [[2.2465920448303223]], [[2.1185688972473145]], [[2.0779755115509033]], [[1.9954324960708618]], [[1.9333934783935547]], [[1.8709968328475952]], [[1.8089772462844849]], [[1.7572503089904785]], [[1.6952190399169922]], [[1.643683671951294]], [[1.5717991590499878]], [[1.5106147527694702]], [[1.1499106884002686]], [[1.1010972261428833]], [[1.0335323810577393]], [[0.9763098359107971]], [[0.929382860660553]], [[0.8644975423812866]], [[1.104699969291687]], [[1.2506413459777832]], [[1.443774700164795]], [[1.6507644653320312]], [[1.6923915147781372]], [[1.8325634002685547]], [[1.8852016925811768]], [[1.964297890663147]], [[1.9914308786392212]], [[2.0122995376586914]], [[2.03755784034729]], [[2.0454578399658203]], [[2.044339418411255]], [[2.037709951400757]], [[2.0305635929107666]], [[2.010805130004883]], [[1.9857540130615234]], [[1.9331468343734741]], [[1.9167157411575317]], [[1.8823896646499634]], [[1.8375747203826904]], [[1.7439415454864502]], [[1.686444878578186]], [[1.6090890169143677]], [[1.5699552297592163]], [[1.5115830898284912]], [[1.4339162111282349]], [[1.3852229118347168]], [[1.3267321586608887]], [[1.2591419219970703]], [[1.211199164390564]], [[1.144073486328125]], [[1.1063563823699951]], [[1.0402406454086304]], [[1.012053370475769]], [[0.9191218614578247]], [[0.8459647297859192]], [[0.7651959657669067]], [[0.7211586833000183]], [[0.6033599972724915]], [[0.9025923013687134]], [[1.0556285381317139]], [[1.2288862466812134]], [[1.30132257938385]], [[1.365613579750061]], [[1.4705055952072144]], [[1.5304802656173706]], [[1.5763518810272217]], [[1.6100952625274658]], [[1.6335358619689941]], [[1.6482281684875488]], [[1.6538625955581665]], [[1.6568142175674438]], [[1.652969241142273]], [[1.6375056505203247]], [[1.59591805934906]], [[1.5697485208511353]], [[1.541037917137146]], [[1.502494215965271]], [[1.4450498819351196]], [[1.4022821187973022]], [[1.331570029258728]], [[1.2774412631988525]], [[1.2503718137741089]], [[1.1865878105163574]], [[1.1316624879837036]], [[1.0767054557800293]], [[1.0214976072311401]], [[0.9757730960845947]], [[0.9119808077812195]], [[0.8486425876617432]], [[0.8038011193275452]], [[0.7410028576850891]], [[0.6971056461334229]], [[0.6620273590087891]], [[0.6013561487197876]], [[0.5419871807098389]], [[0.49217966198921204]], [[0.4435301423072815]], [[0.40405482053756714]], [[0.3656774163246155]], [[0.30697566270828247]], [[0.2653804123401642]], [[0.2264435887336731]], [[0.35506001114845276]], [[0.5847560167312622]], [[0.7486908435821533]], [[0.9841920733451843]], [[1.131739616394043]], [[1.2213430404663086]], [[1.2923518419265747]], [[1.3272109031677246]], [[1.3482270240783691]], [[1.3464118242263794]], [[1.3322224617004395]], [[1.3027836084365845]], [[1.2570931911468506]], [[1.2376760244369507]], [[1.2031104564666748]], [[1.1663880348205566]], [[1.0961166620254517]], [[1.0473579168319702]], [[0.9890475869178772]], [[0.9550521969795227]], [[0.8953994512557983]], [[0.835123598575592]], [[0.809253990650177]], [[0.7401559948921204]], [[0.696755588054657]], [[0.6448643207550049]], [[0.5931112170219421]], [[0.5419013500213623]], [[0.49073487520217896]], [[0.4405127465724945]], [[0.4073448181152344]], [[0.34171223640441895]], [[0.30164361000061035]], [[0.2470877319574356]], [[0.22400353848934174]], [[0.1580083966255188]], [[0.12311628460884094]], [[0.09021148085594177]], [[0.06497924029827118]], [[0.003686189651489258]], [[-0.015144852921366692]], [[-0.03582557663321495]], [[-0.05828125402331352]], [[-0.07059332728385925]], [[-0.075247623026371]], [[-0.0742155984044075]], [[-0.05943647027015686]], [[-0.03216487541794777]], [[0.009359244257211685]], [[0.031500428915023804]], [[0.08308575302362442]], [[0.14405223727226257]], [[0.22469383478164673]], [[0.28687334060668945]], [[0.3513824939727783]], [[0.1057400032877922]], [[0.20353339612483978]], [[0.40780067443847656]], [[0.4879900813102722]], [[0.5938118696212769]], [[0.70625239610672]], [[0.7591409087181091]], [[0.8004080057144165]], [[0.8435558676719666]], [[0.8581230044364929]], [[0.8650386333465576]], [[0.863249659538269]], [[0.8511401414871216]], [[0.8334997296333313]], [[0.810380756855011]], [[0.7726476788520813]], [[0.7459925413131714]], [[0.7171684503555298]], [[0.680372953414917]], [[0.6349786520004272]], [[0.5941952466964722]], [[0.5522605776786804]], [[0.5088991522789001]], [[0.48702487349510193]], [[0.4423424005508423]], [[0.38959458470344543]], [[0.34359055757522583]], [[0.28943005204200745]], [[0.2504720687866211]], [[0.19572390615940094]], [[0.17199048399925232]], [[0.11707739531993866]], [[0.062167130410671234]], [[0.0230536088347435]], [[-0.039111342281103134]], [[-0.06956717371940613]], [[-0.11479677259922028]], [[-0.15895915031433105]], [[-0.20869186520576477]], [[-0.2491915076971054]], [[-0.2748819887638092]], [[-0.33256950974464417]], [[-0.3570950925350189]], [[-0.3937925398349762]], [[-0.3963753581047058]], [[-0.4076475501060486]], [[-0.3955267071723938]], [[-0.38446104526519775]], [[-0.3357110917568207]], [[-0.27885347604751587]], [[-0.21705296635627747]], [[-0.14270125329494476]], [[0.0004648864269256592]], [[0.05844400078058243]], [[0.11212125420570374]], [[0.1381448358297348]], [[0.19599181413650513]], [[0.25581076741218567]], [[0.2891620993614197]], [[0.32453668117523193]], [[0.3451509475708008]], [[0.382704496383667]], [[0.3955453336238861]], [[0.41235822439193726]], [[0.41887372732162476]], [[0.42584437131881714]], [[0.42594286799430847]], [[0.421210378408432]], [[0.41487231850624084]], [[0.40414491295814514]], [[0.3765717148780823]], [[0.3578123450279236]], [[0.3367198705673218]], [[0.3095479905605316]], [[0.2970256507396698]], [[0.27539339661598206]], [[0.23356106877326965]], [[0.20398546755313873]], [[0.17311368882656097]], [[0.14116767048835754]], [[0.10809247940778732]], [[0.07412844896316528]], [[0.03341295197606087]], [[0.01564388908445835]], [[-0.0327913835644722]], [[-0.07604485750198364]], [[-0.10756583511829376]], [[-0.14595574140548706]], [[-0.1784585565328598]], [[-0.21785247325897217]], [[-0.2646510601043701]], [[-0.3053520619869232]], [[-0.3463607728481293]], [[-0.38105955719947815]], [[-0.4300757050514221]], [[-0.5082788467407227]], [[-0.5514440536499023]], [[-0.5946739912033081]], [[-0.6524820327758789]], [[-0.6742551326751709]], 