{"vc": [[-0.04980926215648651, 0.0, 0.0], [0.0, -1.0532835721969604, 1.053637146949768], [-0.014273367822170258, 0.06586233526468277, -0.06623155623674393], [-0.2364014983177185, 0.0, 0.0], [0.0, 0.0, 0.0], [0.0, 0.0, 0.0], [0.0, 0.4582066535949707, -0.458089143037796], [0.0, 0.0, 0.0], [0.0, 0.0, 0.0], [0.043382227420806885, 0.0, 0.0]], "true_y1": [[[0.4006600081920624]], [[1.9864298105239868]], [[2.2540979385375977]], [[2.976423740386963]], [[3.5331573486328125]], [[3.9467530250549316]], [[4.048811435699463]], [[4.371503829956055]], [[4.51224946975708]], [[4.610236644744873]], [[4.636961936950684]], [[4.6395416259765625]], [[4.632986545562744]], [[4.619343280792236]], [[4.563602924346924]], [[4.505565166473389]], [[4.441139221191406]], [[4.355964660644531]], [[4.286418437957764]], [[4.128093719482422]], [[3.988286256790161]], [[3.8848042488098145]], [[3.730851650238037]], [[3.662926435470581]], [[3.544968605041504]], [[3.427946090698242]], [[3.3781449794769287]], [[3.2621474266052246]], [[3.163360118865967]], [[3.081221342086792]], [[2.950622081756592]], [[2.8856940269470215]], [[2.772395133972168]], [[2.7085156440734863]], [[2.596397638320923]], [[2.500680923461914]], [[2.405700922012329]], [[2.326982021331787]], [[2.2174274921417236]], [[2.0934898853302]], [[2.0321078300476074]], [[1.0533000230789185]], [[1.6485936641693115]], [[2.0022239685058594]], [[2.4631965160369873]], [[2.83193039894104]], [[3.028494358062744]], [[3.26444411277771]], [[3.476660966873169]], [[3.575653076171875]], [[3.6501052379608154]], [[3.6600005626678467]], [[3.6725196838378906]], [[3.6616218090057373]], [[3.6548235416412354]], [[3.617093801498413]], [[3.593587636947632]], [[3.554114818572998]], [[3.495697021484375]], [[3.4012629985809326]], [[3.185455799102783]], [[3.1187868118286133]], [[2.9852325916290283]], [[2.886331558227539]], [[2.7879109382629395]], [[2.690967559814453]], [[2.6106908321380615]], [[2.5150234699249268]], [[2.4359822273254395]], [[2.326312780380249]], [[2.2334389686584473]], [[1.692481279373169]], [[1.6198832988739014]], [[1.519537091255188]], [[1.4346336126327515]], [[1.3650258779525757]], [[1.2687416076660156]], [[1.104699969291687]], [[1.3752094507217407]], [[1.7443994283676147]], [[2.1545650959014893]], [[2.2389066219329834]], [[2.5276970863342285]], [[2.6382055282592773]], [[2.8069677352905273]], [[2.865981101989746]], [[2.9121248722076416]], [[2.9703450202941895]], [[2.992746353149414]], [[2.9935808181762695]], [[2.9847850799560547]], [[2.9734761714935303]], [[2.9402523040771484]], [[2.896967649459839]], [[2.8055050373077393]], [[2.777029037475586]], [[2.71781849861145]], [[2.6411640644073486]], [[2.4834890365600586]], [[2.388251781463623]], [[2.261845111846924]], [[2.1985859870910645]], [[2.1050126552581787]], [[1.9818377494812012]], [[1.9053176641464233]], [[1.8140588998794556]], [[1.709431529045105]], [[1.6357203722000122]], [[1.5331724882125854]], [[1.4758723974227905]], [[1.3759584426879883]], [[1.3335601091384888]], [[1.1945796012878418]], [[1.0860031843185425]], [[0.9669339656829834]], [[0.9023511409759521]], [[0.6033599972724915]], [[1.1564409732818604]], [[1.4447929859161377]], [[1.773555040359497]], [[1.9110468626022339]], [[2.0327000617980957]], [[2.2293620109558105]], [[2.339817762374878]], [[2.4223990440368652]], [[2.4811925888061523]], [[2.5200209617614746]], [[2.5421810150146484]], [[2.5491702556610107]], [[2.5478947162628174]], [[2.536151170730591]], [[2.500962734222412]], [[2.4172983169555664]], [[2.3673737049102783]], [[2.3139455318450928]], [[2.243831157684326]], [[2.141893148422241]], [[2.0675511360168457]], [[1.946930170059204]], [[1.8561980724334717]], [[1.8112713098526]], [[1.7064517736434937]], [[1.6172356605529785]], [[1.528822898864746]], [[1.4407790899276733]], [[1.3683923482894897]], [[1.2681376934051514]], [[1.169368863105774]], [[1.0998685359954834]], [[1.003076434135437]], [[0.935759425163269]], [[0.8821509480476379]], [[0.7897766828536987]], [[0.6997458934783936]], [[0.6244239211082458]], [[0.5509661436080933]], [[0.49138206243515015]], [[0.43340808153152466]], [[0.34444576501846313]], [[0.28097715973854065]], [[0.2209683358669281]], [[0.35506001114845276]], [[0.7728868722915649]], [[1.0736926794052124]], [[1.5035037994384766]], [[1.7657783031463623]], [[1.9183671474456787]], [[2.0310122966766357]], [[2.079171895980835]], [[2.0934743881225586]], [[2.0794851779937744]], [[2.0396807193756104]], [[1.9735299348831177]], [[1.8807530403137207]], [[1.8430532217025757]], [[1.7775676250457764]], [[1.7097265720367432]], [[1.5835084915161133]], [[1.4980412721633911]], [[1.3976006507873535]], [[1.3397982120513916]], [[1.2395267486572266]], [[1.1395187377929688]], [[1.0969569683074951]], [[0.9842263460159302]], [[0.9140688180923462]], [[0.8307804465293884]], [[0.7483065128326416]], [[0.667231023311615]], [[0.586706280708313]], [[0.5080899000167847]], [[0.45637497305870056]], [[0.3544508218765259]], [[0.292439728975296]], [[0.20816940069198608]], [[0.17253443598747253]], [[0.07053586095571518]], [[0.016382869333028793]], [[0.0010000000474974513]], [[0.0010000000474974513]], [[0.0010000000474974513]], [[0.0010000000474974513]], [[0.0010000000474974513]], [[0.0010000000474974513]], [[0.0010000000474974513]], [[0.0010000000474974513]], [[0.0010000000474974513]], [[0.0010000000474974513]], [[0.0010000000474974513]], [[0.0010000000474974513]], [[0.0010000000474974513]], [[0.0010000000474974513]], [[0.0010000000474974513]], [[0.0010000000474974513]], [[0.04600858688354492]], [[0.1361130177974701]], [[0.1057400032877922]], [[0.2777899205684662]], [[0.6357214450836182]], [[0.7738465070724487]], [[0.9517398476600647]], [[1.1312623023986816]], [[1.2096410989761353]], [[1.2657030820846558]], [[1.3134992122650146]], [[1.3215410709381104]], [[1.313361406326294]], [[1.2942218780517578]], [[1.2525229454040527]], [[1.2060844898223877]], [[1.1518874168395996]], [[1.0703102350234985]], [[1.0155408382415771]], [[0.9580470323562622]], [[0.8865793943405151]], [[0.8006402254104614]], [[0.7250488996505737]], [[0.6485994458198547]], [[0.5706765055656433]], [[0.5317443609237671]], [[0.4529072940349579]], [[0.3608855903148651]], [[0.28142523765563965]], [[0.18869192898273468]], [[0.12246066331863403]], [[0.029950939118862152]], [[0.0010000000474974513]], [[0.0010000000474974513]], [[0.0010000000474974513]], [[0.0010000000474974513]], [[0.0010000000474974513]], [[0.0010000000474974513]], [[0.0010000000474974513]], [[0.0010000000474974513]], [[0.0010000000474974513]], [[0.0010000000474974513]], [[0.0010000000474974513]], [[0.0010000000474974513]], [[0.0010000000474974513]], [[0.0010000000474974513]], [[0.0010000000474974513]], [[0.0010000000474974513]], [[0.0010000000474974513]], [[0.0010000000474974513]], [[0.0010000000474974513]], [[0.0010000000474974513]], [[0.0010000000474974513]], [[0.0010000000474974513]], [[0.0010000000474974513]], [[0.05844400078058243]], [[0.14632803201675415]], [[0.1888933628797531]], [[0.28293082118034363]], [[0.37839388847351074]], [[0.43021708726882935]], [[0.4834052324295044]], [[0.5131582021713257]], [[0.5633416771888733]], [[0.5784112215042114]], [[0.5944505929946899]], [[0.5980604887008667]], [[0.5926916003227234]], [[0.5871639251708984]], [[0.5638865232467651]], [[0.5439217686653137]], [[0.5150504112243652]], [[0.4500950872898102]], [[0.40929457545280457]], [[0.365245521068573]], [[0.31048110127449036]], [[0.2858245074748993]], [[0.24393799901008606]], [[0.1650436371564865]], [[0.11065706610679626]], [[0.05493919178843498]], [[0.0010000000474974513]], [[0.0010000000474974513]], [[0.0010000000474974513]], [[0.0010000000474974513]], [[0.0010000000474974513]], [[0.0010000000474974513]], [[0.0010000000474974513]], [[0.0010000000474974513]], [[0.0010000000474974513]], [[0.0010000000474974513]], [[0.0010000000474974513]], [[0.0010000000474974513]], [[0.0010000000474974513]], [[0.0010000000474974513]], [[0.0010000000474974513]], [[0.0010000000474974513]], [[0.0010000000474974513]], [[0.0010000000474974513]], 