{"vc": [[-0.049654632806777954, 0.0, 0.0], [0.0, -1.2502516508102417, 1.2508715391159058], [-0.013033432886004448, 0.06818412244319916, -0.06816113740205765], [-0.20880314707756042, 0.0, 0.0], [0.0, 0.0, 0.0], [0.0, 0.0, 0.0], [0.0, 0.5325374007225037, -0.532612681388855], [0.0, 0.0, 0.0], [0.0, 0.0, 0.0], [0.03569013997912407, 0.0, 0.0]], "true_y1": [[[0.4006600081920624]], [[1.6635156869888306]], [[1.8765329122543335]], [[2.4524900913238525]], [[2.898530960083008]], [[3.2318649291992188]], [[3.314448833465576]], [[3.5764472484588623]], [[3.690814971923828]], [[3.7693264484405518]], [[3.7890546321868896]], [[3.789248466491699]], [[3.781611680984497]], [[3.7678332328796387]], [[3.714411973953247]], [[3.659756660461426]], [[3.5993595123291016]], [[3.5196597576141357]], [[3.454645872116089]], [[3.3068315982818604]], [[3.176602602005005]], [[3.080432415008545]], [[2.9377408027648926]], [[2.8749327659606934]], [[2.7660768032073975]], [[2.6583499908447266]], [[2.612584352493286]], [[2.506168842315674]], [[2.415743827819824]], [[2.3407018184661865]], [[2.2216637134552]], [[2.1626157760620117]], [[2.059800624847412]], [[2.001964569091797]], [[1.9007039070129395]], [[1.814530611038208]], [[1.7292972803115845]], [[1.6588871479034424]], [[1.5612852573394775]], [[1.4514929056167603]], [[1.3973956108093262]], [[1.0533000230789185]], [[1.520180344581604]], [[1.7941597700119019]], [[2.1475753784179688]], [[2.4270126819610596]], [[2.5745372772216797]], [[2.749722719192505]], [[2.9039857387542725]], [[2.9732136726379395]], [[3.0208442211151123]], [[3.026078701019287]], [[3.0307133197784424]], [[3.0068745613098145]], [[2.999060869216919]], [[2.9592783451080322]], [[2.9357261657714844]], [[2.8970553874969482]], [[2.840878963470459]], [[2.7513251304626465]], [[2.5488781929016113]], [[2.48663330078125]], [[2.3622031211853027]], [[2.2702643871307373]], [[2.178945779800415]], [[2.0891754627227783]], [[2.0149803161621094]], [[1.9267398118972778]], [[1.8539916276931763]], [[1.7533082962036133]], [[1.6682955026626587]], [[1.1791300773620605]], [[1.1145435571670532]], [[1.0258463621139526]], [[0.9514027237892151]], [[0.8908507823944092]], [[0.8079298138618469]], [[1.104699969291687]], [[1.314713716506958]], [[1.5970600843429565]], [[1.9044687747955322]], [[1.966740369796753]], [[2.1767964363098145]], [[2.2554264068603516]], [[2.372145414352417]], [[2.411194324493408]], [[2.4403741359710693]], [[2.472842216491699]], [[2.4781389236450195]], [[2.4729161262512207]], [[2.45754337310791]], [[2.4431817531585693]], [[2.406268835067749]], [[2.361785888671875]], [[2.2720277309417725]], [[2.2446298599243164]], [[2.18810772895813]], [[2.1155200004577637]], [[1.9673312902450562]], [[1.878238558769226]], [[1.7602919340133667]], [[1.7013763189315796]], [[1.614355444908142]], [[1.500046968460083]], [[1.4291863441467285]], [[1.3448480367660522]], [[1.2484158277511597]], [[1.1806703805923462]], [[1.086729645729065]], [[1.034416913986206]], [[0.943555474281311]], [[0.9051533341407776]], [[0.7800492644309998]], [[0.6833282113075256]], [[0.5786005854606628]], [[0.5225354433059692]], [[0.6033599972724915]], [[1.0288587808609009]], [[1.2480332851409912]], [[1.49575936794281]], [[1.5986099243164062]], [[1.6891579627990723]], [[1.8342540264129639]], [[1.9145488739013672]], [[1.973374605178833]], [[2.0138211250305176]], [[2.038762331008911]], [[2.0506906509399414]], [[2.052535057067871]], [[2.044130325317383]], [[2.0292673110961914]], [[1.9918776750564575]], [[1.9097508192062378]], [[1.8619966506958008]], [[1.81130051612854]], [[1.745116949081421]], [[1.6492441892623901]], [[1.5794543027877808]], [[1.4663301706314087]], [[1.3812962770462036]], [[1.3392086029052734]], [[1.241066813468933]], [[1.1576110124588013]], [[1.075000286102295]], [[0.9928549528121948]], [[0.9254314303398132]], [[0.8322638273239136]], [[0.7407817244529724]], [[0.6766350865364075]], [[0.5876874923706055]], [[0.5261510610580444]], [[0.4773758053779602]], [[0.39390918612480164]], [[0.3134414255619049]], [[0.24698014557361603]], [[0.18313103914260864]], [[0.13222439587116241]], [[0.0836452916264534]], [[0.011487774550914764]], [[0.0010000000474974513]], [[0.0010000000474974513]], [[0.35506001114845276]], [[0.6733031272888184]], [[0.9006506204605103]], [[1.223487377166748]], [[1.4191278219223022]], [[1.5317438840866089]], [[1.612684726715088]], [[1.6445127725601196]], [[1.6455897092819214]], [[1.6290817260742188]], [[1.5887311697006226]], [[1.5251336097717285]], [[1.4376424551010132]], [[1.4022834300994873]], [[1.3409616947174072]], [[1.2774814367294312]], [[1.1593421697616577]], [[1.0792686939239502]], [[0.9850717782974243]], [[0.9308181405067444]], [[0.8366374969482422]], [[0.7426421046257019]], [[0.7026275992393494]], [[0.5966358780860901]], [[0.5306866765022278]], [[0.4524366557598114]], [[0.37503039836883545]], [[0.29905521869659424]], [[0.22376543283462524]], [[0.15048864483833313]], [[0.10245004296302795]], [[0.00829373300075531]], [[0.0010000000474974513]], [[0.0010000000474974513]], [[0.0010000000474974513]], [[0.0010000000474974513]], [[0.0010000000474974513]], [[0.0010000000474974513]], [[0.0010000000474974513]], [[0.0010000000474974513]], [[0.0010000000474974513]], [[0.0010000000474974513]], [[0.0010000000474974513]], [[0.0010000000474974513]], [[0.0010000000474974513]], [[0.0010000000474974513]], [[0.0010000000474974513]], [[0.0010000000474974513]], [[0.0010000000474974513]], [[0.0010000000474974513]], [[0.0010000000474974513]], [[0.0971427634358406]], [[0.26373428106307983]], [[0.3860781192779541]], [[0.5078521370887756]], [[0.1057400032877922]], [[0.23117217421531677]], [[0.49141180515289307]], [[0.5918692350387573]], [[0.7214820384979248]], [[0.8525305986404419]], [[0.9095867872238159]], [[0.949924111366272]], [[0.9824534058570862]], [[0.9857334494590759]], [[0.9753920435905457]], [[0.9566904902458191]], [[0.9180472493171692]], [[0.8757830262184143]], [[0.8267157673835754]], [[0.7529174089431763]], [[0.7033010721206665]], [[0.6511212587356567]], [[0.5861061215400696]], [[0.5076927542686462]], [[0.438510924577713]], [[0.36834725737571716]], [[0.2966316044330597]], [[0.26072609424591064]], [[0.18786591291427612]], [[0.10256106406450272]], [[0.028669603168964386]], [[0.0010000000474974513]], [[0.0010000000474974513]], [[0.0010000000474974513]], [[0.0010000000474974513]], [[0.0010000000474974513]], [[0.0010000000474974513]], [[0.0010000000474974513]], [[0.0010000000474974513]], [[0.0010000000474974513]], [[0.0010000000474974513]], [[0.0010000000474974513]], [[0.0010000000474974513]], [[0.0010000000474974513]], [[0.0010000000474974513]], [[0.0010000000474974513]], [[0.0010000000474974513]], [[0.0010000000474974513]], [[0.0010000000474974513]], [[0.0010000000474974513]], [[0.0010000000474974513]], [[0.0010000000474974513]], [[0.0010000000474974513]], [[0.0010000000474974513]], [[0.0010000000474974513]], [[0.0010000000474974513]], [[0.0010000000474974513]], [[0.05844400078058243]], [[0.11169424653053284]], [[0.13733990490436554]], [[0.19370412826538086]], [[0.25051695108413696]], [[0.28114160895347595]], [[0.3123020827770233]], [[0.3295169472694397]], [[0.35767409205436707]], [[0.3655531406402588]], [[0.3726099133491516]], [[0.37296339869499207]], [[0.3646215796470642]], [[0.35928645730018616]], [[0.3389975130558014]], [[0.3224649429321289]], [[0.2990574240684509]], [[0.24727731943130493]], [[0.2150421142578125]], [[0.18038323521614075]], [[0.13745735585689545]], [[0.11818699538707733]], [[0.08553409576416016]], [[0.02435464784502983]], [[0.0010000000474974513]], [[0.0010000000474974513]], [[0.0010000000474974513]], [[0.0010000000474974513]], [[0.0010000000474974513]], [[0.0010000000474974513]], [[0.0010000000474974513]], [[0.0010000000474974513]], [[0.0010000000474974513]], [[0.0010000000474974513]], [[0.0010000000474974513]], [[0.0010000000474974513]], [[0.0010000000474974513]], [[0.0010000000474974513]], [[0.0010000000474974513]], [[0.0010000000474974513]], [[0.0010000000474974513]], [[0.0010000000474974513]], 