{"vc": [[0.03256295621395111, 0.0, 0.0], [0.0, 0.0, 0.0], [0.052034713327884674, -0.05067059397697449, 0.050674695521593094], [0.27532070875167847, 0.0, 0.0], [0.0, 0.0, 0.0], [0.0, 0.0, 0.0], [0.0, 0.000963906233664602, 0.0], [0.0, 0.0, 0.0], [0.0, 0.0, 0.0], [0.9744338393211365, 0.0, 0.0]], "true_y1": [[[0.4006600081920624]], [[53.98566818237305]], [[64.30435943603516]], [[96.08659362792969]], [[127.5028076171875]], [[159.15460205078125]], [[169.00570678710938]], [[211.73020935058594]], [[243.55120849609375]], [[286.3172912597656]], [[318.2750549316406]], [[339.7676696777344]], [[361.1746520996094]], [[382.6761474609375]], [[437.00244140625]], [[480.6092224121094]], [[524.4176635742188]], [[579.52685546875]], [[623.723876953125]], [[724.704833984375]], [[815.9956665039062]], [[885.386962890625]], [[991.960693359375]], [[1040.37939453125]], [[1126.7142333984375]], [[1215.478759765625]], [[1254.290771484375]], [[1347.3516845703125]], [[1429.8505859375]], [[1500.9979248046875]], [[1619.5333251953125]], [[1681.236083984375]], [[1793.9285888671875]], [[1860.58935546875]], [[1983.7694091796875]], [[2095.969970703125]], [[2214.669189453125]], [[2319.353271484375]], [[2475.960205078125]], [[2671.053466796875]], [[2775.880615234375]], [[1.0533000230789185]], [[22.85597038269043]], [[37.3690071105957]], [[59.3248291015625]], [[81.19454193115234]], [[95.64041137695312]], [[117.73899841308594]], [[147.14962768554688]], [[169.12933349609375]], [[198.98382568359375]], [[206.20391845703125]], [[221.1898651123047]], [[266.0747375488281]], [[273.3903503417969]], [[303.4059753417969]], [[318.4501037597656]], [[341.10614013671875]], [[371.55010986328125]], [[417.3099670410156]], [[517.8641967773438]], [[549.0615234375]], [[612.6046752929688]], [[660.8228759765625]], [[709.9686279296875]], [[759.6401977539062]], [[801.811279296875]], [[853.409423828125]], [[897.2373046875]], [[960.0253295898438]], [[1015.185546875]], [[1385.89990234375]], [[1444.37744140625]], [[1529.916259765625]], [[1607.1829833984375]], [[1674.37939453125]], [[1773.9520263671875]], [[1.104699969291687]], [[11.798789978027344]], [[28.024248123168945]], [[49.83064270019531]], [[55.114830017089844]], [[76.88674926757812]], [[87.65089416503906]], [[109.62540435791016]], [[120.44767761230469]], [[131.41334533691406]], [[153.44081115722656]], [[175.58021545410156]], [[186.71072387695312]], [[203.29580688476562]], [[214.3455352783203]], [[236.7739715576172]], [[259.1553955078125]], [[298.537353515625]], [[309.8133544921875]], [[332.51934814453125]], [[361.0610656738281]], [[418.81719970703125]], [[453.8601379394531]], [[501.12615966796875]], [[525.2184448242188]], [[561.5018920898438]], [[610.60986328125]], [[641.9873657226562]], [[680.3838500976562]], [[725.8536376953125]], [[758.9190063476562]], [[806.5079956054688]], [[833.9866333007812]], [[883.608154296875]], [[905.3839111328125]], [[980.2130737304688]], [[1042.958740234375]], [[1117.0902099609375]], [[1160.090087890625]], [[0.6033599972724915]], [[24.21875]], [[38.30561828613281]], [[57.198280334472656]], [[66.55815124511719]], [[75.97083282470703]], [[94.839111328125]], [[109.03504943847656]], [[123.22412872314453]], [[137.41929626464844]], [[151.64892578125]], [[165.89749145507812]], [[175.39646911621094]], [[194.50889587402344]], [[208.78985595703125]], [[232.79833984375]], [[271.4016418457031]], [[290.796875]], [[310.2804260253906]], [[334.73236083984375]], [[369.15936279296875]], [[393.930419921875]], [[434.1254577636719]], [[464.65521240234375]], [[479.9263000488281]], [[516.0654907226562]], [[547.4948120117188]], [[579.356689453125]], [[611.8931274414062]], [[639.3204956054688]], [[678.4418334960938]], [[718.4414672851562]], [[747.570556640625]], [[789.6769409179688]], [[820.151611328125]], [[845.2054443359375]], [[890.223388671875]], [[936.702392578125]], [[977.9312744140625]], [[1020.588134765625]], [[1057.28857421875]], [[1095.1357421875]], [[1158.2645263671875]], [[1208.0592041015625]], [[1259.9619140625]], [[0.35506001114845276]], [[19.455347061157227]], [[34.76179504394531]], [[61.577056884765625]], [[84.45608520507812]], [[103.8045425415039]], [[126.86398315429688]], [[146.07144165039062]], [[177.02589416503906]], [[192.44931030273438]], [[215.87632751464844]], [[243.20184326171875]], [[274.7289733886719]], [[286.5496520996094]], [[306.3550720214844]], [[326.2652893066406]], [[362.5264892578125]], [[386.9053039550781]], [[415.6668395996094]], [[432.3518981933594]], [[461.64166259765625]], [[491.4163513183594]], [[504.29156494140625]], [[539.0811767578125]], [[561.3041381835938]], [[588.3419799804688]], [[615.908935546875]], [[643.885498046875]], [[672.6560668945312]], [[701.8316040039062]], [[721.6893310546875]], [[762.63037109375]], [[788.9061279296875]], [[826.6297607421875]], [[843.4006958007812]], [[894.7620849609375]], [[924.550537109375]], [[954.9219970703125]], [[980.1630859375]], [[1052.5611572265625]], [[1080.059326171875]], [[1115.7423095703125]], [[1167.8267822265625]], [[1214.7291259765625]], [[1255.6591796875]], [[1297.90771484375]], [[1369.8138427734375]], [[1436.724365234375]], [[1508.2315673828125]], [[1540.3343505859375]], [[1607.14306640625]], [[1678.3448486328125]], [[1767.16748046875]], [[1834.8682861328125]], [[1906.6514892578125]], [[0.1057400032877922]], [[10.03792953491211]], [[32.440673828125]], [[42.36996841430664]], [[57.28402328491211]], [[77.27584075927734]], [[89.65789794921875]], [[102.17638397216797]], [[122.19430541992188]], [[134.70225524902344]], [[149.7459716796875]], [[162.3596954345703]], [[180.05862426757812]], [[195.2242431640625]], [[210.46585083007812]], [[230.94424438476562]], [[243.749755859375]], [[256.6885986328125]], [[272.2884216308594]], [[290.59210205078125]], [[306.44610595703125]], [[322.3567199707031]], [[338.52716064453125]], [[346.609130859375]], [[363.0163269042969]], [[382.2928466796875]], [[399.0982971191406]], [[418.9576416015625]], [[433.3382568359375]], [[453.7501525878906]], [[462.6922607421875]], [[483.6551513671875]], [[505.08758544921875]], [[520.712158203125]], [[546.3192138671875]], [[559.2901000976562]], [[579.2020263671875]], [[599.5792846679688]], [[624.00830078125]], [[645.5164794921875]], [[660.2120361328125]], [[698.0654296875]], [[717.7660522460938]], [[758.5823974609375]], [[762.7823486328125]], [[792.859619140625]], [[842.794677734375]], [[856.9882202148438]], [[896.1024169921875]], [[926.8109130859375]], [[953.488525390625]], [[980.9960327148438]], [[1027.1080322265625]], [[0.05844400078058243]], [[9.127904891967773]], [[13.659576416015625]], [[24.238262176513672]], [[36.34107208251953]], [[43.924076080322266]], [[53.02439498901367]], [[59.085906982421875]], [[72.71981048583984]], [[78.80484008789062]], [[89.44317626953125]], [[95.52732849121094]], [[109.26428985595703]], [[113.79621124267578]], [[126.09756469726562]], [[133.7591094970703]], [[142.98544311523438]], [[160.02490234375]], [[169.352294921875]], [[178.73194885253906]], [[189.7140350341797]], [[194.4774169921875]], [[202.37319946289062]], [[216.7464141845703]], [[226.38987731933594]], [[236.12123107910156]], [[245.9117889404297]], [[255.81430053710938]], [[265.7886047363281]], [[277.5452575683594]], [[282.6214599609375]], [[296.329345703125]], [[308.4516906738281]], [[317.23779296875]], [[327.9035339355469]], [[336.91693115234375]], [[347.83636474609375]], [[360.8227844238281]], [[372.1488037109375]], [[383.6073913574219]], [[393.3518371582031]], [[407.2148742675781]], [[429.6463623046875]], [[442.2447814941406]], [[455.064208984375]], [[472.6162109375]], [[479.38104248046875]], [[493.0538635253906]], [[507.10260009765625]], [[526.3428955078125]], [[533.7454833984375]], [[551.4122314453125]]]}