{"vc": [[-0.10628457367420197, 0.0, 0.0], [0.0, -0.08979888260364532, 0.08970490843057632], [-0.040109943598508835, 0.32448282837867737, -0.32465940713882446], [-0.13520309329032898, 0.0, 0.0], [0.0, 0.0, 0.0], [0.0, 0.0, 0.0], [0.0, 0.020791487768292427, -0.02090759202837944], [0.0, 0.0, 0.0], [0.0, 0.0, 0.0], [0.42785072326660156, 0.0, 0.0]], "true_y1": [[[0.4006600081920624]], [[22.734535217285156]], [[26.826690673828125]], [[38.742218017578125]], [[49.293968200683594]], [[58.5427360534668]], [[61.13190460205078]], [[70.8268051147461]], [[76.55391693115234]], [[82.55023193359375]], [[85.98234558105469]], [[87.87816619873047]], [[89.48808288574219]], [[90.8647689819336]], [[93.49283599853516]], [[94.94642639160156]], [[95.99835968017578]], [[96.91759490966797]], [[97.4289779663086]], [[98.13388061523438]], [[98.45171356201172]], [[98.58313751220703]], [[98.6803207397461]], [[98.69815063476562]], [[98.70463562011719]], [[98.6890869140625]], [[98.6776123046875]], [[98.64252471923828]], [[98.60556030273438]], [[98.57112884521484]], [[98.5112075805664]], [[98.47957611083984]], [[98.422119140625]], [[98.388671875]], [[98.3284683227539]], [[98.27578735351562]], [[98.2225112915039]], [[98.17767333984375]], [[98.11430358886719]], [[98.04132080078125]], [[98.00466918945312]], [[1.0533000230789185]], [[10.17343807220459]], [[16.08329200744629]], [[24.634033203125]], [[32.543312072753906]], [[37.377933502197266]], [[44.1219596862793]], [[51.84328842163086]], [[56.70515441894531]], [[62.1697883605957]], [[63.31184768676758]], [[65.48014068603516]], [[70.56212615966797]], [[71.2197036743164]], [[73.51407623291016]], [[74.4524917602539]], [[75.64604187011719]], [[76.90840148925781]], [[78.25440979003906]], [[79.80964660644531]], [[80.0625]], [[80.39061737060547]], [[80.52727508544922]], [[80.60260772705078]], [[80.63422393798828]], [[80.63662719726562]], [[80.61822509765625]], [[80.58944702148438]], [[80.53392028808594]], [[80.47584533691406]], [[80.01691436767578]], [[79.94598388671875]], [[79.84471893310547]], [[79.75621032714844]], [[79.68173217773438]], [[79.57579803466797]], [[1.104699969291687]], [[5.564949989318848]], [[12.188490867614746]], [[20.655860900878906]], [[22.611225128173828]], [[30.194355010986328]], [[33.637901306152344]], [[40.0004997253418]], [[42.801876068115234]], [[45.420753479003906]], [[50.0424919128418]], [[53.89625930786133]], [[55.56428527832031]], [[57.7513427734375]], [[59.028770446777344]], [[61.2360954284668]], [[63.00078201293945]], [[65.2850341796875]], [[65.78717041015625]], [[66.63806915283203]], [[67.46092987060547]], [[68.53889465332031]], [[68.93782043457031]], [[69.28495025634766]], [[69.40225982666016]], [[69.52498626708984]], [[69.61677551269531]], [[69.64387512207031]], [[69.65339660644531]], [[69.64034271240234]], [[69.6189193725586]], [[69.57567596435547]], [[69.54579162597656]], [[69.48546600341797]], [[69.45708465576172]], [[69.35404968261719]], [[69.2641372680664]], [[69.15699768066406]], [[69.09526824951172]], [[0.6033599972724915]], [[10.351469039916992]], [[15.951610565185547]], [[23.06186294555664]], [[26.37701416015625]], [[29.555391311645508]], [[35.424949645996094]], [[39.38405990600586]], [[42.949161529541016]], [[46.13551712036133]], [[48.96805953979492]], [[51.46747970581055]], [[52.960731506347656]], [[55.586666107177734]], [[57.25412368774414]], [[59.57622528076172]], [[62.312721252441406]], [[63.33469009399414]], [[64.18020629882812]], [[65.03549194335938]], [[65.94397735595703]], [[66.4381103515625]], [[67.03811645507812]], [[67.372802734375]], [[67.51085662841797]], [[67.77750396728516]], [[67.95616149902344]], [[68.099853515625]], [[68.2171630859375]], [[68.29823303222656]], [[68.3923110961914]], [[68.46866607666016]], [[68.51470947265625]], [[68.5704345703125]], [[68.60449981689453]], [[68.6293716430664]], [[68.66838073730469]], [[68.70269775390625]], [[68.72929382324219]], [[68.7538833618164]], [[68.77313995361328]], [[68.79151153564453]], [[68.81947326660156]], [[68.83965301513672]], [[68.85929870605469]], [[0.35506001114845276]], [[8.228272438049316]], [[14.334376335144043]], [[24.258209228515625]], [[31.69283103942871]], [[37.14016342163086]], [[42.623992919921875]], [[46.40898513793945]], [[51.21218490600586]], [[53.10184860229492]], [[55.45466613769531]], [[57.567115783691406]], [[59.373504638671875]], [[59.91720199584961]], [[60.69974136352539]], [[61.35272979736328]], [[62.28180694580078]], [[62.766014099121094]], [[63.23238754272461]], [[63.46229553222656]], [[63.80998611450195]], [[64.10648345947266]], [[64.22064208984375]], [[64.4957046508789]], [[64.65070343017578]], [[64.822265625]], [[64.98165130615234]], [[65.13053894042969]], [[65.27273559570312]], [[65.40774536132812]], [[65.49520111083984]], [[65.66609954833984]], [[65.77013397216797]], [[65.91307067871094]], [[65.97447204589844]], [[66.15541076660156]], [[66.2559814453125]], [[66.3555679321289]], [[66.43623352050781]], [[66.65795135498047]], [[66.73870086669922]], [[66.84083557128906]], [[66.98483276367188]], [[67.10961151123047]], [[67.21491241455078]], [[67.32025146484375]], [[67.49211120605469]], [[67.64411163330078]], [[67.79867553710938]], [[67.86556243896484]], [[68.00004577636719]], [[68.13673400878906]], [[68.29833221435547]], [[68.41531372070312]], [[68.53392028808594]], [[0.1057400032877922]], [[4.170108795166016]], [[13.078577041625977]], [[16.819473266601562]], [[22.10066795349121]], [[28.430721282958984]], [[31.88671875]], [[35.018104553222656]], [[39.30556869506836]], [[41.57330322265625]], [[43.93181228637695]], [[45.636173248291016]], [[47.670204162597656]], [[49.134422302246094]], [[50.3930778503418]], [[51.812923431396484]], [[52.57266616821289]], [[53.25859832763672]], [[53.99436569213867]], [[54.753814697265625]], [[55.338504791259766]], [[55.87018966674805]], [[56.36430358886719]], [[56.59648132324219]], [[57.042137145996094]], [[57.528717041015625]], [[57.92631912231445]], [[58.37030792236328]], [[58.67728805541992]], [[59.09569549560547]], [[59.27346420288086]], [[59.678924560546875]], [[60.079376220703125]], [[60.3636360168457]], [[60.817447662353516]], [[61.04222106933594]], [[61.38126754760742]], [[61.721290588378906]], [[62.1203727722168]], [[62.464508056640625]], [[62.6959228515625]], [[63.27867126464844]], [[63.57459259033203]], [[64.17210388183594]], [[64.23241424560547]], [[64.65798950195312]], [[65.3404541015625]], [[65.52903747558594]], [[66.03660583496094]], [[66.42283630371094]], [[66.74980926513672]], [[67.07878875732422]], [[67.6121597290039]], [[0.05844400078058243]], [[3.6933157444000244]], [[5.493721008300781]], [[9.620879173278809]], [[14.150588989257812]], [[16.851634979248047]], [[19.929306030273438]], [[21.871801376342773]], [[25.909564971923828]], [[27.56137466430664]], [[30.229862213134766]], [[31.63463592529297]], [[34.50264358520508]], [[35.36259841918945]], [[37.5022087097168]], [[38.70381546020508]], [[40.03263473510742]], [[42.194828033447266]], [[43.24302291870117]], [[44.21637725830078]], [[45.26769256591797]], [[45.69773864746094]], [[46.380088806152344]], [[47.53758239746094]], [[48.26261901855469]], [[48.959354400634766]], [[49.630126953125]], [[50.28230285644531]], [[50.91645431518555]], [[51.639156341552734]], [[51.94401168823242]], [[52.748741149902344]], [[53.44108200073242]], [[53.93329620361328]], [[54.52142333984375]], [[55.011322021484375]], [[55.59705352783203]], [[56.28376007080078]], [[56.87474822998047]], [[57.465763092041016]], [[57.96323776245117]], [[58.66323471069336]], [[59.77737045288086]], [[60.393280029296875]], [[61.012760162353516]], [[61.8490104675293]], [[62.16759490966797]], [[62.80510330200195]], [[63.45109939575195]], [[64.32069396972656]], [[64.65054321289062]], [[65.427001953125]]]}