{"vc": [[0.0008348826668225229, 0.0, 0.0], [0.0, 0.0, 0.0], [0.037593282759189606, -0.04886845499277115, 0.04883326217532158], [0.20447887480258942, 0.0, 0.0], [0.0, 0.0, 0.0], [0.0, 0.0, 0.0], [0.0, 0.0011856917990371585, 0.0], [0.0, 0.0, 0.0], [0.0, 0.0, 0.0], [0.9017841815948486, 0.0, 0.0]], "true_y1": [[[0.4006600081920624]], [[49.84639358520508]], [[59.367897033691406]], [[88.694580078125]], [[117.68339538574219]], [[146.88966369628906]], [[155.9796905517578]], [[195.40391540527344]], [[224.767822265625]], [[264.23370361328125]], [[293.72747802734375]], [[313.56427001953125]], [[333.32330322265625]], [[353.1710510253906]], [[403.3267517089844]], [[443.59588623046875]], [[484.0624084472656]], [[534.98681640625]], [[575.8461303710938]], [[669.27734375]], [[753.8563232421875]], [[818.234130859375]], [[917.2853393554688]], [[962.3670654296875]], [[1042.892822265625]], [[1125.89208984375]], [[1162.2547607421875]], [[1249.633544921875]], [[1327.333984375]], [[1394.534423828125]], [[1506.9091796875]], [[1565.6190185546875]], [[1673.238037109375]], [[1737.1424560546875]], [[1855.71923828125]], [[1964.28955078125]], [[2079.739501953125]], [[2182.0654296875]], [[2336.03369140625]], [[2529.323486328125]], [[2633.855712890625]], [[1.0533000230789185]], [[21.15793800354004]], [[34.54027557373047]], [[54.78493881225586]], [[74.94955444335938]], [[88.2688217163086]], [[108.64358520507812]], [[135.75946044921875]], [[156.02401733398438]], [[183.5489959716797]], [[190.20578002929688]], [[204.02272033691406]], [[245.4083251953125]], [[252.15402221679688]], [[279.83294677734375]], [[293.70709228515625]], [[314.60302734375]], [[342.68603515625]], [[384.9084167480469]], [[477.75531005859375]], [[506.5855407714844]], [[565.3524780273438]], [[609.9935302734375]], [[655.5420532226562]], [[701.6343994140625]], [[740.8162841796875]], [[788.8250732421875]], [[829.6679077148438]], [[888.2904663085938]], [[939.9074096679688]], [[1290.128173828125]], [[1345.9630126953125]], [[1427.947998046875]], [[1502.328857421875]], [[1567.2691650390625]], [[1663.9365234375]], [[1.104699969291687]], [[10.959792137145996]], [[25.911745071411133]], [[46.005592346191406]], [[50.87462615966797]], [[70.93540954589844]], [[80.85321807861328]], [[101.09939575195312]], [[111.07025146484375]], [[121.17311096191406]], [[141.46719360351562]], [[161.8644256591797]], [[172.1191864013672]], [[187.39964294433594]], [[197.5804443359375]], [[218.24609375]], [[238.87014770507812]], [[275.1656799316406]], [[285.5597229003906]], [[306.49267578125]], [[332.8121032714844]], [[386.0992736816406]], [[418.45355224609375]], [[462.1270751953125]], [[484.40557861328125]], [[517.9825439453125]], [[563.481689453125]], [[592.58984375]], [[628.252197265625]], [[670.5507202148438]], [[701.3590698242188]], [[745.7779541015625]], [[771.470703125]], [[817.9548950195312]], [[838.3909912109375]], [[908.7988891601562]], [[968.06591796875]], [[1038.3709716796875]], [[1079.297119140625]], [[0.6033599972724915]], [[22.359907150268555]], [[35.3375129699707]], [[52.74201583862305]], [[61.36444091796875]], [[70.03541564941406]], [[87.41667175292969]], [[100.49369812011719]], [[113.56439208984375]], [[126.64078521728516]], [[139.74911499023438]], [[152.8751678466797]], [[161.62603759765625]], [[179.23397827148438]], [[192.3916015625]], [[214.51365661621094]], [[250.0911407470703]], [[267.9705810546875]], [[285.93511962890625]], [[308.48681640625]], [[340.2521057128906]], [[363.1196594238281]], [[400.25067138671875]], [[428.476806640625]], [[442.6042175292969]], [[476.0622863769531]], [[505.1918029785156]], [[534.7557373046875]], [[564.9837646484375]], [[590.49755859375]], [[626.9447021484375]], [[664.2822875976562]], [[691.5217895507812]], [[730.9743041992188]], [[759.5881958007812]], [[783.1516723632812]], [[825.5841674804688]], [[869.5234375]], [[908.6138305664062]], [[949.1748657226562]], [[984.1692504882812]], [[1020.3529663085938]], [[1080.927734375]], [[1128.9051513671875]], [[1179.1011962890625]], [[0.35506001114845276]], [[17.943574905395508]], [[32.03818893432617]], [[56.729827880859375]], [[77.79660034179688]], [[95.61246490478516]], [[116.84580993652344]], [[134.53298950195312]], [[163.03993225097656]], [[177.24554443359375]], [[198.82579040527344]], [[224.00302124023438]], [[253.06167602539062]], [[263.9602355957031]], [[282.2254943847656]], [[300.59429931640625]], [[334.0690002441406]], [[356.5919494628906]], [[383.1849365234375]], [[398.62353515625]], [[425.74786376953125]], [[453.3537902832031]], [[465.30224609375]], [[497.6236877441406]], [[518.2994384765625]], [[543.4881591796875]], [[569.209716796875]], [[595.357177734375]], [[622.2951049804688]], [[649.664794921875]], [[668.324951171875]], [[706.880859375]], [[731.6875]], [[767.3892822265625]], [[783.2952270507812]], [[832.140869140625]], [[860.5643310546875]], [[889.6166381835938]], [[913.8178100585938]], [[983.5216064453125]], [[1010.1097412109375]], [[1044.70556640625]], [[1095.3939208984375]], [[1141.2332763671875]], [[1181.385986328125]], [[1222.9788818359375]], [[1294.1103515625]], [[1360.6832275390625]], [[1432.2335205078125]], [[1464.4901123046875]], [[1531.883056640625]], [[1604.0960693359375]], [[1694.7333984375]], [[1764.2232666015625]], [[1838.2806396484375]], [[0.1057400032877922]], [[9.240848541259766]], [[29.84547233581543]], [[38.97773361206055]], [[52.69462966918945]], [[71.08197021484375]], [[82.47064971923828]], [[93.98528289794922]], [[112.3994140625]], [[123.906494140625]], [[137.7480926513672]], [[149.3555908203125]], [[165.64590454101562]], [[179.60816955566406]], [[193.64442443847656]], [[212.51083374023438]], [[224.3134002685547]], [[236.24331665039062]], [[250.6333770751953]], [[267.5279846191406]], [[282.1715087890625]], [[296.8776550292969]], [[311.83551025390625]], [[319.3161315917969]], [[334.5127258300781]], [[352.3856506347656]], [[367.9851379394531]], [[386.4422302246094]], [[399.82379150390625]], [[418.8426818847656]], [[427.1841735839844]], [[446.7632141113281]], [[466.81732177734375]], [[481.46136474609375]], [[505.50762939453125]], [[517.7105712890625]], [[536.4741821289062]], [[555.7156982421875]], [[578.8370971679688]], [[599.2439575195312]], [[613.2144775390625]], [[649.3050537109375]], [[668.1489868164062]], [[707.3253173828125]], [[711.366943359375]], [[740.36767578125]], [[788.7390747070312]], [[802.5394287109375]], [[840.6878662109375]], [[870.7593383789062]], [[896.969970703125]], [[924.0799560546875]], [[969.7158813476562]], [[0.05844400078058243]], [[8.384679794311523]], [[12.544963836669922]], [[22.25663185119629]], [[33.36747741699219]], [[40.329002380371094]], [[48.68360137939453]], [[54.24851608276367]], [[66.76596069335938]], [[72.3530044555664]], [[82.12137603759766]], [[87.70843505859375]], [[100.32459259033203]], [[104.48731231689453]], [[115.78820037841797]], [[122.82807159423828]], [[131.30746459960938]], [[146.97323608398438]], [[155.55238342285156]], [[164.18264770507812]], [[174.2916259765625]], [[178.67788696289062]], [[185.95083618164062]], [[199.19815063476562]], [[208.0924530029297]], [[217.07337951660156]], [[226.11497497558594]], [[235.26657104492188]], [[244.4916534423828]], [[255.37501525878906]], [[260.0776062011719]], [[272.7875671386719]], [[284.04144287109375]], [[292.206787109375]], [[302.12921142578125]], [[310.5235595703125]], [[320.7046203613281]], [[332.830078125]], [[343.4210205078125]], [[354.15142822265625]], [[363.2892761230469]], [[376.3099060058594]], [[397.4312744140625]], [[409.323486328125]], [[421.44677734375]], [[438.08319091796875]], [[444.50689697265625]], [[457.51055908203125]], [[470.90032958984375]], [[489.2858581542969]], [[496.3743896484375]], [[513.3253173828125]]]}