{"vc": [[-0.07476339489221573, 0.0, 0.0], [0.0, -0.0584750659763813, 0.05837463214993477], [-0.014758181758224964, 0.30995452404022217, -0.31002649664878845], [-0.021102583035826683, 0.0, 0.0], [0.0, 0.0, 0.0], [0.0, 0.0, 0.0], [0.0, 0.013419787399470806, -0.013678054325282574], [0.0, 0.0, 0.0], [0.0, 0.0, 0.0], [0.5954453349113464, 0.0, 0.0]], "true_y1": [[[0.4006600081920624]], [[32.00722122192383]], [[37.823577880859375]], [[54.83968734741211]], [[70.04520416259766]], [[83.52203369140625]], [[87.32640838623047]], [[101.72882080078125]], [[110.3847885131836]], [[119.61190795898438]], [[124.99618530273438]], [[128.0135040283203]], [[130.6063690185547]], [[132.85107421875]], [[137.23306274414062]], [[139.7399139404297]], [[141.6177215576172]], [[143.335693359375]], [[144.3478240966797]], [[145.89537048339844]], [[146.755859375]], [[147.21917724609375]], [[147.74395751953125]], [[147.93380737304688]], [[148.22332763671875]], [[148.47520446777344]], [[148.57484436035156]], [[148.79452514648438]], [[148.97178649902344]], [[149.11459350585938]], [[149.33631896972656]], [[149.4451141357422]], [[149.634033203125]], [[149.740478515625]], [[149.92794799804688]], [[150.08921813964844]], [[150.25083923339844]], [[150.3862762451172]], [[150.57737731933594]], [[150.79779052734375]], [[150.9088134765625]], [[1.0533000230789185]], [[13.995331764221191]], [[22.403648376464844]], [[34.61851501464844]], [[45.99029541015625]], [[52.987388610839844]], [[62.822425842285156]], [[74.21934509277344]], [[81.49299621582031]], [[89.78761291503906]], [[91.54076385498047]], [[94.89180755615234]], [[102.8924560546875]], [[103.94712829589844]], [[107.67573547363281]], [[109.22794342041016]], [[111.23292541503906]], [[113.40457916259766]], [[115.81256866455078]], [[118.87632751464844]], [[119.45341491699219]], [[120.31652069091797]], [[120.7801513671875]], [[121.14105224609375]], [[121.42605590820312]], [[121.6229019165039]], [[121.8228530883789]], [[121.96631622314453]], [[122.14109802246094]], [[122.27263641357422]], [[122.8901596069336]], [[122.96771240234375]], [[123.07435607910156]], [[123.164794921875]], [[123.23950958251953]], [[123.34430694580078]], [[1.104699969291687]], [[7.452404975891113]], [[16.898746490478516]], [[29.029985427856445]], [[31.843441009521484]], [[42.81087112426758]], [[47.827178955078125]], [[57.17158889770508]], [[61.32344436645508]], [[65.22979736328125]], [[72.19386291503906]], [[78.08621215820312]], [[80.66693115234375]], [[84.08499145507812]], [[86.10275268554688]], [[89.63568115234375]], [[92.5148696899414]], [[96.3505859375]], [[97.21807861328125]], [[98.71832275390625]], [[100.22069549560547]], [[102.3336410522461]], [[103.2055435180664]], [[104.06806182861328]], [[104.40816497802734]], [[104.82869720458984]], [[105.26910400390625]], [[105.49446868896484]], [[105.72698211669922]], [[105.95619201660156]], [[106.09919738769531]], [[106.27879333496094]], [[106.3713607788086]], [[106.52254486083984]], [[106.58353424072266]], [[106.77395629882812]], [[106.91598510742188]], [[107.06861114501953]], [[107.15116119384766]], [[0.6033599972724915]], [[14.50478744506836]], [[22.51759910583496]], [[32.73846435546875]], [[37.528141021728516]], [[42.138221740722656]], [[50.70802307128906]], [[56.53897476196289]], [[61.83264923095703]], [[66.60535430908203]], [[70.88736724853516]], [[74.70248413085938]], [[77.00106048583984]], [[81.08512878417969]], [[83.71190643310547]], [[87.42577362060547]], [[91.92050170898438]], [[93.64808654785156]], [[95.10745239257812]], [[96.6220474243164]], [[98.29408264160156]], [[99.24588012695312]], [[100.46847534179688]], [[101.20182037353516]], [[101.52078247070312]], [[102.1767349243164]], [[102.65868377685547]], [[103.08421325683594]], [[103.46845245361328]], [[103.76140594482422]], [[104.14104461669922]], [[104.49307250976562]], [[104.73140716552734]], [[105.05458068847656]], [[105.2755126953125]], [[105.45027923583984]], [[105.7509994506836]], [[106.04621887207031]], [[106.29704284667969]], [[106.54698181152344]], [[106.75498962402344]], [[106.9632339477539]], [[107.29756164550781]], [[107.55062103271484]], [[107.80506896972656]], [[0.35506001114845276]], [[11.606551170349121]], [[20.356983184814453]], [[34.66584777832031]], [[45.49783706665039]], [[53.52421188354492]], [[61.70968246459961]], [[67.44097137451172]], [[74.84647369384766]], [[77.814453125]], [[81.56929779052734]], [[85.0168228149414]], [[88.04956817626953]], [[88.98410034179688]], [[90.35321807861328]], [[91.52335357666016]], [[93.2492446899414]], [[94.18882751464844]], [[95.13082122802734]], [[95.61231994628906]], [[96.36753845214844]], [[97.04290008544922]], [[97.31196594238281]], [[97.98397064208984]], [[98.37881469726562]], [[98.83055114746094]], [[99.26461029052734]], [[99.6827621459961]], [[100.09339141845703]], [[100.4930191040039]], [[100.75668334960938]], [[101.28195190429688]], [[101.60762023925781]], [[102.06143951416016]], [[102.2584228515625]], [[102.84497833251953]], [[103.17439270019531]], [[103.50261688232422]], [[103.76976013183594]], [[104.50897216796875]], [[104.7796630859375]], [[105.12297058105469]], [[105.60844421386719]], [[106.03028106689453]], [[106.3869400024414]], [[106.7442626953125]], [[107.32813262939453]], [[107.84528350830078]], [[108.37169647216797]], [[108.59962463378906]], [[109.05810546875]], [[109.52433013916016]], [[110.07569122314453]], [[110.47492980957031]], [[110.87974548339844]], [[0.1057400032877922]], [[5.948209762573242]], [[18.782825469970703]], [[24.19519805908203]], [[31.872835159301758]], [[41.15454864501953]], [[46.2712516784668]], [[50.94602584838867]], [[57.421783447265625]], [[60.89080047607422]], [[64.5391616821289]], [[67.20662689208984]], [[70.43195343017578]], [[72.788330078125]], [[74.84245300292969]], [[77.19869995117188]], [[78.48002624511719]], [[79.65138244628906]], [[80.92528533935547]], [[82.26173400878906]], [[83.307373046875]], [[84.27205657958984]], [[85.18116760253906]], [[85.61268615722656]], [[86.44891357421875]], [[87.37389373779297]], [[88.13887023925781]], [[89.00242614746094]], [[89.6049575805664]], [[90.43287658691406]], [[90.78680419921875]], [[91.5984878540039]], [[92.40560913085938]], [[92.98146057128906]], [[93.90514373779297]], [[94.3643798828125]], [[95.05899047851562]], [[95.75760650634766]], [[96.5797348022461]], [[97.29025268554688]], [[97.76873779296875]], [[98.97572326660156]], [[99.58954620361328]], [[100.83036804199219]], [[100.95569610595703]], [[101.84042358398438]], [[103.26011657714844]], [[103.65254974365234]], [[104.70893096923828]], [[105.51283264160156]], [[106.19336700439453]], [[106.87801361083984]], [[107.9878158569336]], [[0.05844400078058243]], [[5.336219310760498]], [[7.9520649909973145]], [[13.956494331359863]], [[20.566783905029297]], [[24.52300453186035]], [[29.04833221435547]], [[31.916080474853516]], [[37.912376403808594]], [[40.381649017333984]], [[44.394649505615234]], [[46.52067947387695]], [[50.89493179321289]], [[52.21644973754883]], [[55.52725601196289]], [[57.40240478515625]], [[59.49089050292969]], [[62.92648696899414]], [[64.6104965209961]], [[66.18609619140625]], [[67.90143585205078]], [[68.60731506347656]], [[69.73246765136719]], [[71.65575408935547]], [[72.86991119384766]], [[74.04342651367188]], [[75.17930603027344]], [[76.2892074584961]], [[77.37338256835938]], [[78.61450958251953]], [[79.13971710205078]], [[80.53046417236328]], [[81.7315673828125]], [[82.58778381347656]], [[83.61308288574219]], [[84.46879577636719]], [[85.49365997314453]], [[86.69732666015625]], [[87.73477172851562]], [[88.77348327636719]], [[89.64859771728516]], [[90.8810043334961]], [[92.84444427490234]], [[93.93059539794922]], [[95.02339172363281]], [[96.49896240234375]], [[97.0611801147461]], [[98.18626403808594]], [[99.32632446289062]], [[100.8608627319336]], [[101.44286346435547]], [[102.81269073486328]]]}