{"vc": [[-0.09421438723802567, 0.0, 0.0], [0.0, -0.8411948680877686, 0.8421281576156616], [-0.023553946986794472, 0.06887250393629074, -0.06884083151817322], [-0.28173670172691345, 0.0, 0.0], [0.0, 0.0, 0.0], [0.0, 0.0, 0.0], [0.0, 0.352090984582901, -0.3516538143157959], [0.0, 0.0, 0.0], [0.0, 0.0, 0.0], [0.05402693897485733, 0.0, 0.0]], "true_y1": [[[0.4006600081920624]], [[2.4189562797546387]], [[2.7635624408721924]], [[3.701517343521118]], [[4.434804916381836]], [[4.988034248352051]], [[5.126103401184082]], [[5.5689897537231445]], [[5.767430305480957]], [[5.911314964294434]], [[5.955013751983643]], [[5.9628777503967285]], [[5.957752704620361]], [[5.9424357414245605]], [[5.872358322143555]], [[5.795759677886963]], [[5.708798885345459]], [[5.591865539550781]], [[5.495185375213623]], [[5.272189140319824]], [[5.0728631019592285]], [[4.924288272857666]], [[4.702056407928467]], [[4.603654384613037]], [[4.432374000549316]], [[4.26204776763916]], [[4.1894612312316895]], [[4.020195007324219]], [[3.875854730606079]], [[3.755728006362915]], [[3.5645482540130615]], [[3.469430923461914]], [[3.303354501724243]], [[3.2096710205078125]], [[3.045175552368164]], [[2.9046921730041504]], [[2.765261650085449]], [[2.649696111679077]], [[2.488880157470703]], [[2.3070337772369385]], [[2.217029333114624]], [[1.0533000230789185]], [[1.8155124187469482]], [[2.277034044265747]], [[2.8907487392425537]], [[3.3941454887390137]], [[3.6684675216674805]], [[4.005374908447266]], [[4.319634914398193]], [[4.473514080047607]], [[4.598479747772217]], [[4.617098331451416]], [[4.6440582275390625]], [[4.652792930603027]], [[4.646564483642578]], [[4.605525493621826]], [[4.577559947967529]], [[4.528661251068115]], [[4.453629970550537]], [[4.32840633392334]], [[4.032352924346924]], [[3.9391539096832275]], [[3.750777244567871]], [[3.6101341247558594]], [[3.4694108963012695]], [[3.330186367034912]], [[3.2145092487335205]], [[3.076263427734375]], [[2.9617652893066406]], [[2.802542209625244]], [[2.667423725128174]], [[1.877056360244751]], [[1.7707984447479248]], [[1.6239759922027588]], [[1.4998573064804077]], [[1.398228406906128]], [[1.257948875427246]], [[1.104699969291687]], [[1.451253890991211]], [[1.9338566064834595]], [[2.4863438606262207]], [[2.6026265621185303]], [[3.010089159011841]], [[3.1710102558135986]], [[3.4254300594329834]], [[3.5184624195098877]], [[3.593982458114624]], [[3.697282552719116]], [[3.749046802520752]], [[3.7596335411071777]], [[3.7601938247680664]], [[3.7521579265594482]], [[3.719611167907715]], [[3.6706507205963135]], [[3.558321952819824]], [[3.5220065116882324]], [[3.4451849460601807]], [[3.3437464237213135]], [[3.130279541015625]], [[2.999108076095581]], [[2.82310152053833]], [[2.734348773956299]], [[2.6023714542388916]], [[2.427553176879883]], [[2.318408727645874]], [[2.187762975692749]], [[2.0374035835266113]], [[1.9311405420303345]], [[1.7828929424285889]], [[1.6998659372329712]], [[1.5547974109649658]], [[1.4931352138519287]], [[1.2906506061553955]], [[1.1321802139282227]], [[0.958284854888916]], [[0.864005446434021]], [[0.6033599972724915]], [[1.3167481422424316]], [[1.6961424350738525]], [[2.136842727661133]], [[2.3243865966796875]], [[2.4923484325408936]], [[2.769176721572876]], [[2.92887544631958]], [[3.0516841411590576]], [[3.1424684524536133]], [[3.205954074859619]], [[3.246285915374756]], [[3.262208938598633]], [[3.2723240852355957]], [[3.264230966567993]], [[3.2277579307556152]], [[3.1278228759765625]], [[3.0650925636291504]], [[2.996595621109009]], [[2.9052019119262695]], [[2.7701358795166016]], [[2.670391321182251]], [[2.5068154335021973]], [[2.3825948238372803]], [[2.3207602500915527]], [[2.1757380962371826]], [[2.0515427589416504]], [[1.9278334379196167]], [[1.8040560483932495]], [[1.7018755674362183]], [[1.5597646236419678]], [[1.4191091060638428]], [[1.3197565078735352]], [[1.1808784008026123]], [[1.0839442014694214]], [[1.0065480470657349]], [[0.872769832611084]], [[0.7418911457061768]], [[0.632035493850708]], [[0.5246068239212036]], [[0.4372812807559967]], [[0.3521873354911804]], [[0.22147533297538757]], [[0.1282646358013153]], [[0.04035889357328415]], [[0.35506001114845276]], [[0.8942515850067139]], [[1.2879741191864014]], [[1.861637830734253]], [[2.2214393615722656]], [[2.4370310306549072]], [[2.6030449867248535]], [[2.6800613403320312]], [[2.717318296432495]], [[2.7063283920288086]], [[2.6630783081054688]], [[2.583763837814331]], [[2.467332124710083]], [[2.4190797805786133]], [[2.334381341934204]], [[2.245699882507324]], [[2.0787627696990967]], [[1.9645655155181885]], [[1.8293653726577759]], [[1.7511210441589355]], [[1.6146937608718872]], [[1.477803111076355]], [[1.4193074703216553]], [[1.2637107372283936]], [[1.1663975715637207]], [[1.050397515296936]], [[0.9350212216377258]], [[0.8210962414741516]], [[0.707433819770813]], [[0.5959528684616089]], [[0.5223309993743896]], [[0.3765218257904053]], [[0.2873222231864929]], [[0.16546449065208435]], [[0.11369979381561279]], [[-0.03530186414718628]], [[-0.11494666337966919]], [[-0.19086803495883942]], [[-0.24981090426445007]], [[-0.3972432017326355]], [[-0.4445713460445404]], [[-0.49864885210990906]], [[-0.5623639822006226]], [[-0.6039502024650574]], [[-0.6278309226036072]], [[-0.6402866840362549]], [[-0.6332331299781799]], [[-0.5957042574882507]], [[-0.5249238014221191]], [[-0.4837573766708374]], [[-0.38175442814826965]], [[-0.25278690457344055]], [[-0.07105107605457306]], [[0.07660818099975586]], [[0.2361464500427246]], [[0.1057400032877922]], [[0.3299435079097748]], [[0.8000935912132263]], [[0.9833816885948181]], [[1.2217249870300293]], [[1.4664303064346313]], [[1.575784683227539]], [[1.656171441078186]], [[1.729654312133789]], [[1.746557593345642]], [[1.7428948879241943]], [[1.7231656312942505]], [[1.6751315593719482]], [[1.619120478630066]], [[1.5522445440292358]], [[1.4498636722564697]], [[1.380360722541809]], [[1.3069138526916504]], [[1.2150574922561646]], [[1.103932499885559]], [[1.0056830644607544]], [[0.9059033393859863]], [[0.8038176894187927]], [[0.7526798844337463]], [[0.6488720774650574]], [[0.5272977352142334]], [[0.42198655009269714]], [[0.2987114191055298]], [[0.21042707562446594]], [[0.08678441494703293]], [[0.03330226615071297]], [[-0.09027531743049622]], [[-0.21378251910209656]], [[-0.30185502767562866]], [[-0.44231027364730835]], [[-0.5114896297454834]], [[-0.6149342656135559]], [[-0.7171218395233154]], [[-0.8343380093574524]], [[-0.9323582649230957]], [[-0.9963147640228271]], [[-1.1485646963119507]], [[-1.2198926210403442]], [[-1.3476142883300781]], [[-1.3590551614761353]], [[-1.4305062294006348]], [[-1.5024667978286743]], [[-1.5106189250946045]], [[-1.5004595518112183]], [[-1.4553745985031128]], [[-1.3872312307357788]], [[-1.2874029874801636]], [[-1.052529215812683]], [[0.05844400078058243]], [[0.17809832096099854]], [[0.23630231618881226]], [[0.3656045198440552]], [[0.49819451570510864]], [[0.5709834098815918]], [[0.6466112732887268]], [[0.6895430088043213]], [[0.7639890909194946]], [[0.7874759435653687]], [[0.8147566318511963]], [[0.822889506816864]], [[0.823007345199585]], [[0.8179566860198975]], [[0.7929818034172058]], [[0.7699522376060486]], [[0.7355823516845703]], [[0.6560103297233582]], [[0.6051371693611145]], [[0.5497217178344727]], [[0.4802928566932678]], [[0.44887664914131165]], [[0.3953162133693695]], [[0.29386916756629944]], [[0.2235594540834427]], [[0.15123960375785828]], [[0.07744104415178299]], [[0.0020574256777763367]], [[-0.07433531433343887]], [[-0.16461938619613647]], [[-0.20359055697917938]], [[-0.30851009488105774]], [[-0.4005867838859558]], [[-0.46671295166015625]], [[-0.5461106896400452]], [[-0.6123234033584595]], [[-0.6912782788276672]], [[-0.7831212282180786]], [[-0.8611494898796082]], [[-0.9378849864006042]], [[-1.0012151002883911]], [[-1.087935447692871]], [[-1.2186858654022217]], [[-1.2861765623092651]], [[-1.349835991859436]], [[-1.4277169704437256]], [[-1.4545469284057617]], [[-1.5027285814285278]], [[-1.5429095029830933]], 