{"vc": [[-0.10289300978183746, 0.0, 0.0], [0.0, -0.782728374004364, 0.7830252647399902], [-0.026678236201405525, 0.07354175299406052, -0.07360480725765228], [-0.29233798384666443, 0.0, 0.0], [0.0, 0.0, 0.0], [0.0, 0.0, 0.0], [0.0, 0.3263542056083679, -0.32683733105659485], [0.0, 0.0, 0.0], [0.0, 0.0, 0.0], [0.058986224234104156, 0.0, 0.0]], "true_y1": [[[0.4006600081920624]], [[2.645519971847534]], [[3.02875018119812]], [[4.070742130279541]], [[4.883457183837891]], [[5.4948506355285645]], [[5.647128105163574]], [[6.134596824645996]], [[6.352541923522949]], [[6.510705947875977]], [[6.559250354766846]], [[6.568513870239258]], [[6.563704490661621]], [[6.54788064956665]], [[6.474050045013428]], [[6.392856121063232]], [[6.300478458404541]], [[6.176061630249023]], [[6.07305383682251]], [[5.835026264190674]], [[5.621792316436768]], [[5.462593078613281]], [[5.224116325378418]], [[5.118403911590576]], [[4.9342498779296875]], [[4.750957012176514]], [[4.672800064086914]], [[4.490448951721191]], [[4.334853649139404]], [[4.205296039581299]], [[3.998992919921875]], [[3.8962998390197754]], [[3.7169148921966553]], [[3.6156773567199707]], [[3.4378347396850586]], [[3.2858645915985107]], [[3.134948492050171]], [[3.0097947120666504]], [[2.835524559020996]], [[2.638291597366333]], [[2.5405967235565186]], [[1.0533000230789185]], [[1.9071581363677979]], [[2.426081418991089]], [[3.1181020736694336]], [[3.6872715950012207]], [[3.9980220794677734]], [[4.380361557006836]], [[4.73818826675415]], [[4.914439678192139]], [[5.059368133544922]], [[5.08139705657959]], [[5.114029884338379]], [[5.131242275238037]], [[5.125507354736328]], [[5.084725856781006]], [[5.056050777435303]], [[5.005314826965332]], [[4.926748275756836]], [[4.794729232788086]], [[4.480735778808594]], [[4.381580352783203]], [[4.180846691131592]], [[4.030738830566406]], [[3.880364418029785]], [[3.7314281463623047]], [[3.6075665950775146]], [[3.4594101905822754]], [[3.336601734161377]], [[3.1656742095947266]], [[3.020491600036621]], [[2.1687746047973633]], [[2.053906202316284]], [[1.8950130939483643]], [[1.7605154514312744]], [[1.6502532958984375]], [[1.4978281259536743]], [[1.104699969291687]], [[1.4951196908950806]], [[2.041311025619507]], [[2.670142412185669]], [[2.8029932975769043]], [[3.2700819969177246]], [[3.4553747177124023]], [[3.74983811378479]], [[3.8582937717437744]], [[3.946924924850464]], [[4.070060729980469]], [[4.134804725646973]], [[4.149872779846191]], [[4.155116081237793]], [[4.149106502532959]], [[4.118580341339111]], [[4.069526672363281]], [[3.9536874294281006]], [[3.9158294200897217]], [[3.83540678024292]], [[3.7287535667419434]], [[3.5033483505249023]], [[3.364440441131592]], [[3.177725315093994]], [[3.083454132080078]], [[2.9431416988372803]], [[2.757063388824463]], [[2.6407687664031982]], [[2.5014469623565674]], [[2.340945243835449]], [[2.227411985397339]], [[2.068876028060913]], [[1.9800101518630981]], [[1.8245993852615356]], [[1.7584840059280396]], [[1.5411112308502197]], [[1.370666742324829]], [[1.183234453201294]], [[1.081405520439148]], [[0.6033599972724915]], [[1.4106416702270508]], [[1.8413996696472168]], [[2.3427138328552246]], [[2.5563178062438965]], [[2.747753620147705]], [[3.0636374950408936]], [[3.246241331100464]], [[3.387096881866455]], [[3.491791248321533]], [[3.565748691558838]], [[3.6137125492095947]], [[3.633411407470703]], [[3.6485772132873535]], [[3.642493486404419]], [[3.606919288635254]], [[3.504148483276367]], [[3.4387474060058594]], [[3.367035388946533]], [[3.27107834815979]], [[3.128941535949707]], [[3.0238184928894043]], [[2.851224422454834]], [[2.720022678375244]], [[2.654674768447876]], [[2.5013177394866943]], [[2.369879961013794]], [[2.2388603687286377]], [[2.1076700687408447]], [[1.999293327331543]], [[1.8484432697296143]], [[1.6989893913269043]], [[1.5933254957199097]], [[1.4454772472381592]], [[1.342168927192688]], [[1.2596088647842407]], [[1.1167278289794922]], [[0.9766891002655029]], [[0.8589084148406982]], [[0.7434728145599365]], [[0.649408757686615]], [[0.5575036406517029]], [[0.41571730375289917]], [[0.3139965832233429]], [[0.21740061044692993]], [[0.35506001114845276]], [[0.9687889814376831]], [[1.4178102016448975]], [[2.072514533996582]], [[2.4831011295318604]], [[2.729262590408325]], [[2.9195590019226074]], [[3.0090603828430176]], [[3.0562655925750732]], [[3.047020196914673]], [[3.003761053085327]], [[2.9217464923858643]], [[2.8000640869140625]], [[2.7494747638702393]], [[2.660566568374634]], [[2.5673890113830566]], [[2.391857862472534]], [[2.2717227935791016]], [[2.129448652267456]], [[2.0470902919769287]], [[1.9034545421600342]], [[1.7592835426330566]], [[1.697661280632019]], [[1.5336987972259521]], [[1.4311140775680542]], [[1.308786153793335]], [[1.1870633363723755]], [[1.066813349723816]], [[0.9467741847038269]], [[0.8289634585380554]], [[0.7511133551597595]], [[0.5967920422554016]], [[0.5022732019424438]], [[0.37296801805496216]], [[0.317960649728775]], [[0.15926524996757507]], [[0.07414168864488602]], [[-0.007278814911842346]], [[-0.07074026763439178]], [[-0.23100708425045013]], [[-0.28321826457977295]], [[-0.3436945676803589]], [[-0.41697657108306885]], [[-0.4675258994102478]], [[-0.49958550930023193]], [[-0.520898699760437]], [[-0.53000807762146]], [[-0.5087767243385315]], [[-0.45657220482826233]], [[-0.4240272641181946]], [[-0.34021276235580444]], [[-0.2304254025220871]], [[-0.07114246487617493]], [[0.061324313282966614]], [[0.2071799635887146]], [[0.1057400032877922]], [[0.3665370047092438]], [[0.9135262966156006]], [[1.1264878511428833]], [[1.4029066562652588]], [[1.6859441995620728]], [[1.8122587203979492]], [[1.9052667617797852]], [[1.991296410560608]], [[2.012352466583252]], [[2.010925769805908]], [[1.9913169145584106]], [[1.9415168762207031]], [[1.8827229738235474]], [[1.8122475147247314]], [[1.7041974067687988]], [[1.6308329105377197]], [[1.5533256530761719]], [[1.4564372301101685]], [[1.339303731918335]], [[1.2358168363571167]], [[1.1307899951934814]], [[1.0234102010726929]], [[0.9696485996246338]], [[0.8605732917785645]], [[0.7329331636428833]], [[0.622463583946228]], [[0.49327486753463745]], [[0.40084803104400635]], [[0.2715533971786499]], [[0.21568775177001953]], [[0.08676806092262268]], [[-0.041805461049079895]], [[-0.13328835368156433]], [[-0.278748482465744]], [[-0.3501552939414978]], [[-0.4565691649913788]], [[-0.5611715316772461]], [[-0.680347204208374]], [[-0.7791451215744019]], [[-0.8430695533752441]], [[-0.9928815364837646]], [[-1.0614640712738037]], [[-1.1799405813217163]], [[-1.1901456117630005]], [[-1.2511647939682007]], [[-1.299970030784607]], [[-1.3004018068313599]], [[-1.2673293352127075]], [[-1.2038542032241821]], [[-1.1208043098449707]], [[-1.0080219507217407]], [[-0.7607138156890869]], [[0.05844400078058243]], [[0.20773664116859436]], [[0.2804245948791504]], [[0.4419572651386261]], [[0.6075398325920105]], [[0.6983757615089417]], [[0.7927206158638]], [[0.846299409866333]], [[0.939514696598053]], [[0.9692020416259766]], [[1.0044310092926025]], [[1.0156210660934448]], [[1.0192610025405884]], [[1.014485478401184]], [[0.9884434342384338]], [[0.9636187553405762]], [[0.926155686378479]], [[0.8387824296951294]], [[0.7827582359313965]], [[0.721680760383606]], [[0.6451218128204346]], [[0.6104704737663269]], [[0.551382303237915]], [[0.43941086530685425]], [[0.36174678802490234]], [[0.28178900480270386]], [[0.2000962495803833]], [[0.1165165901184082]], [[0.031649187207221985]], [[-0.06892064213752747]], [[-0.11243817210197449]], [[-0.22997987270355225]], [[-0.3336821496486664]], [[-0.40854090452194214]], [[-0.4989287555217743]], [[-0.5748006701469421]], [[-0.6659727692604065]], [[-0.7731867432594299]], [[-0.8654841780662537]], [[-0.9576069712638855]], [[-1.034886360168457]], [[-1.1430408954620361]], [[-1.3132998943328857]], [[-1.4062024354934692]], [[-1.4986284971237183]], [[-1.621598482131958]], [[-1.667854905128479]], [[-1.7593530416488647]], [[-1.8505077362060547]], [[-1.9704482555389404]], [[-2.0150258541107178]], 