{"vc": [[-0.04701685532927513, 0.0, 0.0], [0.0, -0.04367944598197937, 0.04375501349568367], [0.005594015587121248, 0.30301472544670105, -0.3029438257217407], [0.07976645231246948, 0.0, 0.0], [0.0, 0.0, 0.0], [0.0, 0.0, 0.0], [0.0, 0.010124376974999905, -0.010181157849729061], [0.0, 0.0, 0.0], [0.0, 0.0, 0.0], [0.7397027611732483, 0.0, 0.0]], "true_y1": [[[0.4006600081920624]], [[40.014686584472656]], [[47.32907485961914]], [[68.80705261230469]], [[88.13633728027344]], [[105.41734313964844]], [[110.32713317871094]], [[129.07125854492188]], [[140.4827423095703]], [[152.8050994873047]], [[160.0904541015625]], [[164.21080017089844]], [[167.77682495117188]], [[170.88558959960938]], [[177.02410888671875]], [[180.58848571777344]], [[183.29222106933594]], [[185.79981994628906]], [[187.29783630371094]], [[189.63320922851562]], [[190.96942138671875]], [[191.70712280273438]], [[192.56488037109375]], [[192.8822479248047]], [[193.37416076660156]], [[193.80970764160156]], [[193.98374938964844]], [[194.37034606933594]], [[194.6844482421875]], [[194.93838500976562]], [[195.33334350585938]], [[195.52716064453125]], [[195.86329650878906]], [[196.05233764648438]], [[196.38442993164062]], [[196.66909790039062]], [[196.95335388183594]], [[197.19068908691406]], [[197.52423095703125]], [[197.9069366455078]], [[198.09889221191406]], [[1.0533000230789185]], [[17.290184020996094]], [[27.857646942138672]], [[43.2540397644043]], [[57.65681838989258]], [[66.56295776367188]], [[79.15337371826172]], [[93.8759765625]], [[103.36622619628906]], [[114.302001953125]], [[116.63166046142578]], [[121.1051254272461]], [[131.91409301757812]], [[133.35508728027344]], [[138.4868621826172]], [[140.6428680419922]], [[143.4482421875]], [[146.51791381835938]], [[149.97079467773438]], [[154.48292541503906]], [[155.35850524902344]], [[156.69639587402344]], [[157.43624877929688]], [[158.02810668945312]], [[158.50942993164062]], [[158.85140991210938]], [[159.20880126953125]], [[159.4725799560547]], [[159.8033905029297]], [[160.05966186523438]], [[161.33956909179688]], [[161.50367736816406]], [[161.73013305664062]], [[161.92250061035156]], [[162.0814208984375]], [[162.30401611328125]], [[1.104699969291687]], [[9.079198837280273]], [[20.962196350097656]], [[36.27127456665039]], [[39.83271026611328]], [[53.76898193359375]], [[60.17724609375]], [[72.18704986572266]], [[77.5590591430664]], [[82.6370849609375]], [[91.75588989257812]], [[99.5500259399414]], [[102.99068450927734]], [[107.57715606689453]], [[110.30232238769531]], [[115.11038208007812]], [[119.069091796875]], [[124.41452026367188]], [[125.63758087158203]], [[127.76819610595703]], [[129.92555236816406]], [[133.01573181152344]], [[134.31930541992188]], [[135.63504028320312]], [[136.1639862060547]], [[136.82904052734375]], [[137.54306030273438]], [[137.9176483154297]], [[138.3124542236328]], [[138.7115478515625]], [[138.9662628173828]], [[139.29298400878906]], [[139.46446228027344]], [[139.74899291992188]], [[139.86529541015625]], [[140.2334747314453]], [[140.51226806640625]], [[140.814697265625]], [[140.9790802001953]], [[0.6033599972724915]], [[18.08782386779785]], [[28.19015884399414]], [[41.121883392333984]], [[47.205535888671875]], [[53.07874298095703]], [[64.05196380615234]], [[71.56769561767578]], [[78.43267822265625]], [[84.66172790527344]], [[90.2872543334961]], [[95.3330078125]], [[98.39018249511719]], [[103.85803985595703]], [[107.40216064453125]], [[112.4554214477539]], [[118.65106201171875]], [[121.06072998046875]], [[123.11095428466797]], [[125.2550048828125]], [[127.64435577392578]], [[129.01678466796875]], [[130.795166015625]], [[131.8714599609375]], [[132.34207153320312]], [[133.31492614746094]], [[134.03416442871094]], [[134.6722869873047]], [[135.2507781982422]], [[135.69309997558594]], [[136.26751708984375]], [[136.80088806152344]], [[137.16207885742188]], [[137.6515350341797]], [[137.9857177734375]], [[138.2497100830078]], [[138.70303344726562]], [[139.14666748046875]], [[139.5223388671875]], [[139.8954315185547]], [[140.20492553710938]], [[140.5138397216797]], [[141.00778198242188]], [[141.3800048828125]], [[141.75283813476562]], [[0.35506001114845276]], [[14.520857810974121]], [[25.56092071533203]], [[43.7011833190918]], [[57.54662322998047]], [[67.89543914794922]], [[78.552001953125]], [[86.09017181396484]], [[95.94725036621094]], [[99.94204711914062]], [[105.0389633178711]], [[109.76708984375]], [[113.97034454345703]], [[115.27469635009766]], [[117.19384002685547]], [[118.84200286865234]], [[121.28626251220703]], [[122.6231460571289]], [[123.96710968017578]], [[124.6551284790039]], [[125.73506927490234]], [[126.7008056640625]], [[127.08533477783203]], [[128.04449462890625]], [[128.6068878173828]], [[129.24887084960938]], [[129.86395263671875]], [[130.45458984375]], [[131.0325927734375]], [[131.59303283691406]], [[131.9616241455078]], [[132.6930694580078]], [[133.14462280273438]], [[133.77139282226562]], [[134.04254150390625]], [[134.84681701660156]], [[135.2964630126953]], [[135.74307250976562]], [[136.1055450439453]], [[137.1038818359375]], [[137.46780395507812]], [[137.92813110351562]], [[138.57679748535156]], [[139.13832092285156]], [[139.61160278320312]], [[140.0844268798828]], [[140.854248046875]], [[141.53330993652344]], [[142.22193908691406]], [[142.51931762695312]], [[143.11605834960938]], [[143.72097778320312]], [[144.4339599609375]], [[144.94863891601562]], [[145.46917724609375]], [[0.1057400032877922]], [[7.481982707977295]], [[23.716371536254883]], [[30.586864471435547]], [[40.37194061279297]], [[52.28400421142578]], [[58.90044403076172]], [[64.98297882080078]], [[73.4781494140625]], [[78.06669616699219]], [[82.92418670654297]], [[86.49769592285156]], [[90.84449005126953]], [[94.03828430175781]], [[96.8343734741211]], [[100.05388641357422]], [[101.80902862548828]], [[103.41533660888672]], [[105.16316223144531]], [[106.99624633789062]], [[108.42875671386719]], [[109.74795532226562]], [[110.9881591796875]], [[111.57557678222656]], [[112.71117401123047]], [[113.96250915527344]], [[114.99311065673828]], [[116.15145111083984]], [[116.95630645751953]], [[118.05758666992188]], [[118.5267105102539]], [[119.59880828857422]], [[120.65973663330078]], [[121.41358184814453]], [[122.61756896972656]], [[123.21385955810547]], [[124.11295318603516]], [[125.01392364501953]], [[126.07013702392578]], [[126.97958374023438]], [[127.5903549194336]], [[129.1252899169922]], [[129.90289306640625]], [[131.46896362304688]], [[131.62672424316406]], [[132.73834228515625]], [[134.5148162841797]], [[135.00436401367188]], [[136.3190460205078]], [[137.31658935546875]], [[138.15914916992188]], [[139.00509643554688]], [[140.37286376953125]], [[0.05844400078058243]], [[6.754169940948486]], [[10.074690818786621]], [[17.7059268951416]], [[26.130474090576172]], [[31.18889045715332]], [[36.99404525756836]], [[40.685081481933594]], [[48.438575744628906]], [[51.64714431762695]], [[56.88319778442383]], [[59.66859436035156]], [[65.42538452148438]], [[67.1715087890625]], [[71.55984497070312]], [[74.05352783203125]], [[76.83715057373047]], [[81.42744445800781]], [[83.68054962158203]], [[85.78898620605469]], [[88.08333587646484]], [[89.02674102783203]], [[90.5291519165039]], [[93.09193420410156]], [[94.70518493652344]], [[96.26026153564453]], [[97.76099395751953]], [[99.22270202636719]], [[100.64569854736328]], [[102.26849365234375]], [[102.95315551757812]], [[104.76012420654297]], [[106.3136215209961]], [[107.41705322265625]], [[108.73408508300781]], [[109.82976531982422]], [[111.13792419433594]], [[112.66877746582031]], [[113.983642578125]], [[115.29603576660156]], [[116.39868927001953]], [[117.94705200195312]], [[120.40369415283203]], [[121.75765228271484]], [[123.11653137207031]], [[124.94629669189453]], [[125.64200592041016]], [[127.03191375732422]], [[128.43731689453125]], [[130.32447814941406]], [[131.03890991210938]], [[132.71775817871094]]]}