{"vc": [[-0.07651728391647339, 0.0, 0.0], [0.0, -0.05937393382191658, 0.05956286936998367], [-0.016266409307718277, 0.31069132685661316, -0.31049761176109314], [-0.027205759659409523, 0.0, 0.0], [0.0, 0.0, 0.0], [0.0, 0.0, 0.0], [0.0, 0.013919624499976635, -0.013909381814301014], [0.0, 0.0, 0.0], [0.0, 0.0, 0.0], [0.586652934551239, 0.0, 0.0]], "true_y1": [[[0.4006600081920624]], [[31.521657943725586]], [[37.248260498046875]], [[54.000343322753906]], [[68.96703338623047]], [[82.22838592529297]], [[85.97100067138672]], [[100.13411712646484]], [[108.6401138305664]], [[117.69876861572266]], [[122.97817993164062]], [[125.9334945678711]], [[128.47048950195312]], [[130.66429138183594]], [[134.93678283691406]], [[137.37124633789062]], [[139.18666076660156]], [[140.83717346191406]], [[141.8019256591797]], [[143.25682067871094]], [[144.0460205078125]], [[144.4602813720703]], [[144.91546630859375]], [[145.07533264160156]], [[145.3131866455078]], [[145.51377868652344]], [[145.59144592285156]], [[145.75938415527344]], [[145.89173889160156]], [[145.99647521972656]], [[146.15611267089844]], [[146.23326110839844]], [[146.3655548095703]], [[146.4392547607422]], [[146.56773376464844]], [[146.67701721191406]], [[146.78549194335938]], [[146.87564086914062]], [[147.00177001953125]], [[147.14576721191406]], [[147.2177276611328]], [[1.0533000230789185]], [[13.794811248779297]], [[22.072433471679688]], [[34.09653854370117]], [[45.28925323486328]], [[52.17512130737305]], [[61.851863861083984]], [[73.06106567382812]], [[80.21122741699219]], [[88.35948944091797]], [[90.08065795898438]], [[93.36920928955078]], [[101.21037292480469]], [[102.24246215820312]], [[105.88675689697266]], [[107.40116119384766]], [[109.3539810180664]], [[111.46319580078125]], [[113.79039001464844]], [[116.71379852294922]], [[117.25435638427734]], [[118.05001831054688]], [[118.46726989746094]], [[118.78413391113281]], [[119.02722930908203]], [[119.19013977050781]], [[119.3502197265625]], [[119.46098327636719]], [[119.59043884277344]], [[119.6833724975586]], [[120.06321716308594]], [[120.10556030273438]], [[120.16205596923828]], [[120.20856475830078]], [[120.2461166381836]], [[120.297607421875]], [[1.104699969291687]], [[7.353308200836182]], [[16.65176773071289]], [[28.592056274414062]], [[31.360992431640625]], [[42.15361022949219]], [[47.089054107666016]], [[56.280548095703125]], [[60.36315155029297]], [[64.20335388183594]], [[71.04624938964844]], [[76.83143615722656]], [[79.36329650878906]], [[82.71417236328125]], [[84.6905746459961]], [[88.14698028564453]], [[90.9583740234375]], [[94.69140625]], [[95.53268432617188]], [[96.983642578125]], [[98.4296875]], [[100.44319915771484]], [[101.2618408203125]], [[102.0586929321289]], [[102.36750793457031]], [[102.74315643310547]], [[103.1263198852539]], [[103.31681823730469]], [[103.50813293457031]], [[103.69027709960938]], [[103.80003356933594]], [[103.93296813964844]], [[103.99915313720703]], [[104.10357666015625]], [[104.14437103271484]], [[104.26675415039062]], [[104.35321807861328]], [[104.44183349609375]], [[104.48805236816406]], [[0.6033599972724915]], [[14.286942481994629]], [[22.173770904541016]], [[32.23310852050781]], [[36.946590423583984]], [[41.48289489746094]], [[49.91393280029297]], [[55.64873504638672]], [[60.85334777832031]], [[65.54376220703125]], [[69.74974822998047]], [[73.49475860595703]], [[75.74969482421875]], [[79.75275421142578]], [[82.32432556152344]], [[85.95415496826172]], [[90.33229064941406]], [[92.00804138183594]], [[93.41890716552734]], [[94.87682342529297]], [[96.475341796875]], [[97.3778076171875]], [[98.52515411376953]], [[99.20439147949219]], [[99.4970703125]], [[100.09246826171875]], [[100.52325439453125]], [[100.89799499511719]], [[101.23121643066406]], [[101.4816665649414]], [[101.80126953125]], [[102.09244537353516]], [[102.28671264648438]], [[102.54647827148438]], [[102.7217025756836]], [[102.8590087890625]], [[103.09268188476562]], [[103.31907653808594]], [[103.50924682617188]], [[103.69689178466797]], [[103.85173034667969]], [[104.00560760498047]], [[104.25041961669922]], [[104.43401336669922]], [[104.61722564697266]], [[0.35506001114845276]], [[11.429289817810059]], [[20.04155731201172]], [[34.12300109863281]], [[44.77996063232422]], [[52.673343658447266]], [[60.71794128417969]], [[66.34534454345703]], [[73.60539245605469]], [[76.50936889648438]], [[80.17567443847656]], [[83.53054809570312]], [[86.46707916259766]], [[87.3678207397461]], [[88.68252563476562]], [[89.80028533935547]], [[91.43531799316406]], [[92.31623077392578]], [[93.19075012207031]], [[93.63372802734375]], [[94.32211303710938]], [[94.93016815185547]], [[95.17024993896484]], [[95.76405334472656]], [[96.10892486572266]], [[96.49974060058594]], [[96.87147521972656]], [[97.22611999511719]], [[97.57115173339844]], [[97.90396881103516]], [[98.12200927734375]], [[98.55289459228516]], [[98.81782531738281]], [[99.18434143066406]], [[99.3425064086914]], [[99.81037902832031]], [[100.07121276855469]], [[100.32979583740234]], [[100.53933715820312]], [[101.11507415771484]], [[101.32447814941406]], [[101.58901977539062]], [[101.9612045288086]], [[102.28286743164062]], [[102.55362701416016]], [[102.82380676269531]], [[103.26306915283203]], [[103.6499252319336]], [[104.04166412353516]], [[104.21066284179688]], [[104.54949951171875]], [[104.89258575439453]], [[105.29647827148438]], [[105.58772277832031]], [[105.88201904296875]], [[0.1057400032877922]], [[5.854828834533691]], [[18.48418426513672]], [[23.809720993041992]], [[31.363309860229492]], [[40.492095947265625]], [[45.52188491821289]], [[50.11454391479492]], [[56.46980667114258]], [[59.86937713623047]], [[63.43914794921875]], [[66.044189453125]], [[69.1861801147461]], [[71.47422790527344]], [[73.46182250976562]], [[75.73104095458984]], [[76.95886993408203]], [[78.07660675048828]], [[79.28616333007812]], [[80.54715728759766]], [[81.52719116210938]], [[82.42557525634766]], [[83.26665496826172]], [[83.66388702392578]], [[84.42981719970703]], [[85.27093505859375]], [[85.96157836914062]], [[86.73576354980469]], [[87.27252960205078]], [[88.00557708740234]], [[88.3173828125]], [[89.02903747558594]], [[89.73212432861328]], [[90.23107147216797]], [[91.02696990966797]], [[91.42073822021484]], [[92.01398468017578]], [[92.6079330444336]], [[93.3035888671875]], [[93.90206909179688]], [[94.30374908447266]], [[95.3123779296875]], [[95.82292175292969]], [[96.85033416748047]], [[96.95377349853516]], [[97.68235778808594]], [[98.84573364257812]], [[99.16613006591797]], [[100.02615356445312]], [[100.67835235595703]], [[101.22898864746094]], [[101.78163146972656]], [[102.67475891113281]], [[0.05844400078058243]], [[5.249915599822998]], [[7.823006629943848]], [[13.729330062866211]], [[20.231386184692383]], [[24.12240219116211]], [[28.572311401367188]], [[31.391529083251953]], [[37.28333282470703]], [[39.707847595214844]], [[43.64493942260742]], [[45.728675842285156]], [[50.009666442871094]], [[51.30091094970703]], [[54.530250549316406]], [[56.35489273071289]], [[58.38248825073242]], [[61.70454025268555]], [[63.32536697387695]], [[64.83642578125]], [[66.47469329833984]], [[67.14657592773438]], [[68.21456909179688]], [[70.03099822998047]], [[71.17127990722656]], [[72.26837921142578]], [[73.32540893554688]], [[74.35350036621094]], [[75.3531494140625]], [[76.49187469482422]], [[76.9719467163086]], [[78.238037109375]], [[79.32560729980469]], [[80.09764862060547]], [[81.01870727539062]], [[81.78463745117188]], [[82.6987533569336]], [[83.76805114746094]], [[84.6861343383789]], [[85.6021957397461]], [[86.37164306640625]], [[87.45179748535156]], [[89.16486358642578]], [[90.10865783691406]], [[91.0556411743164]], [[92.33041381835938]], [[92.81499481201172]], [[93.78294372558594]], [[94.76145935058594]], [[96.07506561279297]], [[96.57227325439453]], [[97.74044799804688]]]}