{"vc": [[-0.12331340461969376, 0.0, 0.0], [0.0, -0.12627199292182922, 0.1266336441040039], [-0.04541170597076416, 0.33489376306533813, -0.334719181060791], [-0.18465501070022583, 0.0, 0.0], [0.0, 0.0, 0.0], [0.0, 0.0, 0.0], [0.0, 0.027560245245695114, -0.027530571445822716], [0.0, 0.0, 0.0], [0.0, 0.0, 0.0], [0.3360150158405304, 0.0, 0.0]], "true_y1": [[[0.4006600081920624]], [[17.71351432800293]], [[20.8830623626709]], [[30.105445861816406]], [[38.261993408203125]], [[45.40138626098633]], [[47.39812088012695]], [[54.866233825683594]], [[59.270938873291016]], [[63.876487731933594]], [[66.50946044921875]], [[67.9627914428711]], [[69.19628143310547]], [[70.2505111694336]], [[72.26094818115234]], [[73.3707504272461]], [[74.17155456542969]], [[74.8674087524414]], [[75.25076293945312]], [[75.7658462524414]], [[75.9807357788086]], [[76.05662536621094]], [[76.08929443359375]], [[76.08293151855469]], [[76.0511703491211]], [[76.00069427490234]], [[75.97492980957031]], [[75.90733337402344]], [[75.84314727783203]], [[75.78616333007812]], [[75.69020080566406]], [[75.64046478271484]], [[75.55097198486328]], [[75.4991683959961]], [[75.40613555908203]], [[75.32473754882812]], [[75.24227142333984]], [[75.17267608642578]], [[75.07394409179688]], [[74.95958709716797]], [[74.90186309814453]], [[1.0533000230789185]], [[8.1013765335083]], [[12.664138793945312]], [[19.259235382080078]], [[25.352153778076172]], [[29.072772979736328]], [[34.25785446166992]], [[40.18695068359375]], [[43.91619110107422]], [[48.104034423828125]], [[48.9787712097168]], [[50.63908386230469]], [[54.528297424316406]], [[55.03131103515625]], [[56.78587341308594]], [[57.5031852722168]], [[58.41504669189453]], [[59.37842559814453]], [[60.4026985168457]], [[61.5702018737793]], [[61.753700256347656]], [[61.98025894165039]], [[62.062923431396484]], [[62.09580993652344]], [[62.09295654296875]], [[62.07057189941406]], [[62.025657653808594]], [[61.976680755615234]], [[61.89476776123047]], [[61.81524658203125]], [[61.2321662902832]], [[61.143497467041016]], [[61.017032623291016]], [[60.90650177001953]], [[60.81341552734375]], [[60.68082046508789]], [[1.104699969291687]], [[4.542466640472412]], [[9.64289379119873]], [[16.155200958251953]], [[17.657855987548828]], [[23.481164932250977]], [[26.123491287231445]], [[31.00262451171875]], [[33.149742126464844]], [[35.15648651123047]], [[38.69709777832031]], [[41.64906311035156]], [[42.92685317993164]], [[44.60249710083008]], [[45.581424713134766]], [[47.27347183227539]], [[48.62678909301758]], [[50.37916946411133]], [[50.76434326171875]], [[51.416690826416016]], [[52.04642868041992]], [[52.865577697753906]], [[53.163360595703125]], [[53.414337158203125]], [[53.49479293823242]], [[53.57261276245117]], [[53.617671966552734]], [[53.620628356933594]], [[53.60471725463867]], [[53.56563186645508]], [[53.52722930908203]], [[53.4615592956543]], [[53.41952896118164]], [[53.338356018066406]], [[53.30117416381836]], [[53.16909408569336]], [[53.055912017822266]], [[52.922237396240234]], [[52.845523834228516]], [[0.6033599972724915]], [[8.106324195861816]], [[12.413970947265625]], [[17.881267547607422]], [[20.42993927001953]], [[22.873367309570312]], [[27.385971069335938]], [[30.43052864074707]], [[33.17310333251953]], [[35.62557601928711]], [[37.80717086791992]], [[39.73374938964844]], [[40.885658264160156]], [[42.9134521484375]], [[44.202877044677734]], [[46.00162887573242]], [[48.12779998779297]], [[48.92424392700195]], [[49.58439636230469]], [[50.25339126586914]], [[50.9652099609375]], [[51.35261535644531]], [[51.8223876953125]], [[52.083274841308594]], [[52.19035339355469]], [[52.39555740356445]], [[52.531044006347656]], [[52.637977600097656]], [[52.723114013671875]], [[52.78023147583008]], [[52.8438835144043]], [[52.89249038696289]], [[52.919918060302734]], [[52.95051193237305]], [[52.967411041259766]], [[52.97867965698242]], [[52.994178771972656]], [[53.00521469116211]], [[53.011837005615234]], [[53.01630401611328]], [[53.01863479614258]], [[53.01988220214844]], [[53.019962310791016]], [[53.018707275390625]], [[53.01649856567383]], [[0.35506001114845276]], [[6.402756214141846]], [[11.09227180480957]], [[18.716327667236328]], [[24.434009552001953]], [[28.62948226928711]], [[32.86140441894531]], [[35.78950119018555]], [[39.51811599731445]], [[40.990623474121094]], [[42.83035659790039]], [[44.490230560302734]], [[45.91819381713867]], [[46.350032806396484]], [[46.9736328125]], [[47.49614715576172]], [[48.243614196777344]], [[48.63534927368164]], [[49.01421356201172]], [[49.20156478881836]], [[49.48561096191406]], [[49.72845458984375]], [[49.822078704833984]], [[50.04788589477539]], [[50.175209045410156]], [[50.316139221191406]], [[50.44700241088867]], [[50.56913375854492]], [[50.68562698364258]], [[50.796043395996094]], [[50.86744689941406]], [[51.00666809082031]], [[51.091190338134766]], [[51.206993103027344]], [[51.25661849975586]], [[51.40239715576172]], [[51.483116149902344]], [[51.56282424926758]], [[51.627220153808594]], [[51.80344009399414]], [[51.86732864379883]], [[51.94792175292969]], [[52.06112289428711]], [[52.1588249206543]], [[52.24099349975586]], [[52.32293701171875]], [[52.456085205078125]], [[52.573299407958984]], [[52.69197463989258]], [[52.74317169189453]], [[52.8458251953125]], [[52.94977951049805]], [[53.07218551635742]], [[53.16047668457031]], [[53.24972152709961]], [[0.1057400032877922]], [[3.2104721069335938]], [[10.020078659057617]], [[12.884075164794922]], [[16.935007095336914]], [[21.807552337646484]], [[24.47865104675293]], [[26.907567977905273]], [[30.25049591064453]], [[32.02894973754883]], [[33.8883056640625]], [[35.239505767822266]], [[36.86238098144531]], [[38.03919219970703]], [[39.057861328125]], [[40.21658706665039]], [[40.84159469604492]], [[41.40935134887695]], [[42.0224723815918]], [[42.66032028198242]], [[43.15519332885742]], [[43.6082878112793]], [[44.032127380371094]], [[44.23222351074219]], [[44.617984771728516]], [[45.04167556762695]], [[45.3897590637207]], [[45.78030776977539]], [[46.0513916015625]], [[46.4221076965332]], [[46.57999801635742]], [[46.94085693359375]], [[47.2981071472168]], [[47.552101135253906]], [[47.958099365234375]], [[48.15935134887695]], [[48.46303939819336]], [[48.76766586303711]], [[49.12517166137695]], [[49.433345794677734]], [[49.64048767089844]], [[50.16167449951172]], [[50.4260368347168]], [[50.95909881591797]], [[51.01284408569336]], [[51.39177703857422]], [[51.998165130615234]], [[52.16543960571289]], [[52.61500549316406]], [[52.956459045410156]], [[53.245079040527344]], [[53.535057067871094]], [[54.004310607910156]], [[0.05844400078058243]], [[2.810185670852661]], [[4.173810005187988]], [[7.303483963012695]], [[10.748478889465332]], [[12.81008243560791]], [[15.168039321899414]], [[16.66216468811035]], [[19.785873413085938]], [[21.072021484375]], [[23.161958694458008]], [[24.269027709960938]], [[26.546451568603516]], [[27.234399795532227]], [[28.957738876342773]], [[29.93368148803711]], [[31.020570755004883]], [[32.8083381652832]], [[33.68456268310547]], [[34.50433349609375]], [[35.39675521850586]], [[35.76397705078125]], [[36.34929656982422]], [[37.349727630615234]], [[37.9812126159668]], [[38.59148025512695]], [[39.18207931518555]], [[39.75904846191406]], [[40.32249450683594]], [[40.96726989746094]], [[41.240028381347656]], [[41.96197509765625]], [[42.58504104614258]], [[43.028907775878906]], [[43.560062408447266]], [[44.00302505493164]], [[44.533103942871094]], [[45.15498352050781]], [[45.69034957885742]], [[46.22573471069336]], [[46.6762809753418]], [[47.309932708740234]], [[48.31732177734375]], [[48.8734245300293]], [[49.432071685791016]], [[50.18499755859375]], [[50.4714469909668]], [[51.04396438598633]], [[51.62313461303711]], [[52.401161193847656]], [[52.695777893066406]], [[53.388206481933594]]]}