{"vc": [[-0.033399466425180435, 0.0, 0.0], [0.0, -0.037473950535058975, 0.037533558905124664], [0.0174091886729002, 0.25483790040016174, -0.2546631693840027], [0.12318705767393112, 0.0, 0.0], [0.0, 0.0, 0.0], [0.0, 0.0, 0.0], [0.0, 0.009785312227904797, 0.0], [0.0, 0.0, 0.0], [0.0, 0.0, 0.0], [0.8033667206764221, 0.0, 0.0]], "true_y1": [[[0.4006600081920624]], [[44.37354278564453]], [[52.905113220214844]], [[79.43400573730469]], [[106.15741729736328]], [[133.738037109375]], [[142.4790802001953]], [[181.38160705566406]], [[211.52603149414062]], [[253.8037872314453]], [[286.81365966796875]], [[309.7215576171875]], [[333.1097717285156]], [[357.1720275878906]], [[420.41259765625]], [[473.4356384277344]], [[528.248291015625]], [[598.3455810546875]], [[654.353271484375]], [[774.9210815429688]], [[864.653564453125]], [[914.4583129882812]], [[956.6677856445312]], [[964.1231689453125]], [[967.5052490234375]], [[971.6578369140625]], [[977.8192749023438]], [[1010.5173950195312]], [[1062.49609375]], [[1120.623291015625]], [[1224.1539306640625]], [[1271.07568359375]], [[1330.3359375]], [[1348.1448974609375]], [[1357.406005859375]], [[1358.8018798828125]], [[1375.2515869140625]], [[1413.412841796875]], [[1515.591552734375]], [[1695.3677978515625]], [[1798.642333984375]], [[1.0533000230789185]], [[18.84395980834961]], [[30.682174682617188]], [[48.66474151611328]], [[66.75349426269531]], [[78.84432220458984]], [[97.62553405761719]], [[123.28578186035156]], [[143.05734252929688]], [[170.86097717285156]], [[177.7639617919922]], [[192.32838439941406]], [[237.97695922851562]], [[245.71719360351562]], [[278.3772277832031]], [[295.290771484375]], [[321.4299621582031]], [[357.7442626953125]], [[414.4933776855469]], [[542.8466796875]], [[581.417236328125]], [[653.5423583984375]], [[699.4171142578125]], [[735.8515625]], [[761.0645751953125]], [[773.7528076171875]], [[780.6497802734375]], [[782.1008911132812]], [[784.026123046875]], [[792.2882690429688]], [[1072.218017578125]], [[1088.7767333984375]], [[1097.0858154296875]], [[1097.6102294921875]], [[1100.798583984375]], [[1121.30322265625]], [[1.104699969291687]], [[9.817305564880371]], [[23.001449584960938]], [[40.76317596435547]], [[45.090423583984375]], [[63.083641052246094]], [[72.1070556640625]], [[90.87376403808594]], [[100.31800842285156]], [[110.043212890625]], [[130.1095733642578]], [[151.08016967773438]], [[161.95703125]], [[178.60775756835938]], [[190.00851440429688]], [[213.93618774414062]], [[238.89251708984375]], [[285.4168395996094]], [[299.3241271972656]], [[328.0429382324219]], [[365.290771484375]], [[442.7304992675781]], [[489.17938232421875]], [[547.887451171875]], [[574.853759765625]], [[610.2373657226562]], [[646.0941162109375]], [[661.2484130859375]], [[672.1992797851562]], [[677.0358276367188]], [[677.7732543945312]], [[679.9164428710938]], [[684.0391845703125]], [[700.5185546875]], [[712.0284423828125]], [[769.8487548828125]], [[830.3655395507812]], [[894.9375]], [[921.8116455078125]], [[0.6033599972724915]], [[19.847265243530273]], [[31.374183654785156]], [[47.006412506103516]], [[54.85946273803711]], [[62.849388122558594]], [[79.20352172851562]], [[91.86100006103516]], [[104.86666107177734]], [[118.27644348144531]], [[132.160888671875]], [[146.5468292236328]], [[156.4239959716797]], [[177.03636169433594]], [[193.115478515625]], [[221.51678466796875]], [[270.87310791015625]], [[297.3433532714844]], [[324.9595642089844]], [[360.8538818359375]], [[412.9539489746094]], [[450.7571716308594]], [[510.4248962402344]], [[552.2822875976562]], [[571.47119140625]], [[610.80908203125]], [[636.879150390625]], [[655.022216796875]], [[665.5576171875]], [[669.5032348632812]], [[670.9324951171875]], [[673.0216064453125]], [[678.5634155273438]], [[696.6106567382812]], [[718.1773071289062]], [[740.8726196289062]], [[789.4619140625]], [[842.201904296875]], [[883.12939453125]], [[914.1111450195312]], [[930.1854248046875]], [[937.8939819335938]], [[939.8539428710938]], [[942.481201171875]], [[955.7136840820312]], [[0.35506001114845276]], [[15.91870403289795]], [[28.474943161010742]], [[50.97021484375]], [[70.98670959472656]], [[88.74169921875]], [[111.14798736572266]], [[131.03631591796875]], [[165.82595825195312]], [[184.5609130859375]], [[214.94009399414062]], [[253.39144897460938]], [[301.66290283203125]], [[320.7294006347656]], [[353.63372802734375]], [[387.57940673828125]], [[449.8697814941406]], [[490.35418701171875]], [[534.3809814453125]], [[557.1624755859375]], [[590.7686767578125]], [[615.356689453125]], [[622.9013671875]], [[634.9066162109375]], [[637.6558227539062]], [[638.53515625]], [[640.001708984375]], [[645.7109985351562]], [[659.0250244140625]], [[681.7157592773438]], [[702.2136840820312]], [[753.44775390625]], [[788.489013671875]], [[834.1337280273438]], [[850.8319702148438]], [[883.8368530273438]], [[891.3513793945312]], [[893.390625]], [[893.5009155273438]], [[906.095703125]], [[921.5233764648438]], [[952.945556640625]], [[1021.4763793945312]], [[1101.44775390625]], [[1178.9722900390625]], [[1259.5733642578125]], [[1379.745849609375]], [[1455.92431640625]], [[1495.3944091796875]], [[1502.1392822265625]], [[1505.6451416015625]], [[1511.6162109375]], [[1546.878173828125]], [[1599.6517333984375]], [[1672.9112548828125]], [[0.1057400032877922]], [[8.181300163269043]], [[26.64464569091797]], [[35.06277847290039]], [[48.136077880859375]], [[66.75150299072266]], [[79.08146667480469]], [[92.29973602294922]], [[115.28235626220703]], [[130.96417236328125]], [[151.34312438964844]], [[169.81607055664062]], [[198.01528930664062]], [[224.37319946289062]], [[252.89666748046875]], [[294.2003173828125]], [[321.49334716796875]], [[349.8930358886719]], [[384.6882019042969]], [[425.1905212402344]], [[458.78106689453125]], [[489.8603820800781]], [[517.5576171875]], [[529.6041259765625]], [[549.8958740234375]], [[566.2877807617188]], [[574.41796875]], [[578.349365234375]], [[579.0595703125]], [[580.2387084960938]], [[581.8187866210938]], [[590.4640502929688]], [[608.7608032226562]], [[628.5751953125]], [[670.4743041992188]], [[694.1578979492188]], [[730.0938110351562]], [[762.283447265625]], [[790.1035766601562]], [[803.6163330078125]], [[807.7988891601562]], [[809.4757080078125]], [[811.8214111328125]], [[836.8220825195312]], [[841.498779296875]], [[887.8055419921875]], [[1008.5480346679688]], [[1049.4876708984375]], [[1164.892822265625]], [[1246.954345703125]], [[1304.559326171875]], [[1347.1029052734375]], [[1381.4307861328125]], [[0.05844400078058243]], [[7.407057762145996]], [[11.10303783416748]], [[19.870634078979492]], [[30.290618896484375]], [[37.122955322265625]], [[45.723899841308594]], [[51.742210388183594]], [[66.30584716796875]], [[73.34117126464844]], [[86.57526397705078]], [[94.74134063720703]], [[115.0088119506836]], [[122.3078384399414]], [[143.8228302001953]], [[158.5714111328125]], [[177.7978973388672]], [[217.6805877685547]], [[241.8922576904297]], [[267.80108642578125]], [[299.8092041015625]], [[314.1206970214844]], [[338.1919860839844]], [[382.078125]], [[410.5059814453125]], [[437.337890625]], [[461.53851318359375]], [[482.3270263671875]], [[498.8929748535156]], [[512.4574584960938]], [[516.3958740234375]], [[522.2100219726562]], [[523.5277709960938]], [[523.9724731445312]], [[525.9341430664062]], [[530.2613525390625]], [[540.27587890625]], [[560.1141357421875]], [[584.089111328125]], [[612.8629760742188]], [[638.805908203125]], [[673.8735961914062]], [[714.7520141601562]], [[726.2715454101562]], [[730.8568115234375]], [[731.55224609375]], [[732.1207885742188]], [[737.2329711914062]], [[751.5626831054688]], [[791.0822143554688]], [[812.84033203125]], [[878.1878662109375]]]}