{"vc": [[-0.09358158707618713, 0.0, 0.0], [0.0, -0.0715741366147995, 0.07132034003734589], [-0.029143396764993668, 0.3137112557888031, -0.31398507952690125], [-0.08988367766141891, 0.0, 0.0], [0.0, 0.0, 0.0], [0.0, 0.0, 0.0], [0.0, 0.016818741336464882, -0.01689974032342434], [0.0, 0.0, 0.0], [0.0, 0.0, 0.0], [0.495054692029953, 0.0, 0.0]], "true_y1": [[[0.4006600081920624]], [[26.460704803466797]], [[31.24972152709961]], [[45.23928451538086]], [[57.70403289794922]], [[68.7115249633789]], [[71.8101806640625]], [[83.49645233154297]], [[90.47666931152344]], [[97.8666000366211]], [[102.14512634277344]], [[104.5279312133789]], [[106.56458282470703]], [[108.31758880615234]], [[111.70198822021484]], [[113.60430145263672]], [[115.00261688232422]], [[116.24937438964844]], [[116.96055603027344]], [[117.98749542236328]], [[118.50022888183594]], [[118.74530029296875]], [[118.98289489746094]], [[119.05551147460938]], [[119.15038299560547]], [[119.21669006347656]], [[119.23884582519531]], [[119.28016662597656]], [[119.30684661865234]], [[119.32473754882812]], [[119.34748840332031]], [[119.35690307617188]], [[119.37124633789062]], [[119.37846374511719]], [[119.39012145996094]], [[119.39939880371094]], [[119.40827178955078]], [[119.41551208496094]], [[119.42559051513672]], [[119.43721771240234]], [[119.44312286376953]], [[1.0533000230789185]], [[11.706954956054688]], [[18.622072219848633]], [[28.65377426147461]], [[37.972496032714844]], [[43.69342041015625]], [[51.713565826416016]], [[60.96783447265625]], [[66.8450698852539]], [[73.5103988647461]], [[74.91292572021484]], [[77.58638000488281]], [[83.91886138916016]], [[84.74668884277344]], [[87.65509033203125]], [[88.85540771484375]], [[90.39369201660156]], [[92.0391616821289]], [[93.82540893554688]], [[95.98029327392578]], [[96.35546112060547]], [[96.87812805175781]], [[97.1286392211914]], [[97.30013275146484]], [[97.41461944580078]], [[97.47919464111328]], [[97.52932739257812]], [[97.55379486083984]], [[97.56854248046875]], [[97.56768035888672]], [[97.42782592773438]], [[97.40027618408203]], [[97.35965728759766]], [[97.32327270507812]], [[97.29220581054688]], [[97.24752044677734]], [[1.104699969291687]], [[6.32192325592041]], [[14.079795837402344]], [[24.02630043029785]], [[26.329580307006836]], [[35.29177474975586]], [[39.38040542602539]], [[46.97418975830078]], [[50.336849212646484]], [[53.492984771728516]], [[59.097373962402344]], [[63.81126022338867]], [[65.86553192138672]], [[68.57426452636719]], [[70.16558837890625]], [[72.93448638916016]], [[75.16975402832031]], [[78.10328674316406]], [[78.75662994384766]], [[79.87380981445312]], [[80.97079467773438]], [[82.4527816772461]], [[83.02853393554688]], [[83.56087493896484]], [[83.75548553466797]], [[83.978759765625]], [[84.18419647216797]], [[84.27406311035156]], [[84.35270690917969]], [[84.4131851196289]], [[84.44087219238281]], [[84.46331787109375]], [[84.46916961669922]], [[84.47006225585938]], [[84.46737670898438]], [[84.44815063476562]], [[84.42396545410156]], [[84.39002227783203]], [[84.36878967285156]], [[0.6033599972724915]], [[12.01817798614502]], [[18.5898494720459]], [[26.95871353149414]], [[30.873472213745117]], [[34.63615798950195]], [[41.613948822021484]], [[46.346336364746094]], [[50.629234313964844]], [[54.477325439453125]], [[57.9167594909668]], [[60.968563079833984]], [[62.800418853759766]], [[66.03977966308594]], [[68.11048889160156]], [[71.01575469970703]], [[74.48149871826172]], [[75.791748046875]], [[76.88482666015625]], [[78.00149536132812]], [[79.20478820800781]], [[79.87031555175781]], [[80.69538879394531]], [[81.16844940185547]], [[81.36766815185547]], [[81.76231384277344]], [[82.03721618652344]], [[82.26766967773438]], [[82.46488952636719]], [[82.6079330444336]], [[82.78366088867188]], [[82.93702697753906]], [[83.03585815429688]], [[83.16390228271484]], [[83.24783325195312]], [[83.3123550415039]], [[83.41993713378906]], [[83.52190399169922]], [[83.60616302490234]], [[83.68831634521484]], [[83.75553894042969]], [[83.82195281982422]], [[83.92707061767578]], [[84.0056381225586]], [[84.0839614868164]], [[0.35506001114845276]], [[9.58333683013916]], [[16.753082275390625]], [[28.4512996673584]], [[37.27297592163086]], [[43.78146743774414]], [[50.384117126464844]], [[54.97862243652344]], [[60.865333557128906]], [[63.20265579223633]], [[66.13401794433594]], [[68.79053497314453]], [[71.08634948730469]], [[71.782958984375]], [[72.79130554199219]], [[73.63896179199219]], [[74.85787963867188]], [[75.50115966796875]], [[76.1278305053711]], [[76.43995666503906]], [[76.91692352294922]], [[77.32926940917969]], [[77.48961639404297]], [[77.88006591796875]], [[78.10283660888672]], [[78.35185241699219]], [[78.58553314208984]], [[78.80583953857422]], [[79.01799774169922]], [[79.22089385986328]], [[79.35302734375]], [[79.61266326904297]], [[79.77153015136719]], [[79.99063873291016]], [[80.08502197265625]], [[80.36388397216797]], [[80.5192642211914]], [[80.67334747314453]], [[80.79828643798828]], [[81.14215850830078]], [[81.26751708984375]], [[81.4261474609375]], [[81.64987182617188]], [[81.84379577636719]], [[82.0074691772461]], [[82.17121887207031]], [[82.4383773803711]], [[82.67464447021484]], [[82.91486358642578]], [[83.018798828125]], [[83.22774505615234]], [[83.44007873535156]], [[83.69103240966797]], [[83.8726577758789]], [[84.05675506591797]], [[0.1057400032877922]], [[4.882819652557373]], [[15.367900848388672]], [[19.782169342041016]], [[26.0318603515625]], [[33.56013488769531]], [[37.69257736206055]], [[41.45350646972656]], [[46.633235931396484]], [[49.389278411865234]], [[52.269344329833984]], [[54.360130310058594]], [[56.86669921875]], [[58.67923355102539]], [[60.243011474609375]], [[62.01350402832031]], [[62.96364212036133]], [[63.82305908203125]], [[64.74647521972656]], [[65.70109558105469]], [[66.43687438964844]], [[67.10639190673828]], [[67.72881317138672]], [[68.02129364013672]], [[68.58264923095703]], [[69.19532012939453]], [[69.6956558227539]], [[70.25391387939453]], [[70.63956451416016]], [[71.1646957397461]], [[71.38761901855469]], [[71.8956298828125]], [[72.39675903320312]], [[72.75211334228516]], [[73.31880950927734]], [[73.5992202758789]], [[74.02186584472656]], [[74.44535827636719]], [[74.94196319580078]], [[75.36983489990234]], [[75.65738677978516]], [[76.38095092773438]], [[76.74809265136719]], [[77.4889144897461]], [[77.56365203857422]], [[78.09088897705078]], [[78.93580627441406]], [[79.1691665649414]], [[79.79703521728516]], [[80.27461242675781]], [[80.67878723144531]], [[81.0853271484375]], [[81.74423217773438]], [[0.05844400078058243]], [[4.3516621589660645]], [[6.47889518737793]], [[11.358673095703125]], [[16.72281837463379]], [[19.927291870117188]], [[23.585365295410156]], [[25.89850616455078]], [[30.719165802001953]], [[32.69664764404297]], [[35.898536682128906]], [[37.5879020690918]], [[41.04532241821289]], [[42.084197998046875]], [[44.67315673828125]], [[46.12953567504883]], [[47.741817474365234]], [[50.367984771728516]], [[51.641632080078125]], [[52.82415008544922]], [[54.10068893432617]], [[54.62252426147461]], [[55.4499626159668]], [[56.851566314697266]], [[57.72789764404297]], [[58.56862258911133]], [[59.376583099365234]], [[60.16067886352539]], [[60.92164611816406]], [[61.78706741333008]], [[62.151546478271484]], [[63.11201477050781]], [[63.93647003173828]], [[64.52159881591797]], [[65.2197036743164]], [[65.80038452148438]], [[66.49373626708984]], [[67.30543518066406]], [[68.00306701660156]], [[68.699951171875]], [[69.28599548339844]], [[70.10987091064453]], [[71.41961669921875]], [[72.14297485351562]], [[72.87010955810547]], [[73.85111999511719]], [[74.2247085571289]], [[74.97207641601562]], [[75.72915649414062]], [[76.74797058105469]], [[77.13433837890625]], [[78.0437240600586]]]}