{"vc": [[-0.07821723073720932, 0.0, 0.0], [0.0, -0.05979977175593376, 0.06008928641676903], [-0.017674462869763374, 0.31239521503448486, -0.31210941076278687], [-0.03335415571928024, 0.0, 0.0], [0.0, 0.0, 0.0], [0.0, 0.0, 0.0], [0.0, 0.01396782323718071, -0.013847853988409042], [0.0, 0.0, 0.0], [0.0, 0.0, 0.0], [0.5776093602180481, 0.0, 0.0]], "true_y1": [[[0.4006600081920624]], [[31.034866333007812]], [[36.67733383178711]], [[53.201351165771484]], [[67.99537658691406]], [[81.13734436035156]], [[84.85327911376953]], [[98.94960021972656]], [[107.44649505615234]], [[116.52740478515625]], [[121.83789825439453]], [[124.81729888916016]], [[127.37915802001953]], [[129.59774780273438]], [[133.92764282226562]], [[136.3999481201172]], [[138.2452392578125]], [[139.9226531982422]], [[140.9016876220703]], [[142.37127685546875]], [[143.1595458984375]], [[143.5676727294922]], [[144.0079803466797]], [[144.15968322753906]], [[144.381591796875]], [[144.56459045410156]], [[144.6343231201172]], [[144.78286743164062]], [[144.89779663085938]], [[144.9874725341797]], [[145.1221466064453]], [[145.18643188476562]], [[145.2956085205078]], [[145.35589599609375]], [[145.46018981933594]], [[145.5481719970703]], [[145.63490295410156]], [[145.70657348632812]], [[145.80624389648438]], [[145.9192657470703]], [[145.9754638671875]], [[1.0533000230789185]], [[13.590059280395508]], [[21.737709045410156]], [[33.58189392089844]], [[44.621620178222656]], [[51.4228401184082]], [[60.99622344970703]], [[72.11430358886719]], [[79.22632598876953]], [[87.3545150756836]], [[89.07510375976562]], [[92.36650848388672]], [[100.23804473876953]], [[101.27688598632812]], [[104.95069885253906]], [[106.48007202148438]], [[108.45457458496094]], [[110.59008026123047]], [[112.9488754272461]], [[115.90897369384766]], [[116.45359802246094]], [[117.25018310546875]], [[117.66332244873047]], [[117.97307586669922]], [[118.20689392089844]], [[118.36077880859375]], [[118.5088119506836]], [[118.6087417602539]], [[118.72206115722656]], [[118.80045318603516]], [[119.08302307128906]], [[119.11048889160156]], [[119.14576721191406]], [[119.17369079589844]], [[119.19554138183594]], [[119.22455596923828]], [[1.104699969291687]], [[7.2517170906066895]], [[16.40105628967285]], [[28.15872573852539]], [[30.887516021728516]], [[41.534812927246094]], [[46.41108703613281]], [[55.50801086425781]], [[59.55632400512695]], [[63.36931610107422]], [[70.17755126953125]], [[75.94943237304688]], [[78.48075103759766]], [[81.83641052246094]], [[83.81879425048828]], [[87.29170227050781]], [[90.12254333496094]], [[93.8899154663086]], [[94.74016571044922]], [[96.20738220214844]], [[97.67003631591797]], [[99.70423126220703]], [[100.52810668945312]], [[101.32530975341797]], [[101.6319808959961]], [[102.00215148925781]], [[102.37464904785156]], [[102.55691528320312]], [[102.7370834350586]], [[102.9049301147461]], [[103.00376892089844]], [[103.12047576904297]], [[103.17709350585938]], [[103.2640380859375]], [[103.29711151123047]], [[103.39292907714844]], [[103.45724487304688]], [[103.52005004882812]], [[103.5515365600586]], [[0.6033599972724915]], [[14.065407752990723]], [[21.82940673828125]], [[31.742324829101562]], [[36.39265823364258]], [[40.872314453125]], [[49.21100997924805]], [[54.894500732421875]], [[60.0621337890625]], [[64.72816467285156]], [[68.92042541503906]], [[72.66041564941406]], [[74.91588592529297]], [[78.92704010009766]], [[81.50894927978516]], [[85.16062927246094]], [[89.57648468017578]], [[91.26956176757812]], [[92.69581604003906]], [[94.16976165771484]], [[95.78453826904297]], [[96.69444274902344]], [[97.84735107421875]], [[98.52635192871094]], [[98.81771087646484]], [[99.4073715209961]], [[99.8306884765625]], [[100.19599914550781]], [[100.51805877685547]], [[100.75812530517578]], [[101.06169128417969]], [[101.33529663085938]], [[101.51618957519531]], [[101.7559585571289]], [[101.91633605957031]], [[102.04125213623047]], [[102.25236511230469]], [[102.45520782470703]], [[102.62437438964844]], [[102.79026794433594]], [[102.92644500732422]], [[103.06117248535156]], [[103.27435302734375]], [[103.433349609375]], [[103.59132385253906]], [[0.35506001114845276]], [[11.248611450195312]], [[19.725549697875977]], [[33.6071891784668]], [[44.14112091064453]], [[51.96549606323242]], [[59.964500427246094]], [[65.57785034179688]], [[72.84530639648438]], [[75.76116180419922]], [[79.45008087158203]], [[82.83270263671875]], [[85.79762268066406]], [[86.70735168457031]], [[88.0348129272461]], [[89.1624526977539]], [[90.8083724975586]], [[91.69200897216797]], [[92.56571960449219]], [[93.00650787353516]], [[93.68846130371094]], [[94.28711700439453]], [[94.52236938476562]], [[95.10120391845703]], [[95.43524932861328]], [[95.81177520751953]], [[96.1678695678711]], [[96.50570678710938]], [[96.8326416015625]], [[97.14640808105469]], [[97.35114288330078]], [[97.75389862060547]], [[98.00038146972656]], [[98.34001922607422]], [[98.48612213134766]], [[98.91677856445312]], [[99.15592193603516]], [[99.39238739013672]], [[99.58356475830078]], [[100.10698699951172]], [[100.29672241210938]], [[100.53595733642578]], [[100.8717041015625]], [[101.16111755371094]], [[101.40421295166016]], [[101.64634704589844]], [[102.03907012939453]], [[102.38401794433594]], [[102.73247528076172]], [[102.88255310058594]], [[103.18299865722656]], [[103.48661804199219]], [[103.84329223632812]], [[104.0999984741211]], [[104.3589859008789]], [[0.1057400032877922]], [[5.759209632873535]], [[18.186969757080078]], [[23.43456268310547]], [[30.888904571533203]], [[39.921382904052734]], [[44.91205596923828]], [[49.47927474975586]], [[55.81766891479492]], [[59.2177734375]], [[62.79564666748047]], [[65.41145324707031]], [[68.57150268554688]], [[70.8756103515625]], [[72.87842559814453]], [[75.16521453857422]], [[76.40191650390625]], [[77.52681732177734]], [[78.74258422851562]], [[80.007568359375]], [[80.98834228515625]], [[81.88511657714844]], [[82.72234344482422]], [[83.11686706542969]], [[83.8758316040039]], [[84.70645141601562]], [[85.3861083984375]], [[86.14533233642578]], [[86.67005920410156]], [[87.38446044921875]], [[87.68757629394531]], [[88.37771606445312]], [[89.05732727050781]], [[89.538330078125]], [[90.30349731445312]], [[90.68114471435547]], [[91.2490234375]], [[91.81632232666016]], [[92.47925567626953]], [[93.0483627319336]], [[93.42972564697266]], [[94.38532257080078]], [[94.86798095703125]], [[95.8373031616211]], [[95.93475341796875]], [[96.62045288085938]], [[97.71295166015625]], [[98.01333618164062]], [[98.81863403320312]], [[99.42839050292969]], [[99.94258117675781]], [[100.45811462402344]], [[101.2901611328125]], [[0.05844400078058243]], [[5.161632061004639]], [[7.691573143005371]], [[13.502038955688477]], [[19.906702041625977]], [[23.745161056518555]], [[28.141599655151367]], [[30.931175231933594]], [[36.77324676513672]], [[39.18259048461914]], [[43.102203369140625]], [[45.180419921875]], [[49.458316802978516]], [[50.75077819824219]], [[53.98725128173828]], [[55.818267822265625]], [[57.85456466674805]], [[61.193260192871094]], [[62.82248306274414]], [[64.3409652709961]], [[65.98627471923828]], [[66.66059112548828]], [[67.73173522949219]], [[69.55096435546875]], [[70.69096374511719]], [[71.78602600097656]], [[72.83927154541016]], [[73.86181640625]], [[74.85418701171875]], [[75.98226165771484]], [[76.45706939697266]], [[77.70704650878906]], [[78.7781753540039]], [[79.53710174560547]], [[80.44097900390625]], [[81.19136810302734]], [[82.08547973632812]], [[83.12944030761719]], [[84.02416229248047]], [[84.91549682617188]], [[85.66312408447266]], [[86.71110534667969]], [[88.3696517944336]], [[89.28169250488281]], [[90.19564819335938]], [[91.42423248291016]], [[91.89075469970703]], [[92.82183837890625]], [[93.76205444335938]], [[95.02268981933594]], [[95.49939727783203]], [[96.61848449707031]]]}