{"vc": [[-0.06637358665466309, 0.0, 0.0], [0.0, -0.05261526629328728, 0.052703406661748886], [-0.007974246516823769, 0.3076900541782379, -0.30776432156562805], [0.00898354034870863, 0.0, 0.0], [0.0, 0.0, 0.0], [0.0, 0.0, 0.0], [0.0, 0.012336788699030876, -0.012143227271735668], [0.0, 0.0, 0.0], [0.0, 0.0, 0.0], [0.6390456557273865, 0.0, 0.0]], "true_y1": [[[0.4006600081920624]], [[34.43994140625]], [[40.71770095825195]], [[59.12821960449219]], [[75.6560287475586]], [[90.38701629638672]], [[94.56257629394531]], [[110.45396423339844]], [[120.0810317993164]], [[130.42236328125]], [[136.5019989013672]], [[139.92588806152344]], [[142.8788299560547]], [[145.44383239746094]], [[150.47576904296875]], [[153.36972045898438]], [[155.54425048828125]], [[157.53707885742188]], [[158.71107482910156]], [[160.50021362304688]], [[161.4856719970703]], [[162.01010131835938]], [[162.59519958496094]], [[162.80361938476562]], [[163.1171875]], [[163.38514709472656]], [[163.48977661132812]], [[163.7176055908203]], [[163.89852905273438]], [[164.04241943359375]], [[164.26268005371094]], [[164.36941528320312]], [[164.5527801513672]], [[164.65505981445312]], [[164.83346557617188]], [[164.9852752685547]], [[165.13597106933594]], [[165.2611846923828]], [[165.43629455566406]], [[165.63609313964844]], [[165.7358856201172]], [[1.0533000230789185]], [[14.992323875427246]], [[24.057952880859375]], [[37.25202941894531]], [[49.57328414916992]], [[57.17875289916992]], [[67.90818786621094]], [[80.41299438476562]], [[88.44340515136719]], [[97.6591796875]], [[99.61614227294922]], [[103.36669158935547]], [[112.38069152832031]], [[113.57599639892578]], [[117.81673431396484]], [[119.5894546508789]], [[121.88607025146484]], [[124.3825454711914]], [[127.161376953125]], [[130.70742797851562]], [[131.37442016601562]], [[132.36825561523438]], [[132.8983917236328]], [[133.30780029296875]], [[133.62802124023438]], [[133.84695434570312]], [[134.06683349609375]], [[134.22262573242188]], [[134.40968322753906]], [[134.54808044433594]], [[135.16392517089844]], [[135.23663330078125]], [[135.3351287841797]], [[135.41734313964844]], [[135.48439025878906]], [[135.5771484375]], [[1.104699969291687]], [[7.944157123565674]], [[18.130041122436523]], [[31.23687171936035]], [[34.282554626464844]], [[46.18427658081055]], [[51.646514892578125]], [[61.86084747314453]], [[66.41844177246094]], [[70.71903991699219]], [[78.42008209228516]], [[84.97554016113281]], [[87.85977172851562]], [[91.6935043334961]], [[93.96454620361328]], [[97.9563217163086]], [[101.22509002685547]], [[105.60333251953125]], [[106.59732055664062]], [[108.3194351196289]], [[110.04736328125]], [[112.47969055175781]], [[113.48138427734375]], [[114.46780395507812]], [[114.85444641113281]], [[115.32954406738281]], [[115.82181549072266]], [[116.0707015991211]], [[116.32454681396484]], [[116.571044921875]], [[116.7225112915039]], [[116.90968322753906]], [[117.00465393066406]], [[117.15728759765625]], [[117.21793365478516]], [[117.40364074707031]], [[117.53840637207031]], [[117.67961883544922]], [[117.75447082519531]], [[0.6033599972724915]], [[15.589842796325684]], [[24.24139976501465]], [[35.3027229309082]], [[40.49959945678711]], [[45.51155090332031]], [[54.8592643737793]], [[61.246734619140625]], [[67.06820678710938]], [[72.33773803710938]], [[77.08451080322266]], [[81.33049011230469]], [[83.89693450927734]], [[88.47352600097656]], [[91.42900085449219]], [[95.62442016601562]], [[100.7284164428711]], [[102.69703674316406]], [[104.3620376586914]], [[106.0906753540039]], [[107.99675750732422]], [[109.07847595214844]], [[110.46036529541016]], [[111.2823486328125]], [[111.63749694824219]], [[112.36187744140625]], [[112.88761901855469]], [[113.34606170654297]], [[113.75453186035156]], [[114.06199645996094]], [[114.45482635498047]], [[114.81302642822266]], [[115.05209350585938]], [[115.37174987792969]], [[115.5873031616211]], [[115.75613403320312]], [[116.04325866699219]], [[116.32112884521484]], [[116.55425262451172]], [[116.78398895263672]], [[116.97332763671875]], [[117.16128540039062]], [[117.4598617553711]], [[117.68341064453125]], [[117.90618133544922]], [[0.35506001114845276]], [[12.488492965698242]], [[21.938026428222656]], [[37.44084167480469]], [[49.2415885925293]], [[58.03594970703125]], [[67.06011962890625]], [[73.41825103759766]], [[81.68958282470703]], [[85.02371215820312]], [[89.25760650634766]], [[93.15887451171875]], [[96.59747314453125]], [[97.65699768066406]], [[99.20762634277344]], [[100.52981567382812]], [[102.46990203857422]], [[103.5177001953125]], [[104.55909729003906]], [[105.08685302734375]], [[105.90692138671875]], [[106.63082122802734]], [[106.91639709472656]], [[107.62186431884766]], [[108.0308609008789]], [[108.49353790283203]], [[108.93270874023438]], [[109.35075378417969]], [[109.75653076171875]], [[110.14701843261719]], [[110.40233612060547]], [[110.90571594238281]], [[111.21443939208984]], [[111.64058685302734]], [[111.82415008544922]], [[112.36598205566406]], [[112.66731262207031]], [[112.96554565429688]], [[113.20686340332031]], [[113.86836242675781]], [[114.10841369628906]], [[114.4112777709961]], [[114.8366470336914]], [[115.20360565185547]], [[115.51203155517578]], [[115.81939697265625]], [[116.3182601928711]], [[116.75675964355469]], [[117.20000457763672]], [[117.39098358154297]], [[117.77347564697266]], [[118.16019439697266]], [[118.61473846435547]], [[118.94203186035156]], [[119.2723617553711]], [[0.1057400032877922]], [[6.411715030670166]], [[20.283458709716797]], [[26.148380279541016]], [[34.49180603027344]], [[44.62745666503906]], [[50.243370056152344]], [[55.394798278808594]], [[62.56656265258789]], [[66.42633819580078]], [[70.4989242553711]], [[73.48438262939453]], [[77.10098266601562]], [[79.74556732177734]], [[82.0500259399414]], [[84.68821716308594]], [[86.11824035644531]], [[87.42108154296875]], [[88.83145141601562]], [[90.30146789550781]], [[91.44298553466797]], [[92.4880599975586]], [[93.46481323242188]], [[93.92542266845703]], [[94.81208801269531]], [[95.78324127197266]], [[96.57840728759766]], [[97.46712493896484]], [[98.08158111572266]], [[98.91838073730469]], [[99.27349090576172]], [[100.08212280273438]], [[100.87850189208984]], [[101.44217681884766]], [[102.33885955810547]], [[102.78140258789062]], [[103.44683837890625]], [[104.1115493774414]], [[104.88824462890625]], [[105.55493927001953]], [[106.00164794921875]], [[107.12083435058594]], [[107.68602752685547]], [[108.82090759277344]], [[108.93498992919922]], [[109.73762512207031]], [[111.01612854003906]], [[111.36758422851562]], [[112.3096694946289]], [[113.02285766601562]], [[113.62417602539062]], [[114.22696685791016]], [[115.19964599609375]], [[0.05844400078058243]], [[5.764694690704346]], [[8.594185829162598]], [[15.095382690429688]], [[22.26829719543457]], [[26.572038650512695]], [[31.507089614868164]], [[34.64210510253906]], [[41.2185173034668]], [[43.93557357788086]], [[48.362613677978516]], [[50.71356964111328]], [[55.561607360839844]], [[57.028743743896484]], [[60.707759857177734]], [[62.79243850708008]], [[65.11363983154297]], [[68.92562866210938]], [[70.78839874267578]], [[72.52590942382812]], [[74.40982055664062]], [[75.1822509765625]], [[76.40955352783203]], [[78.49462890625]], [[79.80142211914062]], [[81.05670928955078]], [[82.26394653320312]], [[83.435791015625]], [[84.57276916503906]], [[85.86479187011719]], [[86.40843963623047]], [[87.83914184570312]], [[89.06449890136719]], [[89.93231201171875]], [[90.96543884277344]], [[91.82276153564453]], [[92.8438491821289]], [[94.03545379638672]], [[95.05619812011719]], [[96.07261657714844]], [[96.92481231689453]], [[98.11883544921875]], [[100.00729370117188]], [[101.0451431274414]], [[102.08476257324219]], [[103.48162078857422]], [[104.01185607910156]], [[105.06979370117188]], [[106.13771057128906]], [[107.56896209716797]], [[108.11001586914062]], [[109.3797836303711]]]}