{"vc": [[-0.05339367687702179, -0.1471153199672699, 0.14709964394569397], [-0.1459762006998062, -2.388174533843994, 2.388174533843994], [-0.022136902436614037, -0.03383093699812889, 0.03387428820133209], [-0.028293007984757423, -0.10508459061384201, 0.10494960844516754], [-0.05148347094655037, 0.0007621691911481321, -0.0007650176994502544], [-0.04743485525250435, 0.025877540931105614, -0.02585163339972496], [-0.15744279325008392, 0.6863276362419128, -0.6864612698554993], [0.0012783246347680688, 0.0036707648541778326, -0.003643093630671501], [0.044281911104917526, 0.04705502465367317, -0.04704630374908447], [-0.007709859870374203, 0.039413463324308395, -0.03949274122714996]], "true_y1": [[[0.4006600081920624]], [[0.07330667972564697]], [[0.05354166030883789]], [[0.047653477638959885]], [[0.10115855932235718]], [[0.19464978575706482]], [[0.2295628786087036]], [[0.40192586183547974]], [[0.5430071949958801]], [[0.7353412508964539]], [[0.8733810782432556]], [[0.9608325958251953]], [[1.0423834323883057]], [[1.1179172992706299]], [[1.2770707607269287]], [[1.370755910873413]], [[1.4357656240463257]], [[1.4811896085739136]], [[1.493511438369751]], [[1.4649258852005005]], [[1.3996357917785645]], [[1.3389002084732056]], [[1.2408937215805054]], [[1.1972590684890747]], [[1.1231226921081543]], [[1.0530380010604858]], [[1.0244756937026978]], [[0.961036741733551]], [[0.9103987812995911]], [[0.8705571889877319]], [[0.8110931515693665]], [[0.783142626285553]], [[0.736628532409668]], [[0.7115359902381897]], [[0.6691989898681641]], [[0.6345279216766357]], [[0.601227343082428]], [[0.5743096470832825]], [[0.537645697593689]], [[0.4969424605369568]], [[0.47696101665496826]], [[1.0533000230789185]], [[0.8052341938018799]], [[0.7168630361557007]], [[0.6587550044059753]], [[0.6608953475952148]], [[0.6838338971138]], [[0.7401028275489807]], [[0.8371140956878662]], [[0.9156962633132935]], [[1.0201709270477295]], [[1.044126033782959]], [[1.0915042161941528]], [[1.2101877927780151]], [[1.2258967161178589]], [[1.2794297933578491]], [[1.2998384237289429]], [[1.3229994773864746]], [[1.3411389589309692]], [[1.3451545238494873]], [[1.2896020412445068]], [[1.2627719640731812]], [[1.202195167541504]], [[1.154524326324463]], [[1.1066920757293701]], [[1.0603435039520264]], [[1.0230716466903687]], [[0.9803440570831299]], [[0.9465893507003784]], [[0.9021736979484558]], [[0.8667445778846741]], [[0.6931511163711548]], [[0.673657238483429]], [[0.6475598812103271]], [[0.6261447668075562]], [[0.6089711785316467]], [[0.5856754779815674]], [[1.104699969291687]], [[0.9480136632919312]], [[0.8005249500274658]], [[0.7134016752243042]], [[0.7053123712539673]], [[0.7071547508239746]], [[0.7230433225631714]], [[0.7735175490379333]], [[0.8036960959434509]], [[0.836013674736023]], [[0.9021744728088379]], [[0.9654487371444702]], [[0.9947665333747864]], [[1.0344839096069336]], [[1.0580458641052246]], [[1.0983569622039795]], [[1.128576636314392]], [[1.1594152450561523]], [[1.1636289358139038]], [[1.1668370962142944]], [[1.1624482870101929]], [[1.1333173513412476]], [[1.1075987815856934]], [[1.0683279037475586]], [[1.047478199005127]], [[1.016054630279541]], [[0.9747694730758667]], [[0.9496619701385498]], [[0.9205782413482666]], [[0.8886285424232483]], [[0.8671019673347473]], [[0.8385504484176636]], [[0.8233028650283813]], [[0.7978918552398682]], [[0.7875449061393738]], [[0.7553285360336304]], [[0.7318196296691895]], [[0.7074924111366272]], [[0.6948504447937012]], [[0.6033599972724915]], [[0.3701387941837311]], [[0.30524742603302]], [[0.27263355255126953]], [[0.27303388714790344]], [[0.281688928604126]], [[0.3177274465560913]], [[0.3564671277999878]], [[0.4016067087650299]], [[0.45070573687553406]], [[0.5018841624259949]], [[0.5534875392913818]], [[0.5874404311180115]], [[0.6532732844352722]], [[0.6993685364723206]], [[0.7692310810089111]], [[0.8586589097976685]], [[0.8926818370819092]], [[0.9198945760726929]], [[0.9450087547302246]], [[0.9656917452812195]], [[0.9718959927558899]], [[0.9703527092933655]], [[0.9622491598129272]], [[0.9566006064414978]], [[0.9403010010719299]], [[0.9239680171012878]], [[0.9063937664031982]], [[0.8881252408027649]], [[0.872860312461853]], [[0.8517372608184814]], [[0.8312790989875793]], [[0.817229688167572]], [[0.7982587218284607]], [[0.7855174541473389]], [[0.7756491303443909]], [[0.7592297196388245]], [[0.7439268827438354]], [[0.7316290736198425]], [[0.720045268535614]], [[0.7109182476997375]], [[0.7022411823272705]], [[0.6892415285110474]], [[0.6801267266273499]], [[0.6715511083602905]], [[0.35506001114845276]], [[0.16995961964130402]], [[0.09404836595058441]], [[0.054671838879585266]], [[0.07847224920988083]], [[0.12309549748897552]], [[0.19375598430633545]], [[0.26059189438819885]], [[0.37284255027770996]], [[0.4275670051574707]], [[0.505922257900238]], [[0.5870202779769897]], [[0.6640946865081787]], [[0.6882368922233582]], [[0.7230048179626465]], [[0.7511592507362366]], [[0.7869077920913696]], [[0.801455557346344]], [[0.8108614683151245]], [[0.813214123249054]], [[0.8130762577056885]], [[0.808758556842804]], [[0.8059360384941101]], [[0.7963191270828247]], [[0.7891469597816467]], [[0.7798191905021667]], [[0.7699936032295227]], [[0.7599920630455017]], [[0.7498956918716431]], [[0.7400075793266296]], [[0.7335314154624939]], [[0.7209140062332153]], [[0.7133647203445435]], [[0.703281044960022]], [[0.6990779638290405]], [[0.6872236728668213]], [[0.6810089349746704]], [[0.6751315593719482]], [[0.6705754995346069]], [[0.658985435962677]], [[0.6550952196121216]], [[0.6504159569740295]], [[0.644256055355072]], [[0.6393072009086609]], [[0.635393500328064]], [[0.6317037343978882]], [[0.6261322498321533]], [[0.6216282844543457]], [[0.6174169182777405]], [[0.6157007813453674]], [[0.6124302744865417]], [[0.6093352437019348]], [[0.6059480905532837]], [[0.603664219379425]], [[0.6014813780784607]], [[0.1057400032877922]], [[0.0029365047812461853]], [[-0.12558439373970032]], [[-0.1523248255252838]], [[-0.1695946604013443]], [[-0.16241896152496338]], [[-0.14576870203018188]], [[-0.1220426931977272]], [[-0.07353191077709198]], [[-0.03848471865057945]], [[0.0068755969405174255]], [[0.04663435369729996]], [[0.10359124839305878]], [[0.15226706862449646]], [[0.20003104209899902]], [[0.26096126437187195]], [[0.2965502440929413]], [[0.330206960439682]], [[0.36744552850723267]], [[0.4062700867652893]], [[0.43562406301498413]], [[0.4612065553665161]], [[0.48344162106513977]], [[0.4932193458080292]], [[0.5105385780334473]], [[0.526962161064148]], [[0.5382577180862427]], [[0.5485173463821411]], [[0.5541703701019287]], [[0.5600685477256775]], [[0.5619828104972839]], [[0.5651514530181885]], [[0.5668351650238037]], [[0.567290186882019]], [[0.5669761300086975]], [[0.5664319396018982]], [[0.5652263164520264]], [[0.5636495351791382]], [[0.5614570379257202]], [[0.5593628883361816]], [[0.5578847527503967]], [[0.5540324449539185]], [[0.5520543456077576]], [[0.5481120944023132]], [[0.5477215051651001]], [[0.545017659664154]], [[0.5409110188484192]], [[0.5398321151733398]], [[0.5370550751686096]], [[0.5350672602653503]], [[0.5334686040878296]], [[0.5319365859031677]], [[0.5296105742454529]], [[0.05844400078058243]], [[-0.04189833253622055]], [[-0.07985533028841019]], [[-0.14504662156105042]], [[-0.19014962017536163]], [[-0.20694422721862793]], [[-0.21843679249286652]], [[-0.22188971936702728]], [[-0.22018776834011078]], [[-0.21604520082473755]], [[-0.204888254404068]], [[-0.19663169980049133]], [[-0.17398376762866974]], [[-0.165494903922081]], [[-0.14042800664901733]], [[-0.12358248978853226]], [[-0.1023232638835907]], [[-0.06110336631536484]], [[-0.03790603578090668]], [[-0.014417309314012527]], [[0.013008108362555504]], [[0.024803828448057175]], [[0.044137656688690186]], [[0.07835164666175842]], [[0.10038824379444122]], [[0.12172859907150269]], [[0.14218753576278687]], [[0.16177017986774445]], [[0.1803116649389267]], [[0.20060190558433533]], [[0.20883606374263763]], [[0.2294989973306656]], 