{"vc": [[-0.06774062663316727, 0.0, 0.0], [0.0, -1.4472308158874512, 1.4476816654205322], [-0.016996748745441437, 0.0832127034664154, -0.0832192599773407], [-0.19067955017089844, 0.0, 0.0], [0.0, 0.0, 0.0], [0.0, 0.0, 0.0], [0.0, 0.564739465713501, -0.5653316378593445], [0.0, 0.0, 0.0], [0.0, 0.0, 0.0], [0.03025391697883606, 0.0, 0.0]], "true_y1": [[[0.4006600081920624]], [[1.4333795309066772]], [[1.60881507396698]], [[2.0873889923095703]], [[2.464405059814453]], [[2.7517950534820557]], [[2.8240087032318115]], [[3.0566890239715576]], [[3.1604061126708984]], [[3.232234477996826]], [[3.249539613723755]], [[3.2485084533691406]], [[3.2396717071533203]], [[3.2245492935180664]], [[3.1665804386138916]], [[3.1068875789642334]], [[3.0402770042419434]], [[2.9514448642730713]], [[2.8783278465270996]], [[2.7104973793029785]], [[2.561497688293457]], [[2.4511454105377197]], [[2.287325620651245]], [[2.2152860164642334]], [[2.0906479358673096]], [[1.9676849842071533]], [[1.9155900478363037]], [[1.7948507070541382]], [[1.6927528381347656]], [[1.6084270477294922]], [[1.4755364656448364]], [[1.4100730419158936]], [[1.2969303131103516]], [[1.2338180541992188]], [[1.124398946762085]], [[1.032541036605835]], [[0.943037211894989]], [[0.8702875971794128]], [[0.7715553045272827]], [[0.6640638113021851]], [[0.6127800941467285]], [[1.0533000230789185]], [[1.4271903038024902]], [[1.6455127000808716]], [[1.9265141487121582]], [[2.148512363433838]], [[2.2656548023223877]], [[2.4044477939605713]], [[2.5252883434295654]], [[2.577631711959839]], [[2.6095640659332275]], [[2.611877202987671]], [[2.6112160682678223]], [[2.575408458709717]], [[2.565957546234131]], [[2.519822597503662]], [[2.493178367614746]], [[2.4498274326324463]], [[2.3871755599975586]], [[2.287306308746338]], [[2.0599536895751953]], [[1.9895963668823242]], [[1.848464012145996]], [[1.743909478187561]], [[1.6399636268615723]], [[1.5378029346466064]], [[1.4534659385681152]], [[1.3533776998519897]], [[1.2711148262023926]], [[1.1577805280685425]], [[1.062694787979126]], [[0.5362260341644287]], [[0.47125449776649475]], [[0.38495534658432007]], [[0.31577661633491516]], [[0.2622358798980713]], [[0.1938965618610382]], [[1.104699969291687]], [[1.26993989944458]], [[1.4901169538497925]], [[1.7272627353668213]], [[1.774921178817749]], [[1.934234857559204]], [[1.9929200410842896]], [[2.077683687210083]], [[2.10456919670105]], [[2.123352289199829]], [[2.1395325660705566]], [[2.1328797340393066]], [[2.122793674468994]], [[2.1011509895324707]], [[2.0830860137939453]], [[2.0394039154052734]], [[1.9887303113937378]], [[1.888479471206665]], [[1.85806143283844]], [[1.7953603267669678]], [[1.714776873588562]], [[1.5496399402618408]], [[1.449892282485962]], [[1.3173701763153076]], [[1.2510191202163696]], [[1.1528958082199097]], [[1.0239299535751343]], [[0.9440390467643738]], [[0.8491208553314209]], [[0.7409818172454834]], [[0.6653866171836853]], [[0.56129390001297]], [[0.5038119554519653]], [[0.40506911277770996]], [[0.3638544976711273]], [[0.2324843853712082]], [[0.13509586453437805]], [[0.03580911457538605]], [[-0.013659540563821793]], [[0.6033599972724915]], [[0.9348116517066956]], [[1.104695200920105]], [[1.2964738607406616]], [[1.376079797744751]], [[1.446142315864563]], [[1.5581698417663574]], [[1.6196801662445068]], [[1.6639859676361084]], [[1.6933120489120483]], [[1.7097558975219727]], [[1.7151739597320557]], [[1.713516116142273]], [[1.6994982957839966]], [[1.68128502368927]], [[1.639125108718872]], [[1.5499536991119385]], [[1.4984906911849976]], [[1.4438132047653198]], [[1.3722108602523804]], [[1.2679011821746826]], [[1.1915048360824585]], [[1.0668742656707764]], [[0.9726021885871887]], [[0.9257763624191284]], [[0.8162180781364441]], [[0.7227194309234619]], [[0.62994784116745]], [[0.5375711917877197]], [[0.4617275893688202]], [[0.35703030228614807]], [[0.254553884267807]], [[0.18304888904094696]], [[0.08466506749391556]], [[0.017355971038341522]], [[-0.035388413816690445]], [[-0.12394024431705475]], [[-0.20641212165355682]], [[-0.271377831697464]], [[-0.3299017548561096]], [[-0.3727254271507263]], [[-0.40916740894317627]], [[-0.45143112540245056]], [[-0.46751269698143005]], [[-0.4673742353916168]], [[0.35506001114845276]], [[0.5986124277114868]], [[0.7721555233001709]], [[1.0192335844039917]], [[1.169844627380371]], [[1.2566094398498535]], [[1.3178595304489136]], [[1.3397610187530518]], [[1.332166075706482]], [[1.3132026195526123]], [[1.2701356410980225]], [[1.2037516832351685]], [[1.1124906539916992]], [[1.0754406452178955]], [[1.0108919143676758]], [[0.9436596632003784]], [[0.8174358606338501]], [[0.7311083078384399]], [[0.6288114190101624]], [[0.5695512294769287]], [[0.4661286175251007]], [[0.3622642457485199]], [[0.317867636680603]], [[0.19979450106620789]], [[0.1260155737400055]], [[0.038213104009628296]], [[-0.04886279255151749]], [[-0.13446016609668732]], [[-0.2193019986152649]], [[-0.30173805356025696]], [[-0.35560426115989685]], [[-0.46037745475769043]], [[-0.5227384567260742]], [[-0.6048027873039246]], [[-0.6381983160972595]], [[-0.7271473407745361]], [[-0.7684456706047058]], [[-0.8017420172691345]], [[-0.821986973285675]], [[-0.8374937176704407]], [[-0.8249642252922058]], [[-0.7921654582023621]], [[-0.7093441486358643]], [[-0.5992881059646606]], [[-0.47763073444366455]], [[-0.3305835723876953]], [[-0.04511097073554993]], [[0.23678451776504517]], [[0.5272988080978394]], [[0.6481617093086243]], [[0.8735136389732361]], [[1.0707409381866455]], [[1.2564866542816162]], [[1.3589972257614136]], [[1.4377392530441284]], [[0.1057400032877922]], [[0.19473309814929962]], [[0.3793540596961975]], [[0.4510233402252197]], [[0.5442091822624207]], [[0.6395993232727051]], [[0.681527316570282]], [[0.7111491560935974]], [[0.7340771555900574]], [[0.734839141368866]], [[0.7238754630088806]], [[0.7060269117355347]], [[0.6698278784751892]], [[0.6302326917648315]], [[0.5839844942092896]], [[0.5137746930122375]], [[0.46614760160446167]], [[0.41572150588035583]], [[0.3524477779865265]], [[0.27554693818092346]], [[0.2072254866361618]], [[0.1375320851802826]], [[0.06592419743537903]], [[0.029944226145744324]], [[-0.0433056503534317]], [[-0.1294320821762085]], [[-0.20431506633758545]], [[-0.2922821044921875]], [[-0.3554800748825073]], [[-0.44426798820495605]], [[-0.48277610540390015]], [[-0.5720022916793823]], [[-0.6615515947341919]], [[-0.7256656885147095]], [[-0.8284332156181335]], [[-0.8793268203735352]], [[-0.955842912197113]], [[-1.0320206880569458]], [[-1.1203304529190063]], [[-1.195173978805542]], [[-1.2446391582489014]], [[-1.3651928901672363]], [[-1.4235907793045044]], [[-1.5333536863327026]], [[-1.5436711311340332]], [[-1.6112644672393799]], [[-1.6932330131530762]], [[-1.7077412605285645]], [[-1.7212249040603638]], [[-1.6978908777236938]], [[-1.6472350358963013]], [[-1.5600006580352783]], [[-1.3223763704299927]], [[0.05844400078058243]], [[0.08242401480674744]], [[0.09378030896186829]], [[0.11828681081533432]], [[0.14225192368030548]], [[0.1547396034002304]], [[0.16693177819252014]], [[0.17328883707523346]], [[0.18229293823242188]], [[0.18393521010875702]], [[0.18333809077739716]], [[0.18106478452682495]], [[0.1710277944803238]], [[0.16630539298057556]], [[0.15024811029434204]], [[0.13804462552070618]], [[0.12134799361228943]], [[0.08561253547668457]], [[0.06385443359613419]], [[0.04076310992240906]], [[0.012555679306387901]], [[3.2425858080387115e-05]], [[-0.020981792360544205]], [[-0.05959109589457512]], [[-0.08536528050899506]], [[-0.11094201356172562]], [[-0.13595663011074066]], [[-0.16024355590343475]], [[-0.18339397013187408]], [[-0.2086128294467926]], [[-0.2187061458826065]], [[-0.2432222217321396]], [[-0.2611720561981201]], [[-0.2717486321926117]], [[-0.28161367774009705]], [[-0.28725555539131165]], [[-0.29061782360076904]], [[-0.28947925567626953]], [[-0.2838343679904938]], [[-0.2737126648426056]], [[-0.26168498396873474]], [[-0.23940639197826385]], [[-0.19184406101703644]], [[-0.1599428504705429]], [[-0.12458814680576324]], 