{"vc": [[-0.021361464634537697, 0.0, 0.0], [0.0, -2.2636237144470215, 2.26407790184021], [-0.013367746025323868, 0.05306445062160492, -0.05364780128002167], [-0.01691366359591484, 0.0, 0.0], [0.0, 0.0, 0.0], [0.0, 0.0, 0.0], [0.0, 1.0316001176834106, -1.0312786102294922], [0.0, 0.0, 0.0], [0.0, 0.0, 0.0], [0.0062125930562615395, -5.001924980978234e-13, 0.0]], "true_y1": [[[0.4006600081920624]], [[0.6661840677261353]], [[0.7120208740234375]], [[0.8411777019500732]], [[0.9505772590637207]], [[1.042763352394104]], [[1.067923665046692]], [[1.159172534942627]], [[1.2101540565490723]], [[1.259523630142212]], [[1.284480333328247]], [[1.296471118927002]], [[1.3051061630249023]], [[1.3108601570129395]], [[1.314697504043579]], [[1.309122920036316]], [[1.2977968454360962]], [[1.2775410413742065]], [[1.2577465772628784]], [[1.204790711402893]], [[1.151415467262268]], [[1.1090376377105713]], [[1.0426570177078247]], [[1.0123722553253174]], [[0.9586312174797058]], [[0.9041202664375305]], [[0.8806145191192627]], [[0.8252431750297546]], [[0.7774708867073059]], [[0.7373584508895874]], [[0.6729013323783875]], [[0.6405597925186157]], [[0.5836656093597412]], [[0.5513327121734619]], [[0.49413612484931946]], [[0.44484710693359375]], [[0.3955056965351105]], [[0.3542741537094116]], [[0.296359121799469]], [[0.2300536334514618]], [[0.1968892216682434]], [[1.0533000230789185]], [[1.1526272296905518]], [[1.2078814506530762]], [[1.2765988111495972]], [[1.3293758630752563]], [[1.3568228483200073]], [[1.3890841007232666]], [[1.416959524154663]], [[1.4288382530212402]], [[1.435510516166687]], [[1.435776710510254]], [[1.4349204301834106]], [[1.4231773614883423]], [[1.4202193021774292]], [[1.405752420425415]], [[1.3973119258880615]], [[1.3833997249603271]], [[1.362876296043396]], [[1.3291423320770264]], [[1.2479712963104248]], [[1.2217313051223755]], [[1.1676323413848877]], [[1.1263667345046997]], [[1.0843894481658936]], [[1.0422346591949463]], [[1.0067702531814575]], [[0.9638956785202026]], [[0.9280000925064087]], [[0.8775229454040527]], [[0.8341854214668274]], [[0.5707696676254272]], [[0.5338320732116699]], [[0.48202595114707947]], [[0.4374431073665619]], [[0.40032246708869934]], [[0.348026305437088]], [[1.104699969291687]], [[1.1522724628448486]], [[1.2122433185577393]], [[1.2726738452911377]], [[1.2842926979064941]], [[1.3216902017593384]], [[1.3347703218460083]], [[1.3524894714355469]], [[1.3574963808059692]], [[1.3604810237884521]], [[1.361167550086975]], [[1.3561657667160034]], [[1.351944088935852]], [[1.3439332246780396]], [[1.3376225233078003]], [[1.3228622674942017]], [[1.3060518503189087]], [[1.2728595733642578]], [[1.262724757194519]], [[1.2416852712631226]], [[1.2143069505691528]], [[1.1568803787231445]], [[1.121296763420105]], [[1.0729557275772095]], [[1.0482898950576782]], [[1.011234998703003]], [[0.9614464640617371]], [[0.9299498200416565]], [[0.8918264508247375]], [[0.8473694324493408]], [[0.8155631422996521]], [[0.7706271409988403]], [[0.7451580166816711]], [[0.7000948786735535]], [[0.6807083487510681]], [[0.6159520149230957]], [[0.5639188289642334]], [[0.5051302313804626]], [[0.47235649824142456]], [[0.6033599972724915]], [[0.7038747072219849]], [[0.753873348236084]], [[0.8099067211151123]], [[0.8332955241203308]], [[0.8541039824485779]], [[0.8882955312728882]], [[0.9080749750137329]], [[0.9233643412590027]], [[0.9347032308578491]], [[0.9425835609436035]], [[0.9474195241928101]], [[0.9491429328918457]], [[0.9494521617889404]], [[0.9472963213920593]], [[0.9398808479309082]], [[0.9202484488487244]], [[0.9076769948005676]], [[0.8936562538146973]], [[0.8744704723358154]], [[0.8451632857322693]], [[0.8228396773338318]], [[0.785085141658783]], [[0.755541205406189]], [[0.740573525428772]], [[0.7048291563987732]], [[0.6735421419143677]], [[0.6417902112007141]], [[0.6094555854797363]], [[0.5823457837104797]], [[0.5440186262130737]], [[0.5053600072860718]], [[0.4776045083999634]], [[0.43814852833747864]], [[0.4101220369338989]], [[0.3874334990978241]], [[0.3475000560283661]], [[0.3074355721473694]], [[0.27291354537010193]], [[0.2382160723209381]], [[0.2091977894306183]], [[0.18007944524288177]], [[0.1333165168762207]], [[0.09799923002719879]], [[0.06262549757957458]], [[0.35506001114845276]], [[0.4367756247520447]], [[0.49446144700050354]], [[0.5782704949378967]], [[0.6330143213272095]], [[0.6683153510093689]], [[0.698801577091217]], [[0.7158868908882141]], [[0.730373203754425]], [[0.7326345443725586]], [[0.7309934496879578]], [[0.7228099703788757]], [[0.7069495916366577]], [[0.6996052265167236]], [[0.6859204769134521]], [[0.6706993579864502]], [[0.6400637626647949]], [[0.6178727746009827]], [[0.5905094742774963]], [[0.574190616607666]], [[0.5449720025062561]], [[0.5147563219070435]], [[0.5015881657600403]], [[0.4658523499965668]], [[0.4429953098297119]], [[0.4152490198612213]], [[0.38711118698120117]], [[0.35878580808639526]], [[0.32996469736099243]], [[0.30111420154571533]], [[0.28171905875205994]], [[0.2424074411392212]], [[0.21768896281719208]], [[0.18294087052345276]], [[0.16778168082237244]], [[0.12249308079481125]], [[0.09702426940202713]], [[0.07166535407304764]], [[0.051058195531368256]], [[-0.005703318864107132]], [[-0.026360442861914635]], [[-0.052437491714954376]], [[-0.08904749900102615]], [[-0.12057002633810043]], [[-0.14698539674282074]], [[-0.17320594191551208]], [[-0.21544967591762543]], [[-0.2521319091320038]], [[-0.28860607743263245]], [[-0.30407899618148804]], [[-0.33450743556022644]], [[-0.36431750655174255]], [[-0.3977191746234894]], [[-0.42033651471138]], [[-0.4415971636772156]], [[0.1057400032877922]], [[0.14601294696331024]], [[0.23070724308490753]], [[0.264818400144577]], [[0.31145042181015015]], [[0.36468595266342163]], [[0.3922238051891327]], [[0.415924996137619]], [[0.4456252455711365]], [[0.4594409763813019]], [[0.4716958999633789]], [[0.47864994406700134]], [[0.48389872908592224]], [[0.4847363233566284]], [[0.4826536774635315]], [[0.47594982385635376]], [[0.4698296785354614]], [[0.46236544847488403]], [[0.4518899917602539]], [[0.43786391615867615]], [[0.42445844411849976]], [[0.410038560628891]], [[0.3945636451244354]], [[0.3865673243999481]], [[0.3698834776878357]], [[0.34964898228645325]], [[0.3315776288509369]], [[0.309842973947525]], [[0.29392048716545105]], [[0.27115026116371155]], [[0.2611368000507355]], [[0.23762960731983185]], [[0.2136223316192627]], [[0.1961834877729416]], [[0.16779276728630066]], [[0.15352772176265717]], [[0.1318114995956421]], [[0.10984556376934052]], [[0.08389454334974289]], [[0.06142012029886246]], [[0.04627681523561478]], [[0.008101679384708405]], [[-0.011277606710791588]], [[-0.05033641308546066]], [[-0.054271209985017776]], [[-0.08198843151330948]], [[-0.1262224316596985]], [[-0.1383923590183258]], [[-0.17101824283599854]], [[-0.19570672512054443]], [[-0.2165031135082245]], [[-0.23732031881809235]], [[-0.27081021666526794]], [[0.05844400078058243]], [[0.08894931524991989]], [[0.10377960652112961]], [[0.13703137636184692]], [[0.17223097383975983]], [[0.19249626994132996]], [[0.21482601761817932]], [[0.22843970358371735]], [[0.2552749514579773]], [[0.2655521035194397]], [[0.2810365855693817]], [[0.28850698471069336]], [[0.3018396496772766]], [[0.30521419644355774]], [[0.31199008226394653]], [[0.3145606815814972]], [[0.316113144159317]], [[0.31500008702278137]], [[0.31245410442352295]], [[0.30868077278137207]], [[0.3028813898563385]], [[0.29994621872901917]], [[0.2945724129676819]], [[0.2833326458930969]], [[0.27487051486968994]], [[0.26568523049354553]], [[0.25587040185928345]], [[0.24543361365795135]], [[0.23447276651859283]], [[0.2210613638162613]], [[0.21512822806835175]], [[0.19874504208564758]], [[0.183892160654068]], [[0.17295712232589722]], [[0.15953098237514496]], [[0.14808282256126404]], [[0.13412143290042877]], [[0.11743022501468658]], [[0.10283344984054565]], [[0.08805985748767853]], [[0.07551155984401703]], [[0.057713583111763]], [[0.029131194576621056]], [[0.013234669342637062]], 