{"vc": [[-0.11004284024238586, 0.0, 0.0], [0.0, -0.09174849838018417, 0.09160993248224258], [-0.03420102596282959, 0.32440146803855896, -0.3244756758213043], [-0.1326863318681717, 0.0, 0.0], [0.0, 0.0, 0.0], [0.0, 0.0, 0.0], [0.0, 0.02140091545879841, -0.021572500467300415], [0.0, 0.0, 0.0], [0.0, 0.0, 0.0], [0.41572633385658264, 0.0, 0.0]], "true_y1": [[[0.4006600081920624]], [[22.09514808654785]], [[26.06910514831543]], [[37.63721466064453]], [[47.87583923339844]], [[56.844303131103516]], [[59.35377883911133]], [[68.74427795410156]], [[74.28601837158203]], [[80.0822982788086]], [[83.39635467529297]], [[85.22554779052734]], [[86.7779541015625]], [[88.10467529296875]], [[90.6349868774414]], [[92.03292083740234]], [[93.0438232421875]], [[93.92687225341797]], [[94.41827392578125]], [[95.0972900390625]], [[95.40632629394531]], [[95.53650665283203]], [[95.63726043701172]], [[95.65814208984375]], [[95.67147064208984]], [[95.66417694091797]], [[95.65656280517578]], [[95.63108825683594]], [[95.6028823852539]], [[95.5760498046875]], [[95.52871704101562]], [[95.5035400390625]], [[95.45762634277344]], [[95.43083190917969]], [[95.38253784179688]], [[95.34025573730469]], [[95.29749298095703]], [[95.26152038574219]], [[95.21072387695312]], [[95.15229797363281]], [[95.12299346923828]], [[1.0533000230789185]], [[9.912901878356934]], [[15.652917861938477]], [[23.955665588378906]], [[31.63222885131836]], [[36.322540283203125]], [[42.86196517944336]], [[50.343109130859375]], [[55.049598693847656]], [[60.33466720581055]], [[61.43840789794922]], [[63.53306579589844]], [[68.43701171875]], [[69.07086944580078]], [[71.28093719482422]], [[72.18408203125]], [[73.33197784423828]], [[74.54495239257812]], [[75.83686065673828]], [[77.32825469970703]], [[77.57105255126953]], [[77.88741302490234]], [[78.02071380615234]], [[78.09602355957031]], [[78.13011169433594]], [[78.13603973388672]], [[78.12325286865234]], [[78.10006713867188]], [[78.05345916748047]], [[78.0038070678711]], [[77.60504913330078]], [[77.54320526123047]], [[77.45487976074219]], [[77.377685546875]], [[77.31273651123047]], [[77.22037506103516]], [[1.104699969291687]], [[5.437594413757324]], [[11.871076583862305]], [[20.092792510986328]], [[21.9908390045166]], [[29.348907470703125]], [[32.688499450683594]], [[38.85535430908203]], [[41.568748474121094]], [[44.10419845581055]], [[48.575439453125]], [[52.299842834472656]], [[53.910545349121094]], [[56.02098846435547]], [[57.25279235839844]], [[59.379478454589844]], [[61.07772445678711]], [[63.2725830078125]], [[63.754425048828125]], [[64.57028198242188]], [[65.3583755493164]], [[66.38934326171875]], [[66.77059173583984]], [[67.1026611328125]], [[67.21519470214844]], [[67.3335189819336]], [[67.42339324951172]], [[67.45108032226562]], [[67.46275329589844]], [[67.45377349853516]], [[67.43609619140625]], [[67.39907836914062]], [[67.37313079833984]], [[67.32035827636719]], [[67.29542541503906]], [[67.2046127319336]], [[67.12516784667969]], [[67.03040313720703]], [[66.97578430175781]], [[0.6033599972724915]], [[10.071898460388184]], [[15.510040283203125]], [[22.41207504272461]], [[25.628847122192383]], [[28.711938858032227]], [[34.40253448486328]], [[38.23826217651367]], [[41.69000244140625]], [[44.77288818359375]], [[47.51144027709961]], [[49.92606735229492]], [[51.367698669433594]], [[53.900821685791016]], [[55.50776290893555]], [[57.743072509765625]], [[60.37239074707031]], [[61.35253143310547]], [[62.1624870300293]], [[62.98073959350586]], [[63.84846115112305]], [[64.3196792602539]], [[64.89105224609375]], [[65.20935821533203]], [[65.340576171875]], [[65.59392547607422]], [[65.76365661621094]], [[65.90022277832031]], [[66.01181030273438]], [[66.08902740478516]], [[66.17881774902344]], [[66.25191497802734]], [[66.296142578125]], [[66.34989166259766]], [[66.38290405273438]], [[66.40709686279297]], [[66.44524383544922]], [[66.4790267944336]], [[66.5053939819336]], [[66.52992248535156]], [[66.54924011230469]], [[66.56775665283203]], [[66.59612274169922]], [[66.6167221069336]], [[66.63687133789062]], [[0.35506001114845276]], [[8.00208568572998]], [[13.931355476379395]], [[23.562515258789062]], [[30.771095275878906]], [[36.04741668701172]], [[41.35283660888672]], [[45.00990295410156]], [[49.643157958984375]], [[51.46291732788086]], [[53.72551345825195]], [[55.75310516357422]], [[57.48302459716797]], [[58.00279998779297]], [[58.75]], [[59.3725471496582]], [[60.25647735595703]], [[60.71612548828125]], [[61.15803909301758]], [[61.37556457519531]], [[61.70408248901367]], [[61.98377227783203]], [[62.09133529663086]], [[62.35023880004883]], [[62.49596405029297]], [[62.65712356567383]], [[62.80671691894531]], [[62.94636154174805]], [[63.07965850830078]], [[63.20615768432617]], [[63.2880744934082]], [[63.448116302490234]], [[63.5455322265625]], [[63.67936706542969]], [[63.73686218261719]], [[63.90629959106445]], [[64.00048828125]], [[64.09378051757812]], [[64.16935729980469]], [[64.37718200683594]], [[64.4529037475586]], [[64.5487060546875]], [[64.68382263183594]], [[64.80096435546875]], [[64.89985656738281]], [[64.99882507324219]], [[65.16036987304688]], [[65.30332946777344]], [[65.44878387451172]], [[65.51174926757812]], [[65.63839721679688]], [[65.7671890258789]], [[65.91952514648438]], [[66.02986145019531]], [[66.14176940917969]], [[0.1057400032877922]], [[4.052814483642578]], [[12.701862335205078]], [[16.331926345825195]], [[21.45360565185547]], [[27.585933685302734]], [[30.929964065551758]], [[33.95676803588867]], [[38.09498977661133]], [[40.28028106689453]], [[42.549842834472656]], [[44.187496185302734]], [[46.13867950439453]], [[47.54064178466797]], [[48.74367141723633]], [[50.09797668457031]], [[50.82122802734375]], [[51.47323989868164]], [[52.17149353027344]], [[52.890869140625]], [[53.443695068359375]], [[53.94559097290039]], [[54.41130828857422]], [[54.62990188598633]], [[55.04905319213867]], [[55.506065368652344]], [[55.87904357910156]], [[56.295074462890625]], [[56.58246612548828]], [[56.973880767822266]], [[57.14008712768555]], [[57.51899719238281]], [[57.89302444458008]], [[58.15843200683594]], [[58.58203125]], [[58.79180145263672]], [[59.108192443847656]], [[59.425479888916016]], [[59.79788589477539]], [[60.119041442871094]], [[60.335025787353516]], [[60.879032135009766]], [[61.15534973144531]], [[61.71345901489258]], [[61.769805908203125]], [[62.167503356933594]], [[62.805564880371094]], [[62.98195266723633]], [[63.456851959228516]], [[63.81838607788086]], [[64.12455749511719]], [[64.43270874023438]], [[64.93254089355469]], [[0.05844400078058243]], [[3.587538003921509]], [[5.335345268249512]], [[9.340883255004883]], [[13.734426498413086]], [[16.35235595703125]], [[19.33303451538086]], [[21.212810516357422]], [[25.115673065185547]], [[26.710224151611328]], [[29.28318977355957]], [[30.635986328125]], [[33.39366912841797]], [[34.21931457519531]], [[36.2707405090332]], [[37.4208869934082]], [[38.69098663330078]], [[40.75312042236328]], [[41.750587463378906]], [[42.6754264831543]], [[43.67274475097656]], [[44.0802116394043]], [[44.72613525390625]], [[45.820152282714844]], [[46.50436019897461]], [[47.16110610961914]], [[47.7927131652832]], [[48.406219482421875]], [[49.00225067138672]], [[49.68095016479492]], [[49.96708679199219]], [[50.72200012207031]], [[51.371089935302734]], [[51.83237838745117]], [[52.38340759277344]], [[52.842308044433594]], [[53.390907287597656]], [[54.03402328491211]], [[54.587493896484375]], [[55.141021728515625]], [[55.60698699951172]], [[56.262752532958984]], [[57.30683135986328]], [[57.88423156738281]], [[58.46516036987305]], [[59.24968719482422]], [[59.548667907714844]], [[60.14712905883789]], [[60.753807067871094]], [[61.570884704589844]], [[61.88093948364258]], [[62.611087799072266]]]}