{"vc": [[-0.2922655940055847, -0.14420214295387268, 0.14423272013664246], [-0.34904220700263977, -2.444615125656128, 2.444662570953369], [-0.09212145954370499, -0.007819433696568012, 0.007816377095878124], [-0.1623936891555786, -0.2618905305862427, 0.2618895471096039], [-0.13428345322608948, -0.048361748456954956, 0.04837265983223915], [-0.12430517375469208, 0.08281410485506058, -0.0827302560210228], [-0.22827908396720886, 0.39840108156204224, -0.39835432171821594], [-0.0011865494307130575, -0.00212557939812541, 0.0021118754521012306], [0.1347215473651886, 0.06920705735683441, -0.0691424161195755], [-0.012834838591516018, 0.057140376418828964, -0.05716073513031006]], "true_y1": [[[0.4006600081920624]], [[-0.035157352685928345]], [[-0.010652994737029076]], [[0.18328292667865753]], [[0.48069727420806885]], [[0.8231219053268433]], [[0.9311665296554565]], [[1.3745883703231812]], [[1.6541941165924072]], [[1.9366788864135742]], [[2.074075222015381]], [[2.1328840255737305]], [[2.1671042442321777]], [[2.179708957672119]], [[2.133635997772217]], [[2.040194272994995]], [[1.9168126583099365]], [[1.7418686151504517]], [[1.5981416702270508]], [[1.2882863283157349]], [[1.0510038137435913]], [[0.8991870284080505]], [[0.7084789276123047]], [[0.6366584300994873]], [[0.5274063348770142]], [[0.4359968900680542]], [[0.4015673100948334]], [[0.3303442597389221]], [[0.27835899591445923]], [[0.2403489053249359]], [[0.1882350891828537]], [[0.1656334549188614]], [[0.13069798052310944]], [[0.11324259638786316]], [[0.08600069582462311]], [[0.06575123965740204]], [[0.04803003743290901]], [[0.03492232412099838]], [[0.018772101029753685]], [[0.003050990402698517]], [[-0.0038578971289098263]], [[1.0533000230789185]], [[0.7134838104248047]], [[0.6532536745071411]], [[0.7082446217536926]], [[0.8611995577812195]], [[0.9881436228752136]], [[1.1939600706100464]], [[1.45123291015625]], [[1.6117801666259766]], [[1.7732477188110352]], [[1.8021302223205566]], [[1.8497856855392456]], [[1.9032044410705566]], [[1.9012181758880615]], [[1.8685275316238403]], [[1.8400365114212036]], [[1.7858244180679321]], [[1.6979988813400269]], [[1.5492502450942993]], [[1.2176252603530884]], [[1.127344012260437]], [[0.9608913064002991]], [[0.8508901596069336]], [[0.75223308801651]], [[0.6649349331855774]], [[0.5994757413864136]], [[0.5288003087043762]], [[0.47586536407470703]], [[0.40970075130462646]], [[0.35955747961997986]], [[0.14166022837162018]], [[0.12270554900169373]], [[0.09757201373577118]], [[0.07750717550516129]], [[0.061929941177368164]], [[0.041666097939014435]], [[1.104699969291687]], [[0.8701555132865906]], [[0.7074884176254272]], [[0.7057729959487915]], [[0.7278125286102295]], [[0.8678593635559082]], [[0.9527605772018433]], [[1.1306897401809692]], [[1.2135051488876343]], [[1.290981650352478]], [[1.4216234683990479]], [[1.5154601335525513]], [[1.548449158668518]], [[1.5811406373977661]], [[1.5928969383239746]], [[1.5954370498657227]], [[1.5747332572937012]], [[1.4993525743484497]], [[1.4718362092971802]], [[1.411558747291565]], [[1.3305634260177612]], [[1.1644123792648315]], [[1.069568395614624]], [[0.9520647525787354]], [[0.8972418308258057]], [[0.8210040926933289]], [[0.7292078733444214]], [[0.6768168210983276]], [[0.6186057329177856]], [[0.5571138858795166]], [[0.5168609619140625]], [[0.4646599292755127]], [[0.4372543692588806]], [[0.392190545797348]], [[0.37403348088264465]], [[0.3180943727493286]], [[0.2777676284313202]], [[0.23640501499176025]], [[0.21504685282707214]], [[0.6033599972724915]], [[0.2150825560092926]], [[0.1587485820055008]], [[0.1972239762544632]], [[0.24695749580860138]], [[0.31007254123687744]], [[0.4601549506187439]], [[0.5818101763725281]], [[0.7025431990623474]], [[0.8171799778938293]], [[0.922257661819458]], [[1.0152655839920044]], [[1.0698258876800537]], [[1.1609364748001099]], [[1.2130047082901]], [[1.2719632387161255]], [[1.3040786981582642]], [[1.2982146739959717]], [[1.2815135717391968]], [[1.2493220567703247]], [[1.1904759407043457]], [[1.1429152488708496]], [[1.0626832246780396]], [[1.0024878978729248]], [[0.9731777906417847]], [[0.9067075848579407]], [[0.8527014255523682]], [[0.8017374873161316]], [[0.7535699009895325]], [[0.71587073802948]], [[0.6663718223571777]], [[0.6205029487609863]], [[0.5898208618164062]], [[0.5490914583206177]], [[0.5220221877098083]], [[0.5011367797851562]], [[0.4664088785648346]], [[0.4339119493961334]], [[0.4075876772403717]], [[0.3825322389602661]], [[0.36255863308906555]], [[0.34333711862564087]], [[0.3140258193016052]], [[0.29303550720214844]], [[0.2728966176509857]], [[0.35506001114845276]], [[-0.014815807342529297]], [[-0.12029889971017838]], [[-0.08690817654132843]], [[0.052983224391937256]], [[0.20471058785915375]], [[0.39416414499282837]], [[0.5434483885765076]], [[0.7473093271255493]], [[0.8280805349349976]], [[0.923281192779541]], [[0.995578408241272]], [[1.0360512733459473]], [[1.0418281555175781]], [[1.0424845218658447]], [[1.034100890159607]], [[1.0028518438339233]], [[0.974795937538147]], [[0.9379449486732483]], [[0.915697455406189]], [[0.8763503432273865]], [[0.8370881080627441]], [[0.8205593824386597]], [[0.7776355147361755]], [[0.751704752445221]], [[0.7217875123023987]], [[0.6931247115135193]], [[0.6658762097358704]], [[0.6396902799606323]], [[0.6149156093597412]], [[0.599012017250061]], [[0.5684762597084045]], [[0.5503506064414978]], [[0.526139497756958]], [[0.5160087943077087]], [[0.4871617555618286]], [[0.47179919481277466]], [[0.45706140995025635]], [[0.44546788930892944]], [[0.41513684391975403]], [[0.40463048219680786]], [[0.39173129200935364]], [[0.37425026297569275]], [[0.3597293198108673]], [[0.34789934754371643]], [[0.33642977476119995]], [[0.31844595074653625]], [[0.30323269963264465]], [[0.2883688807487488]], [[0.2821124792098999]], [[0.2698318660259247]], [[0.25773152709007263]], [[0.24388127028942108]], [[0.23413722217082977]], [[0.22448143362998962]], [[0.1057400032877922]], [[-0.1621013581752777]], [[-0.43936964869499207]], [[-0.47553563117980957]], [[-0.4705711901187897]], [[-0.3939383327960968]], [[-0.32287317514419556]], [[-0.2407958060503006]], [[-0.10001742839813232]], [[-0.01164398342370987]], [[0.09072886407375336]], [[0.17109429836273193]], [[0.27294114232063293]], [[0.34879669547080994]], [[0.41400766372680664]], [[0.48473069071769714]], [[0.5198359489440918]], [[0.5488855838775635]], [[0.5762865543365479]], [[0.5993519425392151]], [[0.612772524356842]], [[0.6212836503982544]], [[0.6258479356765747]], [[0.6268633604049683]], [[0.6268194317817688]], [[0.6239258646965027]], [[0.6195633411407471]], [[0.6128597259521484]], [[0.6072783470153809]], [[0.5986799597740173]], [[0.5947508215904236]], [[0.5853322744369507]], [[0.5756042003631592]], [[0.568557620048523]], [[0.5572332143783569]], [[0.5516447424888611]], [[0.5432952642440796]], [[0.5350645780563354]], [[0.5256379246711731]], [[0.5177426934242249]], [[0.5125643610954285]], [[0.5000092387199402]], [[0.49390488862991333]], [[0.48212724924087524]], [[0.48097866773605347]], [[0.4730756878852844]], [[0.46111181378364563]], [[0.4579527974128723]], [[0.4497467279434204]], [[0.44377797842025757]], [[0.43890050053596497]], [[0.43414726853370667]], [[0.42675042152404785]], [[0.05844400078058243]], [[-0.23679977655410767]], [[-0.3410259485244751]], [[-0.5054029822349548]], [[-0.599331259727478]], [[-0.623827338218689]], [[-0.6288496255874634]], [[-0.6210228800773621]], [[-0.5802899599075317]], [[-0.5546472072601318]], [[-0.5024868249893188]], [[-0.4697108268737793]], [[-0.39132627844810486]], [[-0.3648228347301483]], [[-0.29298779368400574]], [[-0.2491273432970047]], [[-0.19798028469085693]], [[-0.11014395207166672]], [[-0.06639472395181656]], [[-0.025770101696252823]], [[0.01740650087594986]], [[0.034669358283281326]], [[0.06137263774871826]], [[0.10411053895950317]], [[0.12881383299827576]], [[0.15078136324882507]], [[0.17013759911060333]], [[0.1871815025806427]], [[0.20204082131385803]], [[0.21693038940429688]], [[0.22257483005523682]], 