{"vc": [[-0.0442311055958271, 0.0, 0.0], [0.0, -0.04268062114715576, 0.04253646731376648], [0.007486673071980476, 0.30208006501197815, -0.30226126313209534], [0.09040051698684692, 0.0, 0.0], [0.0, 0.0, 0.0], [0.0, 0.0, 0.0], [0.0, 0.010680112056434155, -0.010622547008097172], [0.0, 0.0, 0.0], [0.0, 0.0, 0.0], [0.754815936088562, 0.0, 0.0]], "true_y1": [[[0.4006600081920624]], [[40.797279357910156]], [[48.23139190673828]], [[69.97807312011719]], [[89.404541015625]], [[106.61275482177734]], [[111.46793365478516]], [[129.83282470703125]], [[140.85244750976562]], [[152.57411193847656]], [[159.3951873779297]], [[163.20863342285156]], [[166.47865295410156]], [[169.30294799804688]], [[174.79147338867188]], [[177.90943908691406]], [[180.2288818359375]], [[182.33331298828125]], [[183.56234741210938]], [[185.420654296875]], [[186.4410400390625]], [[186.98716735839844]], [[187.60491943359375]], [[187.8287353515625]], [[188.17092895507812]], [[188.46969604492188]], [[188.588134765625]], [[188.849609375]], [[189.06072998046875]], [[189.23072814941406]], [[189.4942169189453]], [[189.62319946289062]], [[189.84654235839844]], [[189.97198486328125]], [[190.19212341308594]], [[190.38064575195312]], [[190.5687713623047]], [[190.7257843017578]], [[190.9463348388672]], [[191.19927978515625]], [[191.32611083984375]], [[1.0533000230789185]], [[17.6289119720459]], [[28.401498794555664]], [[44.053531646728516]], [[58.62490463256836]], [[67.58879089355469]], [[80.18303680419922]], [[94.76368713378906]], [[104.05663299560547]], [[114.6347885131836]], [[116.86698913574219]], [[121.12916564941406]], [[131.27207946777344]], [[132.60438537597656]], [[137.3017120361328]], [[139.24984741210938]], [[141.75778198242188]], [[144.4602813720703]], [[147.4329376220703]], [[151.15550231933594]], [[151.84498596191406]], [[152.86697387695312]], [[153.41140747070312]], [[153.83372497558594]], [[154.167236328125]], [[154.39830017089844]], [[154.63433837890625]], [[154.80499267578125]], [[155.014892578125]], [[155.17457580566406]], [[155.94541931152344]], [[156.042236328125]], [[156.17535400390625]], [[156.28807067871094]], [[156.3809814453125]], [[156.5108642578125]], [[1.104699969291687]], [[9.248419761657715]], [[21.372081756591797]], [[36.945518493652344]], [[40.5572509765625]], [[54.63328552246094]], [[61.068214416503906]], [[73.04560852050781]], [[78.36156463623047]], [[83.35874938964844]], [[92.25334167480469]], [[99.75953674316406]], [[103.03936004638672]], [[107.37390899658203]], [[109.926513671875]], [[114.38174438476562]], [[117.99515533447266]], [[122.77346801757812]], [[123.84635162353516]], [[125.69255065917969]], [[127.5265121459961]], [[130.06973266601562]], [[131.10154724121094]], [[132.10812377929688]], [[132.5004119873047]], [[132.9814453125]], [[133.4803466796875]], [[133.7338409423828]], [[133.9943389892578]], [[134.2504119873047]], [[134.4099884033203]], [[134.61038208007812]], [[134.7136993408203]], [[134.8825225830078]], [[134.95065307617188]], [[135.16331481933594]], [[135.32171630859375]], [[135.491455078125]], [[135.5829620361328]], [[0.6033599972724915]], [[18.451404571533203]], [[28.73902702331543]], [[41.85626983642578]], [[47.999454498291016]], [[53.908935546875]], [[64.88229370117188]], [[72.33662414550781]], [[79.09268951416016]], [[85.1718978881836]], [[90.61380767822266]], [[95.45001220703125]], [[98.35691833496094]], [[103.50597381591797]], [[106.80440521240234]], [[111.44430541992188]], [[117.00719451904297]], [[119.12313079833984]], [[120.89712524414062]], [[122.72160339355469]], [[124.70974731445312]], [[125.82550048828125]], [[127.2362289428711]], [[128.06724548339844]], [[128.42445373535156]], [[129.14990234375]], [[129.67417907714844]], [[130.13031005859375]], [[130.53634643554688]], [[130.842041015625]], [[131.2330780029297]], [[131.59048461914062]], [[131.8296356201172]], [[132.15036010742188]], [[132.36734008789062]], [[132.53770446777344]], [[132.82833862304688]], [[133.11070251464844]], [[133.3484344482422]], [[133.58346557617188]], [[133.77774047851562]], [[133.97108459472656]], [[134.27920532226562]], [[134.51068115234375]], [[134.74200439453125]], [[0.35506001114845276]], [[14.818672180175781]], [[26.06430435180664]], [[44.43229675292969]], [[58.30331802368164]], [[68.55038452148438]], [[78.95956420898438]], [[86.21284484863281]], [[95.5217056274414]], [[99.22431945800781]], [[103.87562561035156]], [[108.10192108154297]], [[111.76903533935547]], [[112.88609313964844]], [[114.50851440429688]], [[115.8792495727539]], [[117.86727905273438]], [[118.92859649658203]], [[119.97452545166016]], [[120.501220703125]], [[121.31538391113281]], [[122.0301284790039]], [[122.31120300292969]], [[123.00374603271484]], [[123.40430450439453]], [[123.85684204101562]], [[124.28601837158203]], [[124.69441223144531]], [[125.09085083007812]], [[125.47251892089844]], [[125.72220611572266]], [[126.21492767333984]], [[126.51747131347656]], [[126.93560791015625]], [[127.11592102050781]], [[127.64895629882812]], [[127.9459228515625]], [[128.240234375]], [[128.4786834716797]], [[129.1337127685547]], [[129.37193298339844]], [[129.6728973388672]], [[130.09637451171875]], [[130.46243286132812]], [[130.77061462402344]], [[131.07821655273438]], [[131.5784912109375]], [[132.019287109375]], [[132.46585083007812]], [[132.6585693359375]], [[133.04510498046875]], [[133.43667602539062]], [[133.8979034423828]], [[134.23065185546875]], [[134.56704711914062]], [[0.1057400032877922]], [[7.641122817993164]], [[24.181140899658203]], [[31.143329620361328]], [[40.99720001220703]], [[52.85905456542969]], [[59.3648796081543]], [[65.28131866455078]], [[73.42063903808594]], [[77.74604797363281]], [[82.26115417480469]], [[85.53520965576172]], [[89.45563507080078]], [[92.28697204589844]], [[94.72711944580078]], [[97.48680114746094]], [[98.96648406982422]], [[100.30413055419922]], [[101.74063110351562]], [[103.22490692138672]], [[104.3683853149414]], [[105.408447265625]], [[106.3748779296875]], [[106.82882690429688]], [[107.69964599609375]], [[108.64923858642578]], [[109.42387390136719]], [[110.28702545166016]], [[110.8824462890625]], [[111.69189453125]], [[112.03499603271484]], [[112.81560516357422]], [[113.58375549316406]], [[114.12725067138672]], [[114.99177551269531]], [[115.41852569580078]], [[116.06041717529297]], [[116.70197296142578]], [[117.45222473144531]], [[118.09685516357422]], [[118.5291519165039]], [[119.61370849609375]], [[120.16228485107422]], [[121.26573181152344]], [[121.37680053710938]], [[122.1590576171875]], [[123.40809631347656]], [[123.75212097167969]], [[124.67574310302734]], [[125.37638854980469]], [[125.96810913085938]], [[126.56217956542969]], [[127.52272033691406]], [[0.05844400078058243]], [[6.900816440582275]], [[10.290594100952148]], [[18.062698364257812]], [[26.59517478942871]], [[31.68401527404785]], [[37.48296356201172]], [[41.14305877685547]], [[48.7499885559082]], [[51.86083221435547]], [[56.88373947143555]], [[59.52598190307617]], [[64.91377258300781]], [[66.52688598632812]], [[70.53360748291016]], [[72.77835845947266]], [[75.25481414794922]], [[79.26692199707031]], [[81.2019271850586]], [[82.99149322509766]], [[84.91521453857422]], [[85.69903564453125]], [[86.93866729736328]], [[89.02903747558594]], [[90.32966613769531]], [[91.57266998291016]], [[92.76268005371094]], [[93.91320037841797]], [[95.025634765625]], [[96.28575897216797]], [[96.81488037109375]], [[98.20471954345703]], [[99.39263916015625]], [[100.23291778564453]], [[101.23247528076172]], [[102.06151580810547]], [[103.04866790771484]], [[104.20067596435547]], [[105.18778991699219]], [[106.17121887207031]], [[106.99629211425781]], [[108.15335083007812]], [[109.98639678955078]], [[110.99565887451172]], [[112.00812530517578]], [[113.37104034423828]], [[113.88919067382812]], [[114.92440032958984]], [[115.97129821777344]], [[117.37752532958984]], [[117.91007995605469]], [[119.16202545166016]]]}