{"vc": [[-0.06042126938700676, 0.0, 0.0], [0.0, -2.0768613815307617, 2.078507900238037], [-0.0027661630883812904, 0.10775377601385117, -0.10607956349849701], [-0.1213064193725586, 0.0, 0.0], [0.0, 0.0, 0.0], [0.0, 0.0, 0.0], [0.0, 0.7002162933349609, -0.7018513679504395], [0.0, 0.0, 0.0], [0.0, 0.0, 0.0], [0.02409789338707924, 0.0, 0.0]], "true_y1": [[[0.4006600081920624]], [[1.2985275983810425]], [[1.4504441022872925]], [[1.8646279573440552]], [[2.191938638687134]], [[2.444200038909912]], [[2.5084664821624756]], [[2.7215747833251953]], [[2.8243045806884766]], [[2.908877372741699]], [[2.9436380863189697]], [[2.957204818725586]], [[2.9647040367126465]], [[2.967442035675049]], [[2.9592151641845703]], [[2.9424684047698975]], [[2.9204015731811523]], [[2.888411045074463]], [[2.86091685295105]], [[2.7958250045776367]], [[2.7367782592773438]], [[2.6925652027130127]], [[2.6263129711151123]], [[2.596957206726074]], [[2.545846700668335]], [[2.4950082302093506]], [[2.4733386039733887]], [[2.4227938652038574]], [[2.379674196243286]], [[2.34377121925354]], [[2.2865917682647705]], [[2.2581207752227783]], [[2.2083652019500732]], [[2.1802687644958496]], [[2.130873680114746]], [[2.0886149406433105]], [[2.046591281890869]], [[2.0116872787475586]], [[1.9629840850830078]], [[1.907684087753296]], [[1.8802049160003662]], [[1.0533000230789185]], [[1.3892390727996826]], [[1.5838602781295776]], [[1.8331273794174194]], [[2.0299835205078125]], [[2.1345622539520264]], [[2.2605974674224854]], [[2.3761167526245117]], [[2.4322850704193115]], [[2.478337049484253]], [[2.4853782653808594]], [[2.4959218502044678]], [[2.502699136734009]], [[2.501195192337036]], [[2.4897994995117188]], [[2.481605052947998]], [[2.46700119972229]], [[2.4442834854125977]], [[2.4060370922088623]], [[2.315182685852051]], [[2.2865519523620605]], [[2.228677749633789]], [[2.1854615211486816]], [[2.142206907272339]], [[2.0993902683258057]], [[2.063791036605835]], [[2.0212090015411377]], [[1.9859040975570679]], [[1.9367398023605347]], [[1.8949437141418457]], [[1.6482656002044678]], [[1.614640712738037]], [[1.5679004192352295]], [[1.5280808210372925]], [[1.4952203035354614]], [[1.4493955373764038]], [[1.104699969291687]], [[1.2593234777450562]], [[1.464436411857605]], [[1.6850703954696655]], [[1.7295945882797241]], [[1.880245327949524]], [[1.9373340606689453]], [[2.024435520172119]], [[2.0551319122314453]], [[2.079446792602539]], [[2.1113486289978027]], [[2.125833749771118]], [[2.128068447113037]], [[2.126544237136841]], [[2.1228907108306885]], [[2.110482692718506]], [[2.0931363105773926]], [[2.0549681186676025]], [[2.042863130569458]], [[2.017479419708252]], [[1.984291434288025]], [[1.9152013063430786]], [[1.8730552196502686]], [[1.8167155981063843]], [[1.7883641719818115]], [[1.7462457418441772]], [[1.6904845237731934]], [[1.655664086341858]], [[1.6139556169509888]], [[1.56588876247406]], [[1.5318593978881836]], [[1.4842753410339355]], [[1.4575563669204712]], [[1.4107223749160767]], [[1.3907470703125]], [[1.3247878551483154]], [[1.2726610898971558]], [[1.2147469520568848]], [[1.182934284210205]], [[0.6033599972724915]], [[0.9194595813751221]], [[1.0813243389129639]], [[1.264741063117981]], [[1.3415138721466064]], [[1.409740924835205]], [[1.521422266960144]], [[1.5857393741607666]], [[1.6354868412017822]], [[1.6728001832962036]], [[1.6996455192565918]], [[1.717682123184204]], [[1.725553035736084]], [[1.7331095933914185]], [[1.7328517436981201]], [[1.723789095878601]], [[1.6935937404632568]], [[1.673662781715393]], [[1.6515445709228516]], [[1.621697187423706]], [[1.577191948890686]], [[1.5441561937332153]], [[1.4898234605789185]], [[1.4485024213790894]], [[1.427926778793335]], [[1.3796707391738892]], [[1.3383581638336182]], [[1.297227382659912]], [[1.256096601486206]], [[1.222158670425415]], [[1.1749778985977173]], [[1.1282919645309448]], [[1.0953127145767212]], [[1.0491912364959717]], [[1.0169687271118164]], [[0.9912118911743164]], [[0.9466005563735962]], [[0.9027895927429199]], [[0.865825891494751]], [[0.8294379711151123]], [[0.7996185421943665]], [[0.7702817320823669]], [[0.7244611382484436]], [[0.6909754872322083]], [[0.6584662795066833]], [[0.35506001114845276]], [[0.5969725847244263]], [[0.7697038650512695]], [[1.0178260803222656]], [[1.173426866531372]], [[1.2683415412902832]], [[1.3445549011230469]], [[1.383293628692627]], [[1.4105035066604614]], [[1.4119690656661987]], [[1.4031850099563599]], [[1.3808040618896484]], [[1.3443031311035156]], [[1.3286092281341553]], [[1.3005976676940918]], [[1.2708325386047363]], [[1.2140600681304932]], [[1.1748839616775513]], [[1.1283007860183716]], [[1.101280689239502]], [[1.0541125535964966]], [[1.006760597229004]], [[0.9865296483039856]], [[0.9327499866485596]], [[0.8991525769233704]], [[0.85915207862854]], [[0.8194263577461243]], [[0.7802629470825195]], [[0.7412524819374084]], [[0.7030479907989502]], [[0.677844762802124]], [[0.6279729008674622]], [[0.5974722504615784]], [[0.5557705163955688]], [[0.5380263924598694]], [[0.48674094676971436]], [[0.4591062664985657]], [[0.43251752853393555]], [[0.41163092851638794]], [[0.35772788524627686]], [[0.3395434319972992]], [[0.3177770972251892]], [[0.2896209955215454]], [[0.26780959963798523]], [[0.25140616297721863]], [[0.23693494498729706]], [[0.2177238166332245]], [[0.20552153885364532]], [[0.1979401856660843]], [[0.1962081640958786]], [[0.19560059905052185]], [[0.1989356279373169]], [[0.20797136425971985]], [[0.217865988612175]], [[0.23064792156219482]], [[0.1057400032877922]], [[0.2080550491809845]], [[0.4217093586921692]], [[0.5055009722709656]], [[0.6159703135490417]], [[0.7332667112350464]], [[0.7885110974311829]], [[0.8317954540252686]], [[0.8777180910110474]], [[0.8939123153686523]], [[0.9028286933898926]], [[0.9028350710868835]], [[0.8935240507125854]], [[0.8785988092422485]], [[0.8585346341133118]], [[0.8254379630088806]], [[0.801989734172821]], [[0.7766391634941101]], [[0.7443304061889648]], [[0.7045934796333313]], [[0.6690296530723572]], [[0.6326090097427368]], [[0.5951129794120789]], [[0.5762622952461243]], [[0.5378932952880859]], [[0.4928393065929413]], [[0.4537617266178131]], [[0.4080182909965515]], [[0.37529292702674866]], [[0.3295592963695526]], [[0.3098275065422058]], [[0.2643924951553345]], [[0.21926641464233398]], [[0.18730729818344116]], [[0.1368177980184555]], [[0.11220921576023102]], [[0.07579648494720459]], [[0.0403590053319931]], [[0.0010000000474974513]], [[0.0010000000474974513]], [[0.0010000000474974513]], [[0.0010000000474974513]], [[0.0010000000474974513]], [[0.0010000000474974513]], [[0.0010000000474974513]], [[0.0010000000474974513]], [[0.0010000000474974513]], [[0.0010000000474974513]], [[0.0010000000474974513]], [[0.0010000000474974513]], [[0.0010000000474974513]], [[0.0010000000474974513]], [[0.0010000000474974513]], [[0.05844400078058243]], [[0.11399927735328674]], [[0.14093787968158722]], [[0.20082062482833862]], [[0.26273930072784424]], [[0.2972602844238281]], [[0.33388447761535645]], [[0.3552408218383789]], [[0.394228994846344]], [[0.4076218605041504]], [[0.4253031611442566]], [[0.43227556347846985]], [[0.4402259886264801]], [[0.4406442940235138]], [[0.4368056356906891]], [[0.43106040358543396]], [[0.42110103368759155]], [[0.395143985748291]], [[0.37739503383636475]], [[0.357416033744812]], [[0.33167606592178345]], [[0.31981828808784485]], [[0.29934555292129517]], [[0.2598074972629547]], [[0.23190109431743622]], [[0.20281623303890228]], [[0.1727687120437622]], [[0.14171306788921356]], [[0.10988084226846695]], [[0.07179954648017883]], [[0.05520739406347275]], [[0.01006622239947319]], [[0.0010000000474974513]], [[0.0010000000474974513]], [[0.0010000000474974513]], [[0.0010000000474974513]], [[0.0010000000474974513]], [[0.0010000000474974513]], [[0.0010000000474974513]], [[0.0010000000474974513]], [[0.0010000000474974513]], [[0.0010000000474974513]], [[0.0010000000474974513]], [[0.0010000000474974513]], [[0.0010000000474974513]], [[0.0010000000474974513]], [[0.0010000000474974513]], 