{"vc": [[-0.12240351736545563, 0.0, 0.0], [0.0, -0.11939200013875961, 0.11941473186016083], [-0.0444941408932209, 0.33342257142066956, -0.3335479497909546], [-0.18043933808803558, 0.0, 0.0], [0.0, 0.0, 0.0], [0.0, 0.0, 0.0], [0.0, 0.02691776491701603, -0.026708602905273438], [0.0, 0.0, 0.0], [0.0, 0.0, 0.0], [0.3426876962184906, 0.0, 0.0]], "true_y1": [[[0.4006600081920624]], [[18.08030128479004]], [[21.317338943481445]], [[30.73682403564453]], [[39.06840896606445]], [[46.360923767089844]], [[48.40029525756836]], [[56.02574920654297]], [[60.519954681396484]], [[65.21306610107422]], [[67.89080047607422]], [[69.36599731445312]], [[70.61569213867188]], [[71.681396484375]], [[73.7041015625]], [[74.81130981445312]], [[75.60234832763672]], [[76.27967834472656]], [[76.64533233642578]], [[77.1164321899414]], [[77.2914047241211]], [[77.33807373046875]], [[77.32821655273438]], [[77.3034439086914]], [[77.24015045166016]], [[77.15879821777344]], [[77.11998748779297]], [[77.02213287353516]], [[76.93226623535156]], [[76.85395050048828]], [[76.72406005859375]], [[76.65742492675781]], [[76.53837585449219]], [[76.4698486328125]], [[76.34736633300781]], [[76.24070739746094]], [[76.13304138183594]], [[76.0424575805664]], [[75.91433715820312]], [[75.7664566040039]], [[75.69200897216797]], [[1.0533000230789185]], [[8.252806663513184]], [[12.913919448852539]], [[19.651432037353516]], [[25.875844955444336]], [[29.67645835876465]], [[34.97210693359375]], [[41.02497100830078]], [[44.829280853271484]], [[49.09667205810547]], [[49.987060546875]], [[51.675785064697266]], [[55.621429443359375]], [[56.13017272949219]], [[57.900123596191406]], [[58.62094497680664]], [[59.533843994140625]], [[60.492252349853516]], [[61.499576568603516]], [[62.61092758178711]], [[62.77519607543945]], [[62.962921142578125]], [[63.0172233581543]], [[63.02255630493164]], [[62.99333190917969]], [[62.9496955871582]], [[62.88010787963867]], [[62.81123733520508]], [[62.702354431152344]], [[62.60048294067383]], [[61.89323043823242]], [[61.78793716430664]], [[61.63853073120117]], [[61.50857925415039]], [[61.399539947509766]], [[61.24477767944336]], [[1.104699969291687]], [[4.617265224456787]], [[9.828908920288086]], [[16.483091354370117]], [[18.018360137939453]], [[23.967082977294922]], [[26.665504455566406]], [[31.645917892456055]], [[33.836219787597656]], [[35.88222885131836]], [[39.48849868774414]], [[42.48992156982422]], [[43.78691101074219]], [[45.48488998413086]], [[46.47492599487305]], [[48.18149948120117]], [[49.540340423583984]], [[51.28628158569336]], [[51.666778564453125]], [[52.306949615478516]], [[52.917503356933594]], [[53.69053268432617]], [[53.95840835571289]], [[54.1690673828125]], [[54.22940444946289]], [[54.27778244018555]], [[54.28488540649414]], [[54.26477813720703]], [[54.22188186645508]], [[54.15250778198242]], [[54.09314727783203]], [[53.998756408691406]], [[53.94086456298828]], [[53.8322868347168]], [[53.783546447753906]], [[53.613765716552734]], [[53.4711799621582]], [[53.30510330200195]], [[53.210670471191406]], [[0.6033599972724915]], [[8.270366668701172]], [[12.671849250793457]], [[18.257057189941406]], [[20.859935760498047]], [[23.35466957092285]], [[27.95963478088379]], [[31.06402015686035]], [[33.858009338378906]], [[36.35373306274414]], [[38.57086181640625]], [[40.525718688964844]], [[41.69272994995117]], [[43.742733001708984]], [[45.04243087768555]], [[46.84828567504883]], [[48.96547317504883]], [[49.75055694580078]], [[50.39603805541992]], [[51.04320526123047]], [[51.719993591308594]], [[52.08029556274414]], [[52.504432678222656]], [[52.73015213012695]], [[52.81964111328125]], [[52.98347091674805]], [[53.08343505859375]], [[53.154911041259766]], [[53.20445251464844]], [[53.23206329345703]], [[53.25441360473633]], [[53.26173400878906]], [[53.259681701660156]], [[53.2485237121582]], [[53.2358283996582]], [[53.22315979003906]], [[53.196529388427734]], [[53.165260314941406]], [[53.1353645324707]], [[53.10304641723633]], [[53.07453536987305]], [[53.04475402832031]], [[52.99482345581055]], [[52.955631256103516]], [[52.91526794433594]], [[0.35506001114845276]], [[6.536187648773193]], [[11.328374862670898]], [[19.115188598632812]], [[24.948347091674805]], [[29.222198486328125]], [[33.52427291870117]], [[36.49275207519531]], [[40.25678253173828]], [[41.735591888427734]], [[43.57352828979492]], [[45.2178955078125]], [[46.6153564453125]], [[47.03327178955078]], [[47.63132858276367]], [[48.12603759765625]], [[48.81924819946289]], [[49.172882080078125]], [[49.505882263183594]], [[49.66636657714844]], [[49.90302276611328]], [[50.09761047363281]], [[50.170387268066406]], [[50.34000778198242]], [[50.43159866333008]], [[50.529258728027344]], [[50.61627960205078]], [[50.69424057006836]], [[50.76568603515625]], [[50.83084487915039]], [[50.8717155456543]], [[50.94872283935547]], [[50.99387741088867]], [[51.05398941040039]], [[51.07918167114258]], [[51.15145492553711]], [[51.19048309326172]], [[51.228424072265625]], [[51.25868606567383]], [[51.33995819091797]], [[51.36894226074219]], [[51.40519332885742]], [[51.455589294433594]], [[51.4986572265625]], [[51.53460693359375]], [[51.57023620605469]], [[51.62771224975586]], [[51.67793273925781]], [[51.728458404541016]], [[51.75016403198242]], [[51.79353713989258]], [[51.83726501464844]], [[51.888526916503906]], [[51.925357818603516]], [[51.96247100830078]], [[0.1057400032877922]], [[3.280749559402466]], [[10.241717338562012]], [[13.16688346862793]], [[17.299968719482422]], [[22.26109504699707]], [[24.97378921508789]], [[27.43451690673828]], [[30.80828094482422]], [[32.59476089477539]], [[34.45390319824219]], [[35.797767639160156]], [[37.40121841430664]], [[38.554447174072266]], [[39.54426574707031]], [[40.65785217285156]], [[41.25169372558594]], [[41.7861213684082]], [[42.35702896118164]], [[42.94303894042969]], [[43.391380310058594]], [[43.79652404785156]], [[44.1705436706543]], [[44.34538269042969]], [[44.679229736328125]], [[45.04096984863281]], [[45.33433151245117]], [[45.65950393676758]], [[45.88284683227539]], [[46.18534469604492]], [[46.31321334838867]], [[46.60346603393555]], [[46.88831329345703]], [[47.089481353759766]], [[47.40898132324219]], [[47.56652069091797]], [[47.80332565307617]], [[48.03986740112305]], [[48.31637954711914]], [[48.553916931152344]], [[48.71321105957031]], [[49.11288833618164]], [[49.31509780883789]], [[49.72198486328125]], [[49.76295471191406]], [[50.051570892333984]], [[50.51270294189453]], [[50.6397819519043]], [[50.98110580444336]], [[51.240177154541016]], [[51.459075927734375]], [[51.67893981933594]], [[52.034637451171875]], [[0.05844400078058243]], [[2.8749234676361084]], [[4.270293235778809]], [[7.471001148223877]], [[10.989295959472656]], [[13.091097831726074]], [[15.490459442138672]], [[17.007701873779297]], [[20.169788360595703]], [[21.466957092285156]], [[23.5673885345459]], [[24.6756649017334]], [[26.94401741027832]], [[27.625667572021484]], [[29.32455825805664]], [[30.280372619628906]], [[31.33863639831543]], [[33.06273651123047]], [[33.899070739746094]], [[34.6756706237793]], [[35.514129638671875]], [[35.85691452026367]], [[36.40047836303711]], [[37.3213005065918]], [[37.897056579589844]], [[38.44942092895508]], [[38.98023986816406]], [[39.495338439941406]], [[39.995174407958984]], [[40.56350326538086]], [[40.80281066894531]], [[41.43325424194336]], [[41.97416687011719]], [[42.357887268066406]], [[42.81547546386719]], [[43.19588851928711]], [[43.64984130859375]], [[44.18085861206055]], [[44.6368522644043]], [[45.09196090698242]], [[45.4743537902832]], [[46.011390686035156]], [[46.863765716552734]], [[47.333763122558594]], [[47.8056526184082]], [[48.441383361816406]], [[48.68320083618164]], [[49.16648864746094]], [[49.6554069519043]], [[50.31231689453125]], [[50.56113052368164]], [[51.14607620239258]]]}