{"vc": [[-0.045341189950704575, 0.0, 0.0], [0.0, -2.181227445602417, 2.18204665184021], [-0.001263684593141079, 0.08141599595546722, -0.08228299021720886], [-0.06462758034467697, 0.0, 0.0], [0.0, 0.0, 0.0], [0.0, 0.0, 0.0], [0.0, 0.8715818524360657, -0.8709532618522644], [0.0, 0.0, 0.0], [0.0, 0.0, 0.0], [0.02351493574678898, 0.0, 0.0]], "true_y1": [[[0.4006600081920624]], [[1.400922179222107]], [[1.564895749092102]], [[1.9993963241577148]], [[2.326451301574707]], [[2.566298723220825]], [[2.625483751296997]], [[2.8158719539642334]], [[2.904798984527588]], [[2.978195905685425]], [[3.0102641582489014]], [[3.0244359970092773]], [[3.0341956615448]], [[3.040623903274536]], [[3.046536445617676]], [[3.044527530670166]], [[3.0390281677246094]], [[3.0291903018951416]], [[3.0199050903320312]], [[2.9963581562042236]], [[2.973881721496582]], [[2.9566023349761963]], [[2.9301955699920654]], [[2.9183428287506104]], [[2.897529363632202]], [[2.876641035079956]], [[2.867689371109009]], [[2.846709728240967]], [[2.8287112712860107]], [[2.813659191131592]], [[2.789569139480591]], [[2.7775211334228516]], [[2.7563817501068115]], [[2.744396686553955]], [[2.7232396602630615]], [[2.7050490379333496]], [[2.686872959136963]], [[2.6717076301574707]], [[2.6504361629486084]], [[2.6261167526245117]], [[2.613961696624756]], [[1.0533000230789185]], [[1.4458112716674805]], [[1.668018102645874]], [[1.944715976715088]], [[2.155362129211426]], [[2.2639811038970947]], [[2.3917148113250732]], [[2.5063438415527344]], [[2.562300682067871]], [[2.610734224319458]], [[2.6189074516296387]], [[2.6325032711029053]], [[2.653563976287842]], [[2.6550116539001465]], [[2.6571288108825684]], [[2.656400680541992]], [[2.6536903381347656]], [[2.647831916809082]], [[2.6359825134277344]], [[2.6038711071014404]], [[2.5931601524353027]], [[2.570958137512207]], [[2.554001569747925]], [[2.5367705821990967]], [[2.519498348236084]], [[2.504995346069336]], [[2.4874963760375977]], [[2.4728739261627197]], [[2.452352285385132]], [[2.4347689151763916]], [[2.3284671306610107]], [[2.313638687133789]], [[2.2928659915924072]], [[2.2750120162963867]], [[2.2601616382598877]], [[2.239262580871582]], [[1.104699969291687]], [[1.2948009967803955]], [[1.5427216291427612]], [[1.8017232418060303]], [[1.8528075218200684]], [[2.022447109222412]], [[2.085543155670166]], [[2.1813619136810303]], [[2.215571165084839]], [[2.243382453918457]], [[2.282949686050415]], [[2.3067286014556885]], [[2.314336061477661]], [[2.3216655254364014]], [[2.324432134628296]], [[2.3261590003967285]], [[2.3241043090820312]], [[2.3147497177124023]], [[2.311177968978882]], [[2.303183078765869]], [[2.2920353412628174]], [[2.2673239707946777]], [[2.251603603363037]], [[2.2300493717193604]], [[2.219010353088379]], [[2.202406406402588]], [[2.1800897121429443]], [[2.1659793853759766]], [[2.148914337158203]], [[2.1290371417999268]], [[2.114832639694214]], [[2.0947887897491455]], [[2.0834407806396484]], [[2.063384771347046]], [[2.054765224456787]], [[2.026010751724243]], [[2.0029470920562744]], [[1.9769328832626343]], [[1.9624505043029785]], [[0.6033599972724915]], [[1.0009461641311646]], [[1.1996737718582153]], [[1.4186303615570068]], [[1.507887363433838]], [[1.585897445678711]], [[1.7109215259552002]], [[1.7816767692565918]], [[1.8362743854522705]], [[1.8778518438339233]], [[1.9090746641159058]], [[1.9320389032363892]], [[1.9436253309249878]], [[1.95985746383667]], [[1.9671505689620972]], [[1.9726951122283936]], [[1.9700515270233154]], [[1.9653366804122925]], [[1.959128737449646]], [[1.9498506784439087]], [[1.9349223375320435]], [[1.9233137369155884]], [[1.9035714864730835]], [[1.8881471157073975]], [[1.880356788635254]], [[1.8618324995040894]], [[1.8457149267196655]], [[1.8294479846954346]], [[1.8129701614379883]], [[1.7992182970046997]], [[1.7798666954040527]], [[1.7604457139968872]], [[1.746557593345642]], [[1.7268881797790527]], [[1.7129652500152588]], [[1.7017219066619873]], [[1.6819900274276733]], [[1.6622624397277832]], [[1.6453160047531128]], [[1.6283292770385742]], [[1.6141562461853027]], [[1.5999631881713867]], [[1.5772258043289185]], [[1.5600947141647339]], [[1.5429664850234985]], [[0.35506001114845276]], [[0.6751216053962708]], [[0.8991045355796814]], [[1.2087265253067017]], [[1.393120288848877]], [[1.5017977952957153]], [[1.5884805917739868]], [[1.6346855163574219]], [[1.6760128736495972]], [[1.6862345933914185]], [[1.6931138038635254]], [[1.692207932472229]], [[1.6837754249572754]], [[1.6792725324630737]], [[1.6705915927886963]], [[1.6607880592346191]], [[1.6411062479019165]], [[1.6270337104797363]], [[1.6099289655685425]], [[1.5998530387878418]], [[1.5820238590240479]], [[1.563840389251709]], [[1.5559877157211304]], [[1.5348707437515259]], [[1.5214968919754028]], [[1.505384922027588]], [[1.4891687631607056]], [[1.4729570150375366]], [[1.4565662145614624]], [[1.4402551651000977]], [[1.4293400049209595]], [[1.4073309898376465]], [[1.3935655355453491]], [[1.3743036985397339]], [[1.3659316301345825]], [[1.3410253524780273]], [[1.3270847797393799]], [[1.3132487535476685]], [[1.3020362854003906]], [[1.2712842226028442]], [[1.2601358890533447]], [[1.2460907697677612]], [[1.2264161109924316]], [[1.209503412246704]], [[1.1953386068344116]], [[1.1812725067138672]], [[1.1585569381713867]], [[1.1387138366699219]], [[1.1187787055969238]], [[1.1102283000946045]], [[1.0931757688522339]], [[1.0760328769683838]], [[1.0560110807418823]], [[1.041680097579956]], [[1.0272886753082275]], [[0.1057400032877922]], [[0.2628011703491211]], [[0.5847791433334351]], [[0.7066363096237183]], [[0.8616998195648193]], [[1.018194556236267]], [[1.0890413522720337]], [[1.1438343524932861]], [[1.2035496234893799]], [[1.2274612188339233]], [[1.2461133003234863]], [[1.2552080154418945]], [[1.2605172395706177]], [[1.259953498840332]], [[1.2559432983398438]], [[1.2466621398925781]], [[1.2392089366912842]], [[1.2307263612747192]], [[1.2195237874984741]], [[1.205372929573059]], [[1.1924829483032227]], [[1.1791282892227173]], [[1.1652535200119019]], [[1.1582369804382324]], [[1.1438782215118408]], [[1.1268919706344604]], [[1.1120487451553345]], [[1.09453547000885]], [[1.0819063186645508]], [[1.064098596572876]], [[1.0563515424728394]], [[1.0383435487747192]], [[1.0201836824417114]], [[1.0071226358413696]], [[0.9860684871673584]], [[0.9755794405937195]], [[0.9597173929214478]], [[0.943794310092926]], [[0.9251287579536438]], [[0.909083902835846]], [[0.8983325958251953]], [[0.8714321851730347]], [[0.8578829169273376]], [[0.8307821750640869]], [[0.8280670046806335]], [[0.809016227722168]], [[0.7788764238357544]], [[0.7706384658813477]], [[0.748661994934082]], [[0.7321298122406006]], [[0.7182623147964478]], [[0.7044271230697632]], [[0.6822431087493896]], [[0.05844400078058243]], [[0.18016529083251953]], [[0.23900267481803894]], [[0.3683001399040222]], [[0.49832338094711304]], [[0.5686002969741821]], [[0.6411908864974976]], [[0.6826099753379822]], [[0.7570996284484863]], [[0.7828389406204224]], [[0.8183123469352722]], [[0.8338359594345093]], [[0.8583945631980896]], [[0.8637961149215698]], [[0.8730260729789734]], [[0.8754162192344666]], [[0.875541627407074]], [[0.869608998298645]], [[0.8637651801109314]], [[0.856475293636322]], [[0.8464945554733276]], [[0.8417637944221497]], [[0.8334733247756958]], [[0.8172031044960022]], [[0.8056161403656006]], [[0.7935037612915039]], [[0.7809809446334839]], [[0.768047034740448]], [[0.7548115253448486]], [[0.7390167117118835]], [[0.7321497797966003]], [[0.7135158181190491]], [[0.6969807147979736]], [[0.6849934458732605]], [[0.6704646348953247]], [[0.6582236886024475]], [[0.6434597373008728]], [[0.6260209679603577]], [[0.6109398007392883]], [[0.5958210825920105]], [[0.5830849409103394]], [[0.5651732087135315]], [[0.5367491245269775]], [[0.52110755443573]], [[0.505440890789032]], [[0.48441076278686523]], [[0.4764377176761627]], [[0.46055105328559875]], [[0.44454872608184814]], [[0.4231654107570648]], [[0.41510292887687683]], [[0.39623093605041504]]]}