{"vc": [[-0.08256658166646957, 0.0, 0.0], [0.0, -0.06184390187263489, 0.061900388449430466], [-0.020928695797920227, 0.3148117661476135, -0.3148072063922882], [-0.04904298856854439, 0.0, 0.0], [0.0, 0.0, 0.0], [0.0, 0.0, 0.0], [0.0, 0.015141337178647518, -0.015277916565537453], [0.0, 0.0, 0.0], [0.0, 0.0, 0.0], [0.5546689033508301, 0.0, 0.0]], "true_y1": [[[0.4006600081920624]], [[29.7321834564209]], [[35.11686706542969]], [[50.82738494873047]], [[64.79202270507812]], [[77.08708190917969]], [[80.54032897949219]], [[93.52470397949219]], [[101.2435531616211]], [[109.37537384033203]], [[114.05902099609375]], [[116.6576156616211]], [[118.87203979492188]], [[120.7723388671875]], [[124.42257690429688]], [[126.46047973632812]], [[127.94995880126953]], [[129.27029418945312]], [[130.01953125]], [[131.0963134765625]], [[131.63328552246094]], [[131.8915557861328]], [[132.14605712890625]], [[132.2257537841797]], [[132.33285522460938]], [[132.41139221191406]], [[132.4387969970703]], [[132.49246215820312]], [[132.5297393798828]], [[132.5564727783203]], [[132.59327697753906]], [[132.6096649169922]], [[132.6361083984375]], [[132.6501007080078]], [[132.67355346679688]], [[132.6927947998047]], [[132.71142578125]], [[132.72666931152344]], [[132.74774169921875]], [[132.77159118652344]], [[132.78346252441406]], [[1.0533000230789185]], [[13.062695503234863]], [[20.85531997680664]], [[32.15102005004883]], [[42.628170013427734]], [[49.049564361572266]], [[58.03351593017578]], [[68.36546325683594]], [[74.9021224975586]], [[82.28458404541016]], [[83.8329849243164]], [[86.77880859375]], [[93.72026062011719]], [[94.62309265136719]], [[97.78417205810547]], [[99.08305358886719]], [[100.74169158935547]], [[102.50694274902344]], [[104.40959167480469]], [[106.6772689819336]], [[107.06765747070312]], [[107.60905456542969]], [[107.86800384521484]], [[108.0458984375]], [[108.16597747802734]], [[108.23513793945312]], [[108.29100799560547]], [[108.32054901123047]], [[108.3429183959961]], [[108.34902954101562]], [[108.25764465332031]], [[108.23699188232422]], [[108.2060546875]], [[108.17798614501953]], [[108.15381622314453]], [[108.1187744140625]], [[1.104699969291687]], [[6.9924750328063965]], [[15.74599838256836]], [[26.9597110748291]], [[29.55390739440918]], [[39.634605407714844]], [[44.224449157714844]], [[52.72898864746094]], [[56.484710693359375]], [[60.002864837646484]], [[66.23053741455078]], [[71.44487762451172]], [[73.70890808105469]], [[76.68497467041016]], [[78.42772674560547]], [[81.44833374023438]], [[83.87359619140625]], [[87.03276824951172]], [[87.73165893554688]], [[88.9216079711914]], [[90.08240509033203]], [[91.63412475585938]], [[92.22978210449219]], [[92.77547454833984]], [[92.97348022460938]], [[93.19953155517578]], [[93.40650939941406]], [[93.49688720703125]], [[93.57615661621094]], [[93.6376724243164]], [[93.6664047241211]], [[93.6907958984375]], [[93.69798278808594]], [[93.70162963867188]], [[93.70026397705078]], [[93.68592071533203]], [[93.66607666015625]], [[93.63732147216797]], [[93.61906433105469]], [[0.6033599972724915]], [[13.48927116394043]], [[20.902210235595703]], [[30.329444885253906]], [[34.732154846191406]], [[38.95833206176758]], [[46.778018951416016]], [[52.0653190612793]], [[56.83660125732422]], [[61.110164642333984]], [[64.91728973388672]], [[68.2836685180664]], [[70.29829406738281]], [[73.84790802001953]], [[76.10688018798828]], [[79.26016998291016]], [[82.99010467529297]], [[84.38839721679688]], [[85.5484848022461]], [[86.72624206542969]], [[87.98487091064453]], [[88.67509460449219]], [[89.52323913574219]], [[90.00482177734375]], [[90.20639038085938]], [[90.60315704345703]], [[90.87724304199219]], [[91.10530853271484]], [[91.29905700683594]], [[91.43864440917969]], [[91.60891723632812]], [[91.75628662109375]], [[91.85057067871094]], [[91.97184753417969]], [[92.0507583618164]], [[92.11109161376953]], [[92.21102142333984]], [[92.304931640625]], [[92.3819351196289]], [[92.45649719238281]], [[92.51712799072266]], [[92.57669830322266]], [[92.67031860351562]], [[92.73978424072266]], [[92.80860900878906]], [[0.35506001114845276]], [[10.781283378601074]], [[18.87494659423828]], [[32.05071258544922]], [[41.94584655761719]], [[49.21300506591797]], [[56.54613494873047]], [[61.61888122558594]], [[68.0706558227539]], [[70.6133804321289]], [[73.78273010253906]], [[76.63127136230469]], [[79.06919860839844]], [[79.80340576171875]], [[80.8606185913086]], [[81.74345397949219]], [[83.00142669677734]], [[83.65863800048828]], [[84.29347229003906]], [[84.60739135742188]], [[85.08379364013672]], [[85.49208068847656]], [[85.6498794555664]], [[86.03166198730469]], [[86.24784851074219]], [[86.48802947998047]], [[86.71196746826172]], [[86.92178344726562]], [[87.12264251708984]], [[87.31365966796875]], [[87.4375]], [[87.67959594726562]], [[87.82695007324219]], [[88.02925109863281]], [[88.11607360839844]], [[88.37153625488281]], [[88.51322174072266]], [[88.65328979492188]], [[88.76655578613281]], [[89.07697296142578]], [[89.1896743774414]], [[89.33196258544922]], [[89.53204345703125]], [[89.7049331665039]], [[89.85047912597656]], [[89.99576568603516]], [[90.23211669921875]], [[90.44048309326172]], [[90.65171813964844]], [[90.74293518066406]], [[90.92598724365234]], [[91.111572265625]], [[91.33038330078125]], [[91.48839569091797]], [[91.64826965332031]], [[0.1057400032877922]], [[5.514721870422363]], [[17.373252868652344]], [[22.354196548461914]], [[29.387203216552734]], [[37.8181037902832]], [[42.42083740234375]], [[46.590240478515625]], [[52.295223236083984]], [[55.309425354003906]], [[58.440128326416016]], [[60.698604583740234]], [[63.387603759765625]], [[65.31729888916016]], [[66.97052001953125]], [[68.82713317871094]], [[69.81591033935547]], [[70.70516204833984]], [[71.65469360351562]], [[72.62925720214844]], [[73.37510681152344]], [[74.04950714111328]], [[74.67264556884766]], [[74.96415710449219]], [[75.52127075195312]], [[76.12571716308594]], [[76.61656188964844]], [[77.16134643554688]], [[77.53596496582031]], [[78.04389953613281]], [[78.2587890625]], [[78.74695587158203]], [[79.22652435302734]], [[79.56548309326172]], [[80.10426330566406]], [[80.3701171875]], [[80.76996612548828]], [[81.16963958740234]], [[81.63719177246094]], [[82.03913879394531]], [[82.308837890625]], [[82.98609924316406]], [[83.32906341552734]], [[84.01982879638672]], [[84.08943176269531]], [[84.58002471923828]], [[85.3648452758789]], [[85.58134460449219]], [[86.16331481933594]], [[86.60551452636719]], [[86.97945404052734]], [[87.3553466796875]], [[87.96409606933594]], [[0.05844400078058243]], [[4.935367584228516]], [[7.350655555725098]], [[12.884988784790039]], [[18.95243263244629]], [[22.565332412719727]], [[26.67566680908203]], [[29.26563262939453]], [[34.63566970825195]], [[36.82602310180664]], [[40.35456466674805]], [[42.2062873840332]], [[45.971519470214844]], [[47.095821380615234]], [[49.881813049316406]], [[51.438262939453125]], [[53.15145492553711]], [[55.91775894165039]], [[57.24766159057617]], [[58.475093841552734]], [[59.79186248779297]], [[60.327606201171875]], [[61.17402267456055]], [[62.59906768798828]], [[63.48447036743164]], [[64.32990264892578]], [[65.13875579833984]], [[65.92041778564453]], [[66.67603302001953]], [[67.53195190429688]], [[67.89139556884766]], [[68.83583068847656]], [[69.6435546875]], [[70.21527862548828]], [[70.8958740234375]], [[71.46083068847656]], [[72.1341552734375]], [[72.92085266113281]], [[73.5958023071289]], [[74.26907348632812]], [[74.83460235595703]], [[75.62874603271484]], [[76.88948059082031]], [[77.58503723144531]], [[78.2838134765625]], [[79.22605895996094]], [[79.58476257324219]], [[80.30221557617188]], [[81.02884674072266]], [[82.0065689086914]], [[82.3773422241211]], [[83.25005340576172]]]}