{"vc": [[-0.06519016623497009, 0.0, 0.0], [0.0, -1.6209200620651245, 1.6214311122894287], [-0.005972111131995916, 0.09163910895586014, -0.09205944091081619], [-0.16885486245155334, 0.0, 0.0], [0.0, 0.0, 0.0], [0.0, 0.0, 0.0], [0.0, 0.619070291519165, -0.6187340021133423], [0.0, 0.0, 0.0], [0.0, 0.0, 0.0], [0.030331246554851532, 0.0, 0.0]], "true_y1": [[[0.4006600081920624]], [[1.489990234375]], [[1.6732457876205444]], [[2.168665885925293]], [[2.553077220916748]], [[2.8419032096862793]], [[2.913900136947632]], [[3.1449997425079346]], [[3.24904203414917]], [[3.325518846511841]], [[3.3498430252075195]], [[3.355168581008911]], [[3.353856325149536]], [[3.3473687171936035]], [[3.3151767253875732]], [[3.279275417327881]], [[3.2384490966796875]], [[3.1837575435638428]], [[3.1388113498687744]], [[3.036189317703247]], [[2.9456257820129395]], [[2.8787436485290527]], [[2.779534101486206]], [[2.7358756065368652]], [[2.660219430923462]], [[2.585355281829834]], [[2.553551197052002]], [[2.4795966148376465]], [[2.416747808456421]], [[2.3645827770233154]], [[2.2818117141723633]], [[2.2407402992248535]], [[2.1691980361938477]], [[2.128934144973755]], [[2.0583958625793457]], [[1.9983131885528564]], [[1.9388231039047241]], [[1.8896207809448242]], [[1.8213074207305908]], [[1.7442665100097656]], [[1.706210732460022]], [[1.0533000230789185]], [[1.4575934410095215]], [[1.6925729513168335]], [[1.9932365417480469]], [[2.2291321754455566]], [[2.3531293869018555]], [[2.5001473426818848]], [[2.630103588104248]], [[2.6893815994262695]], [[2.7322428226470947]], [[2.737548828125]], [[2.743577480316162]], [[2.7316527366638184]], [[2.7266077995300293]], [[2.6998603343963623]], [[2.683638572692871]], [[2.6567294597625732]], [[2.6173293590545654]], [[2.554211139678955]], [[2.411311149597168]], [[2.3674120903015137]], [[2.2797470092773438]], [[2.215045213699341]], [[2.150830030441284]], [[2.0877411365509033]], [[2.035618305206299]], [[1.9736428260803223]], [[1.922553539276123]], [[1.8518420457839966]], [[1.7921217679977417]], [[1.4475350379943848]], [[1.4017654657363892]], [[1.3387161493301392]], [[1.2855751514434814]], [[1.2421562671661377]], [[1.1823301315307617]], [[1.104699969291687]], [[1.2881430387496948]], [[1.5323305130004883]], [[1.7949119806289673]], [[1.8476810455322266]], [[2.0246849060058594]], [[2.0906054973602295]], [[2.1883883476257324]], [[2.2212634086608887]], [[2.246067523956299]], [[2.2746989727020264]], [[2.2815780639648438]], [[2.278792381286621]], [[2.2686891555786133]], [[2.2587506771087646]], [[2.232590913772583]], [[2.2006490230560303]], [[2.135828733444214]], [[2.116020679473877]], [[2.0751683712005615]], [[2.0227596759796143]], [[1.916035532951355]], [[1.8520535230636597]], [[1.7675468921661377]], [[1.7254114151000977]], [[1.6632592678070068]], [[1.5817517042160034]], [[1.5312904119491577]], [[1.4712865352630615]], [[1.4027374982833862]], [[1.354608416557312]], [[1.2878904342651367]], [[1.2507394552230835]], [[1.1861956119537354]], [[1.158902645111084]], [[1.0698744058609009]], [[1.0008352994918823]], [[0.925710916519165]], [[0.8852490186691284]], [[0.6033599972724915]], [[0.9754229187965393]], [[1.1656256914138794]], [[1.3796275854110718]], [[1.4682646989822388]], [[1.5462697744369507]], [[1.6714755296707153]], [[1.7412002086639404]], [[1.7928845882415771]], [[1.8292306661605835]], [[1.8527178764343262]], [[1.8654662370681763]], [[1.868943691253662]], [[1.866020679473877]], [[1.856835961341858]], [[1.8313277959823608]], [[1.7725573778152466]], [[1.7378311157226562]], [[1.7007843255996704]], [[1.6522774696350098]], [[1.5819051265716553]], [[1.5306779146194458]], [[1.4477335214614868]], [[1.3855006694793701]], [[1.3547430038452148]], [[1.2831488847732544]], [[1.222420573234558]], [[1.1624555587768555]], [[1.1029833555221558]], [[1.054290533065796]], [[0.98719322681427]], [[0.9215306639671326]], [[0.8756236433982849]], [[0.8121563792228699]], [[0.7683772444725037]], [[0.7337511777877808]], [[0.6746435761451721]], [[0.6178163886070251]], [[0.5709690451622009]], [[0.5259976387023926]], [[0.4901239275932312]], [[0.4558224380016327]], [[0.4045689105987549]], [[0.36925655603408813]], [[0.3370804190635681]], [[0.35506001114845276]], [[0.6355552673339844]], [[0.835099995136261]], [[1.1179341077804565]], [[1.289948582649231]], [[1.39015531539917]], [[1.4643479585647583]], [[1.496117353439331]], [[1.5051840543746948]], [[1.4954591989517212]], [[1.4679710865020752]], [[1.4221906661987305]], [[1.3577114343643188]], [[1.3314359188079834]], [[1.2857153415679932]], [[1.2382678985595703]], [[1.1498557329177856]], [[1.0899492502212524]], [[1.0195717811584473]], [[0.9791058301925659]], [[0.909013032913208]], [[0.8392919898033142]], [[0.8096933364868164]], [[0.7315640449523926]], [[0.6831756234169006]], [[0.6260172128677368]], [[0.5697824358940125]], [[0.5149245262145996]], [[0.46093592047691345]], [[0.4087981879711151]], [[0.37486305832862854]], [[0.30899477005004883]], [[0.26971033215522766]], [[0.2175215482711792]], [[0.19594672322273254]], [[0.1362457424402237]], [[0.10609829425811768]], [[0.07879605144262314]], [[0.05876453220844269]], [[0.01474267989397049]], [[0.0032161250710487366]], [[-0.0075460197404026985]], [[-0.01495968084782362]], [[-0.013562953099608421]], [[-0.0064635626040399075]], [[0.0061987959779798985]], [[0.038851115852594376]], [[0.0797804519534111]], [[0.13209117949008942]], [[0.15772196650505066]], [[0.21392899751663208]], [[0.2762085795402527]], [[0.3542136549949646]], [[0.4120567739009857]], [[0.4705905616283417]], [[0.1057400032877922]], [[0.21878834068775177]], [[0.45332542061805725]], [[0.5440837144851685]], [[0.6617245674133301]], [[0.7821336984634399]], [[0.8357377648353577]], [[0.8748849630355835]], [[0.9098070859909058]], [[0.9168961644172668]], [[0.9130911231040955]], [[0.9012494683265686]], [[0.8739438056945801]], [[0.8426610231399536]], [[0.8055441379547119]], [[0.7488954663276672]], [[0.7104862332344055]], [[0.6699168086051941]], [[0.6191974878311157]], [[0.5578663349151611]], [[0.5036736726760864]], [[0.44867950677871704]], [[0.39247316122055054]], [[0.3643452525138855]], [[0.307315468788147]], [[0.2406676560640335]], [[0.18308989703655243]], [[0.11591777205467224]], [[0.067995086312294]], [[0.001194976270198822]], [[-0.027565130963921547]], [[-0.09364324808120728]], [[-0.15904513001441956]], [[-0.20519588887691498]], [[-0.27772295475006104]], [[-0.31284430623054504]], [[-0.3644249439239502]], [[-0.41400355100631714]], [[-0.46865731477737427]], [[-0.5119286179542542]], [[-0.5385907292366028]], [[-0.5948941707611084]], [[-0.6162075400352478]], [[-0.6399186253547668]], [[-0.6406340003013611]], [[-0.635359525680542]], [[-0.5826147794723511]], [[-0.5569137930870056]], [[-0.46113842725753784]], [[-0.36145272850990295]], [[-0.259482741355896]], [[-0.14225776493549347]], [[0.07180976867675781]], [[0.05844400078058243]], [[0.11039083451032639]], [[0.13544051349163055]], [[0.1906348019838333]], [[0.24662134051322937]], [[0.2770741581916809]], [[0.30843016505241394]], [[0.32603543996810913]], [[0.3558668792247772]], [[0.3648534417152405]], [[0.37437185645103455]], [[0.37642353773117065]], [[0.37263795733451843]], [[0.36900851130485535]], [[0.3537931442260742]], [[0.3407069742679596]], [[0.3216882348060608]], [[0.2785109877586365]], [[0.2511477470397949]], [[0.22142353653907776]], [[0.1842341423034668]], [[0.1674133837223053]], [[0.13873814046382904]], [[0.08441703766584396]], [[0.04675901681184769]], [[0.008019454777240753]], [[-0.031510114669799805]], [[-0.0718761682510376]], [[-0.11275647580623627]], [[-0.16101515293121338]], [[-0.1818205565214157]], [[-0.23772986233234406]], [[-0.28663215041160583]], [[-0.3216286599636078]], [[-0.3634776175022125]], [[-0.3982026278972626]], [[-0.4393550753593445]], [[-0.48678913712501526]], [[-0.5266220569610596]], [[-0.5652629137039185]], [[-0.5966558456420898]], [[-0.6387053728103638]], [[-0.6991941332817078]], [[-0.7283879518508911]], [[-0.7539997100830078]], [[-0.7814202904701233]], [[-0.7893525958061218]], 