{"vc": [[-0.07121020555496216, 0.0, 0.0], [0.0, -1.8606224060058594, 1.8618276119232178], [-0.0040324837900698185, 0.10059943795204163, -0.10032287985086441], [-0.14248424768447876, 0.0, 0.0], [0.0, 0.0, 0.0], [0.0, 0.0, 0.0], [0.0, 0.6740818023681641, -0.6734623908996582], [0.0, 0.0, 0.0], [0.0, 0.0, 0.0], [0.02799201011657715, 0.0, 0.0]], "true_y1": [[[0.4006600081920624]], [[1.4365031719207764]], [[1.6102275848388672]], [[2.079068899154663]], [[2.44219970703125]], [[2.715073585510254]], [[2.783209800720215]], [[3.003056526184082]], [[3.1036646366119385]], [[3.1804964542388916]], [[3.2077765464782715]], [[3.216012477874756]], [[3.2181506156921387]], [[3.215552568435669]], [[3.194408893585205]], [[3.1680374145507812]], [[3.1369595527648926]], [[3.094442367553711]], [[3.0590391159057617]], [[2.9771950244903564]], [[2.904123544692993]], [[2.849764108657837]], [[2.768617630004883]], [[2.732738494873047]], [[2.670346975326538]], [[2.608362913131714]], [[2.5819621086120605]], [[2.52042293548584]], [[2.4679677486419678]], [[2.4243226051330566]], [[2.354872703552246]], [[2.3203206062316895]], [[2.259986639022827]], [[2.2259457111358643]], [[2.166154384613037]], [[2.115061044692993]], [[2.0643110275268555]], [[2.022207736968994]], [[1.9635393619537354]], [[1.8970495462417603]], [[1.8640645742416382]], [[1.0533000230789185]], [[1.4415282011032104]], [[1.6660826206207275]], [[1.9521722793579102]], [[2.175729274749756]], [[2.2930307388305664]], [[2.432197093963623]], [[2.5560545921325684]], [[2.613664388656616]], [[2.657487154006958]], [[2.6634883880615234]], [[2.6714367866516113]], [[2.668222427368164]], [[2.6649093627929688]], [[2.6458723545074463]], [[2.6337883472442627]], [[2.613332748413086]], [[2.582850456237793]], [[2.533282995223999]], [[2.419224739074707]], [[2.3838186264038086]], [[2.312678813934326]], [[2.259824514389038]], [[2.2070891857147217]], [[2.155017614364624]], [[2.1118063926696777]], [[2.060206651687622]], [[2.017491579055786]], [[1.958103895187378]], [[1.9077026844024658]], [[1.6120002269744873]], [[1.5719746351242065]], [[1.5164753198623657]], [[1.469333291053772]], [[1.4305373430252075]], [[1.3766151666641235]], [[1.104699969291687]], [[1.2831010818481445]], [[1.5196490287780762]], [[1.7728259563446045]], [[1.8235785961151123]], [[1.9937267303466797]], [[2.057217597961426]], [[2.1520988941192627]], [[2.184528112411499]], [[2.2094950675964355]], [[2.2401251792907715]], [[2.2508983612060547]], [[2.25064754486084]], [[2.24489688873291]], [[2.238175630569458]], [[2.2191455364227295]], [[2.194896936416626]], [[2.144395589828491]], [[2.128777265548706]], [[2.096390962600708]], [[2.0545759201049805]], [[1.9687187671661377]], [[1.9168580770492554]], [[1.8479413986206055]], [[1.8134013414382935]], [[1.7622336149215698]], [[1.694724440574646]], [[1.6526894569396973]], [[1.6024551391601562]], [[1.544716238975525]], [[1.503939151763916]], [[1.4470627307891846]], [[1.415202260017395]], [[1.359496831893921]], [[1.3357954025268555]], [[1.2578014135360718]], [[1.196489930152893]], [[1.1287654638290405]], [[1.091766119003296]], [[0.6033599972724915]], [[0.967423677444458]], [[1.1529618501663208]], [[1.3613171577453613]], [[1.4475618600845337]], [[1.5235037803649902]], [[1.6457548141479492]], [[1.7143735885620117]], [[1.7659224271774292]], [[1.8030647039413452]], [[1.8282158374786377]], [[1.843410849571228]], [[1.8489056825637817]], [[1.850846529006958]], [[1.8458877801895142]], [[1.8283665180206299]], [[1.7840087413787842]], [[1.7569611072540283]], [[1.7277815341949463]], [[1.6892461776733398]], [[1.6328909397125244]], [[1.5916180610656738]], [[1.5244282484054565]], [[1.4737472534179688]], [[1.4486161470413208]], [[1.389904260635376]], [[1.3398592472076416]], [[1.2902095317840576]], [[1.2407203912734985]], [[1.2000014781951904]], [[1.1435658931732178]], [[1.0879244804382324]], [[1.048746943473816]], [[0.9941496849060059]], [[0.9561511278152466]], [[0.9258719086647034]], [[0.8736487030982971]], [[0.8226729035377502]], [[0.7799431681632996]], [[0.7381700277328491]], [[0.7041864991188049]], [[0.6710054278373718]], [[0.6197731494903564]], [[0.5828824043273926]], [[0.5476109981536865]], [[0.35506001114845276]], [[0.6331868171691895]], [[0.8307400941848755]], [[1.110491394996643]], [[1.2810945510864258]], [[1.3814897537231445]], [[1.4578322172164917]], [[1.4929887056350708]], [[1.51021409034729]], [[1.5055866241455078]], [[1.4868518114089966]], [[1.4524238109588623]], [[1.4020206928253174]], [[1.3811886310577393]], [[1.3447014093399048]], [[1.3066059350967407]], [[1.235188364982605]], [[1.1865544319152832]], [[1.1292099952697754]], [[1.0961408615112305]], [[1.0386933088302612]], [[0.9813306331634521]], [[0.9569073915481567]], [[0.8922135829925537]], [[0.8519630432128906]], [[0.8042079210281372]], [[0.7569670081138611]], [[0.7105897665023804]], [[0.6646057367324829]], [[0.6198030710220337]], [[0.5903885960578918]], [[0.5325701236724854]], [[0.4975058436393738]], [[0.450008749961853]], [[0.429980993270874]], [[0.3728528618812561]], [[0.34264156222343445]], [[0.31405168771743774]], [[0.29198840260505676]], [[0.2371833622455597]], [[0.21961872279644012]], [[0.19944007694721222]], [[0.1751617044210434]], [[0.15837517380714417]], [[0.1474861055612564]], [[0.1397436112165451]], [[0.13417686522006989]], [[0.1367969810962677]], [[0.14682859182357788]], [[0.15345649421215057]], [[0.1708577275276184]], [[0.1938782036304474]], [[0.22743794322013855]], [[0.25551316142082214]], [[0.28671035170555115]], [[0.1057400032877922]], [[0.22276487946510315]], [[0.465603232383728]], [[0.5596100687980652]], [[0.6816354990005493]], [[0.8072927594184875]], [[0.8640421628952026]], [[0.9064791202545166]], [[0.9472038745880127]], [[0.9583858251571655]], [[0.960046112537384]], [[0.9532501697540283]], [[0.93370121717453]], [[0.9096335768699646]], [[0.880224883556366]], [[0.8345283269882202]], [[0.8032480478286743]], [[0.7700557708740234]], [[0.7284154295921326]], [[0.6779283881187439]], [[0.6332433819770813]], [[0.5878568291664124]], [[0.5414488911628723]], [[0.5182218551635742]], [[0.4711325168609619]], [[0.4161226749420166]], [[0.3686314523220062]], [[0.31328141689300537]], [[0.2738392949104309]], [[0.2189403772354126]], [[0.19533756375312805]], [[0.14119741320610046]], [[0.0877511128783226]], [[0.050132568925619125]], [[-0.00880628451704979]], [[-0.03726302832365036]], [[-0.078953318297863]], [[-0.11891753226518631]], [[-0.16288462281227112]], [[-0.197697252035141]], [[-0.21920868754386902]], [[-0.26527151465415955]], [[-0.28343549370765686]], [[-0.3069993555545807]], [[-0.3082801103591919]], [[-0.31083956360816956]], [[-0.2883301377296448]], [[-0.2756885588169098]], [[-0.22678160667419434]], [[-0.17471058666706085]], [[-0.12078404426574707]], [[-0.058010414242744446]], [[0.05928066372871399]], [[0.05844400078058243]], [[0.1208270713686943]], [[0.15099819004535675]], [[0.2177046537399292]], [[0.2857954502105713]], [[0.323127418756485]], [[0.3619692325592041]], [[0.38409557938575745]], [[0.4228208363056183]], [[0.43526220321655273]], [[0.4501765966415405]], [[0.45500075817108154]], [[0.45682525634765625]], [[0.45489105582237244]], [[0.44400104880332947]], [[0.4334586262702942]], [[0.417401522397995]], [[0.3795144557952881]], [[0.3549862802028656]], [[0.32808008790016174]], [[0.29414477944374084]], [[0.27871692180633545]], [[0.25231942534446716]], [[0.20201364159584045]], [[0.16692323982715607]], [[0.13064061105251312]], [[0.0934167206287384]], [[0.05517955869436264]], [[0.016200296580791473]], [[-0.030184969305992126]], [[-0.05032050609588623]], [[-0.10489919781684875]], [[-0.15328501164913177]], [[-0.18835023045539856]], [[-0.23084580898284912]], [[-0.26665163040161133]], [[-0.3098454475402832]], [[-0.3608814775943756]], [[-0.40503522753715515]], [[-0.44931548833847046]], [[-0.4866289496421814]], [[-0.5391167998313904]], [[-0.6223961114883423]], [[-0.668177604675293]], [[-0.713953971862793]], [[-0.7751752734184265]], [[-0.7982802987098694]], [[-0.8440569639205933]], 