{"vc": [[-0.2726656496524811, -0.14712406694889069, 0.14711153507232666], [-0.3374735713005066, -2.43988299369812, 2.439748764038086], [-0.08746245503425598, -0.007953676395118237, 0.00798390619456768], [-0.15104466676712036, -0.2567599415779114, 0.2566167712211609], [-0.13040021061897278, -0.0389840193092823, 0.038880717009305954], [-0.11992805451154709, 0.0805840939283371, -0.08064109832048416], [-0.23097312450408936, 0.40546393394470215, -0.40568631887435913], [-0.0007732276571914554, -0.0018355867359787226, 0.001890387386083603], [0.12538932263851166, 0.06857598572969437, -0.0686643198132515], [-0.010997348465025425, 0.055528268218040466, -0.05566202476620674]], "true_y1": [[[0.4006600081920624]], [[0.007028639316558838]], [[0.02970009297132492]], [[0.20728564262390137]], [[0.4792623519897461]], [[0.7930288314819336]], [[0.892295777797699]], [[1.3019434213638306]], [[1.5632660388946533]], [[1.8321160078048706]], [[1.9669071435928345]], [[2.0269596576690674]], [[2.0643045902252197]], [[2.081495761871338]], [[2.0508525371551514]], [[1.971069097518921]], [[1.8607971668243408]], [[1.7002785205841064]], [[1.5661319494247437]], [[1.2721529006958008]], [[1.0435080528259277]], [[0.8958531618118286]], [[0.7089241743087769]], [[0.6380892992019653]], [[0.529834508895874]], [[0.43873000144958496]], [[0.4042704701423645]], [[0.3326905369758606]], [[0.2801505923271179]], [[0.24154621362686157]], [[0.1883040964603424]], [[0.16507947444915771]], [[0.1289898008108139]], [[0.11085761338472366]], [[0.08240257203578949]], [[0.06110774353146553]], [[0.04235381260514259]], [[0.028400983661413193]], [[0.011100493371486664]], [[-0.0058740898966789246]], [[-0.013381525874137878]], [[1.0533000230789185]], [[0.7285517454147339]], [[0.666711688041687]], [[0.7095242738723755]], [[0.8445078730583191]], [[0.9585726261138916]], [[1.145434021949768]], [[1.3819512128829956]], [[1.5316417217254639]], [[1.6850643157958984]], [[1.7130675315856934]], [[1.7600575685501099]], [[1.8187659978866577]], [[1.818346381187439]], [[1.7932590246200562]], [[1.7689882516860962]], [[1.7212786674499512]], [[1.641985297203064]], [[1.5047581195831299]], [[1.1917113065719604]], [[1.1051591634750366]], [[0.9446033239364624]], [[0.8378558158874512]], [[0.7417117357254028]], [[0.656324028968811]], [[0.5921015739440918]], [[0.5225639343261719]], [[0.4703371226787567]], [[0.40486520528793335]], [[0.35508573055267334]], [[0.1367226094007492]], [[0.11731013655662537]], [[0.09156440943479538]], [[0.07096584886312485]], [[0.05493023246526718]], [[0.03399650752544403]], [[1.104699969291687]], [[0.8793896436691284]], [[0.7184179425239563]], [[0.7058809995651245]], [[0.7240699529647827]], [[0.8462569117546082]], [[0.9221380352973938]], [[1.0832788944244385]], [[1.159115195274353]], [[1.2305744886398315]], [[1.352494239807129]], [[1.4418561458587646]], [[1.474005937576294]], [[1.5068845748901367]], [[1.519547462463379]], [[1.5253342390060425]], [[1.509070873260498]], [[1.4426037073135376]], [[1.4176243543624878]], [[1.3622522354125977]], [[1.2868701219558716]], [[1.1299419403076172]], [[1.03933846950531]], [[0.9263267517089844]], [[0.8733537197113037]], [[0.7994644641876221]], [[0.7101876735687256]], [[0.6590973734855652]], [[0.6022228598594666]], [[0.5420219302177429]], [[0.5025461912155151]], [[0.45127007365226746]], [[0.42431017756462097]], [[0.37991437315940857]], [[0.36200183629989624]], [[0.30671626329421997]], [[0.2667539715766907]], [[0.22565586864948273]], [[0.20438477396965027]], [[0.6033599972724915]], [[0.23955091834068298]], [[0.18426203727722168]], [[0.21557408571243286]], [[0.25954553484916687]], [[0.31599733233451843]], [[0.45147454738616943]], [[0.5621030330657959]], [[0.6725263595581055]], [[0.7780117988586426]], [[0.8753583431243896]], [[0.9621952176094055]], [[1.013518214225769]], [[1.1001228094100952]], [[1.1503928899765015]], [[1.208773136138916]], [[1.2442764043807983]], [[1.2411655187606812]], [[1.2275255918502808]], [[1.1992603540420532]], [[1.1456298828125]], [[1.1014041900634766]], [[1.0257548093795776]], [[0.9683865308761597]], [[0.9403058886528015]], [[0.8763298392295837]], [[0.8240959644317627]], [[0.7746316194534302]], [[0.7277504205703735]], [[0.6909812092781067]], [[0.6426140666007996]], [[0.5977137088775635]], [[0.5676402449607849]], [[0.5276732444763184]], [[0.5010826587677002]], [[0.4805513024330139]], [[0.44638189673423767]], [[0.4143716096878052]], [[0.3884139955043793]], [[0.3636825978755951]], [[0.34394845366477966]], [[0.32494020462036133]], [[0.29591846466064453]], [[0.27510637044906616]], [[0.25511330366134644]], [[0.35506001114845276]], [[0.01402825117111206]], [[-0.08449602872133255]], [[-0.05710788816213608]], [[0.06861776858568192]], [[0.20608893036842346]], [[0.3788732886314392]], [[0.5160669684410095]], [[0.7055816054344177]], [[0.7816989421844482]], [[0.8726838231086731]], [[0.9435046315193176]], [[0.98526531457901]], [[0.9920066595077515]], [[0.9945942163467407]], [[0.9883363842964172]], [[0.9609168767929077]], [[0.9351709485054016]], [[0.9006865620613098]], [[0.8796294331550598]], [[0.8420733213424683]], [[0.8042895793914795]], [[0.78830885887146]], [[0.7466392517089844]], [[0.7213649153709412]], [[0.692125678062439]], [[0.6640433669090271]], [[0.6372923851013184]], [[0.6115405559539795]], [[0.5871409773826599]], [[0.5714614391326904]], [[0.5413218140602112]], [[0.5234110951423645]], [[0.49946433305740356]], [[0.489436537027359]], [[0.46085724234580994]], [[0.44562140107154846]], [[0.4309943616390228]], [[0.4194801151752472]], [[0.38932162523269653]], [[0.3788621723651886]], [[0.3660108745098114]], [[0.3485763967037201]], [[0.33407679200172424]], [[0.32225164771080017]], [[0.3107752799987793]], [[0.2927563488483429]], [[0.2774881422519684]], [[0.2625464200973511]], [[0.2562496066093445]], [[0.24387575685977936]], [[0.23166459798812866]], [[0.21766297519207]], [[0.20779578387737274]], [[0.19800370931625366]], [[0.1057400032877922]], [[-0.1380302608013153]], [[-0.39133748412132263]], [[-0.42493924498558044]], [[-0.4217011630535126]], [[-0.3540293276309967]], [[-0.29069966077804565]], [[-0.21726803481578827]], [[-0.09066210687160492]], [[-0.010697931051254272]], [[0.08251971751451492]], [[0.15623706579208374]], [[0.25051623582839966]], [[0.32152146100997925]], [[0.38325607776641846]], [[0.4511754810810089]], [[0.48539382219314575]], [[0.5140630006790161]], [[0.5415183305740356]], [[0.5651257038116455]], [[0.5792579054832458]], [[0.588587760925293]], [[0.5940082669258118]], [[0.5954423546791077]], [[0.5962046384811401]], [[0.5941567420959473]], [[0.5904284715652466]], [[0.5843492150306702]], [[0.5791394710540771]], [[0.5709636807441711]], [[0.5671846866607666]], [[0.5580453872680664]], [[0.5485126376152039]], [[0.5415608286857605]], [[0.5303221940994263]], [[0.5247500538825989]], [[0.5163973569869995]], [[0.5081344842910767]], [[0.4986395239830017]], [[0.49066367745399475]], [[0.4854218363761902]], [[0.4726802110671997]], [[0.46646955609321594]], [[0.4544595777988434]], [[0.45328646898269653]], [[0.4452059268951416]], [[0.43294423818588257]], [[0.42970073223114014]], [[0.42126375436782837]], [[0.41511642932891846]], [[0.4100862145423889]], [[0.40517812967300415]], [[0.3975280523300171]], [[0.05844400078058243]], [[-0.21102777123451233]], [[-0.3063984513282776]], [[-0.45748773217201233]], [[-0.5452286601066589]], [[-0.5692582130432129]], [[-0.5762166976928711]], [[-0.5708420276641846]], [[-0.5380141735076904]], [[-0.5166367888450623]], [[-0.47254979610443115]], [[-0.4445711672306061]], [[-0.37698617577552795]], [[-0.3539322018623352]], [[-0.29092031717300415]], [[-0.2520447373390198]], [[-0.20628634095191956]], [[-0.1264907717704773]], [[-0.0860876590013504]], [[-0.048115324229002]], [[-0.0072150155901908875]], [[0.009311417117714882]], [[0.03509139269590378]], [[0.07696143537759781]], [[0.10155370831489563]], [[0.12370045483112335]], [[0.14346039295196533]], [[0.1610766351222992]], [[0.17662416398525238]], [[0.1924079954624176]], [[0.19845236837863922]], 