{"vc": [[-0.13776549696922302, 0.0, 0.0], [0.0, -0.1890813112258911, 0.18921363353729248], [-0.05896606668829918, 0.345569908618927, -0.34562399983406067], [-0.23973871767520905, 0.0, 0.0], [0.0, 0.0, 0.0], [0.0, 0.0, 0.0], [0.0, 0.0423114188015461, -0.0424814373254776], [0.0, 0.0, 0.0], [0.0, 0.0, 0.0], [0.25020352005958557, 0.0, 0.0]], "true_y1": [[[0.4006600081920624]], [[12.96452808380127]], [[15.246613502502441]], [[21.83080291748047]], [[27.56085205078125]], [[32.47872543334961]], [[33.83408737182617]], [[38.80699157714844]], [[41.65245056152344]], [[44.534454345703125]], [[46.12535858154297]], [[46.980125427246094]], [[47.68916320800781]], [[48.280426025390625]], [[49.355804443359375]], [[49.90401077270508]], [[50.26393127441406]], [[50.53224182128906]], [[50.64646530151367]], [[50.70528793334961]], [[50.62300491333008]], [[50.51557922363281]], [[50.310447692871094]], [[50.20801544189453]], [[50.01791763305664]], [[49.81772994995117]], [[49.72979736328125]], [[49.51984405517578]], [[49.33626174926758]], [[49.18077850341797]], [[48.928916931152344]], [[48.8017692565918]], [[48.577022552490234]], [[48.448753356933594]], [[48.22096633911133]], [[48.023826599121094]], [[47.82573318481445]], [[47.659637451171875]], [[47.42546844482422]], [[47.156089782714844]], [[47.020809173583984]], [[1.0533000230789185]], [[6.147373199462891]], [[9.429475784301758]], [[14.138708114624023]], [[18.43865966796875]], [[21.033342361450195]], [[24.600358963012695]], [[28.592321395874023]], [[31.04341697692871]], [[33.725467681884766]], [[34.27433776855469]], [[35.303340911865234]], [[37.63201141357422]], [[37.922481536865234]], [[38.90898895263672]], [[39.29741287231445]], [[39.77425003051758]], [[40.249671936035156]], [[40.70294189453125]], [[41.05479049682617]], [[41.06168746948242]], [[40.995426177978516]], [[40.89817810058594]], [[40.77341079711914]], [[40.6303825378418]], [[40.5003547668457]], [[40.334625244140625]], [[40.19049835205078]], [[39.98172378540039]], [[39.79820251464844]], [[38.6369743347168]], [[38.47067642211914]], [[38.236480712890625]], [[38.034175872802734]], [[37.86526870727539]], [[37.626686096191406]], [[1.104699969291687]], [[3.5782947540283203]], [[7.234189510345459]], [[11.863289833068848]], [[12.923088073730469]], [[16.99173355102539]], [[18.813884735107422]], [[22.129274368286133]], [[23.56436538696289]], [[24.890134811401367]], [[27.186626434326172]], [[29.05067253112793]], [[29.839950561523438]], [[30.855379104614258]], [[31.4365291595459]], [[32.41498947143555]], [[33.16694641113281]], [[34.07959747314453]], [[34.26646423339844]], [[34.56566619873047]], [[34.82466506958008]], [[35.075870513916016]], [[35.11235046386719]], [[35.07707977294922]], [[35.03330612182617]], [[34.944679260253906]], [[34.79453659057617]], [[34.68645095825195]], [[34.54579544067383]], [[34.37155532836914]], [[34.24176788330078]], [[34.0528564453125]], [[33.9434700012207]], [[33.746681213378906]], [[33.66094970703125]], [[33.37089538574219]], [[33.13458251953125]], [[32.86500549316406]], [[32.713783264160156]], [[0.6033599972724915]], [[5.983630657196045]], [[9.053631782531738]], [[12.916755676269531]], [[14.700827598571777]], [[16.398937225341797]], [[19.497364044189453]], [[21.554737091064453]], [[23.380550384521484]], [[24.98733139038086]], [[26.392580032348633]], [[27.611486434936523]], [[28.328845977783203]], [[29.567123413085938]], [[30.335159301757812]], [[31.3745174407959]], [[32.53542709350586]], [[32.94214630126953]], [[33.26184844970703]], [[33.56340026855469]], [[33.8468017578125]], [[33.97560119628906]], [[34.090980529785156]], [[34.12321090698242]], [[34.126068115234375]], [[34.106048583984375]], [[34.06526565551758]], [[34.00788116455078]], [[33.93705368041992]], [[33.870235443115234]], [[33.766815185546875]], [[33.65425109863281]], [[33.569419860839844]], [[33.4442138671875]], [[33.35254669189453]], [[33.27693176269531]], [[33.1412239074707]], [[33.0022087097168]], [[32.880470275878906]], [[32.75652313232422]], [[32.65176773071289]], [[32.54573440551758]], [[32.373680114746094]], [[32.242393493652344]], [[32.10979461669922]], [[0.35506001114845276]], [[4.677249908447266]], [[8.011333465576172]], [[13.369635581970215]], [[17.31035041809082]], [[20.141788482666016]], [[22.92964744567871]], [[24.807342529296875]], [[27.117631912231445]], [[27.9974308013916]], [[29.06159019470215]], [[29.97689437866211]], [[30.714435577392578]], [[30.924638748168945]], [[31.21387481689453]], [[31.439668655395508]], [[31.725845336914062]], [[31.85146713256836]], [[31.950336456298828]], [[31.988737106323242]], [[32.03032302856445]], [[32.04658126831055]], [[32.047271728515625]], [[32.03434753417969]], [[32.0171012878418]], [[31.988964080810547]], [[31.95398712158203]], [[31.91356086730957]], [[31.868104934692383]], [[31.81905174255371]], [[31.784400939941406]], [[31.710744857788086]], [[31.662446975708008]], [[31.592405319213867]], [[31.561161041259766]], [[31.465681076049805]], [[31.410749435424805]], [[31.35527801513672]], [[31.309675216674805]], [[31.18186378479004]], [[31.134607315063477]], [[31.07441520690918]], [[30.988922119140625]], [[30.91437530517578]], [[30.851215362548828]], [[30.787857055664062]], [[30.68422508239746]], [[30.59239387512207]], [[30.498929977416992]], [[30.45847511291504]], [[30.377134323120117]], [[30.294483184814453]], [[30.196834564208984]], [[30.12619972229004]], [[30.054641723632812]], [[0.1057400032877922]], [[2.303459405899048]], [[7.102139472961426]], [[9.103384971618652]], [[11.907090187072754]], [[15.22265625]], [[17.005889892578125]], [[18.601116180419922]], [[20.746627807617188]], [[21.859455108642578]], [[22.99698829650879]], [[23.80402374267578]], [[24.7470645904541]], [[25.40936851501465]], [[25.964981079101562]], [[26.57285499572754]], [[26.88809585571289]], [[27.165555953979492]], [[27.45450782775879]], [[27.741971969604492]], [[27.954858779907227]], [[28.141443252563477]], [[28.308467864990234]], [[28.38475227355957]], [[28.527170181274414]], [[28.676654815673828]], [[28.794252395629883]], [[28.920970916748047]], [[29.005929946899414]], [[29.11853790283203]], [[29.16535758972168]], [[29.270099639892578]], [[29.371078491210938]], [[29.441478729248047]], [[29.552026748657227]], [[29.60606575012207]], [[29.68683433532715]], [[29.767080307006836]], [[29.860488891601562]], [[29.940509796142578]], [[29.994102478027344]], [[30.128494262695312]], [[30.196516036987305]], [[30.33360481262207]], [[30.347429275512695]], [[30.444971084594727]], [[30.6014347076416]], [[30.644704818725586]], [[30.76128578186035]], [[30.850141525268555]], [[30.925479888916016]], [[31.001399993896484]], [[31.124767303466797]], [[0.05844400078058243]], [[1.9730017185211182]], [[2.9204134941101074]], [[5.088312149047852]], [[7.458234786987305]], [[8.864845275878906]], [[10.459897994995117]], [[11.46163272857666]], [[13.528987884521484]], [[14.367986679077148]], [[15.713677406311035]], [[16.416704177856445]], [[17.838760375976562]], [[18.261302947998047]], [[19.303871154785156]], [[19.88338279724121]], [[20.5186710357666]], [[21.53847885131836]], [[22.026037216186523]], [[22.474458694458008]], [[22.95389175415039]], [[23.148496627807617]], [[23.455448150634766]], [[23.971010208129883]], [[24.29071807861328]], [[24.595691680908203]], [[24.887325286865234]], [[25.169143676757812]], [[25.441680908203125]], [[25.75067710876465]], [[25.88056755065918]], [[26.22232437133789]], [[26.5152645111084]], [[26.723039627075195]], [[26.970888137817383]], [[27.177072525024414]], [[27.42336082458496]], [[27.711910247802734]], [[27.960166931152344]], [[28.208444595336914]], [[28.417482376098633]], [[28.711774826049805]], [[29.180721282958984]], [[29.440326690673828]], [[29.701740264892578]], [[30.055160522460938]], [[30.189973831176758]], [[30.460041046142578]], [[30.734121322631836]], [[31.103755950927734]], [[31.24417495727539]], [[31.57518768310547]]]}