{"vc": [[-0.1313493847846985, 0.0, 0.0], [0.0, -0.15274380147457123, 0.1531493067741394], [-0.05286962538957596, 0.34393784403800964, -0.34372228384017944], [-0.21561045944690704, 0.0, 0.0], [0.0, 0.0, 0.0], [0.0, 0.0, 0.0], [0.0, 0.03326831012964249, -0.03306576609611511], [0.0, 0.0, 0.0], [0.0, 0.0, 0.0], [0.2879144847393036, 0.0, 0.0]], "true_y1": [[[0.4006600081920624]], [[15.06489086151123]], [[17.74559783935547]], [[25.533855438232422]], [[32.40226745605469]], [[38.39280319213867]], [[40.06367874145508]], [[46.289947509765625]], [[49.93986892700195]], [[53.72990036010742]], [[55.87892532348633]], [[57.05710983276367]], [[58.051025390625]], [[58.89474868774414]], [[60.481719970703125]], [[61.33695602416992]], [[61.93650436401367]], [[62.4344596862793]], [[62.690818786621094]], [[62.98338317871094]], [[63.04609680175781]], [[63.02446746826172]], [[62.92620086669922]], [[62.86556625366211]], [[62.7427864074707]], [[62.604652404785156]], [[62.542083740234375]], [[62.389434814453125]], [[62.253177642822266]], [[62.136295318603516]], [[61.944820404052734]], [[61.84736633300781]], [[61.67408752441406]], [[61.57469940185547]], [[61.397457122802734]], [[61.2433967590332]], [[61.08804702758789]], [[60.9574089050293]], [[60.77268981933594]], [[60.55947494506836]], [[60.45212173461914]], [[1.0533000230789185]], [[7.007758140563965]], [[10.857756614685059]], [[16.41350555419922]], [[21.533763885498047]], [[24.65298843383789]], [[28.988222122192383]], [[33.924190521240234]], [[37.01344299316406]], [[40.463233947753906]], [[41.180503845214844]], [[42.537994384765625]], [[45.69068908691406]], [[46.094600677490234]], [[47.493019104003906]], [[48.05857849121094]], [[48.77009582519531]], [[49.50870132446289]], [[50.26837158203125]], [[51.04775619506836]], [[51.143943786621094]], [[51.221431732177734]], [[51.20919418334961]], [[51.156517028808594]], [[51.07559585571289]], [[50.99198532104492]], [[50.877079010009766]], [[50.77208709716797]], [[50.6143684387207]], [[50.47183609008789]], [[49.527618408203125]], [[49.38928985595703]], [[49.19353485107422]], [[49.02363967895508]], [[48.881282806396484]], [[48.67947006225586]], [[1.104699969291687]], [[4.002322196960449]], [[8.296503067016602]], [[13.768280029296875]], [[15.028655052185059]], [[19.903398513793945]], [[22.10936737060547]], [[26.170482635498047]], [[27.95155906677246]], [[29.612136840820312]], [[32.53036880493164]], [[34.94877243041992]], [[35.99015426635742]], [[37.34930419921875]], [[38.139129638671875]], [[39.49464416503906]], [[40.56660079956055]], [[41.92801284790039]], [[42.220848083496094]], [[42.70830535888672]], [[43.16367721557617]], [[43.710479736328125]], [[43.87925720214844]], [[43.98476028442383]], [[44.000389099121094]], [[43.989479064941406]], [[43.927490234375]], [[43.868038177490234]], [[43.78070068359375]], [[43.662696838378906]], [[43.570068359375]], [[43.430233001708984]], [[43.347190856933594]], [[43.19489288330078]], [[43.12758255004883]], [[42.89646530151367]], [[42.705101013183594]], [[42.484195709228516]], [[42.3592529296875]], [[0.6033599972724915]], [[6.919055461883545]], [[10.540084838867188]], [[15.128307342529297]], [[17.263486862182617]], [[19.307809829711914]], [[23.075000762939453]], [[25.609142303466797]], [[27.885421752929688]], [[29.91448974609375]], [[31.713123321533203]], [[33.29533386230469]], [[34.23796081542969]], [[35.88956069946289]], [[36.93320846557617]], [[38.37723922729492]], [[40.05630111694336]], [[40.672523498535156]], [[41.17481994628906]], [[41.67241668701172]], [[42.181941986083984]], [[42.445247650146484]], [[42.7414436340332]], [[42.88758087158203]], [[42.94151306152344]], [[43.02987289428711]], [[43.07188415527344]], [[43.09001922607422]], [[43.08938217163086]], [[43.077327728271484]], [[43.04637145996094]], [[43.002315521240234]], [[42.964447021484375]], [[42.903465270996094]], [[42.8559455871582]], [[42.81532669067383]], [[42.73986053466797]], [[42.65985870361328]], [[42.588043212890625]], [[42.5135612487793]], [[42.449710845947266]], [[42.38435745239258]], [[42.27699279785156]], [[42.194114685058594]], [[42.109683990478516]], [[0.35506001114845276]], [[5.437047004699707]], [[9.373678207397461]], [[15.76121711730957]], [[20.53609275817871]], [[24.027191162109375]], [[27.533124923706055]], [[29.946029663085938]], [[32.995391845703125]], [[34.189048767089844]], [[35.66745376586914]], [[36.9829216003418]], [[38.09172058105469]], [[38.42068099975586]], [[38.888240814208984]], [[39.271053314208984]], [[39.79792404174805]], [[40.05986022949219]], [[40.29964828491211]], [[40.411834716796875]], [[40.571624755859375]], [[40.69612503051758]], [[40.74058151245117]], [[40.83841323852539]], [[40.88710021972656]], [[40.93502426147461]], [[40.97361755371094]], [[41.00436782836914]], [[41.02896499633789]], [[41.04811096191406]], [[41.05841827392578]], [[41.07411575317383]], [[41.08101272583008]], [[41.08754348754883]], [[41.089393615722656]], [[41.09189987182617]], [[41.09160232543945]], [[41.090267181396484]], [[41.088504791259766]], [[41.0809326171875]], [[41.07731246948242]], [[41.07215881347656]], [[41.06392288208008]], [[41.05596923828125]], [[41.04873275756836]], [[41.04105758666992]], [[41.02769470214844]], [[41.01509094238281]], [[41.00160217285156]], [[40.995567321777344]], [[40.98310470581055]], [[40.97000503540039]], [[40.95399856567383]], [[40.94207763671875]], [[40.92972183227539]], [[0.1057400032877922]], [[2.702284097671509]], [[8.393735885620117]], [[10.784930229187012]], [[14.163039207458496]], [[18.217058181762695]], [[20.433273315429688]], [[22.443262100219727]], [[25.198257446289062]], [[26.656551361083984]], [[28.173551559448242]], [[29.269527435302734]], [[30.57622528076172]], [[31.515010833740234]], [[32.31973648071289]], [[33.22335433959961]], [[33.704158782958984]], [[34.13600158691406]], [[34.5961799621582]], [[35.06698989868164]], [[35.42589569091797]], [[35.74906921386719]], [[36.04631805419922]], [[36.184871673583984]], [[36.44869613647461]], [[36.7334098815918]], [[36.96339797973633]], [[37.217376708984375]], [[37.39125442504883]], [[37.62605285644531]], [[37.72507095336914]], [[37.94935607910156]], [[38.168861389160156]], [[38.32355499267578]], [[38.56874465942383]], [[38.68943786621094]], [[38.870628356933594]], [[39.051368713378906]], [[39.262367248535156]], [[39.44340896606445]], [[39.56471252441406]], [[39.86875534057617]], [[40.022422790527344]], [[40.331356048583984]], [[40.36244201660156]], [[40.58134841918945]], [[40.93080520629883]], [[41.02705001831055]], [[41.285438537597656]], [[41.4814567565918]], [[41.64701461791992]], [[41.81324768066406]], [[42.08206558227539]], [[0.05844400078058243]], [[2.3411407470703125]], [[3.4721500873565674]], [[6.067278861999512]], [[8.922272682189941]], [[10.629611015319824]], [[12.58083724975586]], [[13.816136360168457]], [[16.39497184753418]], [[17.454856872558594]], [[19.173931121826172]], [[20.08257293701172]], [[21.946210861206055]], [[22.507362365722656]], [[23.90842628479004]], [[24.698366165161133]], [[25.57451057434082]], [[27.005626678466797]], [[27.701616287231445]], [[28.348995208740234]], [[29.049169540405273]], [[29.335796356201172]], [[29.790761947631836]], [[30.562774658203125]], [[31.046310424804688]], [[31.510793685913086]], [[31.95769691467285]], [[32.3918571472168]], [[32.8136100769043]], [[33.293670654296875]], [[33.495967864990234]], [[34.02933120727539]], [[34.487403869628906]], [[34.81258773803711]], [[35.200599670410156]], [[35.523345947265625]], [[35.90866470336914]], [[36.359619140625]], [[36.74702072143555]], [[37.133792877197266]], [[37.45884704589844]], [[37.91545486450195]], [[38.64033508300781]], [[39.040077209472656]], [[39.441436767578125]], [[39.98213577270508]], [[40.18779373168945]], [[40.59878921508789]], [[41.0145263671875]], [[41.57301712036133]], [[41.78451919555664]], [[42.28166961669922]]]}