{"vc": [[-0.022218748927116394, 0.0, 0.0], [0.0, 0.0, 0.0], [0.02809595875442028, 0.019367748871445656, -0.01971719041466713], [0.15207715332508087, 0.0, 0.0], [0.0, 0.0, 0.0], [0.0, 0.0, 0.0], [0.0, 0.0008036873186938465, 0.0], [0.0, 0.0, 0.0], [0.0, 0.0, 0.0], [0.8485956788063049, 0.0, 0.0]], "true_y1": [[[0.4006600081920624]], [[46.79670715332031]], [[55.72658157348633]], [[83.22123718261719]], [[110.3829574584961]], [[137.72938537597656]], [[146.2361297607422]], [[183.10220336914062]], [[210.52569580078125]], [[247.32566833496094]], [[274.7752685546875]], [[293.20819091796875]], [[311.5428466796875]], [[329.9311828613281]], [[376.25274658203125]], [[413.2669677734375]], [[450.27569580078125]], [[496.5389099121094]], [[533.37158203125]], [[616.4548950195312]], [[690.0355224609375]], [[744.8195190429688]], [[826.7459106445312]], [[862.9918823242188]], [[925.97705078125]], [[988.3977661132812]], [[1014.9107055664062]], [[1076.47802734375]], [[1128.6378173828125]], [[1171.7659912109375]], [[1239.795166015625]], [[1273.330810546875]], [[1331.3331298828125]], [[1363.7186279296875]], [[1419.9512939453125]], [[1467.2918701171875]], [[1513.6092529296875]], [[1551.464599609375]], [[1603.2911376953125]], [[1660.6356201171875]], [[1688.500732421875]], [[1.0533000230789185]], [[19.900800704956055]], [[32.431060791015625]], [[51.363182067871094]], [[70.19160461425781]], [[82.61196899414062]], [[101.58553314208984]], [[126.7847900390625]], [[145.57559204101562]], [[171.03712463378906]], [[177.18350219726562]], [[189.926025390625]], [[227.96255493164062]], [[234.1422576904297]], [[259.43408203125]], [[272.070068359375]], [[291.0446472167969]], [[316.43017578125]], [[354.32073974609375]], [[436.25390625]], [[461.2418518066406]], [[511.4037780761719]], [[548.7451171875]], [[586.098876953125]], [[623.0714111328125]], [[653.8048095703125]], [[690.5426635742188]], [[720.9659423828125]], [[763.2462158203125]], [[799.0811767578125]], [[1007.0800170898438]], [[1034.771728515625]], [[1072.9339599609375]], [[1105.118896484375]], [[1131.4368896484375]], [[1167.7490234375]], [[1.104699969291687]], [[10.339945793151855]], [[24.330699920654297]], [[43.09306335449219]], [[47.63251876831055]], [[66.30624389648438]], [[75.52058410644531]], [[94.2929458618164]], [[103.51868438720703]], [[112.85307312011719]], [[131.5606689453125]], [[150.30239868164062]], [[159.70034790039062]], [[173.6719207763672]], [[182.95834350585938]], [[201.75033569335938]], [[220.42156982421875]], [[253.05870056152344]], [[262.3485412597656]], [[280.9748840332031]], [[304.22637939453125]], [[350.6631774902344]], [[378.3908996582031]], [[415.18975830078125]], [[433.65972900390625]], [[461.082763671875]], [[497.39544677734375]], [[520.083251953125]], [[547.2706298828125]], [[578.610595703125]], [[600.7963256835938]], [[631.8050537109375]], [[649.2044067382812]], [[679.6714477539062]], [[692.6510620117188]], [[735.4312133789062]], [[769.138671875]], [[806.4679565429688]], [[826.9155883789062]], [[0.6033599972724915]], [[20.98052406311035]], [[33.11793899536133]], [[49.37459182739258]], [[57.41910171508789]], [[65.50247192382812]], [[81.68550109863281]], [[93.842041015625]], [[105.97520446777344]], [[118.09491729736328]], [[130.22402954101562]], [[142.34776306152344]], [[150.41746520996094]], [[166.6210479736328]], [[178.697509765625]], [[198.9343719482422]], [[231.27845764160156]], [[247.4262237548828]], [[263.5702209472656]], [[283.7113952636719]], [[311.81927490234375]], [[331.84368896484375]], [[363.9391174316406]], [[387.95526123046875]], [[399.84149169921875]], [[427.6102600097656]], [[451.3221130371094]], [[474.9160461425781]], [[498.5215759277344]], [[518.0194702148438]], [[545.1685791015625]], [[572.0924682617188]], [[591.1522216796875]], [[617.8701782226562]], [[636.5846557617188]], [[651.575439453125]], [[677.6144409179688]], [[703.2933349609375]], [[725.05810546875]], [[746.5913696289062]], [[764.3331909179688]], [[781.8884887695312]], [[809.5547485351562]], [[830.0131225585938]], [[850.12353515625]], [[0.35506001114845276]], [[16.826688766479492]], [[30.012279510498047]], [[53.0794563293457]], [[72.72439575195312]], [[89.30814361572266]], [[109.03163146972656]], [[125.42122650146484]], [[151.74566650390625]], [[164.814697265625]], [[184.5954132080078]], [[207.5452423095703]], [[233.83163452148438]], [[243.62716674804688]], [[259.95770263671875]], [[276.2628173828125]], [[305.6364440917969]], [[325.1248779296875]], [[347.818115234375]], [[360.8231506347656]], [[383.3479309082031]], [[405.8205261230469]], [[415.3978271484375]], [[440.8296203613281]], [[456.7192687988281]], [[475.6612548828125]], [[494.51806640625]], [[513.1708374023438]], [[531.8323974609375]], [[550.208251953125]], [[562.3963012695312]], [[586.7037963867188]], [[601.7214965820312]], [[622.4898681640625]], [[631.4255981445312]], [[657.6718139648438]], [[672.1361083984375]], [[686.3262939453125]], [[697.7017822265625]], [[728.3125]], [[739.1898193359375]], [[752.7218017578125]], [[771.3475952148438]], [[787.0426635742188]], [[799.9571533203125]], [[812.5692749023438]], [[832.4794921875]], [[849.3988647460938]], [[865.9415283203125]], [[872.8946533203125]], [[886.5028686523438]], [[899.8311157226562]], [[914.944091796875]], [[925.4575805664062]], [[935.7573852539062]], [[0.1057400032877922]], [[8.655324935913086]], [[27.927839279174805]], [[36.463905334472656]], [[49.27710723876953]], [[66.43370056152344]], [[77.04595947265625]], [[87.76191711425781]], [[104.8636245727539]], [[115.52389526367188]], [[128.31405639648438]], [[139.00779724121094]], [[153.9582061767578]], [[166.7103729248047]], [[179.46421813964844]], [[196.48782348632812]], [[207.05947875976562]], [[217.6775360107422]], [[230.38668823242188]], [[245.1575927734375]], [[257.8173522949219]], [[270.3866882324219]], [[283.0120544433594]], [[289.26275634765625]], [[301.8242492675781]], [[316.3524169921875]], [[328.80450439453125]], [[343.2499084472656]], [[353.5206604003906]], [[367.8157958984375]], [[373.970947265625]], [[388.137939453125]], [[402.2341613769531]], [[412.2588195800781]], [[428.22308349609375]], [[436.0875549316406]], [[447.8690490722656]], [[459.5606689453125]], [[473.0926208496094]], [[484.57366943359375]], [[492.1878662109375]], [[510.9569091796875]], [[520.2553100585938]], [[538.5341796875]], [[540.3416748046875]], [[552.8995971679688]], [[572.31494140625]], [[577.5232543945312]], [[591.206787109375]], [[601.2954711914062]], [[609.6201782226562]], [[617.798583984375]], [[630.6441650390625]], [[0.05844400078058243]], [[7.838531970977783]], [[11.724818229675293]], [[20.79368019104004]], [[31.16259765625]], [[37.65485382080078]], [[45.440673828125]], [[50.62269592285156]], [[62.264286041259766]], [[67.45260620117188]], [[76.50977325439453]], [[81.68081665039062]], [[93.32815551757812]], [[97.16104888916016]], [[107.5370101928711]], [[113.97630310058594]], [[121.70417785644531]], [[135.88909912109375]], [[143.5995330810547]], [[151.3095703125]], [[160.27601623535156]], [[164.14324951171875]], [[170.5225372314453]], [[182.0288543701172]], [[189.666015625]], [[197.30039978027344]], [[204.90359497070312]], [[212.51025390625]], [[220.08294677734375]], [[228.88848876953125]], [[232.64874267578125]], [[242.67237854003906]], [[251.3722686767578]], [[257.5780944824219]], [[264.995849609375]], [[271.16339111328125]], [[278.5086975097656]], [[287.06085205078125]], [[294.3542175292969]], [[301.5743408203125]], [[307.587890625]], [[315.9417419433594]], [[328.9571228027344]], [[335.9958190917969]], [[342.9592590332031]], [[352.1717224121094]], [[355.624267578125]], [[362.43817138671875]], [[369.21392822265625]], [[378.1312561035156]], [[381.4530334472656]], [[389.14208984375]]]}