{"vc": [[0.038555171340703964, 0.0, 0.0], [0.0, 0.0, 0.0], [0.05473119765520096, -0.05170738324522972, 0.0517561137676239], [0.28856468200683594, 0.0, 0.0], [0.0, 0.0, 0.0], [0.0, 0.0, 0.0], [0.0, 0.0010236977832391858, 0.0], [0.0, 0.0, 0.0], [0.0, 0.0, 0.0], [0.9879739880561829, 0.0, 0.0]], "true_y1": [[[0.4006600081920624]], [[54.75753402709961]], [[65.22496795654297]], [[97.46563720703125]], [[129.33560180664062]], [[161.44541931152344]], [[171.43930053710938]], [[214.7846221923828]], [[247.07015991210938]], [[290.4643859863281]], [[322.8951721191406]], [[344.7080078125]], [[366.43585205078125]], [[388.2618103027344]], [[443.41912841796875]], [[487.7068786621094]], [[532.2144165039062]], [[588.2283325195312]], [[633.1747436523438]], [[735.9641723632812]], [[829.030517578125]], [[899.8792114257812]], [[1008.9049682617188]], [[1058.5340576171875]], [[1147.1942138671875]], [[1238.5936279296875]], [[1278.6414794921875]], [[1374.887939453125]], [[1460.488037109375]], [[1534.5308837890625]], [[1658.3680419921875]], [[1723.0760498046875]], [[1841.7061767578125]], [[1912.158447265625]], [[2042.9022216796875]], [[2162.630859375]], [[2289.964111328125]], [[2402.8369140625]], [[2572.69775390625]], [[2785.975341796875]], [[2901.332763671875]], [[1.0533000230789185]], [[23.172691345214844]], [[37.896846771240234]], [[60.17253112792969]], [[82.36149597167969]], [[97.0186538696289]], [[119.44119262695312]], [[149.28460693359375]], [[171.58921813964844]], [[201.8875274658203]], [[209.21543884277344]], [[224.4259033203125]], [[269.98974609375]], [[277.4170837402344]], [[307.8948059082031]], [[323.1729736328125]], [[346.1849365234375]], [[377.1145324707031]], [[423.62274169921875]], [[525.9204711914062]], [[557.69287109375]], [[622.4683837890625]], [[671.6838989257812]], [[721.9090576171875]], [[772.7433471679688]], [[815.963623046875]], [[868.9298706054688]], [[913.9981079101562]], [[978.6980590820312]], [[1035.6781005859375]], [[1422.5577392578125]], [[1484.276123046875]], [[1574.91748046875]], [[1657.1685791015625]], [[1728.9925537109375]], [[1835.9268798828125]], [[1.104699969291687]], [[11.955267906188965]], [[28.41852569580078]], [[50.5452880859375]], [[55.90725326538086]], [[78.00029754638672]], [[88.92363739013672]], [[111.22417449951172]], [[122.20758819580078]], [[133.33697509765625]], [[155.69479370117188]], [[178.1685791015625]], [[189.46823120117188]], [[206.3067626953125]], [[217.52639770507812]], [[240.30259704589844]], [[263.0354309082031]], [[303.0482177734375]], [[314.50823974609375]], [[337.5899658203125]], [[366.6148681640625]], [[425.3926696777344]], [[461.08929443359375]], [[509.284912109375]], [[533.8748168945312]], [[570.9413452148438]], [[621.1802978515625]], [[653.3275146484375]], [[692.7203979492188]], [[739.4536743164062]], [[773.4988403320312]], [[822.5942993164062]], [[850.9972534179688]], [[902.3942260742188]], [[924.9939575195312]], [[1002.8729248046875]], [[1068.4482421875]], [[1146.25830078125]], [[1191.5635986328125]], [[0.6033599972724915]], [[24.565526962280273]], [[38.859596252441406]], [[58.03062438964844]], [[67.52864074707031]], [[77.08042907714844]], [[96.22818756103516]], [[110.63506317138672]], [[125.03565216064453]], [[139.44322204589844]], [[153.88670349121094]], [[168.3504638671875]], [[177.9935760498047]], [[197.39785766601562]], [[211.89871215820312]], [[236.28097534179688]], [[275.498291015625]], [[295.2092590332031]], [[315.01568603515625]], [[339.88189697265625]], [[374.9118347167969]], [[400.1329345703125]], [[441.091552734375]], [[472.23248291015625]], [[487.8204650878906]], [[524.7420654296875]], [[556.8922119140625]], [[589.5267944335938]], [[622.8994750976562]], [[651.071533203125]], [[691.3223266601562]], [[732.5640258789062]], [[762.656494140625]], [[806.2479858398438]], [[837.8687133789062]], [[863.9113159179688]], [[910.81494140625]], [[959.3928833007812]], [[1002.6171875]], [[1047.4744873046875]], [[1086.180908203125]], [[1126.207763671875]], [[1193.22705078125]], [[1246.31787109375]], [[1301.871826171875]], [[0.35506001114845276]], [[19.73731231689453]], [[35.27001190185547]], [[62.48246765136719]], [[85.70156860351562]], [[105.33883666992188]], [[128.74447631835938]], [[148.2424774169922]], [[179.67063903808594]], [[195.33323669433594]], [[219.1285400390625]], [[246.8927459716797]], [[278.94097900390625]], [[290.9618835449219]], [[311.1094970703125]], [[331.3731384277344]], [[368.30560302734375]], [[393.1585693359375]], [[422.50634765625]], [[439.5461120605469]], [[469.4869689941406]], [[499.9638977050781]], [[513.1563720703125]], [[548.8472290039062]], [[571.6815795898438]], [[599.50341796875]], [[627.9175415039062]], [[656.8059692382812]], [[686.5716552734375]], [[716.8184814453125]], [[737.4424438476562]], [[780.0615844726562]], [[807.4863891601562]], [[846.9613037109375]], [[864.5501098632812]], [[918.5706176757812]], [[950.0098876953125]], [[982.1480102539062]], [[1008.9221801757812]], [[1086.04833984375]], [[1115.4720458984375]], [[1153.7607421875]], [[1209.866455078125]], [[1260.611328125]], [[1305.0657958984375]], [[1351.1192626953125]], [[1429.8892822265625]], [[1503.622314453125]], [[1582.8795166015625]], [[1618.6143798828125]], [[1693.28173828125]], [[1773.30029296875]], [[1873.7501220703125]], [[1950.7744140625]], [[2032.8724365234375]], [[0.1057400032877922]], [[10.186558723449707]], [[32.92483139038086]], [[43.00303649902344]], [[58.14112854003906]], [[78.43433380126953]], [[91.00395202636719]], [[103.71299743652344]], [[124.03817749023438]], [[136.74012756347656]], [[152.0197296142578]], [[164.83377075195312]], [[182.81842041015625]], [[198.23391723632812]], [[213.7321319580078]], [[234.56527709960938]], [[247.59925842285156]], [[260.77471923828125]], [[276.6683349609375]], [[295.3298645019531]], [[311.50640869140625]], [[327.7535705566406]], [[344.2803039550781]], [[352.5461120605469]], [[369.3389892578125]], [[389.09136962890625]], [[406.3330993652344]], [[426.7354736328125]], [[441.52886962890625]], [[462.55645751953125]], [[471.7797546386719]], [[493.43035888671875]], [[515.60888671875]], [[531.8058471679688]], [[558.4050903320312]], [[571.9049072265625]], [[592.6644287109375]], [[613.9547119140625]], [[639.5407104492188]], [[662.1251831054688]], [[677.5877075195312]], [[717.5369262695312]], [[738.39794921875]], [[781.7725219726562]], [[786.24755859375]], [[818.3604736328125]], [[871.9297485351562]], [[887.2144775390625]], [[929.469482421875]], [[962.78125]], [[991.8182983398438]], [[1021.853759765625]], [[1072.4188232421875]], [[0.05844400078058243]], [[9.266509056091309]], [[13.867462158203125]], [[24.607975006103516]], [[36.89620590209961]], [[44.595619201660156]], [[53.83598327636719]], [[59.99104309082031]], [[73.83639526367188]], [[80.01637268066406]], [[90.82178497314453]], [[97.00221252441406]], [[110.95890808105469]], [[115.56414794921875]], [[128.06695556640625]], [[135.8560028076172]], [[145.2382354736328]], [[162.57345581054688]], [[172.06768798828125]], [[181.61912536621094]], [[192.8079376220703]], [[197.66302490234375]], [[205.71371459960938]], [[220.37893676757812]], [[230.22618103027344]], [[240.1701202392578]], [[250.1820526123047]], [[260.3166198730469]], [[270.533447265625]], [[282.58795166015625]], [[287.7969665527344]], [[301.8767395019531]], [[314.34490966796875]], [[323.39208984375]], [[334.38702392578125]], [[343.6894836425781]], [[354.972900390625]], [[368.4125061035156]], [[380.1524353027344]], [[392.04803466796875]], [[402.178955078125]], [[416.61590576171875]], [[440.0378723144531]], [[453.2270202636719]], [[466.6736145019531]], [[485.12774658203125]], [[492.2538757324219]], [[506.6803283691406]], [[521.5363159179688]], [[541.9370727539062]], [[549.8031005859375]], [[568.6145629882812]]]}