{"vc": [[-0.06792601197957993, 0.0, 0.0], [0.0, -0.05358446016907692, 0.05374505743384361], [-0.009029895067214966, 0.3082157075405121, -0.3081531524658203], [0.0035513020120561123, 0.0, 0.0], [0.0, 0.0, 0.0], [0.0, 0.0, 0.0], [0.0, 0.012468744069337845, -0.01239088922739029], [0.0, 0.0, 0.0], [0.0, 0.0, 0.0], [0.6314271092414856, 0.0, 0.0]], "true_y1": [[[0.4006600081920624]], [[34.01470947265625]], [[40.21197509765625]], [[58.379783630371094]], [[74.67842102050781]], [[89.19320678710938]], [[93.3050308227539]], [[108.94216918945312]], [[118.40492248535156]], [[128.55975341796875]], [[134.52455139160156]], [[137.88206481933594]], [[140.77682495117188]], [[143.2906951904297]], [[148.22140502929688]], [[151.05755615234375]], [[153.18991088867188]], [[155.14642333984375]], [[156.30108642578125]], [[158.06686401367188]], [[159.04568481445312]], [[159.56996154785156]], [[160.1592254638672]], [[160.37059020996094]], [[160.69036865234375]], [[160.9654998779297]], [[161.07342529296875]], [[161.3093719482422]], [[161.49765014648438]], [[161.64791870117188]], [[161.87875366210938]], [[161.99095153808594]], [[162.1841278076172]], [[162.29208374023438]], [[162.48072814941406]], [[162.64154052734375]], [[162.80140686035156]], [[162.9344024658203]], [[163.12063598632812]], [[163.33343505859375]], [[163.43983459472656]], [[1.0533000230789185]], [[14.81794261932373]], [[23.768722534179688]], [[36.79206085205078]], [[48.94834518432617]], [[56.44850540161133]], [[67.0238037109375]], [[79.33905792236328]], [[87.24107360839844]], [[96.30207061767578]], [[98.22505950927734]], [[101.90935516357422]], [[110.75791931152344]], [[111.93064880371094]], [[116.09030151367188]], [[117.82878112792969]], [[120.08094787597656]], [[122.52941131591797]], [[125.25637817382812]], [[128.74465942382812]], [[129.40350341796875]], [[130.38880920410156]], [[130.9172821044922]], [[131.32762145996094]], [[131.6505126953125]], [[131.87258911132812]], [[132.09703063964844]], [[132.257080078125]], [[132.4506072998047]], [[132.59487915039062]], [[133.24951171875]], [[133.328125]], [[133.43499755859375]], [[133.52450561523438]], [[133.59768676757812]], [[133.69918823242188]], [[1.104699969291687]], [[7.858118057250977]], [[17.914718627929688]], [[30.8514347076416]], [[33.85673141479492]], [[45.59653854370117]], [[50.981876373291016]], [[61.04707336425781]], [[65.53556823730469]], [[69.76935577392578]], [[77.34651184082031]], [[83.79186248779297]], [[86.626220703125]], [[90.39232635498047]], [[92.62260437011719]], [[96.5416030883789]], [[99.7499771118164]], [[104.04730224609375]], [[105.02318572998047]], [[106.71456146240234]], [[108.41302490234375]], [[110.80885314941406]], [[111.79889678955078]], [[112.77762603759766]], [[113.16284942626953]], [[113.63801574707031]], [[114.13333129882812]], [[114.38534545898438]], [[114.64383697509766]], [[114.89661407470703]], [[115.05298614501953]], [[115.24752044677734]], [[115.34683990478516]], [[115.50743103027344]], [[115.57158660888672]], [[115.7693099975586]], [[115.91403198242188]], [[116.0667724609375]], [[116.14816284179688]], [[0.6033599972724915]], [[15.400043487548828]], [[23.940120697021484]], [[34.855289459228516]], [[39.98164749145508]], [[44.924232482910156]], [[54.138431549072266]], [[60.431114196777344]], [[66.1633529663086]], [[71.34957122802734]], [[76.01911163330078]], [[80.19420623779297]], [[82.71698760986328]], [[87.21427154541016]], [[90.11766815185547]], [[94.2384033203125]], [[99.25189971923828]], [[101.18659210205078]], [[102.82390594482422]], [[104.52543640136719]], [[106.4048843383789]], [[107.47391510009766]], [[108.84369659423828]], [[109.66167449951172]], [[110.0160903930664]], [[110.74136352539062]], [[111.27018737792969]], [[111.73338317871094]], [[112.1479721069336]], [[112.46135711669922]], [[112.86354064941406]], [[113.23213958740234]], [[113.47917175292969]], [[113.8107681274414]], [[114.03520202636719]], [[114.21144104003906]], [[114.51204681396484]], [[114.80397033691406]], [[115.04959869384766]], [[115.29225158691406]], [[115.4926528930664]], [[115.69194030761719]], [[116.0091781616211]], [[116.2471923828125]], [[116.48477172851562]], [[0.35506001114845276]], [[12.334176063537598]], [[21.661678314208984]], [[36.95735549926758]], [[48.591861724853516]], [[57.25603485107422]], [[66.1401138305664]], [[72.39535522460938]], [[80.52803802490234]], [[83.80518341064453]], [[87.96662902832031]], [[91.80239868164062]], [[95.18644714355469]], [[96.23031616210938]], [[97.75959014892578]], [[99.06558227539062]], [[100.98688507080078]], [[102.02806854248047]], [[103.06631469726562]], [[103.59408569335938]], [[104.41678619384766]], [[105.14606475830078]], [[105.43465423583984]], [[106.14991760253906]], [[106.56622314453125]], [[107.0386734008789]], [[107.4886245727539]], [[107.9183120727539]], [[108.3366470336914]], [[108.74036407470703]], [[109.00492095947266]], [[109.52780151367188]], [[109.84929656982422]], [[110.29401397705078]], [[110.48589324951172]], [[111.0533447265625]], [[111.36956024169922]], [[111.68295288085938]], [[111.93682861328125]], [[112.6340103149414]], [[112.88744354248047]], [[113.2074966430664]], [[113.65756225585938]], [[114.04632568359375]], [[114.3734130859375]], [[114.69966888427734]], [[115.22980499267578]], [[115.6963882446289]], [[116.1685791015625]], [[116.37220001220703]], [[116.78028869628906]], [[117.19328308105469]], [[117.67919158935547]], [[118.02938842773438]], [[118.38310241699219]], [[0.1057400032877922]], [[6.33055305480957]], [[20.02129364013672]], [[25.807762145996094]], [[34.03668212890625]], [[44.027587890625]], [[49.560279846191406]], [[54.633426666259766]], [[61.69342803955078]], [[65.49210357666016]], [[69.50007629394531]], [[72.4385757446289]], [[75.99966430664062]], [[78.60548400878906]], [[80.87825775146484]], [[83.48384857177734]], [[84.89851379394531]], [[86.18922424316406]], [[87.58894348144531]], [[89.05120086669922]], [[90.18952178955078]], [[91.23418426513672]], [[92.21299743652344]], [[92.67546844482422]], [[93.56741333007812]], [[94.54703521728516]], [[95.35132598876953]], [[96.25262451171875]], [[96.87725067138672]], [[97.72982788085938]], [[98.09229278564453]], [[98.91911315917969]], [[99.73528289794922]], [[100.31404876708984]], [[101.23648834228516]], [[101.6925048828125]], [[102.37908935546875]], [[103.06594848632812]], [[103.86973571777344]], [[104.5606689453125]], [[105.02410125732422]], [[106.18678283691406]], [[106.7747573852539]], [[107.9569320678711]], [[108.07587432861328]], [[108.91326141357422]], [[110.24897003173828]], [[110.61653137207031]], [[111.6025390625]], [[112.34968566894531]], [[112.98009490966797]], [[113.6124496459961]], [[114.6336669921875]], [[0.05844400078058243]], [[5.6896281242370605]], [[8.4817476272583]], [[14.8963623046875]], [[21.972074508666992]], [[26.216419219970703]], [[31.082242965698242]], [[34.17264175415039]], [[40.653968811035156]], [[43.33125305175781]], [[47.69315719604492]], [[50.00951385498047]], [[54.786827087402344]], [[56.23291015625]], [[59.860416412353516]], [[61.91709518432617]], [[64.20856475830078]], [[67.97637939453125]], [[69.82039642333984]], [[71.5425796508789]], [[73.41266632080078]], [[74.18038940429688]], [[75.4014892578125]], [[77.47999572753906]], [[78.78548431396484]], [[80.04173278808594]], [[81.25205993652344]], [[82.42901611328125]], [[83.572998046875]], [[84.8754653930664]], [[85.42430114746094]], [[86.87088775634766]], [[88.11238861083984]], [[88.99302673339844]], [[90.0428695678711]], [[90.91522979736328]], [[91.95556640625]], [[93.17138671875]], [[94.21430206298828]], [[95.25404357910156]], [[96.126708984375]], [[97.35073852539062]], [[99.28961944580078]], [[100.35661315917969]], [[101.42637634277344]], [[102.86514282226562]], [[103.41168975830078]], [[104.5028076171875]], [[105.60502624511719]], [[107.08345794677734]], [[107.64269256591797]], [[108.95584106445312]]]}