{"vc": [[-0.015628071501851082, 0.0, 0.0], [0.0, 0.0, 0.0], [0.030558058992028236, -0.02449139393866062, 0.0244759414345026], [0.16721808910369873, 0.0, 0.0], [0.0, 0.0, 0.0], [0.0, 0.0, 0.0], [0.0, 0.0011280471226200461, 0.0], [0.0, 0.0, 0.0], [0.0, 0.0, 0.0], [0.8639171719551086, 0.0, 0.0]], "true_y1": [[[0.4006600081920624]], [[47.68168258666992]], [[56.78474426269531]], [[84.81897735595703]], [[112.52412414550781]], [[140.42974853515625]], [[149.1132354736328]], [[186.76290893554688]], [[214.7909393310547]], [[252.43759155273438]], [[280.55029296875]], [[299.44610595703125]], [[318.2569274902344]], [[337.1401062011719]], [[384.79638671875]], [[422.9835205078125]], [[461.2777099609375]], [[509.3349304199219]], [[547.7695922851562]], [[635.159423828125]], [[713.5523681640625]], [[772.6787109375]], [[862.5872192382812]], [[903.0340576171875]], [[974.4700317382812]], [[1046.9305419921875]], [[1078.27978515625]], [[1152.5755615234375]], [[1217.3681640625]], [[1272.4068603515625]], [[1362.3299560546875]], [[1408.2459716796875]], [[1490.512451171875]], [[1538.204833984375]], [[1624.4473876953125]], [[1700.9005126953125]], [[1779.6495361328125]], [[1847.3306884765625]], [[1945.595947265625]], [[2063.247314453125]], [[2124.39599609375]], [[1.0533000230789185]], [[20.26776123046875]], [[33.05204772949219]], [[52.38347625732422]], [[71.62800598144531]], [[84.33358001708984]], [[103.75997161865234]], [[129.594482421875]], [[148.8859100341797]], [[175.06568908691406]], [[181.3927764892578]], [[194.51959228515625]], [[233.7869873046875]], [[240.1794891357422]], [[266.3833923339844]], [[279.5014953613281]], [[299.23583984375]], [[325.7107238769531]], [[365.4015808105469]], [[452.10015869140625]], [[478.8284606933594]], [[532.9771728515625]], [[573.7767944335938]], [[615.0755004882812]], [[656.496826171875]], [[691.3925170898438]], [[733.7274169921875]], [[769.3565673828125]], [[819.8400268554688]], [[863.6204833984375]], [[1142.7252197265625]], [[1184.23974609375]], [[1243.7266845703125]], [[1296.2099609375]], [[1340.90380859375]], [[1405.545654296875]], [[1.104699969291687]], [[10.520406723022461]], [[24.798234939575195]], [[43.97179412841797]], [[48.61532211303711]], [[67.73643493652344]], [[77.18323516845703]], [[96.45408630371094]], [[105.93750762939453]], [[115.54148864746094]], [[134.8174591064453]], [[154.16844177246094]], [[163.88787841796875]], [[178.3583221435547]], [[187.99082946777344]], [[207.52084350585938]], [[226.9789581298828]], [[261.13433837890625]], [[270.8927307128906]], [[290.51190185546875]], [[315.1107482910156]], [[364.64898681640625]], [[394.53021240234375]], [[434.59613037109375]], [[454.90374755859375]], [[485.3290710449219]], [[526.1817016601562]], [[552.0731201171875]], [[583.5169677734375]], [[620.39306640625]], [[646.9512329101562]], [[684.7755737304688]], [[706.3939208984375]], [[745.0071411132812]], [[761.7752075195312]], [[818.5526123046875]], [[865.1341552734375]], [[918.9417724609375]], [[949.5413208007812]], [[0.6033599972724915]], [[21.384248733520508]], [[33.773597717285156]], [[50.38154602050781]], [[58.60597229003906]], [[66.87435150146484]], [[83.4410629272461]], [[95.89817810058594]], [[108.34265899658203]], [[120.78543090820312]], [[133.25082397460938]], [[145.72462463378906]], [[154.03558349609375]], [[170.74505615234375]], [[183.21865844726562]], [[204.16360473632812]], [[237.76608276367188]], [[254.609130859375]], [[271.4989013671875]], [[292.64910888671875]], [[322.3299255371094]], [[343.6075744628906]], [[377.97723388671875]], [[403.9388427734375]], [[416.87432861328125]], [[447.3416748046875]], [[473.6612854003906]], [[500.16192626953125]], [[527.0228271484375]], [[549.499267578125]], [[581.2807006835938]], [[613.4204711914062]], [[636.5897216796875]], [[669.716064453125]], [[693.4144287109375]], [[712.7191162109375]], [[746.9950561523438]], [[781.8193359375]], [[812.2243041992188]], [[843.1986694335938]], [[869.4535522460938]], [[896.147705078125]], [[939.818359375]], [[973.519775390625]], [[1007.9607543945312]], [[0.35506001114845276]], [[17.151805877685547]], [[30.60687255859375]], [[54.16644287109375]], [[74.2540283203125]], [[91.23056030273438]], [[111.44757080078125]], [[128.2724609375]], [[155.35317993164062]], [[168.82821655273438]], [[189.2687530517578]], [[213.0633544921875]], [[240.4420166015625]], [[250.683837890625]], [[267.8119812011719]], [[284.9869689941406]], [[316.1401672363281]], [[336.9822692871094]], [[361.4526672363281]], [[375.58465576171875]], [[400.270263671875]], [[425.1928405761719]], [[435.912841796875]], [[464.69580078125]], [[482.9348449707031]], [[504.96270751953125]], [[527.2294311523438]], [[549.6204833984375]], [[572.4221801757812]], [[595.3047485351562]], [[610.7377319335938]], [[642.1862182617188]], [[662.1027221679688]], [[690.3259887695312]], [[702.73193359375]], [[740.1810302734375]], [[761.5241088867188]], [[783.0009765625]], [[800.6328125]], [[850.1243896484375]], [[868.508056640625]], [[892.0301513671875]], [[925.7005615234375]], [[955.363525390625]], [[980.7543334960938]], [[1006.4923706054688]], [[1049.236083984375]], [[1087.8583984375]], [[1127.967529296875]], [[1145.5985107421875]], [[1181.5745849609375]], [[1218.8966064453125]], [[1264.061279296875]], [[1297.504150390625]], [[1332.086669921875]], [[0.1057400032877922]], [[8.824543952941895]], [[28.486007690429688]], [[37.19809341430664]], [[50.280738830566406]], [[67.81025695800781]], [[78.66194152832031]], [[89.62806701660156]], [[107.1504898071289]], [[118.08922576904297]], [[131.2333984375]], [[142.24253845214844]], [[157.66873168945312]], [[170.8641357421875]], [[184.10133361816406]], [[201.8426971435547]], [[212.90789794921875]], [[224.06332397460938]], [[237.4765625]], [[253.15908813476562]], [[266.689697265625]], [[280.21484375]], [[293.9014892578125]], [[300.71832275390625]], [[314.5058288574219]], [[330.61187744140625]], [[344.5666809082031]], [[360.9474182128906]], [[372.7311706542969]], [[389.3396911621094]], [[396.57080078125]], [[413.4120788574219]], [[430.4655456542969]], [[442.78948974609375]], [[462.78436279296875]], [[472.8144836425781]], [[488.0815734863281]], [[503.5399169921875]], [[521.8486938476562]], [[537.7652587890625]], [[548.5303955078125]], [[575.8482666015625]], [[589.8316650390625]], [[618.2966918945312]], [[621.187255859375]], [[641.6800537109375]], [[674.9108276367188]], [[684.1793823242188]], [[709.3258056640625]], [[728.6700439453125]], [[745.1982421875]], [[761.9775390625]], [[789.5240478515625]], [[0.05844400078058243]], [[7.996401786804199]], [[11.962276458740234]], [[21.21894073486328]], [[31.806764602661133]], [[38.438873291015625]], [[46.395904541015625]], [[51.694374084472656]], [[63.60652160644531]], [[68.92018127441406]], [[78.20469665527344]], [[83.51114654541016]], [[95.4813003540039]], [[99.42658233642578]], [[110.12467193603516]], [[116.77867126464844]], [[124.78132629394531]], [[139.52688598632812]], [[147.57737731933594]], [[155.65597534179688]], [[165.09095764160156]], [[169.17474365234375]], [[175.93186950683594]], [[188.19058227539062]], [[196.38279724121094]], [[204.62112426757812]], [[212.8788604736328]], [[221.19789123535156]], [[229.54173278808594]], [[239.3284149169922]], [[243.5372772216797]], [[254.8502197265625]], [[264.78790283203125]], [[271.9498291015625]], [[280.5963134765625]], [[287.8614501953125]], [[296.61016845703125]], [[306.9377136230469]], [[315.8746032714844]], [[324.84808349609375]], [[332.4244079589844]], [[343.1147766113281]], [[360.1896057128906]], [[369.65692138671875]], [[379.19891357421875]], [[392.1132507324219]], [[397.04412841796875]], [[406.9311828613281]], [[416.9799499511719]], [[430.5617370605469]], [[435.73193359375]], [[447.94769287109375]]]}