{"vc": [[0.0011959802359342575, -0.09330332279205322, 0.09305423498153687], [-0.03442497178912163, -2.3044216632843018, 2.304295539855957], [0.003851552726700902, -0.02860875055193901, 0.028473153710365295], [-0.006751758512109518, -0.02517729625105858, 0.025091560557484627], [-0.009477685205638409, 0.008076567202806473, -0.00808494258671999], [-0.022631872445344925, 0.021998200565576553, -0.02203972078859806], [-0.026866359636187553, 0.9651661515235901, -0.9652854800224304], [0.0008727238746359944, 0.0033216956071555614, -0.003386770375072956], [0.005758335348218679, 0.02438947558403015, -0.024406399577856064], [0.001268706750124693, 0.014188985340297222, -0.014154480770230293]], "true_y1": [[[0.4006600081920624]], [[0.43795663118362427]], [[0.44644954800605774]], [[0.4747445285320282]], [[0.5053290128707886]], [[0.538092851638794]], [[0.5485885143280029]], [[0.5951502919197083]], [[0.6303454041481018]], [[0.677355170249939]], [[0.7116881012916565]], [[0.7341800332069397]], [[0.7559916973114014]], [[0.7772240042686462]], [[0.8274193406105042]], [[0.8637533783912659]], [[0.8964943885803223]], [[0.9322994947433472]], [[0.9568228721618652]], [[1.0001544952392578]], [[1.0265241861343384]], [[1.0401889085769653]], [[1.053167700767517]], [[1.0566387176513672]], [[1.0601071119308472]], [[1.061031460762024]], [[1.060834288597107]], [[1.0593299865722656]], [[1.0571701526641846]], [[1.0549362897872925]], [[1.050836205482483]], [[1.0486348867416382]], [[1.0446536540985107]], [[1.0423712730407715]], [[1.0383647680282593]], [[1.0349903106689453]], [[1.0317182540893555]], [[1.0290806293487549]], [[1.025539517402649]], [[1.0217325687408447]], [[1.0199289321899414]], [[1.0533000230789185]], [[1.04686439037323]], [[1.045857548713684]], [[1.0479826927185059]], [[1.0532033443450928]], [[1.057792067527771]], [[1.0658892393112183]], [[1.0775922536849976]], [[1.0863487720489502]], [[1.0975474119186401]], [[1.100074052810669]], [[1.1050450801849365]], [[1.1174495220184326]], [[1.119097113609314]], [[1.1247462034225464]], [[1.1269193887710571]], [[1.129400610923767]], [[1.1313354969024658]], [[1.131585955619812]], [[1.1237375736236572]], [[1.1197065114974976]], [[1.1101012229919434]], [[1.1020444631576538]], [[1.0935202836990356]], [[1.0848379135131836]], [[1.0775542259216309]], [[1.0688775777816772]], [[1.0617823600769043]], [[1.0521395206451416]], [[1.0442184209823608]], [[1.0037668943405151]], [[0.9992097020149231]], [[0.9932065606117249]], [[0.9883867502212524]], [[0.9846057295799255]], [[0.9796170592308044]], [[1.104699969291687]], [[1.0963788032531738]], [[1.0877764225006104]], [[1.0817617177963257]], [[1.0810036659240723]], [[1.0798380374908447]], [[1.0800946950912476]], [[1.0815657377243042]], [[1.082532525062561]], [[1.08355712890625]], [[1.085494041442871]], [[1.0869721174240112]], [[1.0874615907669067]], [[1.0878275632858276]], [[1.0878173112869263]], [[1.0871602296829224]], [[1.085674524307251]], [[1.081230640411377]], [[1.0795798301696777]], [[1.0758204460144043]], [[1.0703949928283691]], [[1.0577220916748047]], [[1.0493676662445068]], [[1.0377801656723022]], [[1.0318559408187866]], [[1.023031234741211]], [[1.0114420652389526]], [[1.0043281316757202]], [[0.9959850907325745]], [[0.9866625070571899]], [[0.9802765250205994]], [[0.9716689586639404]], [[0.9670072793960571]], [[0.9591413140296936]], [[0.955905556678772]], [[0.9457252621650696]], [[0.9382185339927673]], [[0.9304159283638]], [[0.9263612627983093]], [[0.6033599972724915]], [[0.6033974289894104]], [[0.6065270304679871]], [[0.6134601831436157]], [[0.617814302444458]], [[0.6226817965507507]], [[0.6335887312889099]], [[0.6425235867500305]], [[0.651848316192627]], [[0.6613965034484863]], [[0.6710397601127625]], [[0.6806433796882629]], [[0.6869649887084961]], [[0.6993739604949951]], [[0.7082957029342651]], [[0.7224672436714172]], [[0.7427628636360168]], [[0.7517301440238953]], [[0.7599081993103027]], [[0.7690281867980957]], [[0.7798409461975098]], [[0.7862805724143982]], [[0.7946393489837646]], [[0.7994987964630127]], [[0.8015139102935791]], [[0.805334746837616]], [[0.8077371716499329]], [[0.8094630837440491]], [[0.8106288909912109]], [[0.8112332820892334]], [[0.8116241693496704]], [[0.8115871548652649]], [[0.8113535046577454]], [[0.8107929825782776]], [[0.8102683424949646]], [[0.8097839951515198]], [[0.8088329434394836]], [[0.8077890872955322]], [[0.8068439960479736]], [[0.8058699369430542]], [[0.805046796798706]], [[0.8042200207710266]], [[0.802903413772583]], [[0.8019267320632935]], [[0.8009694218635559]], [[0.35506001114845276]], [[0.35935211181640625]], [[0.36539098620414734]], [[0.38031357526779175]], [[0.3963032364845276]], [[0.41144129633903503]], [[0.4307267665863037]], [[0.44736504554748535]], [[0.47441983222961426]], [[0.48772406578063965]], [[0.5074021816253662]], [[0.529222846031189]], [[0.5525146722793579]], [[0.5606732964515686]], [[0.5736111998558044]], [[0.5856856107711792]], [[0.6053137183189392]], [[0.6168708205223083]], [[0.6289346218109131]], [[0.6352100968360901]], [[0.6450560688972473]], [[0.6536878943443298]], [[0.657034158706665]], [[0.665043294429779]], [[0.6694560050964355]], [[0.6741843819618225]], [[0.6783725619316101]], [[0.6820594072341919]], [[0.6853426694869995]], [[0.6882222890853882]], [[0.6899577379226685]], [[0.6930485367774963]], [[0.6947371959686279]], [[0.6968282461166382]], [[0.6976487636566162]], [[0.6998145580291748]], [[0.7008683085441589]], [[0.7018164396286011]], [[0.7025203704833984]], [[0.7041944265365601]], [[0.7047203183174133]], [[0.7053297162055969]], [[0.7060942649841309]], [[0.7066781520843506]], [[0.7071210145950317]], [[0.7075234651565552]], [[0.7081036567687988]], [[0.7085485458374023]], [[0.7089449763298035]], [[0.7091010808944702]], [[0.7093897461891174]], [[0.7096521854400635]], [[0.7099270820617676]], [[0.7101050615310669]], [[0.7102694511413574]], [[0.1057400032877922]], [[0.10957902669906616]], [[0.1206827163696289]], [[0.12657524645328522]], [[0.13641102612018585]], [[0.15122076869010925]], [[0.16119195520877838]], [[0.17179717123508453]], [[0.1896534413099289]], [[0.2012508064508438]], [[0.21552178263664246]], [[0.22767293453216553]], [[0.24486558139324188]], [[0.2596058249473572]], [[0.27431520819664]], [[0.2937456965446472]], [[0.305620402097702]], [[0.3173512816429138]], [[0.3310855031013489]], [[0.3465639054775238]], [[0.3593691885471344]], [[0.37162888050079346]], [[0.3834646940231323]], [[0.3891419470310211]], [[0.4001789689064026]], [[0.4123193323612213]], [[0.4221919775009155]], [[0.43303608894348145]], [[0.44035598635673523]], [[0.4500187337398529]], [[0.45399588346481323]], [[0.4627445340156555]], [[0.47090962529182434]], [[0.4764035642147064]], [[0.4846438467502594]], [[0.4884841740131378]], [[0.49398061633110046]], [[0.4991452097892761]], [[0.5047829151153564]], [[0.5092970132827759]], [[0.5121618509292603]], [[0.5188122391700745]], [[0.5219032764434814]], [[0.5276174545288086]], [[0.5281577706336975]], [[0.5317957997322083]], [[0.5370455384254456]], [[0.5383815169334412]], [[0.5417556166648865]], [[0.5441238284111023]], [[0.5460060238838196]], [[0.5477948784828186]], [[0.5504903197288513]], [[0.05844400078058243]], [[0.06063494831323624]], [[0.06196513772010803]], [[0.06564237922430038]], [[0.0707625076174736]], [[0.07442749291658401]], [[0.07925430685281754]], [[0.08271197974681854]], [[0.09113793820142746]], [[0.09516484290361404]], [[0.1025591492652893]], [[0.10697324573993683]], [[0.11737395823001862]], [[0.12092253565788269]], [[0.13080210983753204]], [[0.1371111422777176]], [[0.14483530819416046]], [[0.1593596339225769]], [[0.1673945039510727]], [[0.17549479007720947]], [[0.18496541678905487]], [[0.1890580803155899]], [[0.19580939412117004]], [[0.2079523801803589]], [[0.2159603238105774]], [[0.22390277683734894]], [[0.23173406720161438]], [[0.23947525024414062]], [[0.24707528948783875]], [[0.2557629644870758]], [[0.2594199478626251]], [[0.2690022587776184]], [[0.2771121561527252]], [[0.28277361392974854]], 