{"vc": [[-0.14871594309806824, 0.0, 0.0], [0.0, -0.2940462827682495, 0.29366379976272583], [-0.07540429383516312, 0.2836052477359772, -0.2835386097431183], [-0.2976618707180023, 0.0, 0.0], [0.0, 0.0, 0.0], [0.0, 0.0, 0.0], [0.0, 0.06891035288572311, -0.06938151270151138], [0.0, 0.0, 0.0], [0.0, 0.0, 0.0], [0.17424318194389343, 0.0, 0.0]], "true_y1": [[[0.4006600081920624]], [[8.75732135772705]], [[10.262810707092285]], [[14.56950569152832]], [[18.258102416992188]], [[21.363924026489258]], [[22.207813262939453]], [[25.247676849365234]], [[26.936559677124023]], [[28.593358993530273]], [[29.474275588989258]], [[29.932994842529297]], [[30.302715301513672]], [[30.600845336914062]], [[31.10427474975586]], [[31.323192596435547]], [[31.432661056518555]], [[31.464799880981445]], [[31.433305740356445]], [[31.24777603149414]], [[31.005050659179688]], [[30.796539306640625]], [[30.456584930419922]], [[30.298355102539062]], [[30.014623641967773]], [[29.72416877746582]], [[29.59831428527832]], [[29.30070686340332]], [[29.042863845825195]], [[28.825698852539062]], [[28.4755859375]], [[28.299415588378906]], [[27.98872184753418]], [[27.81171989440918]], [[27.497840881347656]], [[27.226572036743164]], [[26.954280853271484]], [[26.726167678833008]], [[26.40483856201172]], [[26.035560607910156]], [[25.850250244140625]], [[1.0533000230789185]], [[4.409388542175293]], [[6.560657501220703]], [[9.624015808105469]], [[12.388481140136719]], [[14.037270545959473]], [[16.2744197845459]], [[18.727439880371094]], [[20.199642181396484]], [[21.771085739135742]], [[22.086271286010742]], [[22.669858932495117]], [[23.9429931640625]], [[24.095245361328125]], [[24.594816207885742]], [[24.781192779541016]], [[24.997318267822266]], [[25.189918518066406]], [[25.326419830322266]], [[25.253616333007812]], [[25.172353744506836]], [[24.961090087890625]], [[24.774307250976562]], [[24.56985092163086]], [[24.354393005371094]], [[24.167434692382812]], [[23.936243057250977]], [[23.739316940307617]], [[23.45840072631836]], [[23.21428108215332]], [[21.694807052612305]], [[21.478618621826172]], [[21.174503326416016]], [[20.912067413330078]], [[20.693126678466797]], [[20.384122848510742]], [[1.104699969291687]], [[2.7187752723693848]], [[5.094882965087891]], [[8.078471183776855]], [[8.756318092346191]], [[11.335306167602539]], [[12.476088523864746]], [[14.523433685302734]], [[15.396170616149902]], [[16.193796157836914]], [[17.551992416381836]], [[18.62665367126465]], [[19.071880340576172]], [[19.63348960876465]], [[19.947832107543945]], [[20.461212158203125]], [[20.836044311523438]], [[21.2479190826416]], [[21.321426391601562]], [[21.423858642578125]], [[21.483732223510742]], [[21.44533920288086]], [[21.354557037353516]], [[21.18311882019043]], [[21.080846786499023]], [[20.913860321044922]], [[20.670976638793945]], [[20.50930404663086]], [[20.307397842407227]], [[20.065261840820312]], [[19.88854217529297]], [[19.634933471679688]], [[19.489482879638672]], [[19.229629516601562]], [[19.11698341369629]], [[18.73763656616211]], [[18.429996490478516]], [[18.080074310302734]], [[17.884138107299805]], [[0.6033599972724915]], [[4.094578742980957]], [[6.074533462524414]], [[8.54528522491455]], [[9.67613697052002]], [[10.745182037353516]], [[12.673827171325684]], [[13.935543060302734]], [[15.03974723815918]], [[15.996990203857422]], [[16.82070541381836]], [[17.522747039794922]], [[17.929370880126953]], [[18.61691665649414]], [[19.031675338745117]], [[19.572586059570312]], [[20.13031578063965]], [[20.304119110107422]], [[20.42574691772461]], [[20.51938247680664]], [[20.568193435668945]], [[20.559391021728516]], [[20.490678787231445]], [[20.406476974487305]], [[20.356754302978516]], [[20.223896026611328]], [[20.095308303833008]], [[19.956270217895508]], [[19.8079776763916]], [[19.679553985595703]], [[19.492956161499023]], [[19.299972534179688]], [[19.159013748168945]], [[18.95575714111328]], [[18.80961036682129]], [[18.690351486206055]], [[18.478609085083008]], [[18.26406478881836]], [[18.077686309814453]], [[17.889070510864258]], [[17.73040199279785]], [[17.570383071899414]], [[17.31180191040039]], [[17.11525535583496]], [[16.91733169555664]], [[0.35506001114845276]], [[3.138754367828369]], [[5.2751569747924805]], [[8.670883178710938]], [[11.122636795043945]], [[12.849940299987793]], [[14.51237678527832]], [[15.6032075881958]], [[16.898740768432617]], [[17.372285842895508]], [[17.92214012145996]], [[18.3634033203125]], [[18.679746627807617]], [[18.758621215820312]], [[18.853328704833984]], [[18.91007423400879]], [[18.939823150634766]], [[18.920745849609375]], [[18.86957359313965]], [[18.82895278930664]], [[18.742902755737305]], [[18.64079475402832]], [[18.59314727783203]], [[18.456497192382812]], [[18.364591598510742]], [[18.24934959411621]], [[18.129121780395508]], [[18.00528907775879]], [[17.876882553100586]], [[17.74628257751465]], [[17.657468795776367]], [[17.47525978088379]], [[17.359344482421875]], [[17.1948299407959]], [[17.122526168823242]], [[16.904741287231445]], [[16.781164169311523]], [[16.657371520996094]], [[16.55624008178711]], [[16.27525520324707]], [[16.172117233276367]], [[16.041234970092773]], [[15.856147766113281]], [[15.695441246032715]], [[15.559720993041992]], [[15.423941612243652]], [[15.20258617401123]], [[15.007143020629883]], [[14.808873176574707]], [[14.723251342773438]], [[14.55146312713623]], [[14.377405166625977]], [[14.172428131103516]], [[14.02462100982666]], [[13.875299453735352]], [[0.1057400032877922]], [[1.4917241334915161]], [[4.504763603210449]], [[5.751030921936035]], [[7.481098651885986]], [[9.49416732788086]], [[10.557201385498047]], [[11.49303913116455]], [[12.722609519958496]], [[13.343182563781738]], [[13.961204528808594]], [[14.386674880981445]], [[14.865350723266602]], [[15.18529224395752]], [[15.439322471618652]], [[15.696152687072754]], [[15.817438125610352]], [[15.915205955505371]], [[16.005659103393555]], [[16.080841064453125]], [[16.124345779418945]], [[16.15184211730957]], [[16.166318893432617]], [[16.169279098510742]], [[16.167919158935547]], [[16.155811309814453]], [[16.13782501220703]], [[16.109508514404297]], [[16.085153579711914]], [[16.046178817749023]], [[16.02775764465332]], [[15.981996536254883]], [[15.932247161865234]], [[15.894553184509277]], [[15.830900192260742]], [[15.79801082611084]], [[15.746954917907715]], [[15.694257736206055]], [[15.630830764770508]], [[15.575016975402832]], [[15.53700065612793]], [[15.439886093139648]], [[15.389962196350098]], [[15.288227081298828]], [[15.277901649475098]], [[15.20479965209961]], [[15.086875915527344]], [[15.05417251586914]], [[14.965956687927246]], [[14.898669242858887]], [[14.8416166305542]], [[14.784141540527344]], [[14.690818786621094]], [[0.05844400078058243]], [[1.221580147743225]], [[1.7963570356369019]], [[3.1076340675354004]], [[4.531279563903809]], [[5.369359493255615]], [[6.311636924743652]], [[6.8981499671936035]], [[8.092758178710938]], [[8.570302963256836]], [[9.325509071350098]], [[9.713933944702148]], [[10.483975410461426]], [[10.708052635192871]], [[11.249656677246094]], [[11.542625427246094]], [[11.855871200561523]], [[12.33776569366455]], [[12.557175636291504]], [[12.751559257507324]], [[12.950546264648438]], [[13.028473854064941]], [[13.14781379699707]], [[13.337794303894043]], [[13.448650360107422]], [[13.549264907836914]], [[13.640746116638184]], [[13.724787712097168]], [[13.802082061767578]], [[13.885181427001953]], [[13.918743133544922]], [[14.003429412841797]], [[14.072172164916992]], [[14.11899185180664]], [[14.172950744628906]], [[14.216426849365234]], [[14.266867637634277]], [[14.324161529541016]], [[14.372121810913086]], [[14.419042587280273]], [[14.457857131958008]], [[14.511606216430664]], [[14.595563888549805]], [[14.641372680664062]], [[14.687150001525879]], [[14.74863052368164]], [[14.771993637084961]], [[14.818697929382324]], [[14.86601448059082]], [[14.929794311523438]], [[14.954034805297852]], [[15.011244773864746]]]}