{"vc": [[-0.07221405953168869, 0.0, 0.0], [0.0, -0.05501314252614975, 0.055236417800188065], [-0.012646281160414219, 0.3099382817745209, -0.3097083568572998], [-0.011932531371712685, 0.0, 0.0], [0.0, 0.0, 0.0], [0.0, 0.0, 0.0], [0.0, 0.013245753943920135, -0.013241812586784363], [0.0, 0.0, 0.0], [0.0, 0.0, 0.0], [0.6088529825210571, 0.0, 0.0]], "true_y1": [[[0.4006600081920624]], [[32.74806594848633]], [[38.70162582397461]], [[56.12138366699219]], [[71.69049835205078]], [[85.49110412597656]], [[89.38687133789062]], [[104.13291931152344]], [[112.99053192138672]], [[122.4222412109375]], [[127.91612243652344]], [[130.98941040039062]], [[133.62571716308594]], [[135.9032745361328]], [[140.32957458496094]], [[142.84214782714844]], [[144.70762634277344]], [[146.393310546875]], [[147.3712158203125]], [[148.82762145996094]], [[149.6011962890625]], [[149.9991912841797]], [[150.4268035888672]], [[150.57383728027344]], [[150.78892517089844]], [[150.96653747558594]], [[151.03433227539062]], [[151.1790771484375]], [[151.29144287109375]], [[151.37937927246094]], [[151.51193237304688]], [[151.57542419433594]], [[151.68359375]], [[151.74351501464844]], [[151.84747314453125]], [[151.9354705810547]], [[152.02249145507812]], [[152.09458923339844]], [[152.19515991210938]], [[152.3096160888672]], [[152.36668395996094]], [[1.0533000230789185]], [[14.300857543945312]], [[22.908241271972656]], [[35.41318130493164]], [[47.05574035644531]], [[54.219505310058594]], [[64.28814697265625]], [[75.95266723632812]], [[83.39313507080078]], [[91.87030029296875]], [[93.66038513183594]], [[97.0797119140625]], [[105.2244873046875]], [[106.2951431274414]], [[110.07115173339844]], [[111.63750457763672]], [[113.65377807617188]], [[115.82515716552734]], [[118.20854949951172]], [[121.16415405273438]], [[121.70098114013672]], [[122.47992706298828]], [[122.88013458251953]], [[123.17803192138672]], [[123.4014892578125]], [[123.54784393310547]], [[123.68811798095703]], [[123.7825698852539]], [[123.8895492553711]], [[123.96357727050781]], [[124.2344741821289]], [[124.26139831542969]], [[124.29631805419922]], [[124.32425689697266]], [[124.34632873535156]], [[124.3759536743164]], [[1.104699969291687]], [[7.6033525466918945]], [[17.274707794189453]], [[29.695220947265625]], [[32.57571792602539]], [[43.803653717041016]], [[48.938255310058594]], [[58.5001220703125]], [[62.74666976928711]], [[66.740478515625]], [[73.85469818115234]], [[79.86515808105469]], [[82.49370574951172]], [[85.96990203857422]], [[88.01835632324219]], [[91.59603118896484]], [[94.49968719482422]], [[98.3404769897461]], [[99.20247650146484]], [[100.68453979492188]], [[102.153564453125]], [[104.17687225341797]], [[104.9867935180664]], [[105.76260375976562]], [[106.05831146240234]], [[106.41262817382812]], [[106.76558685302734]], [[106.9366683959961]], [[107.1045150756836]], [[107.25958251953125]], [[107.3502197265625]], [[107.45654296875]], [[107.5078353881836]], [[107.5862045288086]], [[107.61589813232422]], [[107.7015380859375]], [[107.75874328613281]], [[107.814453125]], [[107.84235382080078]], [[0.6033599972724915]], [[14.836397171020508]], [[23.04021453857422]], [[33.50375747680664]], [[38.406402587890625]], [[43.124473571777344]], [[51.892051696777344]], [[57.854183197021484]], [[63.26329803466797]], [[68.13581848144531]], [[72.50254821777344]], [[76.3878173828125]], [[78.7254638671875]], [[82.8709487915039]], [[85.52999877929688]], [[89.2755126953125]], [[93.7738037109375]], [[95.48650360107422]], [[96.92253875732422]], [[98.39864349365234]], [[100.00404357910156]], [[100.90177917480469]], [[102.03005981445312]], [[102.68858337402344]], [[102.96953582763672]], [[103.53474426269531]], [[103.93738555908203]], [[104.28253936767578]], [[104.58492279052734]], [[104.80912780761719]], [[105.0911636352539]], [[105.34398651123047]], [[105.51046752929688]], [[105.73037719726562]], [[105.87704467773438]], [[105.9910659790039]], [[106.18341064453125]], [[106.36787414550781]], [[106.52152252197266]], [[106.67208099365234]], [[106.79560089111328]], [[106.91778564453125]], [[107.1111068725586]], [[107.25532531738281]], [[107.39866638183594]], [[0.35506001114845276]], [[11.876346588134766]], [[20.835927963256836]], [[35.48243713378906]], [[46.56193542480469]], [[54.7628173828125]], [[63.11247253417969]], [[68.94513702392578]], [[76.45304870605469]], [[79.44770050048828]], [[83.21752166748047]], [[86.65106964111328]], [[89.63642120361328]], [[90.54666900634766]], [[91.86898803710938]], [[92.98590087890625]], [[94.60343170166016]], [[95.46435546875]], [[96.30953216552734]], [[96.73338317871094]], [[97.3854751586914]], [[97.95406341552734]], [[98.17648315429688]], [[98.72128295898438]], [[99.03412628173828]], [[99.38544464111328]], [[99.71649932861328]], [[100.02960205078125]], [[100.331787109375]], [[100.62114715576172]], [[100.80965423583984]], [[101.17991638183594]], [[101.40620422363281]], [[101.71773529052734]], [[101.85166931152344]], [[102.24627685546875]], [[102.46533203125]], [[102.68192291259766]], [[102.85704040527344]], [[103.33660888671875]], [[103.51051330566406]], [[103.7298583984375]], [[104.03784942626953]], [[104.30350494384766]], [[104.52677917480469]], [[104.7492904663086]], [[105.11048126220703]], [[105.42804718017578]], [[105.74915313720703]], [[105.8875503540039]], [[106.164794921875]], [[106.44522094726562]], [[106.77497863769531]], [[107.01253509521484]], [[107.25239562988281]], [[0.1057400032877922]], [[6.0903520584106445]], [[19.23415756225586]], [[24.77394676208496]], [[32.626678466796875]], [[42.10569763183594]], [[47.320655822753906]], [[52.07554244995117]], [[58.640289306640625]], [[62.14206314086914]], [[65.80889892578125]], [[68.47614288330078]], [[71.68028259277344]], [[74.00202941894531]], [[76.00859832763672]], [[78.28445434570312]], [[79.50757598876953]], [[80.61494445800781]], [[81.80577087402344]], [[83.0377197265625]], [[83.98762512207031]], [[84.85202026367188]], [[85.65538787841797]], [[86.03274536132812]], [[86.75654602050781]], [[87.54554748535156]], [[88.18885803222656]], [[88.90523529052734]], [[89.39908599853516]], [[90.06998443603516]], [[90.35418701171875]], [[91.0003890991211]], [[91.63571166992188]], [[92.08487701416016]], [[92.79876708984375]], [[93.15088653564453]], [[93.6801986694336]], [[94.2088394165039]], [[94.82654571533203]], [[95.35686492919922]], [[95.71229553222656]], [[96.60324096679688]], [[97.0534896850586]], [[97.95834350585938]], [[98.04936218261719]], [[98.69012451171875]], [[99.71217346191406]], [[99.99345397949219]], [[100.7481460571289]], [[101.32019805908203]], [[101.80301666259766]], [[102.28749084472656]], [[103.07026672363281]], [[0.05844400078058243]], [[5.467441082000732]], [[8.147918701171875]], [[14.298398971557617]], [[21.06298828125]], [[25.1064453125]], [[29.724882125854492]], [[32.646915435791016]], [[38.74097442626953]], [[41.24266052246094]], [[45.29566192626953]], [[47.43522262573242]], [[51.816219329833984]], [[53.13310623168945]], [[56.41553497314453]], [[58.262176513671875]], [[60.30630874633789]], [[63.63434600830078]], [[65.24703216552734]], [[66.74304962158203]], [[68.35613250732422]], [[69.01483917236328]], [[70.05830383300781]], [[71.8224868774414]], [[72.92295837402344]], [[73.97654724121094]], [[74.98683166503906]], [[75.96495819091797]], [[76.91188049316406]], [[77.98575592041016]], [[78.43701934814453]], [[79.62320709228516]], [[80.63789367675781]], [[81.35601043701172]], [[82.2105712890625]], [[82.9195556640625]], [[83.76393127441406]], [[84.74947357177734]], [[85.59400177001953]], [[86.43535614013672]], [[87.14118194580078]], [[88.13086700439453]], [[89.69825744628906]], [[90.5609130859375]], [[91.426025390625]], [[92.5900650024414]], [[93.0324478149414]], [[93.91598510742188]], [[94.80908966064453]], [[96.00806427001953]], [[96.46192169189453]], [[97.52839660644531]]]}