{"vc": [[0.054585449397563934, 0.0, 0.0], [0.0, 0.0, 0.0], [0.062153421342372894, -0.05210646986961365, 0.05195671319961548], [0.32336562871932983, 0.0, 0.0], [0.0, 0.0, 0.0], [0.0, 0.0, 0.0], [0.0, 0.0008788097184151411, 0.0], [0.0, 0.0, 0.0], [0.0, 0.0, 0.0], [1.0232799053192139, 0.0, 0.0]], "true_y1": [[[0.4006600081920624]], [[56.77006912231445]], [[67.62503814697266]], [[101.05921936035156]], [[134.10861206054688]], [[167.4060821533203]], [[177.76942443847656]], [[222.71566772460938]], [[256.1915588378906]], [[301.1817626953125]], [[334.8014831542969]], [[357.41168212890625]], [[379.93170166015625]], [[402.5509948730469]], [[459.7005615234375]], [[505.5721740722656]], [[551.6542358398438]], [[609.6204833984375]], [[656.1057739257812]], [[762.301513671875]], [[858.2860717773438]], [[931.2284545898438]], [[1043.2218017578125]], [[1094.0869140625]], [[1184.7559814453125]], [[1277.93505859375]], [[1318.6627197265625]], [[1416.2783203125]], [[1502.76611328125]], [[1577.3140869140625]], [[1701.4293212890625]], [[1765.992431640625]], [[1883.82763671875]], [[1953.479736328125]], [[2082.085693359375]], [[2199.11181640625]], [[2322.7939453125]], [[2431.76806640625]], [[2594.6103515625]], [[2797.16845703125]], [[2905.8701171875]], [[1.0533000230789185]], [[23.99837875366211]], [[39.27219772338867]], [[62.37944030761719]], [[85.39664459228516]], [[100.60079193115234]], [[123.85983276367188]], [[154.81570434570312]], [[177.9508056640625]], [[209.3753662109375]], [[216.97528076171875]], [[232.74972534179688]], [[279.9971008300781]], [[287.6978759765625]], [[319.2939453125]], [[335.1302795410156]], [[358.9794006347656]], [[391.0264892578125]], [[439.1953125]], [[545.0363159179688]], [[577.8707275390625]], [[644.7416381835938]], [[695.4774780273438]], [[747.1810302734375]], [[799.4279174804688]], [[843.7765502929688]], [[898.0264892578125]], [[944.0948486328125]], [[1010.071533203125]], [[1068.0106201171875]], [[1456.740966796875]], [[1517.94140625]], [[1607.39990234375]], [[1688.141357421875]], [[1758.3079833984375]], [[1862.1929931640625]], [[1.104699969291687]], [[12.363314628601074]], [[29.445735931396484]], [[52.40468215942383]], [[57.968299865722656]], [[80.89210510253906]], [[92.22607421875]], [[115.36453247070312]], [[126.7603530883789]], [[138.307373046875]], [[161.5032196044922]], [[184.81768798828125]], [[196.53921508789062]], [[214.00521850585938]], [[225.64202880859375]], [[249.26246643066406]], [[272.83380126953125]], [[314.31005859375]], [[326.1857604980469]], [[350.09930419921875]], [[380.15863037109375]], [[440.9834289550781]], [[477.8857421875]], [[527.6551513671875]], [[553.0209350585938]], [[591.2183837890625]], [[642.9080200195312]], [[675.9288940429688]], [[716.3287963867188]], [[764.1590576171875]], [[798.931884765625]], [[848.9637451171875]], [[877.844482421875]], [[929.9810180664062]], [[952.853271484375]], [[1031.41455078125]], [[1097.2445068359375]], [[1174.9632568359375]], [[1220.0146484375]], [[0.6033599972724915]], [[25.469532012939453]], [[40.30287170410156]], [[60.19709014892578]], [[70.05332946777344]], [[79.96529388427734]], [[99.83475494384766]], [[114.78423309326172]], [[129.72671508789062]], [[144.67581176757812]], [[159.66139221191406]], [[174.6670684814453]], [[184.6708526611328]], [[204.7991485595703]], [[219.83926391601562]], [[245.12411499023438]], [[285.779541015625]], [[306.2055358886719]], [[326.72418212890625]], [[352.4744873046875]], [[388.7278137207031]], [[414.81134033203125]], [[457.13232421875]], [[489.2730407714844]], [[505.3484802246094]], [[543.3868408203125]], [[576.462158203125]], [[609.986572265625]], [[644.2136840820312]], [[673.0601806640625]], [[714.1951904296875]], [[756.2396850585938]], [[786.8482666015625]], [[831.0779418945312]], [[863.077392578125]], [[889.376953125]], [[936.614501953125]], [[985.3588256835938]], [[1028.5738525390625]], [[1073.261962890625]], [[1111.6900634765625]], [[1151.2991943359375]], [[1217.32177734375]], [[1269.3583984375]], [[1323.5595703125]], [[0.35506001114845276]], [[20.472633361816406]], [[36.5946044921875]], [[64.83918762207031]], [[88.93832397460938]], [[109.31897735595703]], [[133.6089630126953]], [[153.84164428710938]], [[186.44857788085938]], [[202.69537353515625]], [[227.37289428710938]], [[256.1565246582031]], [[289.3648376464844]], [[301.8154296875]], [[322.6755676269531]], [[343.64508056640625]], [[381.8321838378906]], [[407.5029296875]], [[437.7850036621094]], [[455.3501281738281]], [[486.1806640625]], [[517.515625]], [[531.0634765625]], [[567.6636352539062]], [[591.0374755859375]], [[619.4690551757812]], [[648.4491577148438]], [[677.8511962890625]], [[708.0780029296875]], [[738.7196655273438]], [[759.5689086914062]], [[802.537109375]], [[830.1012573242188]], [[869.6566772460938]], [[887.2349853515625]], [[941.04150390625]], [[972.2286376953125]], [[1004.0111694335938]], [[1030.413330078125]], [[1106.0819091796875]], [[1134.798828125]], [[1172.0439453125]], [[1226.3692626953125]], [[1275.2493896484375]], [[1317.87451171875]], [[1361.8427734375]], [[1436.606201171875]], [[1506.0977783203125]], [[1580.2818603515625]], [[1613.5594482421875]], [[1682.76025390625]], [[1756.4344482421875]], [[1848.2325439453125]], [[1918.1220703125]], [[1992.1529541015625]], [[0.1057400032877922]], [[10.574376106262207]], [[34.18735885620117]], [[44.65315628051758]], [[60.37316131591797]], [[81.44550323486328]], [[94.49686431884766]], [[107.69204711914062]], [[128.79202270507812]], [[141.9759979248047]], [[157.8326416015625]], [[171.12777709960938]], [[189.78240966796875]], [[205.76641845703125]], [[221.82992553710938]], [[243.41140747070312]], [[256.9058532714844]], [[270.5400390625]], [[286.97705078125]], [[306.26123046875]], [[322.9626770019531]], [[339.72186279296875]], [[356.7525329589844]], [[365.2635803222656]], [[382.5398254394531]], [[402.8337707519531]], [[420.52276611328125]], [[441.4217224121094]], [[456.5518493652344]], [[478.0226135253906]], [[487.4266357421875]], [[509.467529296875]], [[531.9946899414062]], [[548.412353515625]], [[575.3096923828125]], [[588.929443359375]], [[609.8311767578125]], [[631.2131958007812]], [[656.8355102539062]], [[679.3839721679688]], [[694.7845458984375]], [[734.4320068359375]], [[755.0536499023438]], [[797.7499389648438]], [[802.14111328125]], [[833.5761108398438]], [[885.7184448242188]], [[900.5286254882812]], [[941.3177490234375]], [[973.3161010742188]], [[1001.0963745117188]], [[1029.7235107421875]], [[1077.673095703125]], [[0.05844400078058243]], [[9.628252029418945]], [[14.409952163696289]], [[25.57236099243164]], [[38.34309768676758]], [[46.344642639160156]], [[55.947296142578125]], [[62.34341812133789]], [[76.72998046875]], [[83.15092468261719]], [[94.37651062011719]], [[100.79647827148438]], [[115.29150390625]], [[120.07345581054688]], [[133.0532684326172]], [[141.13717651367188]], [[150.87188720703125]], [[168.849365234375]], [[178.6896209716797]], [[188.5845184326172]], [[200.16912841796875]], [[205.19357299804688]], [[213.52171325683594]], [[228.6805419921875]], [[238.84996032714844]], [[249.1110382080078]], [[259.43341064453125]], [[269.87255859375]], [[280.3860168457031]], [[292.7762756347656]], [[298.1253967285156]], [[312.56805419921875]], [[325.33740234375]], [[334.5907287597656]], [[345.82159423828125]], [[355.3107604980469]], [[366.80419921875]], [[380.46978759765625]], [[392.3848876953125]], [[404.436279296875]], [[414.6822509765625]], [[429.2545166015625]], [[452.8226318359375]], [[466.0532531738281]], [[479.5112609863281]], [[497.9297790527344]], [[505.0260925292969]], [[519.3646850585938]], [[534.0914916992188]], [[554.2504272460938]], [[562.0032958984375]], [[580.4990844726562]]]}