{"vc": [[-0.09245339035987854, 0.0, 0.0], [0.0, -0.7734413146972656, 0.7733249068260193], [-0.026933539658784866, 0.07048212736845016, -0.07111512124538422], [-0.2970595955848694, 0.0, 0.0], [0.0, 0.0, 0.0], [0.0, 0.0, 0.0], [0.0, 0.32190948724746704, -0.3232046067714691], [0.0, 0.0, 0.0], [0.0, 0.0, 0.0], [0.05998886749148369, 0.0, 0.0]], "true_y1": [[[0.4006600081920624]], [[2.6860315799713135]], [[3.076087474822998]], [[4.136253356933594]], [[4.962564468383789]], [[5.583714962005615]], [[5.738348960876465]], [[6.233179092407227]], [[6.454411506652832]], [[6.615221977233887]], [[6.6649489402771]], [[6.674776554107666]], [[6.670405864715576]], [[6.654935836791992]], [[6.581769943237305]], [[6.5009870529174805]], [[6.408973217010498]], [[6.284978866577148]], [[6.182291507720947]], [[5.944940567016602]], [[5.732249736785889]], [[5.573417663574219]], [[5.335430145263672]], [[5.2299113273620605]], [[5.046060562133789]], [[4.863025665283203]], [[4.7849650382995605]], [[4.602806091308594]], [[4.447336196899414]], [[4.317852973937988]], [[4.111606121063232]], [[4.008909702301025]], [[3.8294615745544434]], [[3.7281529903411865]], [[3.550114393234253]], [[3.397895336151123]], [[3.24664568901062]], [[3.121140956878662]], [[2.946251153945923]], [[2.7480998039245605]], [[2.6498494148254395]], [[1.0533000230789185]], [[1.9233125448226929]], [[2.4523191452026367]], [[3.1580238342285156]], [[3.7386088371276855]], [[4.055652141571045]], [[4.445826530456543]], [[4.811219215393066]], [[4.991457939147949]], [[5.140168190002441]], [[5.16289758682251]], [[5.196777820587158]], [[5.21653413772583]], [[5.211095333099365]], [[5.171309471130371]], [[5.143033504486084]], [[5.092812538146973]], [[5.014824390411377]], [[4.8835248947143555]], [[4.570803642272949]], [[4.471988677978516]], [[4.271883487701416]], [[4.122194766998291]], [[3.9721951484680176]], [[3.823582887649536]], [[3.6999523639678955]], [[3.5520219802856445]], [[3.429356098175049]], [[3.258552074432373]], [[3.1133978366851807]], [[2.2598226070404053]], [[2.144318103790283]], [[1.9843209981918335]], [[1.848647952079773]], [[1.737225890159607]], [[1.582846999168396]], [[1.104699969291687]], [[1.5027365684509277]], [[2.059964656829834]], [[2.702025890350342]], [[2.837745189666748]], [[3.3151614665985107]], [[3.504689931869507]], [[3.806180477142334]], [[3.917393445968628]], [[4.008415222167969]], [[4.135335445404053]], [[4.202826499938965]], [[4.218976020812988]], [[4.225549221038818]], [[4.220275402069092]], [[4.190964698791504]], [[4.142856597900391]], [[4.028284072875977]], [[3.9907286167144775]], [[3.9108622074127197]], [[3.804835319519043]], [[3.5805399417877197]], [[3.442232370376587]], [[3.2562522888183594]], [[3.162322759628296]], [[3.0224804878234863]], [[2.836947441101074]], [[2.720942258834839]], [[2.581907033920288]], [[2.4216413497924805]], [[2.3082046508789062]], [[2.149688720703125]], [[2.0607666969299316]], [[1.905120611190796]], [[1.8388450145721436]], [[1.6206380128860474]], [[1.4491312503814697]], [[1.25998055934906]], [[1.1569095849990845]], [[0.6033599972724915]], [[1.4267733097076416]], [[1.8663382530212402]], [[2.3780174255371094]], [[2.5960702896118164]], [[2.7915139198303223]], [[3.114088535308838]], [[3.3006608486175537]], [[3.444706678390503]], [[3.5519464015960693]], [[3.627929925918579]], [[3.677504539489746]], [[3.698091506958008]], [[3.7146975994110107]], [[3.709460735321045]], [[3.675009250640869]], [[3.5735740661621094]], [[3.5087246894836426]], [[3.4375228881835938]], [[3.3421669006347656]], [[3.200831890106201]], [[3.096263885498047]], [[2.924537420272827]], [[2.793964385986328]], [[2.728919744491577]], [[2.5762453079223633]], [[2.44535493850708]], [[2.3148391246795654]], [[2.184103012084961]], [[2.0760562419891357]], [[1.925584077835083]], [[1.7763915061950684]], [[1.6708300113677979]], [[1.5229862928390503]], [[1.4195665121078491]], [[1.3368371725082397]], [[1.193462610244751]], [[1.0526379346847534]], [[0.9339040517807007]], [[0.8172081708908081]], [[0.7218210697174072]], [[0.6283056735992432]], [[0.483240008354187]], [[0.3783748149871826]], [[0.2779455780982971]], [[0.35506001114845276]], [[0.9814337491989136]], [[1.4398229122161865]], [[2.108220100402832]], [[2.527407169342041]], [[2.7788338661193848]], [[2.973515510559082]], [[3.065523624420166]], [[3.1153676509857178]], [[3.107029914855957]], [[3.064850091934204]], [[2.9838297367095947]], [[2.863128185272217]], [[2.8128855228424072]], [[2.724546432495117]], [[2.6319336891174316]], [[2.4574241638183594]], [[2.337970495223999]], [[2.196488618850708]], [[2.1145808696746826]], [[1.971712589263916]], [[1.8282804489135742]], [[1.7669615745544434]], [[1.6037594079971313]], [[1.5016074180603027]], [[1.3797402381896973]], [[1.2584021091461182]], [[1.138442039489746]], [[1.0185810327529907]], [[0.9008105993270874]], [[0.8228980302810669]], [[0.668189525604248]], [[0.5732178092002869]], [[0.44294604659080505]], [[0.38737770915031433]], [[0.2264007031917572]], [[0.13952365517616272]], [[0.055953867733478546]], [[0.0010000000474974513]], [[0.0010000000474974513]], [[0.0010000000474974513]], [[0.0010000000474974513]], [[0.0010000000474974513]], [[0.0010000000474974513]], [[0.0010000000474974513]], [[0.0010000000474974513]], [[0.0010000000474974513]], [[0.0010000000474974513]], [[0.0010000000474974513]], [[0.0010000000474974513]], [[0.0010000000474974513]], [[0.0010000000474974513]], [[0.0010000000474974513]], [[0.0010000000474974513]], [[0.021689698100090027]], [[0.1057400032877922]], [[0.37260666489601135]], [[0.9323350191116333]], [[1.1502131223678589]], [[1.4329547882080078]], [[1.7224440574645996]], [[1.851711392402649]], [[1.947036862373352]], [[2.0357003211975098]], [[2.0579161643981934]], [[2.057551383972168]], [[2.038640022277832]], [[1.9896339178085327]], [[1.9314213991165161]], [[1.8614864349365234]], [[1.7541426420211792]], [[1.6812245845794678]], [[1.6041792631149292]], [[1.5078659057617188]], [[1.3914345502853394]], [[1.288578987121582]], [[1.1842049360275269]], [[1.0775047540664673]], [[1.02408766746521]], [[0.915718674659729]], [[0.7889140844345093]], [[0.6791710257530212]], [[0.5508288741111755]], [[0.4590004086494446]], [[0.3305225670337677]], [[0.2749990224838257]], [[0.14683221280574799]], [[0.01893778145313263]], [[0.0010000000474974513]], [[0.0010000000474974513]], [[0.0010000000474974513]], [[0.0010000000474974513]], [[0.0010000000474974513]], [[0.0010000000474974513]], [[0.0010000000474974513]], [[0.0010000000474974513]], [[0.0010000000474974513]], [[0.0010000000474974513]], [[0.0010000000474974513]], [[0.0010000000474974513]], [[0.0010000000474974513]], [[0.0010000000474974513]], [[0.0010000000474974513]], [[0.0010000000474974513]], [[0.0010000000474974513]], [[0.0010000000474974513]], [[0.0010000000474974513]], [[0.0010000000474974513]], [[0.05844400078058243]], [[0.2126358449459076]], [[0.2877202332019806]], [[0.45459258556365967]], [[0.6256618499755859]], [[0.7195200324058533]], [[0.8170348405838013]], [[0.8724471926689148]], [[0.9690170288085938]], [[0.9998870491981506]], [[1.0367814302444458]], [[1.0487236976623535]], [[1.0536303520202637]], [[1.0491646528244019]], [[1.0237584114074707]], [[0.9992102384567261]], [[0.9619911909103394]], [[0.874896228313446]], [[0.8189655542373657]], [[0.7579586505889893]], [[0.681465744972229]], [[0.6468402147293091]], [[0.5877935886383057]], [[0.4758995771408081]], [[0.39829179644584656]], [[0.3183954358100891]], [[0.23676906526088715]], [[0.15326045453548431]], [[0.06846728920936584]], [[0.0010000000474974513]], [[0.0010000000474974513]], [[0.0010000000474974513]], [[0.0010000000474974513]], [[0.0010000000474974513]], [[0.0010000000474974513]], [[0.0010000000474974513]], [[0.0010000000474974513]], [[0.0010000000474974513]], [[0.0010000000474974513]], [[0.0010000000474974513]], [[0.0010000000474974513]], [[0.0010000000474974513]], [[0.0010000000474974513]], [[0.0010000000474974513]], [[0.0010000000474974513]], [[0.0010000000474974513]], [[0.0010000000474974513]], 