{"vc": [[-0.05236903950572014, 0.0, 0.0], [0.0, -2.239708662033081, 2.2404181957244873], [-0.010248386301100254, 0.07472623884677887, -0.07472261041402817], [-0.07298785448074341, 0.0, 0.0], [0.0, 0.0, 0.0], [0.0, 0.0, 0.0], [0.0, 0.8527665138244629, -0.8524878025054932], [0.0, 0.0, 0.0], [0.0, 0.0, 0.0], [0.014343897812068462, 0.0, 0.0]], "true_y1": [[[0.4006600081920624]], [[0.9286019802093506]], [[1.0185530185699463]], [[1.2670495510101318]], [[1.4689393043518066]], [[1.6299759149551392]], [[1.6720550060272217]], [[1.8158060312271118]], [[1.88812255859375]], [[1.9495209455490112]], [[1.9749773740768433]], [[1.9845613241195679]], [[1.989241123199463]], [[1.989885926246643]], [[1.9778474569320679]], [[1.958242416381836]], [[1.932807445526123]], [[1.8955873250961304]], [[1.8631069660186768]], [[1.7845039367675781]], [[1.7115669250488281]], [[1.6562228202819824]], [[1.5724855661392212]], [[1.535162091255188]], [[1.4699562788009644]], [[1.4048980474472046]], [[1.3771249055862427]], [[1.3122762441635132]], [[1.2569043636322021]], [[1.210781455039978]], [[1.1373189687728882]], [[1.1007472276687622]], [[1.0368647575378418]], [[1.000815987586975]], [[0.9375036358833313]], [[0.8834240436553955]], [[0.8297495245933533]], [[0.7852686643600464]], [[0.7233949303627014]], [[0.6534913778305054]], [[0.6189305186271667]], [[1.0533000230789185]], [[1.2464799880981445]], [[1.3557060956954956]], [[1.4928890466690063]], [[1.5989516973495483]], [[1.6542682647705078]], [[1.7194538116455078]], [[1.776315689086914]], [[1.8013672828674316]], [[1.8175346851348877]], [[1.8189753293991089]], [[1.8194595575332642]], [[1.80521821975708]], [[1.8011929988861084]], [[1.7811108827590942]], [[1.7693012952804565]], [[1.7498600482940674]], [[1.721373438835144]], [[1.6752052307128906]], [[1.5673061609268188]], [[1.5332295894622803]], [[1.4639722108840942]], [[1.4119123220443726]], [[1.35952889919281]], [[1.3074301481246948]], [[1.263948678970337]], [[1.2117658853530884]], [[1.1683754920959473]], [[1.1077877283096313]], [[1.0561504364013672]], [[0.7497910261154175]], [[0.7079538702964783]], [[0.6498250961303711]], [[0.6003596782684326]], [[0.5596054792404175]], [[0.5029246211051941]], [[1.104699969291687]], [[1.193144679069519]], [[1.306803822517395]], [[1.4239013195037842]], [[1.4467533826828003]], [[1.5213605165481567]], [[1.5480648279190063]], [[1.585617184638977]], [[1.5971190929412842]], [[1.6048846244812012]], [[1.6107381582260132]], [[1.6064107418060303]], [[1.6012613773345947]], [[1.5906829833984375]], [[1.5820341110229492]], [[1.5613881349563599]], [[1.5376375913619995]], [[1.4907991886138916]], [[1.4765784740447998]], [[1.4472134113311768]], [[1.4093319177627563]], [[1.3310500383377075]], [[1.2832653522491455]], [[1.2191178798675537]], [[1.1866923570632935]], [[1.1383298635482788]], [[1.0739498138427734]], [[1.0335496664047241]], [[0.9849663972854614]], [[0.928730309009552]], [[0.8887656331062317]], [[0.8326819539070129]], [[0.8010925054550171]], [[0.7455597519874573]], [[0.7218143939971924]], [[0.6431686282157898]], [[0.5807816386222839]], [[0.5112673044204712]], [[0.4730139970779419]], [[0.6033599972724915]], [[0.783640444278717]], [[0.8738503456115723]], [[0.9745535254478455]], [[1.016212821006775]], [[1.0529452562332153]], [[1.1122368574142456]], [[1.1455622911453247]], [[1.1704719066619873]], [[1.188096046447754]], [[1.1994669437408447]], [[1.2054675817489624]], [[1.206885576248169]], [[1.2044590711593628]], [[1.1987788677215576]], [[1.1833570003509521]], [[1.1473493576049805]], [[1.1256132125854492]], [[1.102054476737976]], [[1.0706596374511719]], [[1.0240784883499146]], [[0.9894497990608215]], [[0.9321805834770203]], [[0.888289749622345]], [[0.8663168549537659]], [[0.8144712448120117]], [[0.769739031791687]], [[0.7248924970626831]], [[0.6797434687614441]], [[0.642268180847168]], [[0.589845597743988]], [[0.5376116633415222]], [[0.500502347946167]], [[0.44831979274749756]], [[0.4116707444190979]], [[0.38226550817489624]], [[0.33111312985420227]], [[0.28062304854393005]], [[0.23785018920898438]], [[0.1956169456243515]], [[0.16094131767749786]], [[0.1268007606267929]], [[0.07352745532989502]], [[0.034753646701574326]], [[0.0010000000474974513]], [[0.35506001114845276]], [[0.49339717626571655]], [[0.5908399820327759]], [[0.7298371195793152]], [[0.8168081045150757]], [[0.8696601390838623]], [[0.9113227725028992]], [[0.9312276244163513]], [[0.9411690831184387]], [[0.9381266236305237]], [[0.9257848262786865]], [[0.9023865461349487]], [[0.8668510913848877]], [[0.8517991304397583]], [[0.8249905705451965]], [[0.7964536547660828]], [[0.7416309714317322]], [[0.7034170031547546]], [[0.6575344800949097]], [[0.6306961178779602]], [[0.5834493637084961]], [[0.5355138778686523]], [[0.5148798823356628]], [[0.4595801532268524]], [[0.42469969391822815]], [[0.3828316330909729]], [[0.3408767879009247]], [[0.2991386353969574]], [[0.2571759521961212]], [[0.21568742394447327]], [[0.18809498846530914]], [[0.13294363021850586]], [[0.09883266687393188]], [[0.05169571936130524]], [[0.031456105411052704]], [[0.0010000000474974513]], [[0.0010000000474974513]], [[0.0010000000474974513]], [[0.0010000000474974513]], [[0.0010000000474974513]], [[0.0010000000474974513]], [[0.0010000000474974513]], [[0.0010000000474974513]], [[0.0010000000474974513]], [[0.0010000000474974513]], [[0.0010000000474974513]], [[0.0010000000474974513]], [[0.0010000000474974513]], [[0.0010000000474974513]], [[0.0010000000474974513]], [[0.0010000000474974513]], [[0.0010000000474974513]], [[0.0010000000474974513]], [[0.0010000000474974513]], [[0.0010000000474974513]], [[0.1057400032877922]], [[0.1636350452899933]], [[0.2841241955757141]], [[0.3315948247909546]], [[0.39475759863853455]], [[0.46305710077285767]], [[0.49589768052101135]], [[0.5220434069633484]], [[0.5502505302429199]], [[0.5602490305900574]], [[0.5655055046081543]], [[0.5649175643920898]], [[0.5575529336929321]], [[0.5461268424987793]], [[0.5307164788246155]], [[0.5049854516983032]], [[0.48651692271232605]], [[0.4663422405719757]], [[0.44034039974212646]], [[0.4079519510269165]], [[0.37861311435699463]], [[0.3482465147972107]], [[0.3166617453098297]], [[0.3006637394428253]], [[0.2678603231906891]], [[0.22893303632736206]], [[0.1948094367980957]], [[0.15442663431167603]], [[0.1252315640449524]], [[0.08397284150123596]], [[0.0659940093755722]], [[0.024144932627677917]], [[0.0010000000474974513]], [[0.0010000000474974513]], [[0.0010000000474974513]], [[0.0010000000474974513]], [[0.0010000000474974513]], [[0.0010000000474974513]], [[0.0010000000474974513]], [[0.0010000000474974513]], [[0.0010000000474974513]], [[0.0010000000474974513]], [[0.0010000000474974513]], [[0.0010000000474974513]], [[0.0010000000474974513]], [[0.0010000000474974513]], [[0.0010000000474974513]], [[0.0010000000474974513]], [[0.0010000000474974513]], [[0.0010000000474974513]], [[0.0010000000474974513]], [[0.0010000000474974513]], [[0.0010000000474974513]], [[0.05844400078058243]], [[0.08751736581325531]], [[0.1015201210975647]], [[0.13248181343078613]], [[0.16433626413345337]], [[0.18205858767032623]], [[0.20084641873836517]], [[0.2117939442396164]], [[0.23172108829021454]], [[0.23851042985916138]], [[0.24731440842151642]], [[0.2506427466869354]], [[0.25381776690483093]], [[0.25361168384552]], [[0.25014710426330566]], [[0.2459876388311386]], [[0.23911736905574799]], [[0.22166961431503296]], [[0.2098289430141449]], [[0.1965082883834839]], [[0.1793261021375656]], [[0.17139893770217896]], [[0.1576937437057495]], [[0.13116274774074554]], [[0.11239594221115112]], [[0.09281139075756073]], [[0.07256287336349487]], [[0.05163087323307991]], [[0.03018484264612198]], [[0.004560796543955803]], [[0.0010000000474974513]], [[0.0010000000474974513]], [[0.0010000000474974513]], [[0.0010000000474974513]], [[0.0010000000474974513]], [[0.0010000000474974513]], [[0.0010000000474974513]], [[0.0010000000474974513]], [[0.0010000000474974513]], [[0.0010000000474974513]], [[0.0010000000474974513]], [[0.0010000000474974513]], 