{"vc": [[-0.050351448357105255, 0.0, 0.0], [0.0, -0.04486224427819252, 0.044967230409383774], [0.0034613441675901413, 0.30322709679603577, -0.3031465709209442], [0.06660518050193787, 0.0, 0.0], [0.0, 0.0, 0.0], [0.0, 0.0, 0.0], [0.0, 0.010631698183715343, -0.010620690882205963], [0.0, 0.0, 0.0], [0.0, 0.0, 0.0], [0.7210367321968079, 0.0, 0.0]], "true_y1": [[[0.4006600081920624]], [[38.9713020324707]], [[46.08708953857422]], [[66.96207427978516]], [[85.71389770507812]], [[102.4398193359375]], [[107.1835708618164]], [[125.25125122070312]], [[136.21011352539062]], [[147.99754333496094]], [[154.93746948242188]], [[158.85028076171875]], [[162.22813415527344]], [[165.16526794433594]], [[170.93862915039062]], [[174.2694854736328]], [[176.7809600830078]], [[179.09371948242188]], [[180.46466064453125]], [[182.57765197753906]], [[183.7661895751953]], [[184.41287231445312]], [[185.1537628173828]], [[185.42446899414062]], [[185.8402099609375]], [[186.2044677734375]], [[186.3490753173828]], [[186.66848754882812]], [[186.92637634277344]], [[187.13392639160156]], [[187.45530700683594]], [[187.6124725341797]], [[187.88429260253906]], [[188.0367889404297]], [[188.30410766601562]], [[188.53273010253906]], [[188.7605743408203]], [[188.9505157470703]], [[189.2169952392578]], [[189.52215576171875]], [[189.67498779296875]], [[1.0533000230789185]], [[16.863067626953125]], [[27.148542404174805]], [[42.12337875366211]], [[56.11457061767578]], [[64.75486755371094]], [[76.950439453125]], [[91.17520904541016]], [[100.31809997558594]], [[110.8204116821289]], [[113.0522232055664]], [[117.3314437866211]], [[127.6292495727539]], [[128.99661254882812]], [[133.85269165039062]], [[135.88548278808594]], [[138.52244567871094]], [[141.39488220214844]], [[144.6039581298828]], [[148.7392578125]], [[149.5286102294922]], [[150.7205352783203]], [[151.36949157714844]], [[151.88145446777344]], [[152.29190063476562]], [[152.57969665527344]], [[152.87664794921875]], [[153.09312438964844]], [[153.3612060546875]], [[153.56626892089844]], [[154.5609588623047]], [[154.6858673095703]], [[154.85743713378906]], [[155.00254821777344]], [[155.1220245361328]], [[155.28883361816406]], [[1.104699969291687]], [[8.868569374084473]], [[20.43451499938965]], [[35.32362365722656]], [[38.78460693359375]], [[52.31388854980469]], [[58.525840759277344]], [[70.14755249023438]], [[75.33570861816406]], [[80.2330093383789]], [[89.00733947753906]], [[96.48235321044922]], [[99.77332305908203]], [[104.1502456665039]], [[106.74470520019531]], [[111.30874633789062]], [[115.05093383789062]], [[120.073974609375]], [[121.2169418334961]], [[123.20063781738281]], [[125.19730377197266]], [[128.02711486816406]], [[129.204833984375]], [[130.3786163330078]], [[130.8448028564453]], [[131.42494201660156]], [[132.03851318359375]], [[132.35572814941406]], [[132.68597412109375]], [[133.01507568359375]], [[133.22242736816406]], [[133.48519897460938]], [[133.6216583251953]], [[133.84591674804688]], [[133.9368133544922]], [[134.22178649902344]], [[134.4349822998047]], [[134.66400146484375]], [[134.78759765625]], [[0.6033599972724915]], [[17.622642517089844]], [[27.45014190673828]], [[40.01774978637695]], [[45.92350769042969]], [[51.61991882324219]], [[62.24659729003906]], [[69.51008605957031]], [[76.1317138671875]], [[82.12727355957031]], [[87.52974700927734]], [[92.36392974853516]], [[95.2868423461914]], [[100.50127410888672]], [[103.87053680419922]], [[108.65686798095703]], [[114.48851013183594]], [[116.74201965332031]], [[118.65091705322266]], [[120.63687896728516]], [[122.83413696289062]], [[124.08644104003906]], [[125.69518280029297]], [[126.65914916992188]], [[127.077880859375]], [[127.9373779296875]], [[128.5668487548828]], [[129.12060546875]], [[129.61849975585938]], [[129.99642944335938]], [[130.48361206054688]], [[130.93235778808594]], [[131.23431396484375]], [[131.64114379882812]], [[131.9174346923828]], [[132.13490295410156]], [[132.5067901611328]], [[132.86900329589844]], [[133.17449951171875]], [[133.47689819335938]], [[133.72705078125]], [[133.97613525390625]], [[134.373291015625]], [[134.67172241210938]], [[134.969970703125]], [[0.35506001114845276]], [[14.142687797546387]], [[24.881742477416992]], [[42.501739501953125]], [[55.915225982666016]], [[65.91226196289062]], [[76.17167663574219]], [[83.40132141113281]], [[92.80925750732422]], [[96.60315704345703]], [[101.42329406738281]], [[105.86873626708984]], [[109.79277801513672]], [[111.003662109375]], [[112.77806091308594]], [[114.29390716552734]], [[116.52518463134766]], [[117.73527526855469]], [[118.94292449951172]], [[119.55730438232422]], [[120.5158462524414]], [[121.36658477783203]], [[121.70354461669922]], [[122.53954315185547]], [[123.0267105102539]], [[123.58012390136719]], [[124.10772705078125]], [[124.61205291748047]], [[125.10350799560547]], [[125.57818603515625]], [[125.88945007324219]], [[126.50509643554688]], [[126.88390350341797]], [[127.40824127197266]], [[127.63459014892578]], [[128.3043670654297]], [[128.6778564453125]], [[129.0481719970703]], [[129.34828186035156]], [[130.17298889160156]], [[130.4729766845703]], [[130.85195922851562]], [[131.3851776123047]], [[131.8460235595703]], [[132.2339324951172]], [[132.62103271484375]], [[133.25038146972656]], [[133.8046417236328]], [[134.36590576171875]], [[134.6080322265625]], [[135.093505859375]], [[135.58506774902344]], [[136.16372680664062]], [[136.58099365234375]], [[137.0026397705078]], [[0.1057400032877922]], [[7.2832255363464355]], [[23.070131301879883]], [[29.742774963378906]], [[39.23199462890625]], [[50.75282669067383]], [[57.13235092163086]], [[62.98143768310547]], [[71.11962127685547]], [[75.49708557128906]], [[80.11409759521484]], [[83.49761199951172]], [[87.59555053710938]], [[90.5918960571289]], [[93.20315551757812]], [[96.19364166259766]], [[97.81553649902344]], [[99.29403686523438]], [[100.89584350585938]], [[102.56727600097656]], [[103.86690521240234]], [[105.058349609375]], [[106.17355346679688]], [[106.7000732421875]], [[107.71482849121094]], [[108.8282699584961]], [[109.74161529541016]], [[110.7643051147461]], [[111.47259521484375]], [[112.43880462646484]], [[112.84941101074219]], [[113.78569030761719]], [[114.70952606201172]], [[115.36444854736328]], [[116.40804290771484]], [[116.92387390136719]], [[117.70047760009766]], [[118.47737121582031]], [[119.38656616210938]], [[120.16818237304688]], [[120.6925048828125]], [[122.00822448730469]], [[122.67378234863281]], [[124.01240539550781]], [[124.14712524414062]], [[125.0958023071289]], [[126.60982513427734]], [[127.02664184570312]], [[128.1451873779297]], [[128.99317932128906]], [[129.70896911621094]], [[130.42723083496094]], [[131.58775329589844]], [[0.05844400078058243]], [[6.570317268371582]], [[9.798906326293945]], [[17.214881896972656]], [[25.391342163085938]], [[30.293140411376953]], [[35.90924072265625]], [[39.4738655090332]], [[46.9426383972168]], [[50.02448654174805]], [[55.04051208496094]], [[57.701358795166016]], [[63.1817512512207]], [[64.83842468261719]], [[68.9889144897461]], [[71.3383560180664]], [[73.95240020751953]], [[78.2412338256836]], [[80.33546447753906]], [[82.28819274902344]], [[84.40496826171875]], [[85.27281188964844]], [[86.6517333984375]], [[88.99475860595703]], [[90.46370697021484]], [[91.87531280517578]], [[93.23355865478516]], [[94.55274963378906]], [[95.83354949951172]], [[97.2901840209961]], [[97.90351104736328]], [[99.51885986328125]], [[100.90394592285156]], [[101.88583374023438]], [[103.05583953857422]], [[104.02767181396484]], [[105.186279296875]], [[106.53997039794922]], [[107.70095825195312]], [[108.85832977294922]], [[109.82972717285156]], [[111.19233703613281]], [[113.3512191772461]], [[114.5396728515625]], [[115.73155212402344]], [[117.33521270751953]], [[117.94461059570312]], [[119.16158294677734]], [[120.39148712158203]], [[122.04210662841797]], [[122.66675567626953]], [[124.1341552734375]]]}