{"vc": [[-0.1223367378115654, 0.0, 0.0], [0.0, -0.12515975534915924, 0.12513691186904907], [-0.054473310708999634, 0.33580729365348816, -0.33582520484924316], [-0.19438304007053375, 0.0, 0.0], [0.0, 0.0, 0.0], [0.0, 0.0, 0.0], [0.0, 0.028713488951325417, -0.02864963561296463], [0.0, 0.0, 0.0], [0.0, 0.0, 0.0], [0.33811095356941223, 0.0, 0.0]], "true_y1": [[[0.4006600081920624]], [[17.777040481567383]], [[20.948686599731445]], [[30.14605712890625]], [[38.22732162475586]], [[45.2435417175293]], [[47.193809509277344]], [[54.428977966308594]], [[58.64130401611328]], [[62.98542785644531]], [[65.43144226074219]], [[66.7658920288086]], [[67.88739013671875]], [[68.83592987060547]], [[70.60962677001953]], [[71.55848693847656]], [[72.21997833251953]], [[72.7667236328125]], [[73.04735565185547]], [[73.36856079101562]], [[73.44145202636719]], [[73.42323303222656]], [[73.32705688476562]], [[73.26679229736328]], [[73.14434051513672]], [[73.00645446777344]], [[72.94402313232422]], [[72.79185485839844]], [[72.65624237060547]], [[72.54010009765625]], [[72.35020446777344]], [[72.25373840332031]], [[72.08251190185547]], [[71.9844741821289]], [[71.80994415283203]], [[71.65855407714844]], [[71.50617980957031]], [[71.37826538085938]], [[71.1977310180664]], [[70.98981475830078]], [[70.88531494140625]], [[1.0533000230789185]], [[8.129676818847656]], [[12.704264640808105]], [[19.29936981201172]], [[25.365341186523438]], [[29.05213737487793]], [[34.16164779663086]], [[39.95201873779297]], [[43.556793212890625]], [[47.55954360961914]], [[48.38817596435547]], [[49.95246887207031]], [[53.56163024902344]], [[54.02113723754883]], [[55.6057243347168]], [[56.243412017822266]], [[57.0426139831543]], [[57.86804962158203]], [[58.711631774902344]], [[59.57088851928711]], [[59.677146911621094]], [[59.7653923034668]], [[59.75632095336914]], [[59.70459747314453]], [[59.623409271240234]], [[59.539085388183594]], [[59.42305374145508]], [[59.31705856323242]], [[59.157997131347656]], [[59.014469146728516]], [[58.06890869140625]], [[57.93113327026367]], [[57.736419677734375]], [[57.56766891479492]], [[57.426429748535156]], [[57.226444244384766]], [[1.104699969291687]], [[4.555760860443115]], [[9.670682907104492]], [[16.182985305786133]], [[17.681262969970703]], [[23.466007232666016]], [[26.076831817626953]], [[30.867778778076172]], [[32.961116790771484]], [[34.90763854980469]], [[38.313995361328125]], [[41.12001037597656]], [[42.32258605957031]], [[43.88602066040039]], [[44.790977478027344]], [[46.33694839477539]], [[47.55200958251953]], [[49.08310317993164]], [[49.410274505615234]], [[49.95282745361328]], [[50.457008361816406]], [[51.05854415893555]], [[51.243648529052734]], [[51.36050033569336]], [[51.37903594970703]], [[51.37031173706055]], [[51.30881118774414]], [[51.248878479003906]], [[51.16056442260742]], [[51.04119873046875]], [[50.94758987426758]], [[50.806488037109375]], [[50.72282409667969]], [[50.569637298583984]], [[50.502037048339844]], [[50.2703742980957]], [[50.07905197143555]], [[49.85870361328125]], [[49.73430633544922]], [[0.6033599972724915]], [[8.131686210632324]], [[12.444032669067383]], [[17.89766502380371]], [[20.42961311340332]], [[22.849197387695312]], [[27.2932071685791]], [[30.269424438476562]], [[32.93165588378906]], [[35.29425811767578]], [[37.378875732421875]], [[39.203956604003906]], [[40.28688049316406]], [[42.17523956298828]], [[43.36171340942383]], [[44.993080139160156]], [[46.871402740478516]], [[47.55443572998047]], [[48.10807418823242]], [[48.653289794921875]], [[49.20754623413086]], [[49.49203872680664]], [[49.810176849365234]], [[49.96632766723633]], [[50.023834228515625]], [[50.11803436279297]], [[50.1630859375]], [[50.183109283447266]], [[50.18363571166992]], [[50.17220687866211]], [[50.14185333251953]], [[50.09829330444336]], [[50.0608024597168]], [[50.000484466552734]], [[49.95356750488281]], [[49.91353225708008]], [[49.839332580566406]], [[49.76093673706055]], [[49.690792083740234]], [[49.61826705932617]], [[49.5562744140625]], [[49.49299240112305]], [[49.38938903808594]], [[49.309715270996094]], [[49.22880554199219]], [[0.35506001114845276]], [[6.423004627227783]], [[11.117961883544922]], [[18.71002197265625]], [[24.34998321533203]], [[28.445341110229492]], [[32.526031494140625]], [[35.31084442138672]], [[38.79479217529297]], [[40.14524841308594]], [[41.80496597290039]], [[43.267303466796875]], [[44.486671447753906]], [[44.845619201660156]], [[45.35319519042969]], [[45.766204833984375]], [[46.3302001953125]], [[46.60835647583008]], [[46.86146926879883]], [[46.979339599609375]], [[47.14658737182617]], [[47.27638244628906]], [[47.3226318359375]], [[47.4243049621582]], [[47.474918365478516]], [[47.52484893798828]], [[47.565269470214844]], [[47.5977668762207]], [[47.624141693115234]], [[47.645137786865234]], [[47.65675354003906]], [[47.675323486328125]], [[47.684200286865234]], [[47.69377517700195]], [[47.69705581665039]], [[47.70423126220703]], [[47.70682907104492]], [[47.708580017089844]], [[47.709476470947266]], [[47.70994567871094]], [[47.70951843261719]], [[47.70860290527344]], [[47.70671081542969]], [[47.7046012878418]], [[47.702537536621094]], [[47.700252532958984]], [[47.696136474609375]], [[47.69216537475586]], [[47.687870025634766]], [[47.685943603515625]], [[47.68196487426758]], [[47.677791595458984]], [[47.6727180480957]], [[47.66896438598633]], [[47.665096282958984]], [[0.1057400032877922]], [[3.2202253341674805]], [[10.034830093383789]], [[12.887319564819336]], [[16.899866104125977]], [[21.678787231445312]], [[24.2694034576416]], [[26.602462768554688]], [[29.76984405517578]], [[31.429685592651367]], [[33.1419677734375]], [[34.368743896484375]], [[35.81861877441406]], [[36.85065841674805]], [[37.728179931640625]], [[38.70486068725586]], [[39.22047424316406]], [[39.68101119995117]], [[40.168975830078125]], [[40.665138244628906]], [[41.04125213623047]], [[41.37836837768555]], [[41.68718338012695]], [[41.83073806762695]], [[42.10343933105469]], [[42.39687728881836]], [[42.63336181640625]], [[42.8940544128418]], [[43.072322845458984]], [[43.31287384033203]], [[43.414283752441406]], [[43.64396286010742]], [[43.868797302246094]], [[44.02731704711914]], [[44.278770446777344]], [[44.40265655517578]], [[44.58880615234375]], [[44.774715423583984]], [[44.99205780029297]], [[45.178829193115234]], [[45.30413055419922]], [[45.6187629699707]], [[45.778106689453125]], [[46.09912109375]], [[46.131473541259766]], [[46.359561920166016]], [[46.72463607788086]], [[46.82538986206055]], [[47.09633255004883]], [[47.30230712890625]], [[47.4765625]], [[47.651790618896484]], [[47.93571472167969]], [[0.05844400078058243]], [[2.8162593841552734]], [[4.181648254394531]], [[7.308908939361572]], [[10.734556198120117]], [[12.772558212280273]], [[15.089165687561035]], [[16.547666549682617]], [[19.568422317504883]], [[20.79920196533203]], [[22.780298233032227]], [[23.819189071655273]], [[25.930282592773438]], [[26.560392379760742]], [[28.121572494506836]], [[28.993824005126953]], [[29.954221725463867]], [[31.50644302368164]], [[32.253761291503906]], [[32.94442367553711]], [[33.68663787841797]], [[33.98907470703125]], [[34.46752166748047]], [[35.275054931640625]], [[35.77826690673828]], [[36.25996398925781]], [[36.722023010253906]], [[37.169742584228516]], [[37.60371398925781]], [[38.09673309326172]], [[38.30424118041992]], [[38.85077667236328]], [[39.31968307495117]], [[39.65238952636719]], [[40.049285888671875]], [[40.37940216064453]], [[40.77356719970703]], [[41.23503494262695]], [[41.63167953491211]], [[42.02793884277344]], [[42.36119842529297]], [[42.82974624633789]], [[43.57470703125]], [[43.98617935180664]], [[44.39982223510742]], [[44.95791244506836]], [[45.170448303222656]], [[45.59563446044922]], [[46.026344299316406]], [[46.6059455871582]], [[46.825748443603516]], [[47.34307098388672]]]}