{"vc": [[-0.05052386596798897, 0.0, 0.0], [0.0, -2.224482297897339, 2.224895715713501], [-0.008318114094436169, 0.08034854382276535, -0.0806579664349556], [-0.07308066636323929, 0.0, 0.0], [0.0, 0.0, 0.0], [0.0, 0.0, 0.0], [0.0, 0.8593668341636658, -0.8592127561569214], [0.0, 0.0, 0.0], [0.0, 0.0, 0.0], [0.014412686228752136, 0.0, 0.0]], "true_y1": [[[0.4006600081920624]], [[0.9319967031478882]], [[1.022437572479248]], [[1.2720736265182495]], [[1.4746013879776]], [[1.6359312534332275]], [[1.6780567169189453]], [[1.8219236135482788]], [[1.8943760395050049]], [[1.9562067985534668]], [[1.9822413921356201]], [[1.9923501014709473]], [[1.997662901878357]], [[1.9990525245666504]], [[1.9893546104431152]], [[1.972055196762085]], [[1.949262022972107]], [[1.9157490730285645]], [[1.8864928483963013]], [[1.8158681392669678]], [[1.750625729560852]], [[1.7013030052185059]], [[1.626940131187439]], [[1.5938843488693237]], [[1.5362482070922852]], [[1.478869080543518]], [[1.4544081687927246]], [[1.3973641395568848]], [[1.3487274646759033]], [[1.3082598447799683]], [[1.2438809871673584]], [[1.2118635177612305]], [[1.155982494354248]], [[1.1244728565216064]], [[1.0691697597503662]], [[1.0219643115997314]], [[0.9751365780830383]], [[0.9363431930541992]], [[0.8823914527893066]], [[0.821432888507843]], [[0.7912828922271729]], [[1.0533000230789185]], [[1.2481443881988525]], [[1.3582512140274048]], [[1.4964735507965088]], [[1.6033134460449219]], [[1.659056544303894]], [[1.7248382568359375]], [[1.7825193405151367]], [[1.8082815408706665]], [[1.8256206512451172]], [[1.8273853063583374]], [[1.8285949230194092]], [[1.8169536590576172]], [[1.8134108781814575]], [[1.7954682111740112]], [[1.7848215103149414]], [[1.767235517501831]], [[1.7414186000823975]], [[1.6995849609375]], [[1.6021881103515625]], [[1.5715540647506714]], [[1.5094709396362305]], [[1.462946891784668]], [[1.4162437915802002]], [[1.3698925971984863]], [[1.331275463104248]], [[1.285003662109375]], [[1.246584177017212]], [[1.1930146217346191]], [[1.1474241018295288]], [[0.8779544234275818]], [[0.8412584662437439]], [[0.7902989387512207]], [[0.7469496726989746]], [[0.7112374305725098]], [[0.6615577340126038]], [[1.104699969291687]], [[1.1940821409225464]], [[1.3089280128479004]], [[1.4272643327713013]], [[1.4503719806671143]], [[1.5259268283843994]], [[1.5530694723129272]], [[1.591533899307251]], [[1.603516697883606]], [[1.611802577972412]], [[1.6188247203826904]], [[1.6158596277236938]], [[1.6114696264266968]], [[1.6021149158477783]], [[1.5943410396575928]], [[1.575610876083374]], [[1.553945541381836]], [[1.5111433267593384]], [[1.4981534481048584]], [[1.4713542461395264]], [[1.4368427991867065]], [[1.3657639026641846]], [[1.322532296180725]], [[1.2646697759628296]], [[1.2354909181594849]], [[1.1920510530471802]], [[1.1343613862991333]], [[1.0982333421707153]], [[1.0548570156097412]], [[1.0047370195388794]], [[0.9691734313964844]], [[0.9193382263183594]], [[0.8913037776947021]], [[0.842079758644104]], [[0.8210541009902954]], [[0.7515053153038025]], [[0.6964243650436401]], [[0.6351306438446045]], [[0.60142982006073]], [[0.6033599972724915]], [[0.78547203540802]], [[0.8765615224838257]], [[0.9782178401947021]], [[1.0202702283859253]], [[1.0573574304580688]], [[1.11727774143219]], [[1.151041030883789]], [[1.1763899326324463]], [[1.1944787502288818]], [[1.2063595056533813]], [[1.2129286527633667]], [[1.214762806892395]], [[1.2132724523544312]], [[1.2083820104599]], [[1.194464921951294]], [[1.16132652759552]], [[1.1412259340286255]], [[1.1194285154342651]], [[1.090396761894226]], [[1.047395944595337]], [[1.0155012607574463]], [[0.962900698184967]], [[0.9227138161659241]], [[0.902635931968689]], [[0.8553675413131714]], [[0.8147016763687134]], [[0.7740382552146912]], [[0.7332061529159546]], [[0.6993935108184814]], [[0.6522142887115479]], [[0.6053435206413269]], [[0.5721288323402405]], [[0.5255426168441772]], [[0.4929085969924927]], [[0.46677595376968384]], [[0.42142632603645325]], [[0.37680232524871826]], [[0.3391072452068329]], [[0.30198439955711365]], [[0.2715745270252228]], [[0.24169211089611053]], [[0.1951645016670227]], [[0.16135787963867188]], [[0.12879422307014465]], [[0.35506001114845276]], [[0.4949055314064026]], [[0.5933760404586792]], [[0.7337635159492493]], [[0.8215847015380859]], [[0.8750123977661133]], [[0.9173078536987305]], [[0.9377743601799011]], [[0.9488139152526855]], [[0.9464401006698608]], [[0.9352909922599792]], [[0.9135618805885315]], [[0.8803136348724365]], [[0.8662131428718567]], [[0.8411052823066711]], [[0.8144034147262573]], [[0.7632108330726624]], [[0.7276207804679871]], [[0.684996485710144]], [[0.6601194739341736]], [[0.6164259314537048]], [[0.572227418422699]], [[0.5532432794570923]], [[0.5024896860122681]], [[0.4705715477466583]], [[0.43235892057418823]], [[0.3941798210144043]], [[0.3563147485256195]], [[0.31836941838264465]], [[0.2809816598892212]], [[0.2561914622783661]], [[0.2068336009979248]], [[0.17644363641738892]], [[0.1346377283334732]], [[0.1167592778801918]], [[0.06478952616453171]], [[0.03661433607339859]], [[0.009407943114638329]], [[0.0010000000474974513]], [[0.0010000000474974513]], [[0.0010000000474974513]], [[0.0010000000474974513]], [[0.0010000000474974513]], [[0.0010000000474974513]], [[0.0010000000474974513]], [[0.0010000000474974513]], [[0.0010000000474974513]], [[0.0010000000474974513]], [[0.0010000000474974513]], [[0.0010000000474974513]], [[0.0010000000474974513]], [[0.0010000000474974513]], [[0.0010000000474974513]], [[0.0010000000474974513]], [[0.0010000000474974513]], [[0.1057400032877922]], [[0.1644572764635086]], [[0.2866307497024536]], [[0.3347410261631012]], [[0.3987230658531189]], [[0.46786728501319885]], [[0.5011107325553894]], [[0.5275969505310059]], [[0.5562700629234314]], [[0.5665467977523804]], [[0.5721578001976013]], [[0.5719023942947388]], [[0.5650821328163147]], [[0.554209291934967]], [[0.5394439101219177]], [[0.5147251486778259]], [[0.4969741702079773]], [[0.4775887131690979]], [[0.45262080430984497]], [[0.4215538203716278]], [[0.39344754815101624]], [[0.36439377069473267]], [[0.3342151343822479]], [[0.3189452886581421]], [[0.28766873478889465]], [[0.25061288475990295]], [[0.2181839942932129]], [[0.1798742413520813]], [[0.1522252857685089]], [[0.11322319507598877]], [[0.09625537693500519]], [[0.056829482316970825]], [[0.01711970940232277]], [[0.0010000000474974513]], [[0.0010000000474974513]], [[0.0010000000474974513]], [[0.0010000000474974513]], [[0.0010000000474974513]], [[0.0010000000474974513]], [[0.0010000000474974513]], [[0.0010000000474974513]], [[0.0010000000474974513]], [[0.0010000000474974513]], [[0.0010000000474974513]], [[0.0010000000474974513]], [[0.0010000000474974513]], [[0.0010000000474974513]], [[0.0010000000474974513]], [[0.0010000000474974513]], [[0.0010000000474974513]], [[0.0010000000474974513]], [[0.0010000000474974513]], [[0.0010000000474974513]], [[0.05844400078058243]], [[0.08835969865322113]], [[0.10277316719293594]], [[0.13465279340744019]], [[0.16746476292610168]], [[0.18572668731212616]], [[0.20509541034698486]], [[0.21638871729373932]], [[0.23697638511657715]], [[0.24401119351387024]], [[0.2531788945198059]], [[0.2566818594932556]], [[0.2601770758628845]], [[0.26005783677101135]], [[0.2567931115627289]], [[0.25273752212524414]], [[0.24597769975662231]], [[0.22870831191539764]], [[0.21695832908153534]], [[0.20372727513313293]], [[0.18664978444576263]], [[0.17876817286014557]], [[0.1651386022567749]], [[0.13874413073062897]], [[0.12006594985723495]], [[0.1005658507347107]], [[0.08039447665214539]], [[0.05952925235033035]], [[0.038135334849357605]], [[0.012547656893730164]], [[0.0014054104685783386]], [[0.0010000000474974513]], [[0.0010000000474974513]], [[0.0010000000474974513]], [[0.0010000000474974513]], [[0.0010000000474974513]], [[0.0010000000474974513]], [[0.0010000000474974513]], [[0.0010000000474974513]], [[0.0010000000474974513]], [[0.0010000000474974513]], [[0.0010000000474974513]], [[0.0010000000474974513]], 