{"vc": [[-0.0036798794753849506, 0.0, 0.0], [0.0, 0.0, 0.0], [0.03553646802902222, -0.046740368008613586, 0.046782486140728], [0.1943785548210144, 0.0, 0.0], [0.0, 0.0, 0.0], [0.0, 0.0, 0.0], [0.0, 0.0009642294025979936, 0.0], [0.0, 0.0, 0.0], [0.0, 0.0, 0.0], [0.8915466666221619, 0.0, 0.0]], "true_y1": [[[0.4006600081920624]], [[49.26220703125]], [[58.67102813720703]], [[87.65007019042969]], [[116.29405212402344]], [[145.151123046875]], [[154.1320037841797]], [[193.07943725585938]], [[222.08364868164062]], [[261.0577697753906]], [[290.1761474609375]], [[309.755859375]], [[329.25457763671875]], [[348.8360595703125]], [[398.2940979003906]], [[437.9723205566406]], [[477.81170654296875]], [[527.8906860351562]], [[568.018798828125]], [[659.5635986328125]], [[742.1220092773438]], [[804.7222900390625]], [[900.564697265625]], [[943.9729614257812]], [[1021.1416625976562]], [[1100.1453857421875]], [[1134.5745849609375]], [[1216.824951171875]], [[1289.3660888671875]], [[1351.630126953125]], [[1454.7327880859375]], [[1508.080322265625]], [[1604.930908203125]], [[1661.8621826171875]], [[1766.3560791015625]], [[1860.7357177734375]], [[1959.7552490234375]], [[2046.38525390625]], [[2174.781494140625]], [[2332.766357421875]], [[2416.780517578125]], [[1.0533000230789185]], [[20.918109893798828]], [[34.14030456542969]], [[54.14186096191406]], [[74.06315612792969]], [[87.22093963623047]], [[107.3472900390625]], [[134.1293487548828]], [[154.14144897460938]], [[181.3184051513672]], [[187.88998413085938]], [[201.5286102294922]], [[242.36627197265625]], [[249.02037048339844]], [[276.3155822753906]], [[289.99212646484375]], [[310.5829162597656]], [[338.2398681640625]], [[379.78143310546875]], [[470.9137268066406]], [[499.13641357421875]], [[556.5303344726562]], [[599.9911499023438]], [[644.1968383789062]], [[688.7723999023438]], [[726.5286254882812]], [[772.6058349609375]], [[811.63427734375]], [[867.35888671875]], [[916.1203002929688]], [[1238.5328369140625]], [[1288.483642578125]], [[1361.0869140625]], [[1426.1947021484375]], [[1482.451171875]], [[1565.1912841796875]], [[1.104699969291687]], [[10.84131908416748]], [[25.612863540649414]], [[45.462894439697266]], [[50.27259063720703]], [[70.08767700195312]], [[79.8832015991211]], [[99.8777847290039]], [[109.7236099243164]], [[119.69892120361328]], [[139.7337646484375]], [[159.8656463623047]], [[169.98487854003906]], [[185.06039428710938]], [[195.10244750976562]], [[215.4803466796875]], [[235.80792236328125]], [[271.5547180175781]], [[281.7843017578125]], [[302.3747863769531]], [[328.2398681640625]], [[380.51123046875]], [[412.1746520996094]], [[454.8104553222656]], [[476.50738525390625]], [[509.13397216796875]], [[553.189208984375]], [[581.2705078125]], [[615.5556640625]], [[656.0384521484375]], [[685.3916625976562]], [[727.5039672851562]], [[751.7450561523438]], [[795.3743896484375]], [[814.45947265625]], [[879.7476196289062]], [[934.1290893554688]], [[997.9363403320312]], [[1034.723876953125]], [[0.6033599972724915]], [[22.097232818603516]], [[34.91755294799805]], [[52.110252380371094]], [[60.62731170654297]], [[69.19197845458984]], [[86.35888671875]], [[99.27333068847656]], [[112.18013000488281]], [[125.09091186523438]], [[138.03128051757812]], [[150.98690795898438]], [[159.62274169921875]], [[176.99525451660156]], [[189.97303771972656]], [[211.78392028808594]], [[246.83274841308594]], [[264.4306945800781]], [[282.0999450683594]], [[304.2609558105469]], [[335.4327392578125]], [[357.83734130859375]], [[394.1431579589844]], [[421.6732482910156]], [[435.4276428222656]], [[467.9306640625]], [[496.139892578125]], [[524.6776123046875]], [[553.7528076171875]], [[578.2067260742188]], [[612.9930419921875]], [[648.4395751953125]], [[674.1719360351562]], [[711.2420043945312]], [[737.9749755859375]], [[759.89013671875]], [[799.1223754882812]], [[839.426025390625]], [[875.0014038085938]], [[911.6320190429688]], [[943.001953125]], [[975.209716796875]], [[1028.6087646484375]], [[1070.4432373046875]], [[1113.7813720703125]], [[0.35506001114845276]], [[17.730070114135742]], [[31.6530818939209]], [[56.04256820678711]], [[76.8492202758789]], [[94.442626953125]], [[115.40667724609375]], [[132.86495971679688]], [[160.99122619628906]], [[175.00030517578125]], [[196.2711639404297]], [[221.0675048828125]], [[249.6536865234375]], [[260.3643798828125]], [[278.29998779296875]], [[296.31658935546875]], [[329.0884094238281]], [[351.0880126953125]], [[377.0037841796875]], [[392.0169982910156]], [[418.3313293457031]], [[445.0240173339844]], [[456.54736328125]], [[487.6223449707031]], [[507.4225769042969]], [[531.4571533203125]], [[555.8960571289062]], [[580.626708984375]], [[605.98095703125]], [[631.60791015625]], [[649.0004272460938]], [[684.7273559570312]], [[707.5610961914062]], [[740.2091064453125]], [[754.6719970703125]], [[798.7647094726562]], [[824.1976318359375]], [[850.021728515625]], [[871.4013671875]], [[932.30908203125]], [[955.2820434570312]], [[984.9614868164062]], [[1028.018310546875]], [[1066.5252685546875]], [[1099.9256591796875]], [[1134.2060546875]], [[1192.1011962890625]], [[1245.477294921875]], [[1302.005615234375]], [[1327.2149658203125]], [[1379.350830078125]], [[1434.4407958984375]], [[1502.5010986328125]], [[1553.8988037109375]], [[1607.9593505859375]], [[0.1057400032877922]], [[9.1283540725708]], [[29.47873306274414]], [[38.4979248046875]], [[52.04423904418945]], [[70.20069122314453]], [[81.4444808959961]], [[92.81062316894531]], [[110.98178100585938]], [[122.3326644897461]], [[135.98081970214844]], [[147.4205322265625]], [[163.46517944335938]], [[177.2057647705078]], [[191.0071258544922]], [[209.53573608398438]], [[221.1123504638672]], [[232.80108642578125]], [[246.88143920898438]], [[263.3835144042969]], [[277.6590270996094]], [[291.96722412109375]], [[306.48883056640625]], [[313.7386169433594]], [[328.43878173828125]], [[345.6778869628906]], [[360.67724609375]], [[378.3642272949219]], [[391.14471435546875]], [[409.2444152832031]], [[417.15789794921875]], [[435.6705322265625]], [[454.53955078125]], [[468.25689697265625]], [[490.6657409667969]], [[501.9814147949219]], [[519.3052978515625]], [[536.973876953125]], [[558.0738525390625]], [[576.5761108398438]], [[589.177001953125]], [[621.480712890625]], [[638.2045288085938]], [[672.6595458984375]], [[676.1900634765625]], [[701.3923950195312]], [[742.9215087890625]], [[754.655029296875]], [[786.8296508789062]], [[811.9266967773438]], [[833.6143798828125]], [[855.8660888671875]], [[892.919677734375]], [[0.05844400078058243]], [[8.279752731323242]], [[12.38756275177002]], [[21.976547241210938]], [[32.94648742675781]], [[39.81925582885742]], [[48.066619873046875]], [[53.559547424316406]], [[65.9128646850586]], [[71.42542266845703]], [[81.06121826171875]], [[86.57088470458984]], [[99.00714874267578]], [[103.10871124267578]], [[114.23824310302734]], [[121.16692352294922]], [[129.50721740722656]], [[144.89878845214844]], [[153.31689453125]], [[161.77638244628906]], [[171.6729736328125]], [[175.9626007080078]], [[183.0689239501953]], [[195.99070739746094]], [[204.64913940429688]], [[213.37664794921875]], [[222.14663696289062]], [[231.0054473876953]], [[239.91615295410156]], [[250.4023895263672]], [[254.92422485351562]], [[267.1166076660156]], [[277.8753356933594]], [[285.6587829589844]], [[295.0905456542969]], [[303.04632568359375]], [[312.6657409667969]], [[324.0784912109375]], [[334.00689697265625]], [[344.0270080566406]], [[352.52838134765625]], [[364.59088134765625]], [[384.02740478515625]], [[394.8985595703125]], [[405.9264831542969]], [[420.9694519042969]], [[426.749755859375]], [[438.4028015136719]], [[450.3343200683594]], [[466.60577392578125]], [[472.8447265625]], [[487.6864013671875]]]}