{"vc": [[-0.15044619143009186, 0.0, 0.0], [0.0, -0.3243269920349121, 0.3241378962993622], [-0.06841804832220078, 0.2759041488170624, -0.27570778131484985], [-0.29317614436149597, 0.0, 0.0], [0.0, 0.0, 0.0], [0.0, 0.0, 0.0], [0.0, 0.07751932740211487, -0.07751569896936417], [0.0, 0.0, 0.0], [0.0, 0.0, 0.0], [0.16175520420074463, 0.0, 0.0]], "true_y1": [[[0.4006600081920624]], [[8.102560043334961]], [[9.486443519592285]], [[13.434549331665039]], [[16.798992156982422]], [[19.615009307861328]], [[20.376806259155273]], [[23.105770111083984]], [[24.608789443969727]], [[26.070032119750977]], [[26.839153289794922]], [[27.236427307128906]], [[27.55431365966797]], [[27.808521270751953]], [[28.22999382019043]], [[28.405664443969727]], [[28.48581314086914]], [[28.495119094848633]], [[28.453205108642578]], [[28.260156631469727]], [[28.021881103515625]], [[27.82059669494629]], [[27.495269775390625]], [[27.344512939453125]], [[27.074796676635742]], [[26.799211502075195]], [[26.679906845092773]], [[26.397960662841797]], [[26.153820037841797]], [[25.94825553894043]], [[25.616918563842773]], [[25.45021629333496]], [[25.156238555908203]], [[24.988765716552734]], [[24.691791534423828]], [[24.435138702392578]], [[24.177522659301758]], [[23.96170997619629]], [[23.6577205657959]], [[23.308401107788086]], [[23.13312339782715]], [[1.0533000230789185]], [[4.14345645904541]], [[6.120805263519287]], [[8.929399490356445]], [[11.454185485839844]], [[12.954316139221191]], [[14.981210708618164]], [[17.189401626586914]], [[18.50537109375]], [[19.899709701538086]], [[20.177743911743164]], [[20.690744400024414]], [[21.79884147644043]], [[21.929887771606445]], [[22.35610580444336]], [[22.512924194335938]], [[22.69207763671875]], [[22.846799850463867]], [[22.945571899414062]], [[22.83928680419922]], [[22.755823135375977]], [[22.546812057495117]], [[22.365798950195312]], [[22.169527053833008]], [[21.963916778564453]], [[21.78615379333496]], [[21.566898345947266]], [[21.380489349365234]], [[21.114973068237305]], [[20.884510040283203]], [[19.453022003173828]], [[19.249595642089844]], [[18.963525772094727]], [[18.716747283935547]], [[18.51093101501465]], [[18.220556259155273]], [[1.104699969291687]], [[2.5891571044921875]], [[4.771371364593506]], [[7.50362491607666]], [[8.12275505065918]], [[10.471275329589844]], [[11.50585651397705]], [[13.35433292388916]], [[14.138432502746582]], [[14.852624893188477]], [[16.062362670898438]], [[17.012285232543945]], [[17.403358459472656]], [[17.893939971923828]], [[18.166852951049805]], [[18.60895538330078]], [[18.927398681640625]], [[19.26808738708496]], [[19.326457977294922]], [[19.40399742126465]], [[19.441246032714844]], [[19.377927780151367]], [[19.28119659423828]], [[19.10869598388672]], [[19.008071899414062]], [[18.845556259155273]], [[18.61146354675293]], [[18.456558227539062]], [[18.263774871826172]], [[18.03326988220215]], [[17.865385055541992]], [[17.624834060668945]], [[17.487031936645508]], [[17.241073608398438]], [[17.13452911376953]], [[16.776018142700195]], [[16.485557556152344]], [[16.155447006225586]], [[15.970725059509277]], [[0.6033599972724915]], [[3.810152769088745]], [[5.624989032745361]], [[7.883363723754883]], [[8.913935661315918]], [[9.885994911193848]], [[11.633213996887207]], [[12.77077865600586]], [[13.761951446533203]], [[14.617209434509277]], [[15.349554061889648]], [[15.970479965209961]], [[16.328458786010742]], [[16.930233001708984]], [[17.290470123291016]], [[17.755617141723633]], [[18.225046157836914]], [[18.366535186767578]], [[18.46196174621582]], [[18.529891967773438]], [[18.552913665771484]], [[18.531219482421875]], [[18.448820114135742]], [[18.358591079711914]], [[18.30691909790039]], [[18.171628952026367]], [[18.042858123779297]], [[17.904987335205078]], [[17.758935928344727]], [[17.633026123046875]], [[17.450748443603516]], [[17.262826919555664]], [[17.125844955444336]], [[16.928634643554688]], [[16.787017822265625]], [[16.671546936035156]], [[16.466697692871094]], [[16.25932502746582]], [[16.079303741455078]], [[15.897231101989746]], [[15.744144439697266]], [[15.589827537536621]], [[15.340608596801758]], [[15.1513032913208]], [[14.960787773132324]], [[0.35506001114845276]], [[2.9091310501098633]], [[4.865904808044434]], [[7.964694976806641]], [[10.1885404586792]], [[11.745357513427734]], [[13.233007431030273]], [[14.201387405395508]], [[15.339655876159668]], [[15.750901222229004]], [[16.223060607910156]], [[16.594758987426758]], [[16.852249145507812]], [[16.91364860534668]], [[16.983535766601562]], [[17.020002365112305]], [[17.02198028564453]], [[16.989213943481445]], [[16.925634384155273]], [[16.879268646240234]], [[16.785131454467773]], [[16.676830291748047]], [[16.627002716064453]], [[16.485631942749023]], [[16.39142608642578]], [[16.27396011352539]], [[16.1519775390625]], [[16.026775360107422]], [[15.897294044494629]], [[15.765871047973633]], [[15.676619529724121]], [[15.493749618530273]], [[15.377544403076172]], [[15.212751388549805]], [[15.14036750793457]], [[14.922463417053223]], [[14.79888916015625]], [[14.675145149230957]], [[14.574085235595703]], [[14.293441772460938]], [[14.190481185913086]], [[14.059865951538086]], [[13.875243186950684]], [[13.715027809143066]], [[13.579792976379395]], [[13.444570541381836]], [[13.224291801452637]], [[13.029996871948242]], [[12.833107948303223]], [[12.748156547546387]], [[12.577862739562988]], [[12.405540466308594]], [[12.202926635742188]], [[12.057061195373535]], [[11.909924507141113]], [[0.1057400032877922]], [[1.3731728792190552]], [[4.124475479125977]], [[5.259394645690918]], [[6.830139636993408]], [[8.648163795471191]], [[9.602516174316406]], [[10.438398361206055]], [[11.528668403625488]], [[12.074363708496094]], [[12.613595962524414]], [[12.98153305053711]], [[13.390874862670898]], [[13.660440444946289]], [[13.870845794677734]], [[14.078092575073242]], [[14.172675132751465]], [[14.246223449707031]], [[14.310566902160645]], [[14.358638763427734]], [[14.38114070892334]], [[14.389420509338379]], [[14.385918617248535]], [[14.380385398864746]], [[14.362627983093262]], [[14.3324556350708]], [[14.29956340789795]], [[14.254430770874023]], [[14.218331336975098]], [[14.163183212280273]], [[14.137829780578613]], [[14.0761137008667]], [[14.010406494140625]], [[13.961259841918945]], [[13.879106521606445]], [[13.836954116821289]], [[13.771800994873047]], [[13.704814910888672]], [[13.624425888061523]], [[13.553821563720703]], [[13.50577449798584]], [[13.383102416992188]], [[13.320040702819824]], [[13.19145393371582]], [[13.178394317626953]], [[13.085878372192383]], [[12.936386108398438]], [[12.894865989685059]], [[12.782724380493164]], [[12.697041511535645]], [[12.624289512634277]], [[12.550904273986816]], [[12.431544303894043]], [[0.05844400078058243]], [[1.1153786182403564]], [[1.6374330520629883]], [[2.82725191116333]], [[4.116097450256348]], [[4.872763156890869]], [[5.721095085144043]], [[6.2475690841674805]], [[7.315245628356934]], [[7.739936828613281]], [[8.40848159790039]], [[8.75059986114502]], [[9.424478530883789]], [[9.619263648986816]], [[10.086976051330566]], [[10.337762832641602]], [[10.603731155395508]], [[11.007121086120605]], [[11.18768310546875]], [[11.345474243164062]], [[11.504325866699219]], [[11.565638542175293]], [[11.658365249633789]], [[11.802451133728027]], [[11.884045600891113]], [[11.95614242553711]], [[12.019783973693848]], [[12.07638168334961]], [[12.126625061035156]], [[12.178448677062988]], [[12.198671340942383]], [[12.247729301452637]], [[12.285332679748535]], [[12.30974006652832]], [[12.33662223815918]], [[12.357297897338867]], [[12.380186080932617]], [[12.404777526855469]], [[12.424250602722168]], [[12.44236946105957]], [[12.45669937133789]], [[12.475626945495605]], [[12.503280639648438]], [[12.517504692077637]], [[12.5311861038208]], [[12.548822402954102]], [[12.555326461791992]], [[12.568036079406738]], [[12.580556869506836]], [[12.596942901611328]], [[12.60304069519043]], [[12.617181777954102]]]}