{"vc": [[-0.14315709471702576, 0.0, 0.0], [0.0, -0.22829614579677582, 0.22829347848892212], [-0.07300254702568054, 0.33174067735671997, -0.33167997002601624], [-0.2734260857105255, 0.0, 0.0], [0.0, 0.0, 0.0], [0.0, 0.0, 0.0], [0.0, 0.0506361648440361, -0.050685759633779526], [0.0, 0.0, 0.0], [0.0, 0.0, 0.0], [0.21436473727226257, 0.0, 0.0]], "true_y1": [[[0.4006600081920624]], [[10.970193862915039]], [[12.887992858886719]], [[18.41563606262207]], [[23.217391967773438]], [[27.329381942749023]], [[28.460704803466797]], [[32.601707458496094]], [[34.96125030517578]], [[37.33843994140625]], [[38.641239166259766]], [[39.336463928222656]], [[39.909263610839844]], [[40.38294982910156]], [[41.22784423828125]], [[41.64093780517578]], [[41.895084381103516]], [[42.0589485168457]], [[42.1048469543457]], [[42.03789520263672]], [[41.862003326416016]], [[41.69021987915039]], [[41.39299392700195]], [[41.250606536865234]], [[40.99147033691406]], [[40.722808837890625]], [[40.605655670166016]], [[40.327327728271484]], [[40.0850715637207]], [[39.88043975830078]], [[39.54966735839844]], [[39.38290786743164]], [[39.088401794433594]], [[38.92042541503906]], [[38.62226104736328]], [[38.36431884765625]], [[38.105201721191406]], [[37.88798904418945]], [[37.58182144165039]], [[37.2297248840332]], [[37.052947998046875]], [[1.0533000230789185]], [[5.31880521774292]], [[8.064257621765137]], [[11.998746871948242]], [[15.585371971130371]], [[17.74631690979004]], [[20.712095260620117]], [[24.02243423461914]], [[26.04867172241211]], [[28.257465362548828]], [[28.707965850830078]], [[29.550626754760742]], [[31.44326400756836]], [[31.677106857299805]], [[32.4644889831543]], [[32.77021408081055]], [[33.139869689941406]], [[33.49762725830078]], [[33.815185546875]], [[33.9675407409668]], [[33.92769241333008]], [[33.77767562866211]], [[33.623512268066406]], [[33.44443893432617]], [[33.2491569519043]], [[33.0763053894043]], [[32.85969543457031]], [[32.67346954345703]], [[32.40596008300781]], [[32.17226791381836]], [[30.70732879638672]], [[30.498380661010742]], [[30.204425811767578]], [[29.950773239135742]], [[29.73919105529785]], [[29.440643310546875]], [[1.104699969291687]], [[3.1673126220703125]], [[6.21303653717041]], [[10.064006805419922]], [[10.944662094116211]], [[14.321529388427734]], [[15.831494331359863]], [[18.574174880981445]], [[19.759063720703125]], [[20.852130889892578]], [[22.740938186645508]], [[24.267892837524414]], [[24.911941528320312]], [[25.737308502197266]], [[26.20745277404785]], [[26.993450164794922]], [[27.589841842651367]], [[28.294836044311523]], [[28.4340877532959]], [[28.649490356445312]], [[28.821250915527344]], [[28.93698501586914]], [[28.90813446044922]], [[28.79656219482422]], [[28.717426300048828]], [[28.578632354736328]], [[28.364784240722656]], [[28.217805862426758]], [[28.031003952026367]], [[27.803787231445312]], [[27.636449813842773]], [[27.394794464111328]], [[27.255613327026367]], [[27.00621795654297]], [[26.897884368896484]], [[26.53241539001465]], [[26.235597610473633]], [[25.897802352905273]], [[25.708648681640625]], [[0.6033599972724915]], [[5.081401824951172]], [[7.634298324584961]], [[10.843743324279785]], [[12.324601173400879]], [[13.733187675476074]], [[16.300565719604492]], [[18.002830505371094]], [[19.511280059814453]], [[20.836462020874023]], [[21.99300765991211]], [[22.993635177612305]], [[23.581022262573242]], [[24.591182708740234]], [[25.21428108215332]], [[26.05060386657715]], [[26.966529846191406]], [[27.277952194213867]], [[27.515684127807617]], [[27.729570388793945]], [[27.91067123413086]], [[27.97686195373535]], [[28.004009246826172]], [[27.976964950561523]], [[27.95199966430664]], [[27.869810104370117]], [[27.778186798095703]], [[27.671545028686523]], [[27.55225944519043]], [[27.44576072692871]], [[27.28727912902832]], [[27.120012283325195]], [[26.996240615844727]], [[26.815969467163086]], [[26.6853084564209]], [[26.57815933227539]], [[26.386953353881836]], [[26.192190170288086]], [[26.022314071655273]], [[25.849863052368164]], [[25.70443344116211]], [[25.557476043701172]], [[25.319461822509766]], [[25.138153076171875]], [[24.95526695251465]], [[0.35506001114845276]], [[3.941373586654663]], [[6.706246376037598]], [[11.145942687988281]], [[14.406869888305664]], [[16.74642562866211]], [[19.045242309570312]], [[20.589008331298828]], [[22.478591918945312]], [[23.192901611328125]], [[24.049442291259766]], [[24.774272918701172]], [[25.341604232788086]], [[25.498111724853516]], [[25.70681381225586]], [[25.861234664916992]], [[26.03547477722168]], [[26.095256805419922]], [[26.123249053955078]], [[26.123106002807617]], [[26.100507736206055]], [[26.055021286010742]], [[26.029876708984375]], [[25.94921112060547]], [[25.8900089263916]], [[25.811952590942383]], [[25.7271785736084]], [[25.637205123901367]], [[25.541728973388672]], [[25.442846298217773]], [[25.37476921081543]], [[25.233402252197266]], [[25.142486572265625]], [[25.012388229370117]], [[24.954870223999023]], [[24.78056526184082]], [[24.68105125427246]], [[24.580982208251953]], [[24.498977661132812]], [[24.270076751708984]], [[24.18570899963379]], [[24.07840347290039]], [[23.926227569580078]], [[23.79371452331543]], [[23.68154525756836]], [[23.56909942626953]], [[23.38530921936035]], [[23.22256088256836]], [[23.0570125579834]], [[22.985382080078125]], [[22.84140968322754]], [[22.6951847076416]], [[22.522518157958984]], [[22.397686004638672]], [[22.271289825439453]], [[0.1057400032877922]], [[1.9138100147247314]], [[5.86114501953125]], [[7.5071539878845215]], [[9.812942504882812]], [[12.538902282714844]], [[14.004171371459961]], [[15.313878059387207]], [[17.072208404541016]], [[17.981582641601562]], [[18.907817840576172]], [[19.56173324584961]], [[20.32041358947754]], [[20.8477840423584]], [[21.28481674194336]], [[21.754350662231445]], [[21.992679595947266]], [[22.1983642578125]], [[22.40723419189453]], [[22.60787582397461]], [[22.750431060791016]], [[22.869991302490234]], [[22.971797943115234]], [[23.01639175415039]], [[23.096012115478516]], [[23.17388343811035]], [[23.230566024780273]], [[23.286745071411133]], [[23.321430206298828]], [[23.363636016845703]], [[23.379924774169922]], [[23.413740158081055]], [[23.443050384521484]], [[23.46169662475586]], [[23.48827362060547]], [[23.50016975402832]], [[23.516754150390625]], [[23.531957626342773]], [[23.54827117919922]], [[23.561229705810547]], [[23.569456100463867]], [[23.5887508392334]], [[23.59790802001953]], [[23.61539077758789]], [[23.61709213256836]], [[23.628833770751953]], [[23.646875381469727]], [[23.6517276763916]], [[23.66457176208496]], [[23.674177169799805]], [[23.682222366333008]], [[23.69025421142578]], [[23.70317840576172]], [[0.05844400078058243]], [[1.6107254028320312]], [[2.3788914680480957]], [[4.136895656585693]], [[6.059487342834473]], [[7.201132774353027]], [[8.496289253234863]], [[9.309988021850586]], [[10.989850997924805]], [[11.671674728393555]], [[12.765012741088867]], [[13.33587646484375]], [[14.489103317260742]], [[14.831151962280273]], [[15.67315673828125]], [[16.139514923095703]], [[16.648828506469727]], [[17.46048927307129]], [[17.84503173828125]], [[18.196104049682617]], [[18.568151473999023]], [[18.718055725097656]], [[18.953048706054688]], [[19.343341827392578]], [[19.58232879638672]], [[19.8079776763916]], [[20.021554946899414]], [[20.225866317749023]], [[20.421506881713867]], [[20.64105796813965]], [[20.73265266418457]], [[20.971771240234375]], [[21.174697875976562]], [[21.317581176757812]], [[21.486976623535156]], [[21.62710189819336]], [[21.793628692626953]], [[21.987672805786133]], [[22.153818130493164]], [[22.319334030151367]], [[22.458251953125]], [[22.653240203857422]], [[22.962793350219727]], [[23.13367462158203]], [[23.305471420288086]], [[23.537384033203125]], [[23.625762939453125]], [[23.80270004272461]], [[23.982147216796875]], [[24.224029541015625]], [[24.315893173217773]], [[24.532419204711914]]]}