{"vc": [[-0.12283872067928314, 0.0, 0.0], [0.0, -0.11683288961648941, 0.1169704720377922], [-0.044936444610357285, 0.3363541066646576, -0.33642899990081787], [-0.18150006234645844, 0.0, 0.0], [0.0, 0.0, 0.0], [0.0, 0.0, 0.0], [0.0, 0.026852799579501152, -0.0265353973954916], [0.0, 0.0, 0.0], [0.0, 0.0, 0.0], [0.3411972224712372, 0.0, 0.0]], "true_y1": [[[0.4006600081920624]], [[17.99997901916504]], [[21.22318458557129]], [[30.605182647705078]], [[38.90795135498047]], [[46.17919158935547]], [[48.21329116821289]], [[55.821197509765625]], [[60.30575180053711]], [[64.98709106445312]], [[67.65540313720703]], [[69.12358856201172]], [[70.36566162109375]], [[71.42305755615234]], [[73.42207336425781]], [[74.50806427001953]], [[75.27655792236328]], [[75.92472839355469]], [[76.26696014404297]], [[76.6861801147461]], [[76.81726837158203]], [[76.8326416015625]], [[76.77789306640625]], [[76.73381805419922]], [[76.6375732421875]], [[76.52403259277344]], [[76.47161865234375]], [[76.34221649169922]], [[76.22553253173828]], [[76.12490844726562]], [[75.95942687988281]], [[75.87501525878906]], [[75.72476959228516]], [[75.6385498046875]], [[75.48477935791016]], [[75.35116577148438]], [[75.21651458740234]], [[75.1033706665039]], [[74.94353485107422]], [[74.75928497314453]], [[74.66661834716797]], [[1.0533000230789185]], [[8.218768119812012]], [[12.858017921447754]], [[19.564682006835938]], [[25.761804580688477]], [[29.546451568603516]], [[34.820735931396484]], [[40.85002136230469]], [[44.63932418823242]], [[48.888309478759766]], [[49.7744140625]], [[51.45428466796875]], [[55.37268829345703]], [[55.87678909301758]], [[57.62693786621094]], [[58.33738708496094]], [[59.23415756225586]], [[60.17012023925781]], [[61.142723083496094]], [[62.17833709716797]], [[62.320133209228516]], [[62.46442794799805]], [[62.48801040649414]], [[62.46399688720703]], [[62.40700912475586]], [[62.34117126464844]], [[62.2459716796875]], [[62.156551361083984]], [[62.01993942260742]], [[61.895179748535156]], [[61.061729431152344]], [[60.93958282470703]], [[60.76691436767578]], [[60.61726379394531]], [[60.492027282714844]], [[60.31475067138672]], [[1.104699969291687]], [[4.600369930267334]], [[9.786796569824219]], [[16.408872604370117]], [[17.936782836914062]], [[23.85718536376953]], [[26.542808532714844]], [[31.499340057373047]], [[33.67881774902344]], [[35.714351654052734]], [[39.30061340332031]], [[42.28260803222656]], [[43.56986618041992]], [[45.25320053100586]], [[46.23331832885742]], [[47.91923522949219]], [[49.256710052490234]], [[50.96344757080078]], [[51.33243942260742]], [[51.94921875]], [[52.53021240234375]], [[53.244293212890625]], [[53.47770309448242]], [[53.644073486328125]], [[53.68291091918945]], [[53.700313568115234]], [[53.66814422607422]], [[53.62446212768555]], [[53.554222106933594]], [[53.454444885253906]], [[53.374202728271484]], [[53.25140380859375]], [[53.17792510986328]], [[53.042572021484375]], [[52.982601165771484]], [[52.77641677856445]], [[52.60567092895508]], [[52.40879821777344]], [[52.29761505126953]], [[0.6033599972724915]], [[8.233292579650879]], [[12.613525390625]], [[18.171981811523438]], [[20.762468338012695]], [[23.245332717895508]], [[27.82818603515625]], [[30.91719627380371]], [[33.69662094116211]], [[36.17829895019531]], [[38.38160705566406]], [[40.3226432800293]], [[41.4803581237793]], [[43.511253356933594]], [[44.79621505737305]], [[46.57627868652344]], [[48.649436950683594]], [[49.411434173583984]], [[50.03327178955078]], [[50.65035629272461]], [[51.28451919555664]], [[51.61426544189453]], [[51.9894905090332]], [[52.17884063720703]], [[52.250431060791016]], [[52.37273025512695]], [[52.43752670288086]], [[52.47422790527344]], [[52.4891357421875]], [[52.48820114135742]], [[52.47079849243164]], [[52.438575744628906]], [[52.40838623046875]], [[52.357486724853516]], [[52.31669235229492]], [[52.28132247924805]], [[52.21479797363281]], [[52.143524169921875]], [[52.07912826538086]], [[52.01207733154297]], [[51.9544563293457]], [[51.8953971862793]], [[51.798274993896484]], [[51.72328567504883]], [[51.64691162109375]], [[0.35506001114845276]], [[6.505995273590088]], [[11.274704933166504]], [[19.023178100585938]], [[24.826702117919922]], [[29.077186584472656]], [[33.35236740112305]], [[36.29838180541992]], [[40.02461242675781]], [[41.48351287841797]], [[43.289703369140625]], [[44.894920349121094]], [[46.24495315551758]], [[46.644622802734375]], [[47.211727142333984]], [[47.674983978271484]], [[48.3105354309082]], [[48.625396728515625]], [[48.9128532409668]], [[49.04706573486328]], [[49.237918853759766]], [[49.38638687133789]], [[49.439361572265625]], [[49.555904388427734]], [[49.613914489746094]], [[49.671058654785156]], [[49.7171516418457]], [[49.75396728515625]], [[49.78352355957031]], [[49.80665588378906]], [[49.81918716430664]], [[49.83848190307617]], [[49.84712600708008]], [[49.85558319091797]], [[49.85810852050781]], [[49.86215591430664]], [[49.862464904785156]], [[49.86158752441406]], [[49.860103607177734]], [[49.852962493896484]], [[49.849403381347656]], [[49.844276428222656]], [[49.836002349853516]], [[49.827964782714844]], [[49.82063293457031]], [[49.81285095214844]], [[49.79929733276367]], [[49.786537170410156]], [[49.77290725708008]], [[49.766822814941406]], [[49.75428009033203]], [[49.74113464355469]], [[49.72512435913086]], [[49.71324157714844]], [[49.700958251953125]], [[0.1057400032877922]], [[3.264838695526123]], [[10.190267562866211]], [[13.099918365478516]], [[17.209888458251953]], [[22.13987922668457]], [[24.832799911499023]], [[27.272842407226562]], [[30.611539840698242]], [[32.3746337890625]], [[34.20402526855469]], [[35.521568298339844]], [[37.086063385009766]], [[38.204185485839844]], [[39.157291412353516]], [[40.2196044921875]], [[40.7804069519043]], [[41.280799865722656]], [[41.809898376464844]], [[42.34592056274414]], [[42.75025177001953]], [[43.11064147949219]], [[43.438636779785156]], [[43.59028244018555]], [[43.87669372558594]], [[44.18214416503906]], [[44.425987243652344]], [[44.69217300415039]], [[44.87252426147461]], [[45.11366271972656]], [[45.21454620361328]], [[45.441341400146484]], [[45.661109924316406]], [[45.814762115478516]], [[46.05638885498047]], [[46.17452621459961]], [[46.35097122192383]], [[46.52597427368164]], [[46.7291259765625]], [[46.902549743652344]], [[47.018333435058594]], [[47.307220458984375]], [[47.45258712768555]], [[47.74369812011719]], [[47.77291488647461]], [[47.97829818725586]], [[48.304996490478516]], [[48.394744873046875]], [[48.63526916503906]], [[48.817352294921875]], [[48.97090148925781]], [[49.1248779296875]], [[49.37348937988281]], [[0.05844400078058243]], [[2.8601486682891846]], [[4.248064994812012]], [[7.430994510650635]], [[10.927876472473145]], [[13.01541519165039]], [[15.396552085876465]], [[16.900876998901367]], [[20.031293869018555]], [[21.313058853149414]], [[23.38455581665039]], [[24.475112915039062]], [[26.70030975341797]], [[27.366777420043945]], [[29.022171020507812]], [[29.94926643371582]], [[30.971370697021484]], [[32.624473571777344]], [[33.419795989990234]], [[34.15373992919922]], [[34.9405632019043]], [[35.260414123535156]], [[35.76527404785156]], [[36.61355972290039]], [[37.13923263549805]], [[37.639976501464844]], [[38.11782455444336]], [[38.57835006713867]], [[39.02227020263672]], [[39.52355194091797]], [[39.73355484008789]], [[40.28388595581055]], [[40.752872467041016]], [[41.08390426635742]], [[41.47698211669922]], [[41.80247116088867]], [[42.1894645690918]], [[42.64037322998047]], [[43.02619934082031]], [[43.4101448059082]], [[43.73196029663086]], [[44.18284606933594]], [[44.89629364013672]], [[45.28872299194336]], [[45.682159423828125]], [[46.21143341064453]], [[46.412559509277344]], [[46.81424331665039]], [[47.22028350830078]], [[47.76543426513672]], [[47.97181701660156]], [[48.456844329833984]]]}