{"vc": [[-0.06597509235143661, 0.0, 0.0], [0.0, -1.0857830047607422, 1.0861198902130127], [-0.013885770924389362, 0.06725543737411499, -0.06757347285747528], [-0.23062829673290253, 0.0, 0.0], [0.0, 0.0, 0.0], [0.0, 0.0, 0.0], [0.0, 0.4739207923412323, -0.47447600960731506], [0.0, 0.0, 0.0], [0.0, 0.0, 0.0], [0.04042201489210129, 0.0, 0.0]], "true_y1": [[[0.4006600081920624]], [[1.8490835428237915]], [[2.0940988063812256]], [[2.757248878479004]], [[3.2712671756744385]], [[3.655526876449585]], [[3.750741958618164]], [[4.052966117858887]], [[4.185207843780518]], [[4.276749610900879]], [[4.300671577453613]], [[4.301876544952393]], [[4.294188976287842]], [[4.2795515060424805]], [[4.221577167510986]], [[4.161826133728027]], [[4.095684051513672]], [[4.0083746910095215]], [[3.9371700286865234]], [[3.7753775119781494]], [[3.6329243183135986]], [[3.5277585983276367]], [[3.3717360496520996]], [[3.303057909011841]], [[3.1840147972106934]], [[3.0661814212799072]], [[3.0161125659942627]], [[2.899665117263794]], [[2.80068302154541]], [[2.7185137271881104]], [[2.5881142616271973]], [[2.523402214050293]], [[2.4106740951538086]], [[2.3472299575805664]], [[2.2360875606536865]], [[2.141433000564575]], [[2.0477354526519775]], [[1.97026789188385]], [[1.8627691268920898]], [[1.7416549921035767]], [[1.681891918182373]], [[1.0533000230789185]], [[1.5919532775878906]], [[1.9110463857650757]], [[2.326310873031616]], [[2.6580801010131836]], [[2.8347837924957275]], [[3.046586275100708]], [[3.236170530319214]], [[3.323523759841919]], [[3.3870863914489746]], [[3.394970417022705]], [[3.4038922786712646]], [[3.385448932647705]], [[3.3777284622192383]], [[3.336757183074951]], [[3.311866044998169]], [[3.2705078125]], [[3.2098169326782227]], [[3.112316846847534]], [[2.890669584274292]], [[2.822404384613037]], [[2.685912609100342]], [[2.5850679874420166]], [[2.4849202632904053]], [[2.3864879608154297]], [[2.305144786834717]], [[2.208411931991577]], [[2.1286659240722656]], [[2.0182950496673584]], [[1.9250924587249756]], [[1.3881547451019287]], [[1.317091941833496]], [[1.2193878889083862]], [[1.137258768081665]], [[1.0703494548797607]], [[0.9785282015800476]], [[1.104699969291687]], [[1.347500205039978]], [[1.6774437427520752]], [[2.0421125888824463]], [[2.116828680038452]], [[2.3717153072357178]], [[2.468674421310425]], [[2.61543607711792]], [[2.6659798622131348]], [[2.7048497200012207]], [[2.7516610622406006]], [[2.7658028602600098]], [[2.7633626461029053]], [[2.75049090385437]], [[2.7368855476379395]], [[2.6997528076171875]], [[2.653275489807129]], [[2.5572152137756348]], [[2.527575731277466]], [[2.4661576747894287]], [[2.3869218826293945]], [[2.224492073059082]], [[2.126624822616577]], [[1.9969639778137207]], [[1.932179570198059]], [[1.8364861011505127]], [[1.710793375968933]], [[1.63288414478302]], [[1.540165662765503]], [[1.4341604709625244]], [[1.359691858291626]], [[1.2564237117767334]], [[1.1989103555679321]], [[1.098995327949524]], [[1.0567553043365479]], [[0.919074535369873]], [[0.8125141263008118]], [[0.69694983959198]], [[0.6349706649780273]], [[0.6033599972724915]], [[1.0970211029052734]], [[1.3536783456802368]], [[1.6459555625915527]], [[1.7681000232696533]], [[1.876111388206482]], [[2.0504417419433594]], [[2.1479575634002686]], [[2.2203309535980225]], [[2.2711198329925537]], [[2.3036699295043945]], [[2.320891857147217]], [[2.3251724243164062]], [[2.3194992542266846]], [[2.3051414489746094]], [[2.266390800476074]], [[2.1781835556030273]], [[2.1262366771698]], [[2.0708541870117188]], [[1.9983422756195068]], [[1.893078327178955]], [[1.8163697719573975]], [[1.6919752359390259]], [[1.5984599590301514]], [[1.5521769523620605]], [[1.4442646503448486]], [[1.3525160551071167]], [[1.2617093324661255]], [[1.1714228391647339]], [[1.09731924533844]], [[0.9949149489402771]], [[0.8943420648574829]], [[0.8237977623939514]], [[0.7259281277656555]], [[0.6581695079803467]], [[0.6044232249259949]], [[0.5123416781425476]], [[0.4233892858028412]], [[0.349730908870697]], [[0.27874013781547546]], [[0.22192004323005676]], [[0.16744956374168396]], [[0.08588619530200958]], [[0.029694814234972]], [[-0.021316278725862503]], [[0.35506001114845276]], [[0.7247933149337769]], [[0.9905480146408081]], [[1.3703364133834839]], [[1.6022388935089111]], [[1.7368505001068115]], [[1.835073709487915]], [[1.8753180503845215]], [[1.8816264867782593]], [[1.8649539947509766]], [[1.8219408988952637]], [[1.752707839012146]], [[1.6566519737243652]], [[1.6177263259887695]], [[1.5501549243927002]], [[1.4801628589630127]], [[1.3498854637145996]], [[1.2616076469421387]], [[1.1578032970428467]], [[1.0980411767959595]], [[0.9943436980247498]], [[0.8909074068069458]], [[0.8468904495239258]], [[0.7303412556648254]], [[0.6578523516654968]], [[0.5718669891357422]], [[0.48682838678359985]], [[0.4033726155757904]], [[0.3206692934036255]], [[0.24016264081001282]], [[0.18736746907234192]], [[0.08381646126508713]], [[0.021241888403892517]], [[-0.06308149546384811]], [[-0.09842254221439362]], [[-0.19813424348831177]], [[-0.24988557398319244]], [[-0.29788902401924133]], [[-0.3340299129486084]], [[-0.41809383034706116]], [[-0.4421660602092743]], [[-0.4667711853981018]], [[-0.4890144169330597]], [[-0.49502643942832947]], [[-0.48945382237434387]], [[-0.4733176827430725]], [[-0.422690749168396]], [[-0.35165250301361084]], [[-0.2541586756706238]], [[-0.20444102585315704]], [[-0.0920262411236763]], [[0.03671494871377945]], [[0.20222830772399902]], [[0.32685157656669617]], [[0.4536820650100708]], [[0.1057400032877922]], [[0.252991259098053]], [[0.5592803359031677]], [[0.6776975989341736]], [[0.8305628299713135]], [[0.9852110147476196]], [[1.0526405572891235]], [[1.1004749536514282]], [[1.1396440267562866]], [[1.1443239450454712]], [[1.1334623098373413]], [[1.112838625907898]], [[1.0697485208511353]], [[1.0224484205245972]], [[0.9674893021583557]], [[0.8848490715026855]], [[0.8293263912200928]], [[0.7709752917289734]], [[0.6983307003974915]], [[0.6108027696609497]], [[0.5336555242538452]], [[0.45548275113105774]], [[0.37564975023269653]], [[0.3357054591178894]], [[0.25470006465911865]], [[0.1599428653717041]], [[0.07793640345335007]], [[-0.017997875809669495]], [[-0.086678646504879]], [[-0.18286192417144775]], [[-0.22447386384010315]], [[-0.3206688165664673]], [[-0.416919082403183]], [[-0.48566141724586487]], [[-0.5955663323402405]], [[-0.6498696208000183]], [[-0.7313581109046936]], [[-0.812302827835083]], [[-0.905908465385437]], [[-0.9850481152534485]], [[-1.037259578704834]], [[-1.164249300956726]], [[-1.2257006168365479]], [[-1.3415143489837646]], [[-1.3524634838104248]], [[-1.424918293952942]], [[-1.5183286666870117]], [[-1.5375946760177612]], [[-1.5703740119934082]], [[-1.5716201066970825]], [[-1.5519713163375854]], [[-1.50863778591156]], [[-1.376356601715088]], [[0.05844400078058243]], [[0.12436594069004059]], [[0.15620672702789307]], [[0.22638723254203796]], [[0.2974150776863098]], [[0.3358485698699951]], [[0.3751126825809479]], [[0.39691662788391113]], [[0.43298861384391785]], [[0.44334185123443604]], [[0.45323386788368225]], [[0.45440545678138733]], [[0.4459663927555084]], [[0.4400615692138672]], [[0.41705062985420227]], [[0.3980509042739868]], [[0.3709959387779236]], [[0.31086188554763794]], [[0.27332818508148193]], [[0.2329229861497879]], [[0.18282361328601837]], [[0.16031384468078613]], [[0.12214399874210358]], [[0.050521574914455414]], [[0.0013970844447612762]], [[-0.04866982251405716]], [[-0.09923820197582245]], [[-0.15029066801071167]], [[-0.2013292759656906]], [[-0.2606116533279419]], [[-0.2858089804649353]], [[-0.3522869646549225]], [[-0.4087231159210205]], [[-0.4479455351829529]], [[-0.49333757162094116]], [[-0.5295393466949463]], [[-0.5703904628753662]], [[-0.6141066551208496]], [[-0.6473342180252075]], [[-0.6757157444953918]], [[-0.6952667236328125]], [[-0.7150465846061707]], [[-0.7245748043060303]], [[-0.7164210081100464]], [[-0.6973719596862793]], [[-0.6530201435089111]], [[-0.6302400231361389]], [[-0.5747439861297607]], 