{"vc": [[-0.05732930451631546, -0.15134289860725403, 0.1511964201927185], [-0.15045689046382904, -2.3909499645233154, 2.3908846378326416], [-0.02307812124490738, -0.0345345214009285, 0.0344991534948349], [-0.030330108478665352, -0.1109105572104454, 0.11065298318862915], [-0.05329439043998718, 0.000524083327036351, -0.0005326792015694082], [-0.04876725375652313, 0.02657361328601837, -0.026583600789308548], [-0.16147537529468536, 0.6757432818412781, -0.6759375333786011], [0.0015717534115538, 0.003076370572671294, -0.0031128954142332077], [0.045877788215875626, 0.047374241054058075, -0.04740065336227417], [-0.0064775352366268635, 0.040936172008514404, -0.04113636165857315]], "true_y1": [[[0.4006600081920624]], [[0.1255994439125061]], [[0.11460845172405243]], [[0.13352759182453156]], [[0.20828890800476074]], [[0.31969547271728516]], [[0.3594139814376831]], [[0.5480489134788513]], [[0.6962094902992249]], [[0.8913291692733765]], [[1.0268670320510864]], [[1.1107677221298218]], [[1.1875554323196411]], [[1.2573250532150269]], [[1.3992326259613037]], [[1.4782391786575317]], [[1.5293478965759277]], [[1.5598701238632202]], [[1.562840223312378]], [[1.5215774774551392]], [[1.4533672332763672]], [[1.3942164182662964]], [[1.3027262687683105]], [[1.2631019353866577]], [[1.1970877647399902]], [[1.1361182928085327]], [[1.1116732358932495]], [[1.0582520961761475]], [[1.0165349245071411]], [[0.984343945980072]], [[0.9374479055404663]], [[0.9159285426139832]], [[0.8809412121772766]], [[0.8625295758247375]], [[0.8322678208351135]], [[0.8082956671714783]], [[0.7860124707221985]], [[0.7685642242431641]], [[0.7456546425819397]], [[0.7214369773864746]], [[0.7100348472595215]], [[1.0533000230789185]], [[0.8253636360168457]], [[0.7485779523849487]], [[0.7055386900901794]], [[0.7199159264564514]], [[0.7494820356369019]], [[0.8137441277503967]], [[0.9176397323608398]], [[0.9988715648651123]], [[1.1041123867034912]], [[1.1278462409973145]], [[1.1743547916412354]], [[1.2880741357803345]], [[1.3027664422988892]], [[1.3519060611724854]], [[1.3700978755950928]], [[1.3900573253631592]], [[1.4043601751327515]], [[1.403987169265747]], [[1.345084547996521]], [[1.3187593221664429]], [[1.2608802318572998]], [[1.2163913249969482]], [[1.1725102663040161]], [[1.1306644678115845]], [[1.0974916219711304]], [[1.06000554561615]], [[1.0308253765106201]], [[0.9930621385574341]], [[0.9635058641433716]], [[0.8278589248657227]], [[0.8139634728431702]], [[0.7958382964134216]], [[0.7814046144485474]], [[0.7701357007026672]], [[0.7553110718727112]], [[1.104699969291687]], [[0.957634449005127]], [[0.8229352235794067]], [[0.7499535083770752]], [[0.7448000311851501]], [[0.7568362951278687]], [[0.7766869068145752]], [[0.8332135677337646]], [[0.8654515147209167]], [[0.8992987275123596]], [[0.9670509696006775]], [[1.0303106307983398]], [[1.0591540336608887]], [[1.09773850440979]], [[1.1203358173370361]], [[1.1583787202835083]], [[1.1861763000488281]], [[1.2130489349365234]], [[1.2162898778915405]], [[1.2178303003311157]], [[1.2119454145431519]], [[1.1818174123764038]], [[1.1566632986068726]], [[1.1192474365234375]], [[1.099724292755127]], [[1.0706676244735718]], [[1.0331048965454102]], [[1.010590672492981]], [[0.984826922416687]], [[0.9569336771965027]], [[0.9383979439735413]], [[0.9141607284545898]], [[0.9013922810554504]], [[0.8804091215133667]], [[0.8719789981842041]], [[0.8461980819702148]], [[0.8278806805610657]], [[0.8094268441200256]], [[0.8000596761703491]], [[0.6033599972724915]], [[0.39115995168685913]], [[0.33692142367362976]], [[0.3166544735431671]], [[0.32238495349884033]], [[0.33588549494743347]], [[0.38010308146476746]], [[0.42366912961006165]], [[0.4725249409675598]], [[0.5242785215377808]], [[0.5771141052246094]], [[0.6294524669647217]], [[0.6634300351142883]], [[0.7283343076705933]], [[0.7730231881141663]], [[0.8395161628723145]], [[0.9220893383026123]], [[0.9525086283683777]], [[0.9762357473373413]], [[0.9973540306091309]], [[1.0133821964263916]], [[1.0170226097106934]], [[1.0126926898956299]], [[1.0034949779510498]], [[0.997586190700531]], [[0.981313943862915]], [[0.9656082391738892]], [[0.9491082429885864]], [[0.9322781562805176]], [[0.918423056602478]], [[0.899526834487915]], [[0.8815107345581055]], [[0.8692969679832458]], [[0.8530114889144897]], [[0.8422111868858337]], [[0.8339250683784485]], [[0.8202987909317017]], [[0.8077917098999023]], [[0.7978861927986145]], [[0.7886841893196106]], [[0.7815279960632324]], [[0.7748070955276489]], [[0.7649004459381104]], [[0.7580800652503967]], [[0.75176602602005]], [[0.35506001114845276]], [[0.1872754991054535]], [[0.12341448664665222]], [[0.10191137343645096]], [[0.137924924492836]], [[0.19068844616413116]], [[0.26837319135665894]], [[0.338839590549469]], [[0.45294052362442017]], [[0.5069568157196045]], [[0.5825721621513367]], [[0.6586393713951111]], [[0.7286131978034973]], [[0.7499793171882629]], [[0.7801689505577087]], [[0.8039752244949341]], [[0.8328596949577332]], [[0.843708872795105]], [[0.8497248291969299]], [[0.8505685329437256]], [[0.8485120534896851]], [[0.8430680632591248]], [[0.8399763703346252]], [[0.8301693201065063]], [[0.8232106566429138]], [[0.8144117593765259]], [[0.8053581714630127]], [[0.79631507396698]], [[0.7873323559761047]], [[0.7786599397659302]], [[0.7730420231819153]], [[0.7622307538986206]], [[0.7558449506759644]], [[0.7474117875099182]], [[0.7439296841621399]], [[0.7342166900634766]], [[0.7291906476020813]], [[0.7244814038276672]], [[0.7208614945411682]], [[0.7117815017700195]], [[0.708777904510498]], [[0.705196738243103]], [[0.7005379796028137]], [[0.6968441009521484]], [[0.6939558982849121]], [[0.6912612915039062]], [[0.6872479319572449]], [[0.6840559840202332]], [[0.6811172366142273]], [[0.6799331903457642]], [[0.6776994466781616]], [[0.6756144762039185]], [[0.6733669638633728]], [[0.6718729138374329]], [[0.670461893081665]], [[0.1057400032877922]], [[0.011923417448997498]], [[-0.09882263839244843]], [[-0.11851491034030914]], [[-0.1259738951921463]], [[-0.10699853301048279]], [[-0.08382579684257507]], [[-0.054167166352272034]], [[0.002291891723871231]], [[0.04124296084046364]], [[0.09012336283922195]], [[0.13180546462535858]], [[0.18987342715263367]], [[0.2380867749452591]], [[0.2841925621032715]], [[0.3413105607032776]], [[0.3737911581993103]], [[0.40389832854270935]], [[0.4364960193634033]], [[0.46963992714881897]], [[0.49408161640167236]], [[0.5149011015892029]], [[0.5325815081596375]], [[0.5402166843414307]], [[0.5534946322441101]], [[0.5657287836074829]], [[0.5738701820373535]], [[0.580978274345398]], [[0.5847129821777344]], [[0.588362991809845]], [[0.5894517302513123]], [[0.5910206437110901]], [[0.5914912819862366]], [[0.5912880301475525]], [[0.5902321338653564]], [[0.589444637298584]], [[0.5880056023597717]], [[0.5863335728645325]], [[0.5841748118400574]], [[0.5822112560272217]], [[0.5808634757995605]], [[0.5774546265602112]], [[0.5757486820220947]], [[0.5724172592163086]], [[0.5720915198326111]], [[0.5698554515838623]], [[0.5665164589881897]], [[0.565649688243866]], [[0.5634373426437378]], [[0.5618696212768555]], [[0.5606181621551514]], [[0.559426486492157]], [[0.557631254196167]], [[0.05844400078058243]], [[-0.034549906849861145]], [[-0.06908880174160004]], [[-0.12682116031646729]], [[-0.16410255432128906]], [[-0.17630574107170105]], [[-0.18255402147769928]], [[-0.18266038596630096]], [[-0.1738363355398178]], [[-0.1666962057352066]], [[-0.15058353543281555]], [[-0.1396675854921341]], [[-0.1115390807390213]], [[-0.10141672194004059]], [[-0.07240273058414459]], [[-0.053486380726099014]], [[-0.03015783801674843]], [[0.013596076518297195]], [[0.03745501488447189]], [[0.06109609454870224]], [[0.08807100355625153]], [[0.0994713306427002]], [[0.11790108680725098]], [[0.14975261688232422]], [[0.16976198554039001]], [[0.1887674182653427]], [[0.2066473811864853]], [[0.22345073521137238]], [[0.23908065259456635]], [[0.25587135553359985]], [[0.26259127259254456]], [[0.27921223640441895]], [[0.2921583950519562]], 