{"vc": [[-0.10001499205827713, 0.0, 0.0], [0.0, -0.8026608824729919, 0.8034871816635132], [-0.025542274117469788, 0.07195023447275162, -0.07186567038297653], [-0.2888704836368561, 0.0, 0.0], [0.0, 0.0, 0.0], [0.0, 0.0, 0.0], [0.0, 0.3371516466140747, -0.33672159910202026], [0.0, 0.0, 0.0], [0.0, 0.0, 0.0], [0.05738465487957001, 0.0, 0.0]], "true_y1": [[[0.4006600081920624]], [[2.571629285812378]], [[2.941950798034668]], [[3.9483275413513184]], [[4.732605934143066]], [[5.322020053863525]], [[5.4686994552612305]], [[5.937619209289551]], [[6.146604061126709]], [[6.297292709350586]], [[6.3426432609558105]], [[6.350574970245361]], [[6.344937324523926]], [[6.328678131103516]], [[6.255012512207031]], [[6.1748175621032715]], [[6.083917617797852]], [[5.961781024932861]], [[5.86081600189209]], [[5.627842426300049]], [[5.419398307800293]], [[5.263885974884033]], [[5.031062602996826]], [[4.927896022796631]], [[4.748224258422852]], [[4.5694427490234375]], [[4.493222713470459]], [[4.315419673919678]], [[4.163734436035156]], [[4.037452220916748]], [[3.8364012241363525]], [[3.7363393306732178]], [[3.5615782737731934]], [[3.4629669189453125]], [[3.2897679805755615]], [[3.1417994499206543]], [[2.9948904514312744]], [[2.8730876445770264]], [[2.7035300731658936]], [[2.511705160140991]], [[2.416722059249878]], [[1.0533000230789185]], [[1.8774030208587646]], [[2.37736177444458]], [[3.0429341793060303]], [[3.58918833732605]], [[3.886873722076416]], [[4.252404689788818]], [[4.593323707580566]], [[4.760397911071777]], [[4.896586894989014]], [[4.917028427124023]], [[4.946904182434082]], [[4.9592437744140625]], [[4.9530816078186035]], [[4.911314487457275]], [[4.882519721984863]], [[4.8319597244262695]], [[4.7541422843933105]], [[4.623995780944824]], [[4.315752029418945]], [[4.218609809875488]], [[4.0221266746521]], [[3.875314950942993]], [[3.728322744369507]], [[3.582803249359131]], [[3.4618277549743652]], [[3.317171573638916]], [[3.1973018646240234]], [[3.030517816543579]], [[2.888902187347412]], [[2.0590457916259766]], [[1.947271466255188]], [[1.7927320003509521]], [[1.6619956493377686]], [[1.5548769235610962]], [[1.406900405883789]], [[1.104699969291687]], [[1.4809339046478271]], [[2.0062479972839355]], [[2.6093568801879883]], [[2.7365050315856934]], [[3.1826064586639404]], [[3.3590612411499023]], [[3.6385440826416016]], [[3.741023540496826]], [[3.8244471549987793]], [[3.939378261566162]], [[3.9983773231506348]], [[4.011319160461426]], [[4.014161586761475]], [[4.006983280181885]], [[3.974933385848999]], [[3.9252426624298096]], [[3.809751272201538]], [[3.7722392082214355]], [[3.6927499771118164]], [[3.587611198425293]], [[3.366000175476074]], [[3.22967529296875]], [[3.0466227531433105]], [[2.954265832901001]], [[2.816868782043457]], [[2.634763240814209]], [[2.5210070610046387]], [[2.3847782611846924]], [[2.227908134460449]], [[2.116987466812134]], [[1.9621622562408447]], [[1.875409483909607]], [[1.723755121231079]], [[1.6592628955841064]], [[1.4473445415496826]], [[1.281322717666626]], [[1.0989371538162231]], [[0.9999480843544006]], [[0.6033599972724915]], [[1.3801589012145996]], [[1.7939062118530273]], [[2.274667739868164]], [[2.4792189598083496]], [[2.662353992462158]], [[2.9640207290649414]], [[3.1379554271698]], [[3.271718740463257]], [[3.3707070350646973]], [[3.4401464462280273]], [[3.484606981277466]], [[3.502453565597534]], [[3.514861583709717]], [[3.507411003112793]], [[3.4705586433410645]], [[3.36759877204895]], [[3.3026843070983887]], [[3.2317276000976562]], [[3.136998176574707]], [[2.996957778930664]], [[2.893523931503296]], [[2.7238762378692627]], [[2.595022201538086]], [[2.530872106552124]], [[2.3803908824920654]], [[2.251483201980591]], [[2.1230409145355225]], [[1.9944846630096436]], [[1.8883235454559326]], [[1.7406184673309326]], [[1.5943535566329956]], [[1.4909913539886475]], [[1.3464354276657104]], [[1.2454825639724731]], [[1.1648411750793457]], [[1.0253667831420898]], [[0.8887911438941956]], [[0.7740383744239807]], [[0.6616953611373901]], [[0.5702625513076782]], [[0.4810459613800049]], [[0.3436986804008484]], [[0.24545080959796906]], [[0.15246017277240753]], [[0.35506001114845276]], [[0.9446748495101929]], [[1.3755180835723877]], [[2.002763271331787]], [[2.395266056060791]], [[2.6299259662628174]], [[2.810427665710449]], [[2.894390821456909]], [[2.936331272125244]], [[2.925689220428467]], [[2.8813958168029785]], [[2.7993485927581787]], [[2.6786468029022217]], [[2.62861704826355]], [[2.540814161300659]], [[2.4489102363586426]], [[2.2759852409362793]], [[2.157740592956543]], [[2.0177860260009766]], [[1.9368038177490234]], [[1.7956185340881348]], [[1.653965711593628]], [[1.5934367179870605]], [[1.4324309825897217]], [[1.3317320346832275]], [[1.2116903066635132]], [[1.0922855138778687]], [[0.9743716716766357]], [[0.8567159175872803]], [[0.7413016557693481]], [[0.6650709509849548]], [[0.5140604376792908]], [[0.42164909839630127]], [[0.2953518033027649]], [[0.2416771948337555]], [[0.08706049621105194]], [[0.004311278462409973]], [[-0.07467109709978104]], [[-0.13608598709106445]], [[-0.29032254219055176]], [[-0.34015801548957825]], [[-0.3974606692790985]], [[-0.4658922255039215]], [[-0.511817216873169]], [[-0.5396214723587036]], [[-0.5563173294067383]], [[-0.5570521950721741]], [[-0.5275205373764038]], [[-0.4660927355289459]], [[-0.4293624758720398]], [[-0.336929589509964]], [[-0.21838527917861938]], [[-0.04934534430503845]], [[0.08934324979782104]], [[0.24042411148548126]], [[0.1057400032877922]], [[0.3547588884830475]], [[0.8767348527908325]], [[1.0798386335372925]], [[1.3433146476745605]], [[1.6127396821975708]], [[1.732676386833191]], [[1.8206509351730347]], [[1.9011048078536987]], [[1.9199204444885254]], [[1.9167759418487549]], [[1.8963764905929565]], [[1.8462252616882324]], [[1.7876602411270142]], [[1.7177765369415283]], [[1.610933780670166]], [[1.5384992361068726]], [[1.4620323181152344]], [[1.3665001392364502]], [[1.2510610818862915]], [[1.1491042375564575]], [[1.0456513166427612]], [[0.939895510673523]], [[0.8869508504867554]], [[0.7795381546020508]], [[0.6538476347923279]], [[0.5450645685195923]], [[0.41784197092056274]], [[0.32681453227996826]], [[0.1994621753692627]], [[0.1444285809993744]], [[0.0174076110124588]], [[-0.10930995643138885]], [[-0.19950148463249207]], [[-0.3429720401763916]], [[-0.4134370684623718]], [[-0.5184997916221619]], [[-0.6218472123146057]], [[-0.7397022843360901]], [[-0.8375142812728882]], [[-0.9008642435073853]], [[-1.0495744943618774]], [[-1.117794394493103]], [[-1.23592209815979]], [[-1.2461166381835938]], [[-1.3071470260620117]], [[-1.3559521436691284]], [[-1.3562638759613037]], [[-1.3222147226333618]], [[-1.2569613456726074]], [[-1.1713697910308838]], [[-1.0548114776611328]], [[-0.7983438968658447]], [[0.05844400078058243]], [[0.19822251796722412]], [[0.26624763011932373]], [[0.41734862327575684]], [[0.5721229314804077]], [[0.6569557189941406]], [[0.7449650764465332]], [[0.7948651909828186]], [[0.8813613057136536]], [[0.908709704875946]], [[0.940737783908844]], [[0.9505594968795776]], [[0.9521776437759399]], [[0.9470194578170776]], [[0.9205328822135925]], [[0.8958085775375366]], [[0.8587849736213684]], [[0.7729595899581909]], [[0.7181039452552795]], [[0.6583837866783142]], [[0.5836084485054016]], [[0.549787163734436]], [[0.4921412467956543]], [[0.38298237323760986]], [[0.30732399225234985]], [[0.2294764220714569]], [[0.14998804032802582]], [[0.06871695071458817]], [[-0.013746850192546844]], [[-0.1113828718662262]], [[-0.15359945595264435]], [[-0.2675211429595947]], [[-0.3678848147392273]], [[-0.4402368664741516]], [[-0.5274752378463745]], [[-0.6005865931510925]], [[-0.6882807016372681]], [[-0.791145384311676]], [[-0.8794357180595398]], [[-0.9672730565071106]], [[-1.0407006740570068]], [[-1.1429980993270874]], [[-1.3026460409164429]], [[-1.3888359069824219]], [[-1.473751425743103]], [[-1.5850965976715088]], [[-1.6263861656188965]], [[-1.7068686485290527]], [[-1.7851169109344482]], [[-1.8841601610183716]], 