{"vc": [[-0.031444527208805084, 0.0, 0.0], [0.0, -0.03579683229327202, 0.035553473979234695], [0.020025521516799927, 0.23566164076328278, -0.23617003858089447], [0.12550508975982666, 0.0, 0.0], [0.0, 0.0, 0.0], [0.0, 0.0, 0.0], [0.0, 0.00902646780014038, 0.0], [0.0, 0.0, 0.0], [0.0, 0.0, 0.0], [0.8071310520172119, 0.0, 0.0]], "true_y1": [[[0.4006600081920624]], [[44.58218002319336]], [[53.15193176269531]], [[79.79124450683594]], [[106.6115493774414]], [[134.27772521972656]], [[143.04335021972656]], [[182.04733276367188]], [[212.2721405029297]], [[254.69332885742188]], [[287.86566162109375]], [[310.9259033203125]], [[334.5130615234375]], [[358.8356018066406]], [[423.1091003417969]], [[477.5115966796875]], [[534.4065551757812]], [[608.4470825195312]], [[668.9622192382812]], [[805.4215698242188]], [[916.6755981445312]], [[986.2981567382812]], [[1059.34716796875]], [[1078.384521484375]], [[1094.3330078125]], [[1097.3433837890625]], [[1098.42626953125]], [[1110.4271240234375]], [[1140.11669921875]], [[1182.404296875]], [[1278.3701171875]], [[1332.8172607421875]], [[1421.44189453125]], [[1460.4859619140625]], [[1501.3135986328125]], [[1511.2164306640625]], [[1512.0831298828125]], [[1520.0030517578125]], [[1563.989501953125]], [[1681.8751220703125]], [[1767.95556640625]], [[1.0533000230789185]], [[18.932767868041992]], [[30.8314208984375]], [[48.9050407409668]], [[67.08218383789062]], [[79.22962951660156]], [[98.0948486328125]], [[123.86457824707031]], [[143.7205047607422]], [[171.6531219482422]], [[178.5917205810547]], [[193.23822021484375]], [[239.23565673828125]], [[247.05380249023438]], [[280.1240539550781]], [[297.3115234375]], [[323.9747009277344]], [[361.2607421875]], [[420.25469970703125]], [[558.6787109375]], [[602.320068359375]], [[688.1448974609375]], [[747.3026733398438]], [[799.1378173828125]], [[840.5225830078125]], [[866.0701904296875]], [[885.6988525390625]], [[893.9225463867188]], [[897.3688354492188]], [[898.8676147460938]], [[1138.2171630859375]], [[1172.5152587890625]], [[1204.947265625]], [[1217.28369140625]], [[1219.72509765625]], [[1220.966552734375]], [[1.104699969291687]], [[9.861053466796875]], [[23.114463806152344]], [[40.971405029296875]], [[45.321712493896484]], [[63.40892028808594]], [[72.47807312011719]], [[91.3373031616211]], [[100.82743835449219]], [[110.60017395019531]], [[130.76885986328125]], [[151.8602294921875]], [[162.8090057373047]], [[179.58714294433594]], [[191.09030151367188]], [[215.2843475341797]], [[240.61285400390625]], [[288.1805725097656]], [[302.5104675292969]], [[332.3001403808594]], [[371.40875244140625]], [[455.01031494140625]], [[507.22698974609375]], [[576.6189575195312]], [[610.3489379882812]], [[657.4153442382812]], [[710.981689453125]], [[737.6168212890625]], [[761.4187622070312]], [[777.7491455078125]], [[783.1139526367188]], [[785.3411865234375]], [[786.0012817382812]], [[791.0137329101562]], [[796.1276245117188]], [[832.4757080078125]], [[884.298583984375]], [[956.95654296875]], [[996.4724731445312]], [[0.6033599972724915]], [[19.943622589111328]], [[31.52764320373535]], [[47.232730865478516]], [[55.119625091552734]], [[63.14186477661133]], [[79.55553436279297]], [[92.2538070678711]], [[105.29814147949219]], [[118.74658203125]], [[132.67274475097656]], [[147.10757446289062]], [[157.02391052246094]], [[177.74017333984375]], [[193.92884826660156]], [[222.60862731933594]], [[272.8174133300781]], [[300.00543212890625]], [[328.6184387207031]], [[366.2670593261719]], [[422.0806884765625]], [[463.6923828125]], [[532.012451171875]], [[582.6992797851562]], [[607.0352783203125]], [[660.2420654296875]], [[699.68603515625]], [[731.5599975585938]], [[754.8964233398438]], [[767.5424194335938]], [[776.3741455078125]], [[778.6210327148438]], [[779.5421752929688]], [[785.4288940429688]], [[796.111328125]], [[810.0399169921875]], [[846.8482666015625]], [[897.0000610351562]], [[945.2628784179688]], [[991.5335693359375]], [[1023.803466796875]], [[1047.4786376953125]], [[1066.1328125]], [[1068.79150390625]], [[1069.5516357421875]], [[0.35506001114845276]], [[15.995773315429688]], [[28.611663818359375]], [[51.19786071777344]], [[71.27304077148438]], [[89.06396484375]], [[111.50273132324219]], [[131.42025756835938]], [[166.30616760253906]], [[185.1414031982422]], [[215.79891967773438]], [[254.8914794921875]], [[304.6105651855469]], [[324.501708984375]], [[359.2452697753906]], [[395.7474060058594]], [[465.0185852050781]], [[512.2183837890625]], [[566.46142578125]], [[596.2679443359375]], [[643.7859497070312]], [[683.614990234375]], [[697.6949462890625]], [[725.5963134765625]], [[736.015625]], [[742.3829345703125]], [[744.3580932617188]], [[745.32373046875]], [[749.2700805664062]], [[759.930419921875]], [[772.2271728515625]], [[810.9837646484375]], [[843.6188354492188]], [[895.2518310546875]], [[917.90185546875]], [[976.449462890625]], [[999.1403198242188]], [[1013.05126953125]], [[1018.652587890625]], [[1021.1546020507812]], [[1023.920654296875]], [[1034.305908203125]], [[1068.57177734375]], [[1120.7928466796875]], [[1181.167724609375]], [[1254.0545654296875]], [[1387.9825439453125]], [[1503.47314453125]], [[1597.6893310546875]], [[1627.548583984375]], [[1665.7938232421875]], [[1679.763916015625]], [[1682.932861328125]], [[1692.483154296875]], [[1719.970947265625]], [[0.1057400032877922]], [[8.221186637878418]], [[26.765663146972656]], [[35.21178436279297]], [[48.31402587890625]], [[66.93973541259766]], [[79.2595443725586]], [[92.45690155029297]], [[115.39617156982422]], [[131.05862426757812]], [[151.4466552734375]], [[169.9808807373047]], [[198.41441345214844]], [[225.19625854492188]], [[254.4654541015625]], [[297.52191162109375]], [[326.5155944824219]], [[357.24798583984375]], [[395.85546875]], [[442.4881591796875]], [[483.0165100097656]], [[522.630615234375]], [[560.4896240234375]], [[578.0765380859375]], [[610.2123413085938]], [[640.63330078125]], [[659.9251708984375]], [[674.1541748046875]], [[679.481689453125]], [[682.2413330078125]], [[682.6062622070312]], [[684.3024291992188]], [[691.283935546875]], [[701.9903564453125]], [[731.6632080078125]], [[752.0437622070312]], [[788.2026977539062]], [[827.548583984375]], [[871.1500244140625]], [[901.219970703125]], [[915.8978271484375]], [[933.0394287109375]], [[934.2799682617188]], [[937.7100830078125]], [[939.012451171875]], [[957.7527465820312]], [[1033.375244140625]], [[1064.962646484375]], [[1168.990478515625]], [[1259.6395263671875]], [[1336.9266357421875]], [[1408.7889404296875]], [[1499.1082763671875]], [[0.05844400078058243]], [[7.4436774253845215]], [[11.15704345703125]], [[19.96002960205078]], [[30.406761169433594]], [[37.245826721191406]], [[45.842628479003906]], [[51.85008239746094]], [[66.364501953125]], [[73.36719512939453]], [[86.53143310546875]], [[94.65292358398438]], [[114.82428741455078]], [[122.09944152832031]], [[143.59963989257812]], [[158.40228271484375]], [[177.8016357421875]], [[218.52284240722656]], [[243.6423797607422]], [[270.9359130859375]], [[305.3634033203125]], [[321.05364990234375]], [[347.9298095703125]], [[398.8623352050781]], [[433.60748291015625]], [[468.1748046875]], [[501.4614562988281]], [[532.5263061523438]], [[560.1034545898438]], [[586.6163330078125]], [[595.8313598632812]], [[613.8148193359375]], [[622.0691528320312]], [[624.6528930664062]], [[625.6845092773438]], [[626.3675537109375]], [[629.1665649414062]], [[638.2783203125]], [[653.2479858398438]], [[675.5130615234375]], [[699.3333740234375]], [[737.9895629882812]], [[799.017333984375]], [[825.30419921875]], [[843.21826171875]], [[854.1148071289062]], [[855.2869873046875]], [[855.6531982421875]], [[857.68603515625]], [[872.10791015625]], [[883.0144653320312]], [[923.2879638671875]]]}