{"vc": [[-0.014034261927008629, 0.0, 0.0], [0.0, 0.0, 0.0], [0.031164422631263733, -0.02994765341281891, 0.029817897826433182], [0.17096027731895447, 0.0, 0.0], [0.0, 0.0, 0.0], [0.0, 0.0, 0.0], [0.0, 0.0010512818116694689, 0.0], [0.0, 0.0, 0.0], [0.0, 0.0, 0.0], [0.8677722215652466, 0.0, 0.0]], "true_y1": [[[0.4006600081920624]], [[47.90262985229492]], [[57.04856872558594]], [[85.21556091308594]], [[113.05305480957031]], [[141.09326171875]], [[149.81890869140625]], [[187.6531982421875]], [[215.82080078125]], [[253.65830993652344]], [[281.91650390625]], [[300.9117431640625]], [[319.8229675292969]], [[338.80853271484375]], [[386.731201171875]], [[425.141357421875]], [[463.6692199707031]], [[512.0362548828125]], [[550.7339477539062]], [[638.7824096679688]], [[717.85302734375]], [[777.5560913085938]], [[868.469482421875]], [[909.425537109375]], [[981.858642578125]], [[1055.4718017578125]], [[1087.36767578125]], [[1163.084716796875]], [[1229.2713623046875]], [[1285.6160888671875]], [[1377.93115234375]], [[1425.19921875]], [[1510.1220703125]], [[1559.497802734375]], [[1649.0634765625]], [[1728.7747802734375]], [[1811.197998046875]], [[1882.302734375]], [[1985.987548828125]], [[2110.843994140625]], [[2176.051513671875]], [[1.0533000230789185]], [[20.358854293823242]], [[33.204959869384766]], [[52.631717681884766]], [[71.97338104248047]], [[84.74432373046875]], [[104.27262878417969]], [[130.24647521972656]], [[149.64491271972656]], [[175.97418212890625]], [[182.3381805419922]], [[195.54257202148438]], [[235.05062866210938]], [[241.48361206054688]], [[267.8575134277344]], [[281.0633239746094]], [[300.93310546875]], [[327.5966796875]], [[367.5869140625]], [[455.0206298828125]], [[482.0017395019531]], [[536.7069091796875]], [[577.9694213867188]], [[619.7794799804688]], [[661.7612915039062]], [[697.16943359375]], [[740.1796875]], [[776.4262084960938]], [[827.8671264648438]], [[872.5623168945312]], [[1159.6878662109375]], [[1202.76513671875]], [[1264.6773681640625]], [[1319.4886474609375]], [[1366.3087158203125]], [[1434.265625]], [[1.104699969291687]], [[10.565305709838867]], [[24.91286849975586]], [[44.18320846557617]], [[48.85071563720703]], [[68.07283020019531]], [[77.57088470458984]], [[96.94912719726562]], [[106.48683166503906]], [[116.14675903320312]], [[135.53810119628906]], [[155.0092010498047]], [[164.79066467285156]], [[179.3556365966797]], [[189.0525665283203]], [[208.717041015625]], [[228.3144989013672]], [[262.72857666015625]], [[272.5644226074219]], [[292.34442138671875]], [[317.1551208496094]], [[367.1583557128906]], [[397.3477783203125]], [[437.86395263671875]], [[458.41748046875]], [[489.2354736328125]], [[530.6651000976562]], [[556.9542236328125]], [[588.9171752929688]], [[626.4562377929688]], [[653.5306396484375]], [[692.1500854492188]], [[714.2562255859375]], [[753.804443359375]], [[771.005126953125]], [[829.3735961914062]], [[877.4141845703125]], [[933.0911254882812]], [[964.8458862304688]], [[0.6033599972724915]], [[21.484193801879883]], [[33.93450164794922]], [[50.625789642333984]], [[58.89219284057617]], [[67.2032470703125]], [[83.85696411132812]], [[96.380859375]], [[108.89328002929688]], [[121.40525817871094]], [[133.94134521484375]], [[146.4873046875]], [[154.84718322753906]], [[171.6571502685547]], [[184.207763671875]], [[205.2861328125]], [[239.11473083496094]], [[256.077392578125]], [[273.0917663574219]], [[294.4051818847656]], [[324.3299255371094]], [[345.7943115234375]], [[380.48907470703125]], [[406.7176513671875]], [[419.7936706542969]], [[450.6134033203125]], [[477.2635498046875]], [[504.1236572265625]], [[531.37841796875]], [[554.2089233398438]], [[586.5318603515625]], [[619.2713623046875]], [[642.9075927734375]], [[676.7553100585938]], [[701.0105590820312]], [[720.7952270507812]], [[755.9841918945312]], [[791.8194580078125]], [[823.1791381835938]], [[855.197998046875]], [[882.3971557617188]], [[910.1083374023438]], [[955.5707397460938]], [[990.7666625976562]], [[1026.83837890625]], [[0.35506001114845276]], [[17.232698440551758]], [[30.753658294677734]], [[54.43103790283203]], [[74.62166595458984]], [[91.68733215332031]], [[112.0132064819336]], [[128.9312286376953]], [[156.16738891601562]], [[169.72268676757812]], [[190.2891845703125]], [[214.23770141601562]], [[241.80471801757812]], [[252.12049865722656]], [[269.3770751953125]], [[286.68731689453125]], [[318.1044006347656]], [[339.1380310058594]], [[363.85052490234375]], [[378.131591796875]], [[403.0953369140625]], [[428.3236083984375]], [[439.1833801269531]], [[468.36810302734375]], [[486.8830261230469]], [[509.2677001953125]], [[531.9230346679688]], [[554.73486328125]], [[577.997802734375]], [[601.3782348632812]], [[617.167724609375]], [[649.3967895507812]], [[669.8468017578125]], [[698.8805541992188]], [[711.6636352539062]], [[750.33154296875]], [[772.4249877929688]], [[794.69921875]], [[813.01806640625]], [[864.5987548828125]], [[883.8204345703125]], [[908.4649047851562]], [[943.841796875]], [[975.1072998046875]], [[1001.9447631835938]], [[1029.220703125]], [[1074.679443359375]], [[1115.9298095703125]], [[1158.9456787109375]], [[1177.9119873046875]], [[1216.722412109375]], [[1257.1407470703125]], [[1306.265380859375]], [[1342.7908935546875]], [[1380.695556640625]], [[0.1057400032877922]], [[8.86691951751709]], [[28.62481689453125]], [[37.38004684448242]], [[50.52802658081055]], [[68.14630126953125]], [[79.05377197265625]], [[90.0770492553711]], [[107.69275665283203]], [[118.69117736816406]], [[131.90884399414062]], [[142.98123168945312]], [[158.49908447265625]], [[171.776123046875]], [[185.09866333007812]], [[202.96058654785156]], [[214.1050262451172]], [[225.34385681152344]], [[238.86248779296875]], [[254.6760711669922]], [[268.32720947265625]], [[281.98040771484375]], [[295.8050231933594]], [[302.6939392089844]], [[316.63446044921875]], [[332.932373046875]], [[347.065673828125]], [[363.6715393066406]], [[375.62835693359375]], [[392.49749755859375]], [[399.8484802246094]], [[416.9847717285156]], [[434.3606262207031]], [[446.93310546875]], [[467.3604431152344]], [[477.6217041015625]], [[493.2594909667969]], [[509.1172180175781]], [[527.9314575195312]], [[544.3170776367188]], [[555.4155883789062]], [[583.6397094726562]], [[598.1214599609375]], [[627.6754760742188]], [[630.6823120117188]], [[652.0303955078125]], [[686.765380859375]], [[696.4799194335938]], [[722.8955078125]], [[743.2757568359375]], [[760.7307739257812]], [[778.4906616210938]], [[807.7345581054688]], [[0.05844400078058243]], [[8.035909652709961]], [[12.021608352661133]], [[21.324777603149414]], [[31.966236114501953]], [[38.63222122192383]], [[46.63023376464844]], [[51.95622634887695]], [[63.931068420410156]], [[69.27312469482422]], [[78.60801696777344]], [[83.9437484741211]], [[95.98149108886719]], [[99.94957733154297]], [[110.7110366821289]], [[117.40571594238281]], [[125.45873260498047]], [[140.30181884765625]], [[148.40850830078125]], [[156.54586791992188]], [[166.05279541015625]], [[170.16891479492188]], [[176.98123168945312]], [[189.3459014892578]], [[197.61346435546875]], [[205.9315643310547]], [[214.2735595703125]], [[222.68212890625]], [[231.12075805664062]], [[241.02540588378906]], [[245.28736877441406]], [[256.7504577636719]], [[266.8294677734375]], [[274.0990295410156]], [[282.8822326660156]], [[290.2681884765625]], [[299.169921875]], [[309.68914794921875]], [[318.80194091796875]], [[327.9617919921875]], [[335.703369140625]], [[346.63958740234375]], [[364.13922119140625]], [[373.85980224609375]], [[383.67034912109375]], [[396.9700012207031]], [[402.0548095703125]], [[412.2620544433594]], [[422.65240478515625]], [[436.72235107421875]], [[442.0865173339844]], [[454.7787780761719]]]}