{"vc": [[-0.04921916127204895, 0.0, 0.0], [0.0, -2.224074602127075, 2.224677085876465], [-0.00965888425707817, 0.07203163206577301, -0.0719042494893074], [-0.06271716207265854, 0.0, 0.0], [0.0, 0.0, 0.0], [0.0, 0.0, 0.0], [0.0, 0.8811147212982178, -0.8808751702308655], [0.0, 0.0, 0.0], [0.0, 0.0, 0.0], [0.012220771051943302, 0.0, 0.0]], "true_y1": [[[0.4006600081920624]], [[0.8485424518585205]], [[0.9251546859741211]], [[1.137987732887268]], [[1.3129024505615234]], [[1.4544939994812012]], [[1.4919201135635376]], [[1.6217561960220337]], [[1.6888478994369507]], [[1.7477622032165527]], [[1.773542881011963]], [[1.7840070724487305]], [[1.7899205684661865]], [[1.7920526266098022]], [[1.7843695878982544]], [[1.7684828042984009]], [[1.746757984161377]], [[1.714042067527771]], [[1.685014009475708]], [[1.6138056516647339]], [[1.5470978021621704]], [[1.4962822198867798]], [[1.4192440509796143]], [[1.384879231452942]], [[1.3248320817947388]], [[1.2649281024932861]], [[1.23936128616333]], [[1.1796834468841553]], [[1.1287513971328735]], [[1.086345911026001]], [[1.0188422203063965]], [[0.9852548241615295]], [[0.9266144037246704]], [[0.8935403823852539]], [[0.8354819416999817]], [[0.7859206199645996]], [[0.7367591261863708]], [[0.6960405707359314]], [[0.6394351720809937]], [[0.5755350589752197]], [[0.5439636707305908]], [[1.0533000230789185]], [[1.21617591381073]], [[1.3078376054763794]], [[1.4226125478744507]], [[1.511131763458252]], [[1.5572224855422974]], [[1.611427903175354]], [[1.658450961112976]], [[1.6788711547851562]], [[1.6914302110671997]], [[1.6923565864562988]], [[1.6921249628067017]], [[1.6778498888015747]], [[1.6740375757217407]], [[1.655258059501648]], [[1.6443032026290894]], [[1.6263312101364136]], [[1.6000661849975586]], [[1.557565450668335]], [[1.45830500125885]], [[1.4269609451293945]], [[1.3632638454437256]], [[1.3153929710388184]], [[1.2672353982925415]], [[1.219351887702942]], [[1.179398536682129]], [[1.1314618587493896]], [[1.0916119813919067]], [[1.0359817743301392]], [[0.9885812401771545]], [[0.7074820399284363]], [[0.6690919399261475]], [[0.6157402992248535]], [[0.5703229904174805]], [[0.5328871607780457]], [[0.48078638315200806]], [[1.104699969291687]], [[1.179104208946228]], [[1.2740548849105835]], [[1.370988130569458]], [[1.3897719383239746]], [[1.450626254081726]], [[1.4721248149871826]], [[1.5017359256744385]], [[1.5104347467422485]], [[1.515973448753357]], [[1.5188782215118408]], [[1.5131618976593018]], [[1.5077650547027588]], [[1.4972513914108276]], [[1.4888813495635986]], [[1.469249963760376]], [[1.4469621181488037]], [[1.4034092426300049]], [[1.3902431726455688]], [[1.3631057739257812]], [[1.3281670808792114]], [[1.2561126947402954]], [[1.2121896743774414]], [[1.153273582458496]], [[1.1235086917877197]], [[1.0791312456130981]], [[1.0200821161270142]], [[0.9830398559570312]], [[0.9385051727294922]], [[0.8869668245315552]], [[0.8503461480140686]], [[0.7989597916603088]], [[0.7700170278549194]], [[0.7191353440284729]], [[0.6973769068717957]], [[0.6252960562705994]], [[0.5680875778198242]], [[0.5042926073074341]], [[0.46915385127067566]], [[0.6033599972724915]], [[0.7547783255577087]], [[0.8302167654037476]], [[0.9142785668373108]], [[0.949028491973877]], [[0.9796634316444397]], [[1.0291019678115845]], [[1.0568649768829346]], [[1.07756769657135]], [[1.0921303033828735]], [[1.1013929843902588]], [[1.1060763597488403]], [[1.1069839000701904]], [[1.1042513847351074]], [[1.0988476276397705]], [[1.084610104560852]], [[1.0517646074295044]], [[1.0319846868515015]], [[1.010546088218689]], [[0.9819612503051758]], [[0.9395067691802979]], [[0.9079135060310364]], [[0.8556131720542908]], [[0.8154962658882141]], [[0.7954039573669434]], [[0.7479779124259949]], [[0.7070437073707581]], [[0.6659950613975525]], [[0.6246626973152161]], [[0.5903517007827759]], [[0.5423513054847717]], [[0.4945193827152252]], [[0.4605345129966736]], [[0.41273975372314453]], [[0.37916654348373413]], [[0.35222434997558594]], [[0.30534225702285767]], [[0.25904154777526855]], [[0.21978886425495148]], [[0.1809948831796646]], [[0.14910660684108734]], [[0.11766806244850159]], [[0.06849601864814758]], [[0.032583966851234436]], [[-0.0021663233637809753]], [[0.35506001114845276]], [[0.4711366891860962]], [[0.552716076374054]], [[0.6692045331001282]], [[0.742453932762146]], [[0.7872673273086548]], [[0.8228856921195984]], [[0.8400770425796509]], [[0.8488379120826721]], [[0.8462599515914917]], [[0.8355321884155273]], [[0.8149606585502625]], [[0.7834466695785522]], [[0.7700319290161133]], [[0.7460654377937317]], [[0.720468282699585]], [[0.6711022257804871]], [[0.6365766525268555]], [[0.595026969909668]], [[0.5706833004951477]], [[0.5277696847915649]], [[0.4841671884059906]], [[0.4653816819190979]], [[0.4149937629699707]], [[0.38318318128585815]], [[0.34497395157814026]], [[0.30665841698646545]], [[0.2685140073299408]], [[0.23013617098331451]], [[0.19216133654117584]], [[0.16688665747642517]], [[0.1163136214017868]], [[0.08499041199684143]], [[0.041634876281023026]], [[0.022988049313426018]], [[-0.0316384881734848]], [[-0.061562929302453995]], [[-0.09070798009634018]], [[-0.11386027932167053]], [[-0.1747259646654129]], [[-0.1956312656402588]], [[-0.22088924050331116]], [[-0.25387096405029297]], [[-0.2795112431049347]], [[-0.29865291714668274]], [[-0.3151722550392151]], [[-0.33552971482276917]], [[-0.34550046920776367]], [[-0.34648004174232483]], [[-0.3436796963214874]], [[-0.33153924345970154]], [[-0.30957138538360596]], [[-0.2701680362224579]], [[-0.23228101432323456]], [[-0.1859595775604248]], [[0.1057400032877922]], [[0.15394797921180725]], [[0.2542881369590759]], [[0.2939557135105133]], [[0.34701237082481384]], [[0.4049995541572571]], [[0.433272123336792]], [[0.45609816908836365]], [[0.48135894536972046]], [[0.4907515347003937]], [[0.49628525972366333]], [[0.496614545583725]], [[0.49134790897369385]], [[0.48228755593299866]], [[0.46963733434677124]], [[0.44803518056869507]], [[0.43231648206710815]], [[0.41500842571258545]], [[0.39254236221313477]], [[0.364368200302124]], [[0.3387061059474945]], [[0.31203314661979675]], [[0.28419139981269836]], [[0.27005642652511597]], [[0.24101364612579346]], [[0.206459641456604]], [[0.17610222101211548]], [[0.14010730385780334]], [[0.11404360830783844]], [[0.07715831696987152]], [[0.06106765940785408]], [[0.02357485517859459]], [[-0.014343973249197006]], [[-0.04167216271162033]], [[-0.08580069243907928]], [[-0.10781116038560867]], [[-0.14111629128456116]], [[-0.17455808818340302]], [[-0.21374419331550598]], [[-0.24738803505897522]], [[-0.269896000623703]], [[-0.3260059356689453]], [[-0.3541033864021301]], [[-0.40978455543518066]], [[-0.41531339287757874]], [[-0.4537644386291504]], [[-0.5129159092903137]], [[-0.5285851955413818]], [[-0.5689077973365784]], [[-0.5973807573318481]], [[-0.6196069717407227]], [[-0.639843761920929]], [[-0.6669164299964905]], [[0.05844400078058243]], [[0.08175095170736313]], [[0.09295154362916946]], [[0.11768048256635666]], [[0.14310330152511597]], [[0.15725727379322052]], [[0.17228594422340393]], [[0.1810617297887802]], [[0.19709512591362]], [[0.20258548855781555]], [[0.20974445343017578]], [[0.21247342228889465]], [[0.2151358723640442]], [[0.2149965614080429]], [[0.21223847568035126]], [[0.20886872708797455]], [[0.2032608538866043]], [[0.188900887966156]], [[0.17909438908100128]], [[0.16801956295967102]], [[0.15368111431598663]], [[0.14704899489879608]], [[0.13556115329265594]], [[0.11325711011886597]], [[0.09743774682283401]], [[0.08089911937713623]], [[0.06377378106117249]], [[0.04604857787489891]], [[0.027870960533618927]], [[0.006137071177363396]], [[-0.003321356140077114]], [[-0.02899613231420517]], [[-0.05176062136888504]], [[-0.06823258101940155]], [[-0.08813869953155518]], [[-0.1048421710729599]], [[-0.12488041818141937]], [[-0.14835640788078308]], [[-0.16845038533210754]], [[-0.18836019933223724]], [[-0.20492000877857208]], [[-0.2278260588645935]], [[-0.26306718587875366]], [[-0.2817627787590027]], 