{"vc": [[-0.06585332751274109, 0.0, 0.0], [0.0, -1.1183843612670898, 1.1191277503967285], [-0.014261755160987377, 0.06573566794395447, -0.0656491070985794], [-0.22595615684986115, 0.0, 0.0], [0.0, 0.0, 0.0], [0.0, 0.0, 0.0], [0.0, 0.48099401593208313, -0.48092854022979736], [0.0, 0.0, 0.0], [0.0, 0.0, 0.0], [0.04062250256538391, 0.0, 0.0]], "true_y1": [[[0.4006600081920624]], [[1.870047688484192]], [[2.1181106567382812]], [[2.7881743907928467]], [[3.305711269378662]], [[3.6911203861236572]], [[3.7863705158233643]], [[4.087868690490723]], [[4.219295501708984]], [[4.310049057006836]], [[4.33376407623291]], [[4.335015296936035]], [[4.327503204345703]], [[4.313151836395264]], [[4.256245136260986]], [[4.197542667388916]], [[4.132490158081055]], [[4.0464768409729]], [[3.9761924743652344]], [[3.815988302230835]], [[3.6743500232696533]], [[3.569453477859497]], [[3.413358449935913]], [[3.344486713409424]], [[3.224897861480713]], [[3.1062841415405273]], [[3.055816888809204]], [[2.9382975101470947]], [[2.838252067565918]], [[2.7550973892211914]], [[2.6229472160339355]], [[2.557281255722046]], [[2.4427542686462402]], [[2.3782193660736084]], [[2.2650251388549805]], [[2.1684749126434326]], [[2.0727574825286865]], [[1.9935054779052734]], [[1.8833454847335815]], [[1.7589508295059204]], [[1.6974480152130127]], [[1.0533000230789185]], [[1.6018950939178467]], [[1.9266104698181152]], [[2.34863543510437]], [[2.68514347076416]], [[2.8640544414520264]], [[3.0781571865081787]], [[3.2694835662841797]], [[3.357618808746338]], [[3.4219911098480225]], [[3.4300620555877686]], [[3.4393832683563232]], [[3.42231822013855]], [[3.414851188659668]], [[3.3749892711639404]], [[3.3506858348846436]], [[3.310234785079956]], [[3.2507708072662354]], [[3.155045986175537]], [[2.9366073608398438]], [[2.8690927028656006]], [[2.733753204345703]], [[2.6334598064422607]], [[2.5336086750030518]], [[2.435227155685425]], [[2.353748083114624]], [[2.2566466331481934]], [[2.1764285564422607]], [[2.065152883529663]], [[1.970956563949585]], [[1.423753023147583]], [[1.3506468534469604]], [[1.249804139137268]], [[1.164707064628601]], [[1.0951287746429443]], [[0.9992263317108154]], [[1.104699969291687]], [[1.3529980182647705]], [[1.6903283596038818]], [[2.062851905822754]], [[2.1391170024871826]], [[2.399104356765747]], [[2.4979405403137207]], [[2.6475720405578613]], [[2.6991844177246094]], [[2.7389791011810303]], [[2.7873377799987793]], [[2.8028175830841064]], [[2.8010175228118896]], [[2.7890894412994385]], [[2.7761147022247314]], [[2.74027681350708]], [[2.695110321044922]], [[2.601357936859131]], [[2.5723676681518555]], [[2.512226104736328]], [[2.4345145225524902]], [[2.27480411529541]], [[2.1783087253570557]], [[2.0501418113708496]], [[1.9859600067138672]], [[1.890974521636963]], [[1.7658683061599731]], [[1.6881182193756104]], [[1.5953750610351562]], [[1.4890408515930176]], [[1.4141370058059692]], [[1.309964895248413]], [[1.251785397529602]], [[1.1504098176956177]], [[1.1074270009994507]], [[0.966738760471344]], [[0.8571348190307617]], [[0.7373942136764526]], [[0.6727181673049927]], [[0.6033599972724915]], [[1.1093955039978027]], [[1.3722867965698242]], [[1.6712945699691772]], [[1.7960928678512573]], [[1.9063588380813599]], [[2.0841431617736816]], [[2.1835215091705322]], [[2.257309675216675]], [[2.309209108352661]], [[2.342679738998413]], [[2.360715866088867]], [[2.3655099868774414]], [[2.3608546257019043]], [[2.3472726345062256]], [[2.3098909854888916]], [[2.22406005859375]], [[2.1733627319335938]], [[2.1192498207092285]], [[2.0483250617980957]], [[1.9452311992645264]], [[1.8700045347213745]], [[1.7478233575820923]], [[1.6558047533035278]], [[1.6102054119110107]], [[1.5037305355072021]], [[1.4130198955535889]], [[1.323060154914856]], [[1.2334235906600952]], [[1.159698486328125]], [[1.0575653314590454]], [[0.956942617893219]], [[0.8861533999443054]], [[0.7876177430152893]], [[0.7191458344459534]], [[0.6646666526794434]], [[0.5709335803985596]], [[0.47982051968574524]], [[0.4038538932800293]], [[0.3300837278366089]], [[0.2705519199371338]], [[0.2129737138748169]], [[0.1255253702402115]], [[0.06408099085092545]], [[0.007036317139863968]], [[0.35506001114845276]], [[0.7357953190803528]], [[1.0092853307724]], [[1.3994441032409668]], [[1.6370792388916016]], [[1.7748264074325562]], [[1.8754760026931763]], [[1.9171394109725952]], [[1.925315499305725]], [[1.9095511436462402]], [[1.8679956197738647]], [[1.8006200790405273]], [[1.7068898677825928]], [[1.6688709259033203]], [[1.6028414964675903]], [[1.5344094038009644]], [[1.406935691833496]], [[1.3204765319824219]], [[1.218714714050293]], [[1.1600761413574219]], [[1.0582269430160522]], [[0.9564918279647827]], [[0.9131511449813843]], [[0.7982393503189087]], [[0.7266445755958557]], [[0.6415794491767883]], [[0.5572812557220459]], [[0.4743630886077881]], [[0.39197680354118347]], [[0.3115345537662506]], [[0.2586278021335602]], [[0.1544255018234253]], [[0.09111613035202026]], [[0.005272664129734039]], [[-0.03093024715781212]], [[-0.13404682278633118]], [[-0.1883363276720047]], [[-0.23938333988189697]], [[-0.278420627117157]], [[-0.3727521300315857]], [[-0.40151864290237427]], [[-0.4328840672969818]], [[-0.4663451313972473]], [[-0.4837779402732849]], [[-0.48910602927207947]], [[-0.48500943183898926]], [[-0.45622265338897705]], [[-0.40621161460876465]], [[-0.33076971769332886]], [[-0.2904840409755707]], [[-0.19617417454719543]], [[-0.08376258611679077]], [[0.06651902198791504]], [[0.18354929983615875]], [[0.30592289566993713]], [[0.1057400032877922]], [[0.2598300278186798]], [[0.5801682472229004]], [[0.7038286328315735]], [[0.8632045388221741]], [[1.024099588394165]], [[1.0941954851150513]], [[1.1440144777297974]], [[1.1853349208831787]], [[1.1909669637680054]], [[1.1810516119003296]], [[1.1611522436141968]], [[1.1190823316574097]], [[1.072718620300293]], [[1.0187863111495972]], [[0.9376723170280457]], [[0.8831853866577148]], [[0.8259375691413879]], [[0.7546887397766113]], [[0.6688734889030457]], [[0.5932605862617493]], [[0.5166631937026978]], [[0.43845775723457336]], [[0.39933425188064575]], [[0.32000571489334106]], [[0.22723034024238586]], [[0.14695709943771362]], [[0.053073957562446594]], [[-0.01412028819322586]], [[-0.10819073766469955]], [[-0.1488751918077469]], [[-0.2428874671459198]], [[-0.33688580989837646]], [[-0.4039658010005951]], [[-0.5110889077186584]], [[-0.5639459490776062]], [[-0.64314866065979]], [[-0.7216488718986511]], [[-0.8121391534805298]], [[-0.88832026720047]], [[-0.9383661150932312]], [[-1.0590858459472656]], [[-1.1167809963226318]], [[-1.2233960628509521]], [[-1.2332710027694702]], [[-1.297204852104187]], [[-1.3726856708526611]], [[-1.3858619928359985]], [[-1.39938223361969]], [[-1.3830150365829468]], [[-1.3465759754180908]], [[-1.2850502729415894]], [[-1.1229262351989746]], [[0.05844400078058243]], [[0.13185715675354004]], [[0.16735243797302246]], [[0.24565139412879944]], [[0.32497501373291016]], [[0.36794447898864746]], [[0.4119177460670471]], [[0.43640685081481934]], [[0.47724449634552]], [[0.4891939163208008]], [[0.5011798143386841]], [[0.5031943917274475]], [[0.49586814641952515]], [[0.4901266098022461]], [[0.46715205907821655]], [[0.44792628288269043]], [[0.4203982651233673]], [[0.35894420742988586]], [[0.32049572467803955]], [[0.27905726432800293]], [[0.2276158183813095]], [[0.20448073744773865]], [[0.16521582007408142]], [[0.09140068292617798]], [[0.04064455255866051]], [[-0.011218983680009842]], [[-0.06376858055591583]], [[-0.11702823638916016]], [[-0.17052757740020752]], [[-0.2330646812915802]], [[-0.2598009705543518]], [[-0.33089545369148254]], [[-0.3920534551143646]], [[-0.43512997031211853]], [[-0.4857521057128906]], [[-0.5268977284431458]], [[-0.5744540095329285]], [[-0.6272805333137512]], [[-0.6695696115493774]], [[-0.7082749009132385]], [[-0.7375808954238892]], [[-0.7728567123413086]], [[-0.8115159273147583]], [[-0.8217633366584778]], [[-0.8226490020751953]], [[-0.8067863583564758]], [[-0.795067548751831]], 