{"vc": [[-0.09461916983127594, 0.0, 0.0], [0.0, -0.07383651286363602, 0.0741395503282547], [-0.029922766610980034, 0.3152309060096741, -0.31502416729927063], [-0.09386834502220154, 0.0, 0.0], [0.0, 0.0, 0.0], [0.0, 0.0, 0.0], [0.0, 0.0167219378054142, -0.01674734242260456], [0.0, 0.0, 0.0], [0.0, 0.0, 0.0], [0.48912355303764343, 0.0, 0.0]], "true_y1": [[[0.4006600081920624]], [[26.149028778076172]], [[30.88774299621582]], [[44.75366973876953]], [[57.1489143371582]], [[68.14006805419922]], [[71.24376678466797]], [[82.99794006347656]], [[90.06533813476562]], [[97.60022735595703]], [[101.99603271484375]], [[104.45818328857422]], [[106.57257080078125]], [[108.4013442993164]], [[111.96279907226562]], [[113.99011993408203]], [[115.49864196777344]], [[116.8641128540039]], [[117.65660095214844]], [[118.8328857421875]], [[119.44889831542969]], [[119.75855255126953]], [[120.07911682128906]], [[120.18462371826172]], [[120.33260345458984]], [[120.4477310180664]], [[120.48975372314453]], [[120.5757064819336]], [[120.638916015625]], [[120.68636322021484]], [[120.7548828125]], [[120.78659057617188]], [[120.83921813964844]], [[120.86772918701172]], [[120.91629791259766]], [[120.95668029785156]], [[120.99608612060547]], [[121.02841186523438]], [[121.07308959960938]], [[121.12345886230469]], [[121.1484146118164]], [[1.0533000230789185]], [[11.573822975158691]], [[18.406984329223633]], [[28.33233642578125]], [[37.572715759277344]], [[43.25905227661133]], [[51.25336837768555]], [[60.520668029785156]], [[66.43746948242188]], [[73.18682861328125]], [[74.61355590820312]], [[77.3406753540039]], [[83.8495864868164]], [[84.70699310302734]], [[87.7354736328125]], [[88.9942398071289]], [[90.61724853515625]], [[92.36915588378906]], [[94.29795837402344]], [[96.69727325439453]], [[97.13231658935547]], [[97.75897979736328]], [[98.07542419433594]], [[98.30513763427734]], [[98.47112274169922]], [[98.57473754882812]], [[98.66790008544922]], [[98.72554016113281]], [[98.7834243774414]], [[98.81697082519531]], [[98.85346984863281]], [[98.84819793701172]], [[98.83797454833984]], [[98.82703399658203]], [[98.81668853759766]], [[98.80055236816406]], [[1.104699969291687]], [[6.2555952072143555]], [[13.918279647827148]], [[23.756389617919922]], [[26.037918090820312]], [[34.932525634765625]], [[39.0015869140625]], [[46.58380889892578]], [[49.953941345214844]], [[53.1256103515625]], [[58.78194808959961]], [[63.56966018676758]], [[65.6668930053711]], [[68.44452667236328]], [[70.08393096923828]], [[72.95296478271484]], [[75.28828430175781]], [[78.39018249511719]], [[79.08895874023438]], [[80.29319763183594]], [[81.49089050292969]], [[83.14789581298828]], [[83.81307983398438]], [[84.44939422607422]], [[84.69075775146484]], [[84.97775268554688]], [[85.25874328613281]], [[85.39158630371094]], [[85.51820373535156]], [[85.6300048828125]], [[85.69188690185547]], [[85.75970458984375]], [[85.78997039794922]], [[85.83212280273438]], [[85.84652709960938]], [[85.88194274902344]], [[85.89940643310547]], [[85.91056060791016]], [[85.91370391845703]], [[0.6033599972724915]], [[11.875072479248047]], [[18.371904373168945]], [[26.661170959472656]], [[30.547142028808594]], [[34.28863525390625]], [[41.24782180786133]], [[45.98652267456055]], [[50.29154968261719]], [[54.17554473876953]], [[57.66242599487305]], [[60.77081298828125]], [[62.64427947998047]], [[65.97393798828125]], [[68.11569213867188]], [[71.14279174804688]], [[74.80000305175781]], [[76.20113372802734]], [[77.38088989257812]], [[78.5993881225586]], [[79.93304443359375]], [[80.6835708618164]], [[81.6327133178711]], [[82.19010925292969]], [[82.42874145507812]], [[82.9102783203125]], [[83.25445556640625]], [[83.55012512207031]], [[83.80953979492188]], [[84.00204467773438]], [[84.24432373046875]], [[84.46156311035156]], [[84.60462188720703]], [[84.79360961914062]], [[84.91967010498047]], [[85.0177001953125]], [[85.18313598632812]], [[85.34190368652344]], [[85.4742660522461]], [[85.60408782958984]], [[85.71070861816406]], [[85.81627655029297]], [[85.9835433959961]], [[86.1085205078125]], [[86.23291778564453]], [[0.35506001114845276]], [[9.466318130493164]], [[16.55343246459961]], [[28.151100158691406]], [[36.9432258605957]], [[43.468013763427734]], [[50.13279724121094]], [[54.8063850402832]], [[60.85335922241211]], [[63.278656005859375]], [[66.34674072265625]], [[69.16056823730469]], [[71.6282958984375]], [[72.38593292236328]], [[73.4920425415039]], [[74.43233489990234]], [[75.80628967285156]], [[76.54486846923828]], [[77.2759780883789]], [[77.64519500732422]], [[78.21700286865234]], [[78.71968841552734]], [[78.91744995117188]], [[79.40467071533203]], [[79.68633270263672]], [[80.00433349609375]], [[80.30565643310547]], [[80.59213256835938]], [[80.86997985839844]], [[81.13726806640625]], [[81.31202697753906]], [[81.65669250488281]], [[81.86821746826172]], [[82.16044616699219]], [[82.28643798828125]], [[82.6587905883789]], [[82.86619567871094]], [[83.07173156738281]], [[83.23823547363281]], [[83.6955795288086]], [[83.86190032958984]], [[84.07200622558594]], [[84.36761474609375]], [[84.62312316894531]], [[84.83822631835938]], [[85.05290985107422]], [[85.40202331542969]], [[85.70958709716797]], [[86.02114868164062]], [[86.15559387207031]], [[86.42521667480469]], [[86.69831848144531]], [[87.01995086669922]], [[87.25196075439453]], [[87.48648071289062]], [[0.1057400032877922]], [[4.82049560546875]], [[15.18349552154541]], [[19.558761596679688]], [[25.77362060546875]], [[33.30432891845703]], [[37.46583557128906]], [[41.275142669677734]], [[46.56436538696289]], [[49.40378952026367]], [[52.39422607421875]], [[54.58290481567383]], [[57.23072814941406]], [[59.164939880371094]], [[60.849578857421875]], [[62.77817916870117]], [[63.8240852355957]], [[64.77764129638672]], [[65.81103515625]], [[66.88993835449219]], [[67.7294692993164]], [[68.49977111816406]], [[69.22149658203125]], [[69.5625228881836]], [[70.22038269042969]], [[70.94322967529297]], [[71.53707122802734]], [[72.20306396484375]], [[72.66500854492188]], [[73.296142578125]], [[73.564697265625]], [[74.1778564453125]], [[74.783935546875]], [[75.2142333984375]], [[75.90096282958984]], [[76.24087524414062]], [[76.75318145751953]], [[77.26632690429688]], [[77.86763763427734]], [[78.38520050048828]], [[78.73270416259766]], [[79.6057357788086]], [[80.04788208007812]], [[80.93811798095703]], [[81.02777862548828]], [[81.65948486328125]], [[82.66875457763672]], [[82.94683074951172]], [[83.6935043334961]], [[84.25997161865234]], [[84.73837280273438]], [[85.2186508178711]], [[85.99510192871094]], [[0.05844400078058243]], [[4.294297695159912]], [[6.394336700439453]], [[11.218194961547852]], [[16.537639617919922]], [[19.727550506591797]], [[23.383581161499023]], [[25.705060958862305]], [[30.572423934936523]], [[32.582542419433594]], [[35.857059478759766]], [[37.595855712890625]], [[41.182167053222656]], [[42.26789855957031]], [[44.99219512939453]], [[46.53749084472656]], [[48.260093688964844]], [[51.095523834228516]], [[52.48509216308594]], [[53.784305572509766]], [[55.19702911376953]], [[55.77765655517578]], [[56.70207595825195]], [[58.278438568115234]], [[59.270599365234375]], [[60.22699737548828]], [[61.15008544921875]], [[62.04935836791992]], [[62.925052642822266]], [[63.92405319213867]], [[64.34565734863281]], [[65.45874786376953]], [[66.4161605834961]], [[67.0964584350586]], [[67.90872192382812]], [[68.58467864990234]], [[69.39195251464844]], [[70.33694458007812]], [[71.1488265991211]], [[71.95934295654297]], [[72.64043426513672]], [[73.59695434570312]], [[75.11475372314453]], [[75.9513168334961]], [[76.79090118408203]], [[77.9213638305664]], [[78.35115051269531]], [[79.20973205566406]], [[80.07777404785156]], [[81.24317169189453]], [[81.68429565429688]], [[82.72073364257812]]]}