{"vc": [[-0.1076442077755928, 0.0, 0.0], [0.0, -0.08754274994134903, 0.088023841381073], [-0.03204917535185814, 0.3223660886287689, -0.3221140503883362], [-0.12330134212970734, 0.0, 0.0], [0.0, 0.0, 0.0], [0.0, 0.0, 0.0], [0.0, 0.01994476281106472, -0.019785774871706963], [0.0, 0.0, 0.0], [0.0, 0.0, 0.0], [0.42990759015083313, 0.0, 0.0]], "true_y1": [[[0.4006600081920624]], [[22.901077270507812]], [[27.035083770751953]], [[39.109561920166016]], [[49.86570739746094]], [[59.36255645751953]], [[62.03567886352539]], [[72.1163330078125]], [[78.13741302490234]], [[84.5128173828125]], [[88.20510864257812]], [[90.26210021972656]], [[92.02082824707031]], [[93.53516387939453]], [[96.46078491210938]], [[98.10676574707031]], [[99.31745147705078]], [[100.39716339111328]], [[101.01262664794922]], [[101.89788818359375]], [[102.33394622802734]], [[102.53759002685547]], [[102.72667694091797]], [[102.78087615966797]], [[102.84622955322266]], [[102.88502502441406]], [[102.89573669433594]], [[102.91060638427734]], [[102.9146499633789]], [[102.9134521484375]], [[102.90506744384766]], [[102.8985595703125]], [[102.88426208496094]], [[102.87481689453125]], [[102.8562240600586]], [[102.8386001586914]], [[102.81973266601562]], [[102.80314636230469]], [[102.77873992919922]], [[102.74937438964844]], [[102.73416137695312]], [[1.0533000230789185]], [[10.238799095153809]], [[16.19866943359375]], [[24.841861724853516]], [[32.86833953857422]], [[37.79503631591797]], [[44.70101547241211]], [[52.66941833496094]], [[57.73056411743164]], [[63.471893310546875]], [[64.68032836914062]], [[66.98428344726562]], [[72.44510650634766]], [[73.15950012207031]], [[75.6707534790039]], [[76.7079086303711]], [[78.03787231445312]], [[79.46161651611328]], [[81.00848388671875]], [[82.87360382080078]], [[83.19672393798828]], [[83.6429214477539]], [[83.8525161743164]], [[83.9915771484375]], [[84.07943725585938]], [[84.12461853027344]], [[84.1537094116211]], [[84.16189575195312]], [[84.1550064086914]], [[84.13623809814453]], [[83.8870849609375]], [[83.8431396484375]], [[83.77896118164062]], [[83.72173309326172]], [[83.67288208007812]], [[83.60245513916016]], [[1.104699969291687]], [[5.597695827484131]], [[12.275992393493652]], [[20.8348445892334]], [[22.816396713256836]], [[30.52604866027832]], [[34.04322052001953]], [[40.576454162597656]], [[43.47016906738281]], [[46.186767578125]], [[51.01275634765625]], [[55.074947357177734]], [[56.8464241027832]], [[59.183738708496094]], [[60.55780792236328]], [[62.95078659057617]], [[64.88504028320312]], [[67.427978515625]], [[67.99518585205078]], [[68.96590423583984]], [[69.92008972167969]], [[71.20993041992188]], [[71.71015167236328]], [[72.17015075683594]], [[72.33677673339844]], [[72.52560424804688]], [[72.69454193115234]], [[72.7651596069336]], [[72.82312774658203]], [[72.8619155883789]], [[72.87512969970703]], [[72.87802124023438]], [[72.8730697631836]], [[72.85508728027344]], [[72.84431457519531]], [[72.79788970947266]], [[72.75141143798828]], [[72.6915512084961]], [[72.65547180175781]], [[0.6033599972724915]], [[10.427743911743164]], [[16.08301544189453]], [[23.28565788269043]], [[26.65567398071289]], [[29.895532608032227]], [[35.906490325927734]], [[39.98593521118164]], [[43.680511474609375]], [[47.00270462036133]], [[49.97480010986328]], [[52.614601135253906]], [[54.200599670410156]], [[57.008460998535156]], [[58.80599594116211]], [[61.33245849609375]], [[64.35556030273438]], [[65.50202178955078]], [[66.46039581298828]], [[67.44158935546875]], [[68.5016860961914]], [[69.08934020996094]], [[69.81898498535156]], [[70.23751831054688]], [[70.41366577148438]], [[70.76202392578125]], [[71.00374603271484]], [[71.20527648925781]], [[71.37646484375]], [[71.49955749511719]], [[71.64908599853516]], [[71.77754974365234]], [[71.85906982421875]], [[71.9629135131836]], [[72.02973937988281]], [[72.08037567138672]], [[72.16327667236328]], [[72.23997497558594]], [[72.30192565917969]], [[72.36106872558594]], [[72.40853118896484]], [[72.4546127319336]], [[72.52592468261719]], [[72.57796478271484]], [[72.6288070678711]], [[0.35506001114845276]], [[8.290543556213379]], [[14.45651626586914]], [[24.52336883544922]], [[32.12494659423828]], [[37.74221420288086]], [[43.45193099975586]], [[47.43416976928711]], [[52.55182647705078]], [[54.59028625488281]], [[57.15391540527344]], [[59.486083984375]], [[61.51083755493164]], [[62.12736511230469]], [[63.02193832397461]], [[63.77615737915039]], [[64.86473846435547]], [[65.44127655029297]], [[66.00421905517578]], [[66.28500366210938]], [[66.71438598632812]], [[67.08560180664062]], [[67.22986602783203]], [[67.5806655883789]], [[67.78032684326172]], [[68.00289154052734]], [[68.21097564697266]], [[68.40630340576172]], [[68.59349060058594]], [[68.77155303955078]], [[68.886962890625]], [[69.11238098144531]], [[69.2493667602539]], [[69.43706512451172]], [[69.51746368408203]], [[69.7533950805664]], [[69.88379669189453]], [[70.0123519897461]], [[70.11604309082031]], [[70.3989028930664]], [[70.50110626220703]], [[70.62975311279297]], [[70.8099136352539]], [[70.96488189697266]], [[71.09483337402344]], [[71.22408294677734]], [[71.43334197998047]], [[71.6167984008789]], [[71.80181884765625]], [[71.88140869140625]], [[72.04059600830078]], [[72.20125579833984]], [[72.38973999023438]], [[72.52523040771484]], [[72.66179656982422]], [[0.1057400032877922]], [[4.203587055206299]], [[13.203205108642578]], [[16.99700164794922]], [[22.37643051147461]], [[28.87423324584961]], [[32.45212936401367]], [[35.71712112426758]], [[40.23090362548828]], [[42.642601013183594]], [[45.172035217285156]], [[47.015296936035156]], [[49.23447036743164]], [[50.846736907958984]], [[52.243751525878906]], [[53.83327102661133]], [[54.6901741027832]], [[55.46782302856445]], [[56.30625915527344]], [[57.1762809753418]], [[57.84911346435547]], [[58.46299362182617]], [[59.034969329833984]], [[59.30412673950195]], [[59.82127380371094]], [[60.38633346557617]], [[60.848052978515625]], [[61.36323547363281]], [[61.71897888183594]], [[62.20297622680664]], [[62.408233642578125]], [[62.87539291381836]], [[63.33523941040039]], [[63.66062545776367]], [[64.17816925048828]], [[64.43357849121094]], [[64.81764221191406]], [[65.20132446289062]], [[65.64971923828125]], [[66.03468322753906]], [[66.29267120361328]], [[66.93921661376953]], [[67.26583099365234]], [[67.92188262939453]], [[67.98784637451172]], [[68.4520492553711]], [[69.19181060791016]], [[69.3952407836914]], [[69.94070434570312]], [[70.35379028320312]], [[70.70218658447266]], [[71.0515365600586]], [[71.61546325683594]], [[0.05844400078058243]], [[3.7269299030303955]], [[5.545275688171387]], [[9.720182418823242]], [[14.319182395935059]], [[17.073558807373047]], [[20.226152420043945]], [[22.22511863708496]], [[26.407485961914062]], [[28.130630493164062]], [[30.93158721923828]], [[32.41547393798828]], [[35.467323303222656]], [[36.388675689697266]], [[38.69453430175781]], [[39.99831771850586]], [[41.44776153564453]], [[43.82352066040039]], [[44.98278045654297]], [[46.063392639160156]], [[47.2346076965332]], [[47.714778900146484]], [[48.47776794433594]], [[49.774513244628906]], [[50.58781051635742]], [[51.36966323852539]], [[52.12229919433594]], [[52.85365295410156]], [[53.5640869140625]], [[54.37250518798828]], [[54.71303939819336]], [[55.610313415527344]], [[56.38010787963867]], [[56.926025390625]], [[57.57672882080078]], [[58.11735153198242]], [[58.761993408203125]], [[59.51528549194336]], [[60.161380767822266]], [[60.80544662475586]], [[61.345970153808594]], [[62.10405731201172]], [[63.3046989440918]], [[63.96533203125]], [[64.62760162353516]], [[65.51819610595703]], [[65.8564682006836]], [[66.5317153930664]], [[67.2137451171875]], [[68.12841033935547]], [[68.4743423461914]], [[69.28652954101562]]]}