{"vc": [[-0.14247968792915344, 0.0, 0.0], [0.0, -0.22458148002624512, 0.22528421878814697], [-0.0723421648144722, 0.3333243131637573, -0.33296704292297363], [-0.2712300419807434, 0.0, 0.0], [0.0, 0.0, 0.0], [0.0, 0.0, 0.0], [0.0, 0.04942183569073677, -0.049508385360240936], [0.0, 0.0, 0.0], [0.0, 0.0, 0.0], [0.21786591410636902, 0.0, 0.0]], "true_y1": [[[0.4006600081920624]], [[11.164048194885254]], [[13.118165969848633]], [[18.754051208496094]], [[23.65578269958496]], [[27.859704971313477]], [[29.017648696899414]], [[33.26262283325195]], [[35.687564849853516]], [[38.13765335083008]], [[39.48501968383789]], [[40.20610046386719]], [[40.80176544189453]], [[41.29584884643555]], [[42.182796478271484]], [[42.62196731567383]], [[42.897247314453125]], [[43.08238983154297]], [[43.14220428466797]], [[43.10000991821289]], [[42.941104888916016]], [[42.780086517333984]], [[42.49699020385742]], [[42.36030960083008]], [[42.110511779785156]], [[41.85054016113281]], [[41.736942291259766]], [[41.46661376953125]], [[41.23089599609375]], [[41.03152847290039]], [[40.70883560180664]], [[40.54597091674805]], [[40.25807189941406]], [[40.093719482421875]], [[39.80174255371094]], [[39.54890823364258]], [[39.29470443725586]], [[39.08144760131836]], [[38.780609130859375]], [[38.43429183959961]], [[38.260276794433594]], [[1.0533000230789185]], [[5.398505687713623]], [[8.19626522064209]], [[12.207983016967773]], [[15.868345260620117]], [[18.07578468322754]], [[21.108680725097656]], [[24.499914169311523]], [[26.57992172241211]], [[28.852590560913086]], [[29.3170108795166]], [[30.186758041381836]], [[32.147254943847656]], [[32.39047622680664]], [[33.21213150024414]], [[33.53276062011719]], [[33.92240524291992]], [[34.30305862426758]], [[34.64828109741211]], [[34.84260559082031]], [[34.81235885620117]], [[34.67869186401367]], [[34.53479766845703]], [[34.36479568481445]], [[34.177574157714844]], [[34.010860443115234]], [[33.801048278808594]], [[33.62007141113281]], [[33.359375]], [[33.131080627441406]], [[31.692153930664062]], [[31.48611831665039]], [[31.195955276489258]], [[30.94529914855957]], [[30.736024856567383]], [[30.440444946289062]], [[1.104699969291687]], [[3.2066292762756348]], [[6.311312675476074]], [[10.239410400390625]], [[11.13826847076416]], [[14.587575912475586]], [[16.13160514831543]], [[18.939668655395508]], [[20.154544830322266]], [[21.276437759399414]], [[23.218334197998047]], [[24.79227066040039]], [[25.45762825012207]], [[26.31205177307129]], [[26.79987144470215]], [[27.617979049682617]], [[28.241933822631836]], [[28.986499786376953]], [[29.135339736938477]], [[29.36810874938965]], [[29.55858612060547]], [[29.704208374023438]], [[29.6896915435791]], [[29.594247817993164]], [[29.52223014831543]], [[29.393043518066406]], [[29.190481185913086]], [[29.049877166748047]], [[28.870145797729492]], [[28.65042495727539]], [[28.488025665283203]], [[28.252822875976562]], [[28.117053985595703]], [[27.873300552368164]], [[27.767248153686523]], [[27.408811569213867]], [[27.117027282714844]], [[26.7842960357666]], [[26.597684860229492]], [[0.6033599972724915]], [[5.16801118850708]], [[7.771590232849121]], [[11.04711627960205]], [[12.559673309326172]], [[13.999309539794922]], [[16.62607192993164]], [[18.370210647583008]], [[19.917903900146484]], [[21.279640197753906]], [[22.4700870513916]], [[23.501953125]], [[24.108707427978516]], [[25.154481887817383]], [[25.80146026611328]], [[26.673213958740234]], [[27.635679244995117]], [[27.96653938293457]], [[28.22164535522461]], [[28.45477294921875]], [[28.65907096862793]], [[28.739717483520508]], [[28.787273406982422]], [[28.773759841918945]], [[28.755048751831055]], [[28.686525344848633]], [[28.605703353881836]], [[28.50916862487793]], [[28.39946937561035]], [[28.300556182861328]], [[28.1522159576416]], [[27.994600296020508]], [[27.877452850341797]], [[27.706218719482422]], [[27.58173370361328]], [[27.479450225830078]], [[27.296537399291992]], [[27.109773635864258]], [[26.946550369262695]], [[26.78057289123535]], [[26.640399932861328]], [[26.498577117919922]], [[26.26852035522461]], [[26.09299087524414]], [[25.915699005126953]], [[0.35506001114845276]], [[4.011769771575928]], [[6.832188606262207]], [[11.365764617919922]], [[14.701650619506836]], [[17.099794387817383]], [[19.46187400817871]], [[21.052642822265625]], [[23.007413864135742]], [[23.749723434448242]], [[24.643795013427734]], [[25.405872344970703]], [[26.009151458740234]], [[26.177555084228516]], [[26.404582977294922]], [[26.575687408447266]], [[26.77672576904297]], [[26.852462768554688]], [[26.897619247436523]], [[26.90675163269043]], [[26.899431228637695]], [[26.868379592895508]], [[26.849184036254883]], [[26.78384017944336]], [[26.733917236328125]], [[26.66668701171875]], [[26.592479705810547]], [[26.51279067993164]], [[26.427473068237305]], [[26.338491439819336]], [[26.27693748474121]], [[26.148500442504883]], [[26.065532684326172]], [[25.94639778137207]], [[25.893590927124023]], [[25.73311996459961]], [[25.6412353515625]], [[25.548664093017578]], [[25.472681045532227]], [[25.260051727294922]], [[25.181495666503906]], [[25.081449508666992]], [[24.93932342529297]], [[24.815338134765625]], [[24.710229873657227]], [[24.604724884033203]], [[24.431991577148438]], [[24.278743743896484]], [[24.122587203979492]], [[24.0549373626709]], [[23.918819427490234]], [[23.780372619628906]], [[23.616636276245117]], [[23.498090744018555]], [[23.37791633605957]], [[0.1057400032877922]], [[1.9507933855056763]], [[5.9807257652282715]], [[7.662674903869629]], [[10.021224975585938]], [[12.814754486083984]], [[14.319589614868164]], [[15.667251586914062]], [[17.48168182373047]], [[18.42318344116211]], [[19.385154724121094]], [[20.06671905517578]], [[20.86093521118164]], [[21.416044235229492]], [[21.878751754760742]], [[22.37980842590332]], [[22.636375427246094]], [[22.8595027923584]], [[23.0882625579834]], [[23.310890197753906]], [[23.47149658203125]], [[23.6083927154541]], [[23.727136611938477]], [[23.77996826171875]], [[23.87590217590332]], [[23.972318649291992]], [[24.044694900512695]], [[24.118921279907227]], [[24.166372299194336]], [[24.226303100585938]], [[24.250219345092773]], [[24.30161476135254]], [[24.348480224609375]], [[24.379671096801758]], [[24.426362991333008]], [[24.448244094848633]], [[24.479890823364258]], [[24.51018524169922]], [[24.544164657592773]], [[24.572298049926758]], [[24.59069061279297]], [[24.635421752929688]], [[24.657398223876953]], [[24.700544357299805]], [[24.704818725585938]], [[24.734630584716797]], [[24.78131103515625]], [[24.794004440307617]], [[24.82779312133789]], [[24.853181838989258]], [[24.874486923217773]], [[24.895767211914062]], [[24.929973602294922]], [[0.05844400078058243]], [[1.6448683738708496]], [[2.4300713539123535]], [[4.227774620056152]], [[6.195594787597656]], [[7.365403175354004]], [[8.69407844543457]], [[9.529875755310059]], [[11.258549690246582]], [[11.961669921875]], [[13.091378211975098]], [[13.682503700256348]], [[14.879922866821289]], [[15.236063957214355]], [[16.115097045898438]], [[16.6036319732666]], [[17.138784408569336]], [[17.99586296081543]], [[18.404123306274414]], [[18.778322219848633]], [[19.176620483398438]], [[19.33765983581543]], [[19.590808868408203]], [[20.013286590576172]], [[20.2733211517334]], [[20.519824981689453]], [[20.754037857055664]], [[20.978906631469727]], [[21.194969177246094]], [[21.438261032104492]], [[21.540002822875977]], [[21.806241989135742]], [[22.032825469970703]], [[22.192670822143555]], [[22.382455825805664]], [[22.539642333984375]], [[22.726627349853516]], [[22.9447021484375]], [[23.131534576416016]], [[23.31771469116211]], [[23.47399139404297]], [[23.693326950073242]], [[24.041379928588867]], [[24.233379364013672]], [[24.42628288269043]], [[24.68645668029785]], [[24.7855281829834]], [[24.98373031616211]], [[25.184547424316406]], [[25.454896926879883]], [[25.557466506958008]], [[25.798994064331055]]]}