{"vc": [[-0.09728871285915375, 0.0, 0.0], [0.0, -0.07737118005752563, 0.077976755797863], [-0.03223324567079544, 0.31651780009269714, -0.31608647108078003], [-0.10345932096242905, 0.0, 0.0], [0.0, 0.0, 0.0], [0.0, 0.0, 0.0], [0.0, 0.01822991482913494, -0.01792087033390999], [0.0, 0.0, 0.0], [0.0, 0.0, 0.0], [0.4749438464641571, 0.0, 0.0]], "true_y1": [[[0.4006600081920624]], [[25.349279403686523]], [[29.93206024169922]], [[43.31289291381836]], [[55.22456741333008]], [[65.73221588134766]], [[68.68779754638672]], [[79.8231201171875]], [[86.4640884399414]], [[93.48453521728516]], [[97.54330444335938]], [[99.801513671875]], [[101.7302474975586]], [[103.38916778564453]], [[106.58806610107422]], [[108.3830337524414]], [[109.70013427734375]], [[110.87152099609375]], [[111.53732299804688]], [[112.49126434326172]], [[112.95851135253906]], [[113.17562866210938]], [[113.3759994506836]], [[113.43299102783203]], [[113.50106048583984]], [[113.54059600830078]], [[113.55117797851562]], [[113.56491088867188]], [[113.56722259521484]], [[113.56412506103516]], [[113.5519790649414]], [[113.54328918457031]], [[113.52473449707031]], [[113.51264190673828]], [[113.4889907836914]], [[113.46664428710938]], [[113.44271850585938]], [[113.42166137695312]], [[113.3906021118164]], [[113.35309600830078]], [[113.33360290527344]], [[1.0533000230789185]], [[11.248690605163574]], [[17.864749908447266]], [[27.45927619934082]], [[36.36709976196289]], [[41.83283996582031]], [[49.49062728881836]], [[58.31862258911133]], [[63.91962814331055]], [[70.26544952392578]], [[71.59978485107422]], [[74.14222717285156]], [[80.15824890136719]], [[80.9439697265625]], [[83.70278930664062]], [[84.84049987792969]], [[86.29761505126953]], [[87.854736328125]], [[89.54220581054688]], [[91.56746673583984]], [[91.91661071777344]], [[92.39735412597656]], [[92.62240600585938]], [[92.77132415771484]], [[92.86515808105469]], [[92.91329193115234]], [[92.94416809082031]], [[92.9527587890625]], [[92.94522094726562]], [[92.925048828125]], [[92.65836334228516]], [[92.61112976074219]], [[92.54207611083984]], [[92.48043060302734]], [[92.4277572631836]], [[92.35173034667969]], [[1.104699969291687]], [[6.095575332641602]], [[13.515508651733398]], [[23.025569915771484]], [[25.227149963378906]], [[33.79082107543945]], [[37.695926666259766]], [[44.94540786743164]], [[48.15398406982422]], [[51.16447448730469]], [[56.507545471191406]], [[60.99863052368164]], [[62.95484924316406]], [[65.5333023071289]], [[67.04752349853516]], [[69.68115234375]], [[71.80599975585938]], [[74.59233093261719]], [[75.21237182617188]], [[76.27190399169922]], [[77.31094360351562]], [[78.70999145507812]], [[79.25000762939453]], [[79.74456024169922]], [[79.9229965209961]], [[80.12451934814453]], [[80.3038330078125]], [[80.37828063964844]], [[80.43888854980469]], [[80.47875213623047]], [[80.49175262451172]], [[80.4933090209961]], [[80.48717498779297]], [[80.46649169921875]], [[80.45435333251953]], [[80.40267944335938]], [[80.3513412475586]], [[80.28543090820312]], [[80.24575805664062]], [[0.6033599972724915]], [[11.520639419555664]], [[17.8046932220459]], [[25.805530548095703]], [[29.547286987304688]], [[33.14308547973633]], [[39.80956268310547]], [[44.32925796508789]], [[48.41842269897461]], [[52.091339111328125]], [[55.37323760986328]], [[58.284454345703125]], [[60.03153991699219]], [[63.120269775390625]], [[65.09418487548828]], [[67.8629150390625]], [[71.16439056396484]], [[72.41192626953125]], [[73.45222473144531]], [[74.51423645019531]], [[75.65701293945312]], [[76.2876968383789]], [[77.06678771972656]], [[77.51093292236328]], [[77.69705200195312]], [[78.06327819824219]], [[78.31553649902344]], [[78.52428436279297]], [[78.70012664794922]], [[78.82550048828125]], [[78.97628021240234]], [[79.10416412353516]], [[79.18434143066406]], [[79.28515625]], [[79.3491439819336]], [[79.39710998535156]], [[79.47457885742188]], [[79.54498291015625]], [[79.60089111328125]], [[79.6534194946289]], [[79.69495391845703]], [[79.7347412109375]], [[79.79524993896484]], [[79.83857727050781]], [[79.8802261352539]], [[0.35506001114845276]], [[9.17864990234375]], [[16.033458709716797]], [[27.216609954833984]], [[35.64849853515625]], [[41.868431091308594]], [[48.17742156982422]], [[52.56707000732422]], [[58.19091796875]], [[60.423851013183594]], [[63.22434616088867]], [[65.76229858398438]], [[67.95535278320312]], [[68.62059020996094]], [[69.58314514160156]], [[70.39168548583984]], [[71.55235290527344]], [[72.1631088256836]], [[72.75595092773438]], [[73.05005645751953]], [[73.49732971191406]], [[73.88114929199219]], [[74.02947998046875]], [[74.387939453125]], [[74.59040069580078]], [[74.81461334228516]], [[75.02273559570312]], [[75.2166976928711]], [[75.40125274658203]], [[75.57557678222656]], [[75.68791198730469]], [[75.90583038330078]], [[76.03730010986328]], [[76.2162857055664]], [[76.29254913330078]], [[76.51496124267578]], [[76.63703155517578]], [[76.75679016113281]], [[76.85296630859375]], [[77.11349487304688]], [[77.20698547363281]], [[77.3241958618164]], [[77.48746490478516]], [[77.62711334228516]], [[77.74365997314453]], [[77.85908508300781]], [[78.0449447631836]], [[78.20687103271484]], [[78.36922454833984]], [[78.43878173828125]], [[78.57738494873047]], [[78.71658325195312]], [[78.8790283203125]], [[78.99523162841797]], [[79.11188507080078]], [[0.1057400032877922]], [[4.669737339019775]], [[14.688663482666016]], [[18.907978057861328]], [[24.883647918701172]], [[32.085880279541016]], [[36.041725158691406]], [[39.64372253417969]], [[44.607940673828125]], [[47.25121307373047]], [[50.01509094238281]], [[52.02271270751953]], [[54.43096923828125]], [[56.173336029052734]], [[57.67707061767578]], [[59.37977600097656]], [[60.29335021972656]], [[61.11934280395508]], [[62.00615692138672]], [[62.921688079833984]], [[63.62600326538086]], [[64.26544952392578]], [[64.85829162597656]], [[65.13622283935547]], [[65.6682357788086]], [[66.24642181396484]], [[66.71635437011719]], [[67.23796844482422]], [[67.5964584350586]], [[68.08195495605469]], [[68.28707122802734]], [[68.75222778320312]], [[69.20784759521484]], [[69.5289306640625]], [[70.0374526977539]], [[70.28746032714844]], [[70.66224670410156]], [[71.03533172607422]], [[71.46971893310547]], [[71.84131622314453]], [[72.08967590332031]], [[72.7098388671875]], [[73.02194213867188]], [[73.64656829833984]], [[73.70921325683594]], [[74.14921569824219]], [[74.84756469726562]], [[75.03901672363281]], [[75.5511474609375]], [[75.93785858154297]], [[76.26326751708984]], [[76.58890533447266]], [[77.11319732666016]], [[0.05844400078058243]], [[4.154942512512207]], [[6.185022354125977]], [[10.843608856201172]], [[15.968770980834961]], [[19.033340454101562]], [[22.534963607788086]], [[24.751239776611328]], [[29.375967025756836]], [[31.275667190551758]], [[34.35517883300781]], [[35.981868743896484]], [[39.31536102294922]], [[40.31817626953125]], [[42.819637298583984]], [[44.228233337402344]], [[45.78871154785156]], [[48.33238220214844]], [[49.566444396972656]], [[50.71210479736328]], [[51.94832229614258]], [[52.453392028808594]], [[53.253753662109375]], [[54.60755157470703]], [[55.45229721069336]], [[56.26112747192383]], [[57.036659240722656]], [[57.78733825683594]], [[58.5137825012207]], [[59.33712387084961]], [[59.68290328979492]], [[60.591102600097656]], [[61.367000579833984]], [[61.91547393798828]], [[62.56736373901367]], [[63.107486724853516]], [[63.749839782714844]], [[64.49821472167969]], [[65.13825988769531]], [[65.77469635009766]], [[66.30763244628906]], [[67.05335998535156]], [[68.2305679321289]], [[68.87642669677734]], [[69.52263641357422]], [[70.38975524902344]], [[70.71857452392578]], [[71.3741226196289]], [[72.03516387939453]], [[72.92005920410156]], [[73.2542724609375]], [[74.0379867553711]]]}