{"vc": [[-0.08145958930253983, 0.0, 0.0], [0.0, -0.05976796895265579, 0.06009189039468765], [-0.020114505663514137, 0.3149513602256775, -0.31472423672676086], [-0.04478150233626366, 0.0, 0.0], [0.0, 0.0, 0.0], [0.0, 0.0, 0.0], [0.0, 0.014600468799471855, -0.01470369752496481], [0.0, 0.0, 0.0], [0.0, 0.0, 0.0], [0.5608985424041748, 0.0, 0.0]], "true_y1": [[[0.4006600081920624]], [[30.090131759643555]], [[35.547576904296875]], [[51.49348068237305]], [[65.7069091796875]], [[78.26362609863281]], [[81.79925537109375]], [[95.13665008544922]], [[103.1047134399414]], [[111.5400619506836]], [[116.42223358154297]], [[119.14002227783203]], [[121.46188354492188]], [[123.4592056274414]], [[127.3104019165039]], [[129.47048950195312]], [[131.05477905273438]], [[132.46368408203125]], [[133.26528930664062]], [[134.42001342773438]], [[134.99664306640625]], [[135.2738037109375]], [[135.5461883544922]], [[135.63111877441406]], [[135.74462890625]], [[135.8270263671875]], [[135.85548400878906]], [[135.91053771972656]], [[135.947998046875]], [[135.97430419921875]], [[136.00950622558594]], [[136.02471923828125]], [[136.04856872558594]], [[136.06082153320312]], [[136.0807342529297]], [[136.09649658203125]], [[136.1112823486328]], [[136.12303161621094]], [[136.13877868652344]], [[136.1559600830078]], [[136.16427612304688]], [[1.0533000230789185]], [[13.206254959106445]], [[21.096538543701172]], [[32.54584884643555]], [[43.184574127197266]], [[49.717308044433594]], [[58.87712478637695]], [[69.44795227050781]], [[76.16129302978516]], [[83.7732925415039]], [[85.37458038330078]], [[88.42620086669922]], [[95.64834594726562]], [[96.59148406982422]], [[99.90202331542969]], [[101.26651763916016]], [[103.01305389404297]], [[104.87763214111328]], [[106.89534759521484]], [[109.31422424316406]], [[109.732666015625]], [[110.31427764892578]], [[110.5931167602539]], [[110.78500366210938]], [[110.91474914550781]], [[110.98961639404297]], [[111.05023193359375]], [[111.0823974609375]], [[111.10690307617188]], [[111.11376953125]], [[111.0152359008789]], [[110.99239349365234]], [[110.95806884765625]], [[110.92680358886719]], [[110.8997802734375]], [[110.8604507446289]], [[1.104699969291687]], [[7.062904357910156]], [[15.924555778503418]], [[27.289234161376953]], [[29.92131233215332]], [[40.16383743286133]], [[44.83680725097656]], [[53.51542663574219]], [[57.35789489746094]], [[60.96375274658203]], [[67.36434936523438]], [[72.74406433105469]], [[75.08678436279297]], [[78.17359161376953]], [[79.98546600341797]], [[83.13436126708984]], [[85.67154693603516]], [[88.99089050292969]], [[89.72779846191406]], [[90.9849853515625]], [[92.21475982666016]], [[93.86478424072266]], [[94.50028228759766]], [[95.08354949951172]], [[95.29541778564453]], [[95.53739166259766]], [[95.7589340209961]], [[95.85558319091797]], [[95.94021606445312]], [[96.00566864013672]], [[96.03604888916016]], [[96.06151580810547]], [[96.06878662109375]], [[96.07183074951172]], [[96.06995391845703]], [[96.05302429199219]], [[96.0302734375]], [[95.99752044677734]], [[95.97674560546875]], [[0.6033599972724915]], [[13.646197319030762]], [[21.155942916870117]], [[30.71936798095703]], [[35.192562103271484]], [[39.49156188964844]], [[47.46210479736328]], [[52.86568069458008]], [[57.753787994384766]], [[62.14311218261719]], [[66.06351470947266]], [[69.53912353515625]], [[71.62364196777344]], [[75.30562591552734]], [[77.6556396484375]], [[80.94605255126953]], [[84.8555679321289]], [[86.32669067382812]], [[87.54966735839844]], [[88.7935791015625]], [[90.12530517578125]], [[90.85640716552734]], [[91.75492095947266]], [[92.26463317871094]], [[92.47770690917969]], [[92.89627838134766]], [[93.18437957763672]], [[93.42306518554688]], [[93.624755859375]], [[93.76922607421875]], [[93.94419860839844]], [[94.09420013427734]], [[94.18931579589844]], [[94.31049346923828]], [[94.3885498046875]], [[94.44776153564453]], [[94.5448989868164]], [[94.63506317138672]], [[94.7081527709961]], [[94.77819061279297]], [[94.83460235595703]], [[94.88957977294922]], [[94.97508239746094]], [[95.037841796875]], [[95.09947967529297]], [[0.35506001114845276]], [[10.908432006835938]], [[19.10741424560547]], [[32.480979919433594]], [[42.558868408203125]], [[49.986976623535156]], [[57.51244354248047]], [[62.739959716796875]], [[69.42019653320312]], [[72.06439208984375]], [[75.37061309814453]], [[78.3529281616211]], [[80.91378784179688]], [[81.68646240234375]], [[82.80006408691406]], [[83.73062896728516]], [[85.05668640136719]], [[85.74876403808594]], [[86.41605377197266]], [[86.74527740478516]], [[87.24351501464844]], [[87.66866302490234]], [[87.83238220214844]], [[88.22681427001953]], [[88.44892120361328]], [[88.6944580078125]], [[88.9220962524414]], [[89.1341552734375]], [[89.33598327636719]], [[89.52680969238281]], [[89.64994049072266]], [[89.8893051147461]], [[90.03413391113281]], [[90.23193359375]], [[90.31646728515625]], [[90.56398010253906]], [[90.70051574707031]], [[90.8349838256836]], [[90.94336700439453]], [[91.23886108398438]], [[91.34561157226562]], [[91.47999572753906]], [[91.66825866699219]], [[91.8302993774414]], [[91.96627807617188]], [[92.10162353515625]], [[92.32101440429688]], [[92.51364135742188]], [[92.70820617675781]], [[92.79199981689453]], [[92.95977783203125]], [[93.12936401367188]], [[93.32866668701172]], [[93.47216796875]], [[93.61701202392578]], [[0.1057400032877922]], [[5.5811285972595215]], [[17.595090866088867]], [[22.649425506591797]], [[29.798995971679688]], [[38.396629333496094]], [[43.1063346862793]], [[47.38443374633789]], [[53.259273529052734]], [[56.3743782043457]], [[59.618896484375]], [[61.965484619140625]], [[64.76606750488281]], [[66.78013610839844]], [[68.5081558227539]], [[70.4507827758789]], [[71.48575592041016]], [[72.41639709472656]], [[73.40955352783203]], [[74.42765045166016]], [[75.20545959472656]], [[75.90734100341797]], [[76.55432891845703]], [[76.85639953613281]], [[77.43245697021484]], [[78.055419921875]], [[78.55956268310547]], [[79.11711883544922]], [[79.4992446899414]], [[80.01564025878906]], [[80.23351287841797]], [[80.72711181640625]], [[81.21022033691406]], [[81.55062866210938]], [[82.08998107910156]], [[82.35535430908203]], [[82.7535629272461]], [[83.15054321289062]], [[83.61366271972656]], [[84.01074981689453]], [[84.27667236328125]], [[84.94269561767578]], [[85.27906036376953]], [[85.95481872558594]], [[86.02278900146484]], [[86.50125122070312]], [[87.26455688476562]], [[87.47468566894531]], [[88.03865051269531]], [[88.46633911132812]], [[88.82747650146484]], [[89.19001770019531]], [[89.77616882324219]], [[0.05844400078058243]], [[4.996769905090332]], [[7.443127632141113]], [[13.052055358886719]], [[19.20991325378418]], [[22.882720947265625]], [[27.068241119384766]], [[29.710063934326172]], [[35.20051574707031]], [[37.44557571411133]], [[41.06980895996094]], [[42.97570037841797]], [[46.8598518371582]], [[48.02197265625]], [[50.906158447265625]], [[52.52009201049805]], [[54.29848098754883]], [[57.173309326171875]], [[58.55616760253906]], [[59.83244323730469]], [[61.20109176635742]], [[61.757652282714844]], [[62.63645553588867]], [[64.11414337158203]], [[65.03068542480469]], [[65.90446472167969]], [[66.73897552490234]], [[67.54391479492188]], [[68.32048034667969]], [[69.19817352294922]], [[69.56611633300781]], [[70.531005859375]], [[71.35403442382812]], [[71.93537139892578]], [[72.62609100341797]], [[73.19837951660156]], [[73.87919616699219]], [[74.67298889160156]], [[75.35264587402344]], [[76.02938842773438]], [[76.59693145751953]], [[77.392578125]], [[78.65269470214844]], [[79.346435546875]], [[80.04240417480469]], [[80.97938537597656]], [[81.33566284179688]], [[82.0475845336914]], [[82.76774597167969]], [[83.73545837402344]], [[84.10206604003906]], [[84.96420288085938]]]}