{"vc": [[-0.09623993188142776, 0.0, 0.0], [0.0, -0.07622348517179489, 0.07631618529558182], [-0.031262848526239395, 0.31581804156303406, -0.3157649338245392], [-0.09973712265491486, 0.0, 0.0], [0.0, 0.0, 0.0], [0.0, 0.0, 0.0], [0.0, 0.018127931281924248, -0.01795143634080887], [0.0, 0.0, 0.0], [0.0, 0.0, 0.0], [0.480445921421051, 0.0, 0.0]], "true_y1": [[[0.4006600081920624]], [[25.643625259399414]], [[30.27647590637207]], [[43.790279388427734]], [[55.797569274902344]], [[66.36488342285156]], [[69.3320541381836]], [[80.48548126220703]], [[87.11358642578125]], [[94.09500122070312]], [[98.11591339111328]], [[100.34696197509766]], [[102.24837493896484]], [[103.8802719116211]], [[107.01560974121094]], [[108.76624298095703]], [[110.04527282714844]], [[111.17735290527344]], [[111.8176498413086]], [[112.72894287109375]], [[113.17101287841797]], [[113.37471771240234]], [[113.56100463867188]], [[113.6135025024414]], [[113.67571258544922]], [[113.71144104003906]], [[113.72091674804688]], [[113.73310089111328]], [[113.73512268066406]], [[113.73243713378906]], [[113.72207641601562]], [[113.71475982666016]], [[113.69934844970703]], [[113.68943786621094]], [[113.67033386230469]], [[113.65257263183594]], [[113.63384246826172]], [[113.61759185791016]], [[113.59397888183594]], [[113.56598663330078]], [[113.55164337158203]], [[1.0533000230789185]], [[11.372880935668945]], [[18.06702995300293]], [[27.767776489257812]], [[36.76287078857422]], [[42.27475357055664]], [[49.9849739074707]], [[58.850833892822266]], [[64.45983123779297]], [[70.79539489746094]], [[72.12445831298828]], [[74.65335083007812]], [[80.61537170410156]], [[81.39127349853516]], [[84.10916137695312]], [[85.22659301757812]], [[86.65419006347656]], [[88.17440032958984]], [[89.81352233886719]], [[91.76200866699219]], [[92.09420013427734]], [[92.54798126220703]], [[92.75794219970703]], [[92.89509582519531]], [[92.97994232177734]], [[93.0222396850586]], [[93.04776763916016]], [[93.05306243896484]], [[93.0423812866211]], [[93.02067565917969]], [[92.76068115234375]], [[92.71605682373047]], [[92.65125274658203]], [[92.59378814697266]], [[92.5449447631836]], [[92.47484588623047]], [[1.104699969291687]], [[6.1572747230529785]], [[13.66703987121582]], [[23.284706115722656]], [[25.509361267089844]], [[34.15354919433594]], [[38.08933639526367]], [[45.382774353027344]], [[48.60431671142578]], [[51.6226806640625]], [[56.96772003173828]], [[61.44611358642578]], [[63.391849517822266]], [[65.95106506347656]], [[67.45072174072266]], [[70.05224609375]], [[72.14368438720703]], [[74.87284851074219]], [[75.47752380371094]], [[76.50791931152344]], [[77.51402282714844]], [[78.85893249511719]], [[79.37340545654297]], [[79.84066009521484]], [[80.00782775878906]], [[80.19515991210938]], [[80.35962677001953]], [[80.42669677734375]], [[80.48009490966797]], [[80.51351165771484]], [[80.52299499511719]], [[80.52088928222656]], [[80.51327514648438]], [[80.49090576171875]], [[80.4783706665039]], [[80.42664337158203]], [[80.37653350830078]], [[80.3132095336914]], [[80.2754898071289]], [[0.6033599972724915]], [[11.654711723327637]], [[18.011777877807617]], [[26.09699249267578]], [[29.873645782470703]], [[33.49952697753906]], [[40.210899353027344]], [[44.75127410888672]], [[48.85089111328125]], [[52.525333404541016]], [[55.80126190185547]], [[58.70047378540039]], [[60.43691635131836]], [[63.499576568603516]], [[65.4512710571289]], [[68.18008422851562]], [[71.41719055175781]], [[72.6343002319336]], [[73.64598846435547]], [[74.67515563964844]], [[75.77754974365234]], [[76.38317108154297]], [[77.1279067993164]], [[77.55044555664062]], [[77.72700500488281]], [[78.073486328125]], [[78.3114013671875]], [[78.50784301757812]], [[78.673095703125]], [[78.7908706665039]], [[78.9325942993164]], [[79.05307006835938]], [[79.12886047363281]], [[79.22463989257812]], [[79.28582763671875]], [[79.33197021484375]], [[79.4071273803711]], [[79.4762954711914]], [[79.5319595336914]], [[79.58496856689453]], [[79.62745666503906]], [[79.66868591308594]], [[79.73249816894531]], [[79.77912139892578]], [[79.82474517822266]], [[0.35506001114845276]], [[9.288100242614746]], [[16.22340965270996]], [[27.519424438476562]], [[36.01206970214844]], [[42.25742721557617]], [[48.56988525390625]], [[52.945167541503906]], [[58.52471160888672]], [[60.730037689208984]], [[63.485877990722656]], [[65.97168731689453]], [[68.10850524902344]], [[68.75421905517578]], [[69.6861801147461]], [[70.4666519165039]], [[71.5827865600586]], [[72.16793060302734]], [[72.73445892333984]], [[73.0150146484375]], [[73.441162109375]], [[73.80653381347656]], [[73.94772338867188]], [[74.2890853881836]], [[74.48213195800781]], [[74.69628143310547]], [[74.89554595947266]], [[75.08181762695312]], [[75.25968933105469]], [[75.42838287353516]], [[75.53749084472656]], [[75.75016021728516]], [[75.87918090820312]], [[76.0557632446289]], [[76.13135528564453]], [[76.35306549072266]], [[76.47557830810547]], [[76.59636688232422]], [[76.69380950927734]], [[76.95977783203125]], [[77.05595397949219]], [[77.17707824707031]], [[77.34684753417969]], [[77.49302673339844]], [[77.61572265625]], [[77.73786163330078]], [[77.93585968017578]], [[78.10970306396484]], [[78.28527069091797]], [[78.36087799072266]], [[78.51223754882812]], [[78.66519165039062]], [[78.84489440917969]], [[78.9742431640625]], [[79.1047592163086]], [[0.1057400032877922]], [[4.727788925170898]], [[14.866291046142578]], [[19.12942886352539]], [[25.156646728515625]], [[32.39870834350586]], [[36.36296081542969]], [[39.96236801147461]], [[44.903865814208984]], [[47.524383544921875]], [[50.255218505859375]], [[52.2321662902832]], [[54.595306396484375]], [[56.29877471923828]], [[57.76433181762695]], [[59.41832733154297]], [[60.30329513549805]], [[61.10194778442383]], [[61.957916259765625]], [[62.84014129638672]], [[63.518009185791016]], [[64.13301849365234]], [[64.70303344726562]], [[64.97026824951172]], [[65.48194122314453]], [[66.03842163085938]], [[66.49122619628906]], [[66.99459075927734]], [[67.34111022949219]], [[67.81130981445312]], [[68.01032257080078]], [[68.46249389648438]], [[68.90667724609375]], [[69.22052001953125]], [[69.71905517578125]], [[69.96485137939453]], [[70.33421325683594]], [[70.70298767089844]], [[71.1337661743164]], [[71.50350189208984]], [[71.75125122070312]], [[72.37213134765625]], [[72.6858139038086]], [[73.3160629272461]], [[73.37944793701172]], [[73.82560729980469]], [[74.53704071044922]], [[74.7327880859375]], [[75.25789642333984]], [[75.65583038330078]], [[75.99162292480469]], [[76.32850646972656]], [[76.87269592285156]], [[0.05844400078058243]], [[4.2084784507751465]], [[6.2644500732421875]], [[10.979127883911133]], [[16.157503128051758]], [[19.24786376953125]], [[22.771881103515625]], [[24.99775505065918]], [[29.628997802734375]], [[31.525354385375977]], [[34.590965270996094]], [[36.205711364746094]], [[39.50381851196289]], [[40.49293518066406]], [[42.953678131103516]], [[44.33509063720703]], [[45.861778259277344]], [[48.34210205078125]], [[49.54186248779297]], [[50.653751373291016]], [[51.85166549682617]], [[52.34060287475586]], [[53.11491394042969]], [[54.423641204833984]], [[55.23991012573242]], [[56.021453857421875]], [[56.77100372314453]], [[57.49689483642578]], [[58.199859619140625]], [[58.99740982055664]], [[59.33267593383789]], [[60.21430969238281]], [[60.96888732910156]], [[61.503150939941406]], [[62.139163970947266]], [[62.667015075683594]], [[63.29587173461914]], [[64.03010559082031]], [[64.65946197509766]], [[65.28659057617188]], [[65.81277465820312]], [[66.5506591796875]], [[67.71937561035156]], [[68.36260986328125]], [[69.00764465332031]], [[69.8754653930664]], [[70.20523071289062]], [[70.86376953125]], [[71.5293197631836]], [[72.42257690429688]], [[72.76063537597656]], [[73.5548324584961]]]}