{"vc": [[-0.28764453530311584, -0.1446230560541153, 0.1445673108100891], [-0.34625527262687683, -2.4422478675842285, 2.442154884338379], [-0.09123419225215912, -0.007533918134868145, 0.007452210411429405], [-0.16000688076019287, -0.2608402371406555, 0.2607772648334503], [-0.13352207839488983, -0.04519864544272423, 0.04512444883584976], [-0.12333282828330994, 0.08274045586585999, -0.08283688873052597], [-0.2289208322763443, 0.40113139152526855, -0.40113699436187744], [-0.0012245322577655315, -0.0019214993808418512, 0.0018282518722116947], [0.13151155412197113, 0.06913500279188156, -0.06919676810503006], [-0.01286498922854662, 0.055882371962070465, -0.0559161938726902]], "true_y1": [[[0.4006600081920624]], [[-0.052809715270996094]], [[-0.03370511531829834]], [[0.14252902567386627]], [[0.4231618642807007]], [[0.751646101474762]], [[0.8562042117118835]], [[1.289939522743225]], [[1.5680140256881714]], [[1.8546820878982544]], [[1.998309850692749]], [[2.0620994567871094]], [[2.1015267372131348]], [[2.1193368434906006]], [[2.0850648880004883]], [[1.9988164901733398]], [[1.880405068397522]], [[1.7088303565979004]], [[1.565933108329773]], [[1.2538025379180908]], [[1.0117137432098389]], [[0.8554902672767639]], [[0.657613217830658]], [[0.5825380086898804]], [[0.46761757135391235]], [[0.3706439733505249]], [[0.3338787257671356]], [[0.257309228181839]], [[0.20088748633861542]], [[0.159277081489563]], [[0.10161244869232178]], [[0.0763329491019249]], [[0.03685728833079338]], [[0.01691719889640808]], [[-0.014553617686033249]], [[-0.0382799431681633]], [[-0.05932993441820145]], [[-0.07510547339916229]], [[-0.09483248740434647]], [[-0.11441214382648468]], [[-0.12315965443849564]], [[1.0533000230789185]], [[0.7043299674987793]], [[0.6362625956535339]], [[0.6787995100021362]], [[0.8202031254768372]], [[0.9405618906021118]], [[1.1384294033050537]], [[1.389467716217041]], [[1.5483934879302979]], [[1.7109465599060059]], [[1.7405167818069458]], [[1.789971947669983]], [[1.8503687381744385]], [[1.8495639562606812]], [[1.821449637413025]], [[1.7949855327606201]], [[1.7433946132659912]], [[1.6582140922546387]], [[1.5116301774978638]], [[1.1790889501571655]], [[1.0874745845794678]], [[0.9175390005111694]], [[0.8044742345809937]], [[0.7024996280670166]], [[0.6117525100708008]], [[0.5433401465415955]], [[0.4690607190132141]], [[0.4130946695804596]], [[0.34266161918640137]], [[0.288856565952301]], [[0.048852428793907166]], [[0.02684871107339859]], [[-0.002513241022825241]], [[-0.02618497982621193]], [[-0.044746022671461105]], [[-0.06918446719646454]], [[1.104699969291687]], [[0.8656580448150635]], [[0.6944712400436401]], [[0.6805240511894226]], [[0.6997171640396118]], [[0.8292651772499084]], [[0.9099190831184387]], [[1.0814272165298462]], [[1.1621949672698975]], [[1.238300085067749]], [[1.3680517673492432]], [[1.4629194736480713]], [[1.4969236850738525]], [[1.5315055847167969]], [[1.5446642637252808]], [[1.5501277446746826]], [[1.532146692276001]], [[1.460488200187683]], [[1.433731198310852]], [[1.3745739459991455]], [[1.2942695617675781]], [[1.1275715827941895]], [[1.0314860343933105]], [[0.9116324782371521]], [[0.8554111123085022]], [[0.7768999338150024]], [[0.6818214654922485]], [[0.6272606253623962]], [[0.5663524270057678]], [[0.50163733959198]], [[0.45903468132019043]], [[0.4034578204154968]], [[0.37411075830459595]], [[0.32556232810020447]], [[0.30588647723197937]], [[0.24478518962860107]], [[0.20020687580108643]], [[0.15392188727855682]], [[0.12976178526878357]], [[0.6033599972724915]], [[0.2078433632850647]], [[0.14485885202884674]], [[0.1736316978931427]], [[0.21863135695457458]], [[0.27721476554870605]], [[0.4192962646484375]], [[0.5361498594284058]], [[0.65326327085495]], [[0.7654749751091003]], [[0.8692574501037598]], [[0.9619806408882141]], [[1.0168319940567017]], [[1.1094436645507812]], [[1.1632099151611328]], [[1.2256160974502563]], [[1.2634432315826416]], [[1.2600584030151367]], [[1.2454476356506348]], [[1.2152620553970337]], [[1.1581169366836548]], [[1.1110683679580688]], [[1.0306719541549683]], [[0.9697346091270447]], [[0.939905047416687]], [[0.8719134330749512]], [[0.8163425922393799]], [[0.7636409401893616]], [[0.713595986366272]], [[0.6742624044418335]], [[0.6223834753036499]], [[0.574050784111023]], [[0.541567325592041]], [[0.4982348382472992]], [[0.4692874252796173]], [[0.44686371088027954]], [[0.4093877375125885]], [[0.374078631401062]], [[0.345283180475235]], [[0.317695289850235]], [[0.2955635190010071]], [[0.27413681149482727]], [[0.24119426310062408]], [[0.21738189458847046]], [[0.19434145092964172]], [[0.35506001114845276]], [[-0.018277525901794434]], [[-0.1298092007637024]], [[-0.1095939353108406]], [[0.019258327782154083]], [[0.16317513585090637]], [[0.3460143804550171]], [[0.49224454164505005]], [[0.6954379081726074]], [[0.777390718460083]], [[0.8756038546562195]], [[0.9522960186004639]], [[0.9977942109107971]], [[1.0052534341812134]], [[1.008378267288208]], [[1.0019913911819458]], [[0.9731472730636597]], [[0.9459137916564941]], [[0.9093707799911499]], [[0.8870358467102051]], [[0.8471680879592896]], [[0.8070142269134521]], [[0.7900153994560242]], [[0.7456366419792175]], [[0.7186736464500427]], [[0.6874281764030457]], [[0.657356321811676]], [[0.6286430358886719]], [[0.6009305119514465]], [[0.5745989680290222]], [[0.5576351284980774]], [[0.5249207615852356]], [[0.5054064393043518]], [[0.47921907901763916]], [[0.46821728348731995]], [[0.4367333650588989]], [[0.41986405849456787]], [[0.40360745787620544]], [[0.39076516032218933]], [[0.3569199740886688]], [[0.3451051115989685]], [[0.33052903413772583]], [[0.3106423616409302]], [[0.2939969599246979]], [[0.28034457564353943]], [[0.2670239508152008]], [[0.24595770239830017]], [[0.22795037925243378]], [[0.21017611026763916]], [[0.20263753831386566]], [[0.1877354234457016]], [[0.17290818691253662]], [[0.15574833750724792]], [[0.1435469686985016]], [[0.1313442885875702]], [[0.1057400032877922]], [[-0.16156241297721863]], [[-0.4446980655193329]], [[-0.48522889614105225]], [[-0.487792044878006]], [[-0.421785831451416]], [[-0.35698699951171875]], [[-0.2806340754032135]], [[-0.14718613028526306]], [[-0.06204477697610855]], [[0.037889786064624786]], [[0.11738323420286179]], [[0.21959760785102844]], [[0.2969626188278198]], [[0.36448752880096436]], [[0.4390658140182495]], [[0.4767663776874542]], [[0.5084343552589417]], [[0.5388562679290771]], [[0.5651373267173767]], [[0.5809823870658875]], [[0.5915628671646118]], [[0.5978597402572632]], [[0.5996074080467224]], [[0.6007952690124512]], [[0.5989560484886169]], [[0.5952141284942627]], [[0.5889447927474976]], [[0.5835092663764954]], [[0.5749204754829407]], [[0.5709344744682312]], [[0.5612644553184509]], [[0.5511423945426941]], [[0.5437418222427368]], [[0.5317472219467163]], [[0.5257870554924011]], [[0.5168364644050598]], [[0.5079628825187683]], [[0.49774178862571716]], [[0.4891350567340851]], [[0.4834676682949066]], [[0.469653457403183]], [[0.46289917826652527]], [[0.44979605078697205]], [[0.44851306080818176]], [[0.43965956568717957]], [[0.426168292760849]], [[0.4225873351097107]], [[0.41324692964553833]], [[0.40641677379608154]], [[0.40081149339675903]], [[0.39532744884490967]], [[0.38674867153167725]], [[0.05844400078058243]], [[-0.23539403080940247]], [[-0.33987945318222046]], [[-0.5066279172897339]], [[-0.605392575263977]], [[-0.6336769461631775]], [[-0.6437259316444397]], [[-0.6394214630126953]], [[-0.6067416667938232]], [[-0.584617018699646]], [[-0.5382875800132751]], [[-0.5085879564285278]], [[-0.4362408220767975]], [[-0.41141390800476074]], [[-0.3432641625404358]], [[-0.3010433316230774]], [[-0.2512108087539673]], [[-0.1640430986881256]], [[-0.11981822550296783]], [[-0.07822395116090775]], [[-0.033411905169487]], [[-0.015307577326893806]], [[0.012924056500196457]], [[0.05873044207692146]], [[0.0855933278799057]], [[0.10974720865488052]], [[0.13125906884670258]], [[0.1503983736038208]], [[0.16725264489650726]], [[0.18431876599788666]], [[0.19084013998508453]], 