{"vc": [[0.0488373301923275, 0.0, 0.0], [0.0, 0.0, 0.0], [0.05945500358939171, -0.052072569727897644, 0.05199059471487999], [0.3110133707523346, 0.0, 0.0], [0.0, 0.0, 0.0], [0.0, 0.0, 0.0], [0.0, 0.0011888131266459823, 0.0], [0.0, 0.0, 0.0], [0.0, 0.0, 0.0], [1.0108169317245483, 0.0, 0.0]], "true_y1": [[[0.4006600081920624]], [[56.059600830078125]], [[66.7778549194336]], [[99.79145050048828]], [[132.42636108398438]], [[165.30836486816406]], [[175.54299926757812]], [[219.93557739257812]], [[253.00540161132812]], [[297.46160888671875]], [[330.693603515625]], [[353.04974365234375]], [[375.3228759765625]], [[397.701171875]], [[454.2784423828125]], [[499.7362060546875]], [[545.4520263671875]], [[603.0416259765625]], [[649.3041381835938]], [[755.314208984375]], [[851.6058349609375]], [[925.14794921875]], [[1038.792724609375]], [[1090.7391357421875]], [[1183.912841796875]], [[1280.513916015625]], [[1323.0301513671875]], [[1425.7125244140625]], [[1517.6688232421875]], [[1597.716796875]], [[1732.70263671875]], [[1803.8072509765625]], [[1935.2186279296875]], [[2013.921875]], [[2161.31005859375]], [[2297.8232421875]], [[2444.6435546875]], [[2576.209228515625]], [[2776.718994140625]], [[3032.753173828125]], [[3173.20751953125]], [[1.0533000230789185]], [[23.706836700439453]], [[38.78664779663086]], [[61.600624084472656]], [[84.32624816894531]], [[99.33827209472656]], [[122.30449676513672]], [[152.87364196777344]], [[175.72283935546875]], [[206.76495361328125]], [[214.2736053466797]], [[229.86045837402344]], [[276.56378173828125]], [[284.1788635253906]], [[315.4341125488281]], [[331.1068420410156]], [[354.7200012207031]], [[386.4724426269531]], [[434.2557373046875]], [[539.565185546875]], [[572.3453369140625]], [[639.3062744140625]], [[690.3165893554688]], [[742.5101318359375]], [[795.4935913085938]], [[840.677490234375]], [[896.2362060546875]], [[943.6840209960938]], [[1012.1009521484375]], [[1072.668701171875]], [[1492.9290771484375]], [[1561.58203125]], [[1663.26513671875]], [[1756.43359375]], [[1838.4981689453125]], [[1961.9110107421875]], [[1.104699969291687]], [[12.219220161437988]], [[29.083065032958984]], [[51.748531341552734]], [[57.241119384765625]], [[79.87286376953125]], [[91.06293487548828]], [[113.90913391113281]], [[125.16200256347656]], [[136.56500244140625]], [[159.47467041015625]], [[182.50685119628906]], [[194.0889434814453]], [[211.35086059570312]], [[222.85446166992188]], [[246.21240234375]], [[269.5340270996094]], [[310.60748291015625]], [[322.3779602050781]], [[346.09539794921875]], [[375.94189453125]], [[436.4742126464844]], [[473.3072509765625]], [[523.1388549804688]], [[548.6142578125]], [[587.088134765625]], [[639.3887329101562]], [[672.9578857421875]], [[714.2125854492188]], [[763.3389282226562]], [[799.2625732421875]], [[851.2815551757812]], [[881.4976196289062]], [[936.4148559570312]], [[960.6636962890625]], [[1044.722900390625]], [[1116.1268310546875]], [[1201.6297607421875]], [[1251.815185546875]], [[0.6033599972724915]], [[25.150333404541016]], [[39.79340362548828]], [[59.43284606933594]], [[69.16315460205078]], [[78.9487533569336]], [[98.5660400390625]], [[113.3271484375]], [[128.0828857421875]], [[142.8471221923828]], [[157.6497802734375]], [[172.47518920898438]], [[182.36065673828125]], [[202.25616455078125]], [[217.12767028808594]], [[242.14129638671875]], [[282.4005126953125]], [[302.6501159667969]], [[323.00970458984375]], [[348.5895690917969]], [[384.6666259765625]], [[410.6763610839844]], [[452.987548828125]], [[485.2244567871094]], [[501.3854064941406]], [[539.7351684570312]], [[573.217529296875]], [[607.2969360351562]], [[642.251708984375]], [[671.8475341796875]], [[714.28271484375]], [[757.958251953125]], [[789.959228515625]], [[836.5249633789062]], [[870.4652709960938]], [[898.5244750976562]], [[949.3104248046875]], [[1002.2605590820312]], [[1049.685791015625]], [[1099.2205810546875]], [[1142.228759765625]], [[1186.9674072265625]], [[1262.48486328125]], [[1322.856201171875]], [[1386.5533447265625]], [[0.35506001114845276]], [[20.212976455688477]], [[36.12701416015625]], [[64.00835418701172]], [[87.7998046875]], [[107.9231185913086]], [[131.9116668701172]], [[151.8993682861328]], [[184.1277618408203]], [[200.1956024169922]], [[224.61688232421875]], [[253.130615234375]], [[286.07586669921875]], [[298.4435729980469]], [[319.1869812011719]], [[340.0700988769531]], [[378.19171142578125]], [[403.89471435546875]], [[434.30517578125]], [[451.9941101074219]], [[483.1383361816406]], [[514.9296264648438]], [[528.72119140625]], [[566.1309814453125]], [[590.1449584960938]], [[619.4940795898438]], [[649.5757446289062]], [[680.2772827148438]], [[712.0415649414062]], [[744.4609375]], [[766.6511840820312]], [[812.7333374023438]], [[842.5529174804688]], [[885.7113647460938]], [[905.0333251953125]], [[964.7396240234375]], [[999.7448120117188]], [[1035.72705078125]], [[1065.859130859375]], [[1153.4578857421875]], [[1187.1929931640625]], [[1231.35546875]], [[1296.6083984375]], [[1356.1810302734375]], [[1408.80224609375]], [[1463.7425537109375]], [[1558.715576171875]], [[1648.7572021484375]], [[1746.7677001953125]], [[1791.3695068359375]], [[1885.3843994140625]], [[1987.359375]], [[2117.14453125]], [[2217.986328125]], [[2326.72265625]], [[0.1057400032877922]], [[10.437402725219727]], [[33.741729736328125]], [[44.071102142333984]], [[59.587120056152344]], [[80.38899230957031]], [[93.27546691894531]], [[106.30682373046875]], [[127.15283203125]], [[140.18455505371094]], [[155.8663330078125]], [[169.0231475830078]], [[187.4989776611328]], [[203.3465118408203]], [[219.29104614257812]], [[240.74610900878906]], [[254.18374633789062]], [[267.780029296875]], [[284.2001037597656]], [[303.50872802734375]], [[320.27410888671875]], [[337.1412658691406]], [[354.3305358886719]], [[362.9405517578125]], [[380.4606628417969]], [[401.119384765625]], [[419.2003479003906]], [[440.6576232910156]], [[456.2601623535156]], [[478.50543212890625]], [[488.2888488769531]], [[511.31927490234375]], [[535.0095825195312]], [[552.3760375976562]], [[581.0203247070312]], [[595.6190795898438]], [[618.1510620117188]], [[641.3655395507812]], [[669.4102172851562]], [[694.3006591796875]], [[711.416748046875]], [[755.9247436523438]], [[779.3331298828125]], [[828.376953125]], [[833.4658203125]], [[870.1433715820312]], [[931.9560546875]], [[949.7379150390625]], [[999.232421875]], [[1038.5999755859375]], [[1073.1663818359375]], [[1109.166748046875]], [[1170.336181640625]], [[0.05844400078058243]], [[9.500467300415039]], [[14.218340873718262]], [[25.23192596435547]], [[37.833038330078125]], [[45.72893142700195]], [[55.205780029296875]], [[61.51890563964844]], [[75.72197723388672]], [[82.06285095214844]], [[93.15190124511719]], [[99.49612426757812]], [[113.82783508300781]], [[118.5586166381836]], [[131.40757751464844]], [[139.41671752929688]], [[149.0692596435547]], [[166.9211883544922]], [[176.7093048095703]], [[186.56524658203125]], [[198.12322998046875]], [[203.1430206298828]], [[211.47328186035156]], [[226.67005920410156]], [[236.8917694091797]], [[247.22935485839844]], [[257.6544494628906]], [[268.22552490234375]], [[278.902099609375]], [[291.52606201171875]], [[296.9906311035156]], [[311.79119873046875]], [[324.9360046386719]], [[334.4978332519531]], [[346.14617919921875]], [[356.0262145996094]], [[368.041748046875]], [[382.40008544921875]], [[394.9855041503906]], [[407.7799987792969]], [[418.7108154296875]], [[434.3437194824219]], [[459.8503723144531]], [[474.29437255859375]], [[489.0818176269531]], [[509.4792175292969]], [[517.3881225585938]], [[533.4552001953125]], [[550.079833984375]], [[573.0418090820312]], [[581.936767578125]], [[603.302978515625]]]}