{"vc": [[-0.17365410923957825, -0.1522102653980255, 0.15232259035110474], [-0.2696110010147095, -2.417776107788086, 2.417733907699585], [-0.06069675832986832, -0.011379650793969631, 0.01149451732635498], [-0.09287536889314651, -0.20791329443454742, 0.20786838233470917], [-0.10423032194375992, -0.008661733940243721, 0.008603504858911037], [-0.09094618260860443, 0.058132730424404144, -0.05811338499188423], [-0.2274622619152069, 0.4695585370063782, -0.4697558879852295], [0.0023137202952057123, 1.9354003597982228e-05, 0.00010979808575939387], [0.08621611446142197, 0.06427156925201416, -0.0643170177936554], [-0.009774550795555115, 0.04901506006717682, -0.049129921942949295]], "true_y1": [[[0.4006600081920624]], [[0.0020794272422790527]], [[0.0004376861033961177]], [[0.08141566067934036]], [[0.244617760181427]], [[0.45346778631210327]], [[0.5231669545173645]], [[0.8308258056640625]], [[1.0493367910385132]], [[1.3071963787078857]], [[1.4645705223083496]], [[1.5516799688339233]], [[1.6233233213424683]], [[1.6804938316345215]], [[1.7645467519760132]], [[1.77952241897583]], [[1.759093165397644]], [[1.698474645614624]], [[1.632359504699707]], [[1.4567543268203735]], [[1.299163579940796]], [[1.189663290977478]], [[1.0434094667434692]], [[0.9858893752098083]], [[0.8957853317260742]], [[0.8178244829177856]], [[0.7877926826477051]], [[0.7243549227714539]], [[0.6767681837081909]], [[0.6411560773849487]], [[0.5909597277641296]], [[0.5685952305793762]], [[0.5331519842147827]], [[0.5149722695350647]], [[0.4858347773551941]], [[0.46344777941703796]], [[0.4432285726070404]], [[0.42782047390937805]], [[0.4081956148147583]], [[0.388256698846817]], [[0.37917664647102356]], [[1.0533000230789185]], [[0.7196531295776367]], [[0.6255918145179749]], [[0.6008039116859436]], [[0.6615835428237915]], [[0.7286913394927979]], [[0.8527640104293823]], [[1.029914140701294]], [[1.1557680368423462]], [[1.303990125656128]], [[1.3349394798278809]], [[1.3925516605377197]], [[1.51107919216156]], [[1.5230976343154907]], [[1.5533252954483032]], [[1.5581434965133667]], [[1.554417371749878]], [[1.532468318939209]], [[1.473747968673706]], [[1.2943459749221802]], [[1.237680196762085]], [[1.127042293548584]], [[1.0501652956008911]], [[0.9790452718734741]], [[0.9145995378494263]], [[0.8654355406761169]], [[0.8116130828857422]], [[0.7708272933959961]], [[0.7193012237548828]], [[0.6798484325408936]], [[0.5047737956047058]], [[0.4883671700954437]], [[0.46678614616394043]], [[0.4495508074760437]], [[0.43610790371894836]], [[0.4184848368167877]], [[1.104699969291687]], [[0.8823196887969971]], [[0.6969828605651855]], [[0.6245706677436829]], [[0.6263700723648071]], [[0.6814160943031311]], [[0.726902186870575]], [[0.8366379737854004]], [[0.8934623599052429]], [[0.9502154588699341]], [[1.0562843084335327]], [[1.1464684009552002]], [[1.1844090223312378]], [[1.2313295602798462]], [[1.2562682628631592]], [[1.2921507358551025]], [[1.3101919889450073]], [[1.3072054386138916]], [[1.3000162839889526]], [[1.2791469097137451]], [[1.2438818216323853]], [[1.1558207273483276]], [[1.099117636680603]], [[1.0243116617202759]], [[0.9880363345146179]], [[0.9364418387413025]], [[0.8729242086410522]], [[0.8361676931381226]], [[0.7950365543365479]], [[0.7513859868049622]], [[0.7227672934532166]], [[0.6856771111488342]], [[0.6662410497665405]], [[0.6343764662742615]], [[0.6215807199478149]], [[0.5823631286621094]], [[0.5543222427368164]], [[0.5258080959320068]], [[0.511195719242096]], [[0.6033599972724915]], [[0.26689884066581726]], [[0.19486957788467407]], [[0.18500983715057373]], [[0.20457975566387177]], [[0.2354833483695984]], [[0.32035863399505615]], [[0.3961763083934784]], [[0.47641563415527344]], [[0.5573163628578186]], [[0.6361570954322815]], [[0.710706353187561]], [[0.757193386554718]], [[0.8415474891662598]], [[0.8958720564842224]], [[0.9698303937911987]], [[1.0453730821609497]], [[1.0657260417938232]], [[1.0763081312179565]], [[1.0780481100082397]], [[1.0640332698822021]], [[1.0456374883651733]], [[1.0068461894989014]], [[0.973503828048706]], [[0.9563003182411194]], [[0.9154457449913025]], [[0.8807607889175415]], [[0.8471135497093201]], [[0.8147112727165222]], [[0.7890648245811462]], [[0.7551611661911011]], [[0.7236555218696594]], [[0.7026050090789795]], [[0.6747707724571228]], [[0.6563819050788879]], [[0.6422738432884216]], [[0.6190041899681091]], [[0.5974841713905334]], [[0.5802627801895142]], [[0.564069390296936]], [[0.5513119101524353]], [[0.5391716957092285]], [[0.5209375619888306]], [[0.508101761341095]], [[0.495973140001297]], [[0.35506001114845276]], [[0.06725046038627625]], [[-0.030349090695381165]], [[-0.04490368813276291]], [[0.027370259165763855]], [[0.11846501380205154]], [[0.2423979789018631]], [[0.3478257954120636]], [[0.5064438581466675]], [[0.5762677192687988]], [[0.6676525473594666]], [[0.7506237030029297]], [[0.8161157965660095]], [[0.8331831097602844]], [[0.8538129329681396]], [[0.8658384084701538]], [[0.8701774477958679]], [[0.8638039231300354]], [[0.8498624563217163]], [[0.8395866751670837]], [[0.8191081881523132]], [[0.7965475916862488]], [[0.7865702509880066]], [[0.7596511840820312]], [[0.742837131023407]], [[0.7230635285377502]], [[0.7038481831550598]], [[0.6854236125946045]], [[0.6676441431045532]], [[0.6508140563964844]], [[0.6400294303894043]], [[0.6194168925285339]], [[0.6072682738304138]], [[0.591177225112915]], [[0.5844986438751221]], [[0.5656886100769043]], [[0.5558114647865295]], [[0.5464383363723755]], [[0.5391403436660767]], [[0.5203892588615417]], [[0.5140173435211182]], [[0.506287157535553]], [[0.49598225951194763]], [[0.4875791370868683]], [[0.48084306716918945]], [[0.4744097590446472]], [[0.46452295780181885]], [[0.45635733008384705]], [[0.4485611021518707]], [[0.44533467292785645]], [[0.4390987157821655]], [[0.4330825209617615]], [[0.4263559877872467]], [[0.42172771692276]], [[0.41722750663757324]], [[0.1057400032877922]], [[-0.07754585891962051]], [[-0.2788931727409363]], [[-0.3111492395401001]], [[-0.3200802206993103]], [[-0.28425800800323486]], [[-0.24500137567520142]], [[-0.19696559011936188]], [[-0.10971684008836746]], [[-0.05197369307279587]], [[0.018075183033943176]], [[0.07581894099712372]], [[0.15328139066696167]], [[0.21492436528205872]], [[0.2714962959289551]], [[0.338087797164917]], [[0.374049574136734]], [[0.4059884250164032]], [[0.438846617937088]], [[0.47007590532302856]], [[0.4913642704486847]], [[0.5079985857009888]], [[0.5206964015960693]], [[0.5256522297859192]], [[0.5332496166229248]], [[0.5386142134666443]], [[0.5407712459564209]], [[0.5409687161445618]], [[0.5398728847503662]], [[0.5369747281074524]], [[0.535318911075592]], [[0.5307595133781433]], [[0.525406002998352]], [[0.5212284922599792]], [[0.5141224265098572]], [[0.5104755163192749]], [[0.5048930644989014]], [[0.49926480650901794]], [[0.4927041232585907]], [[0.4871408939361572]], [[0.48346808552742004]], [[0.4745161831378937]], [[0.4701531231403351]], [[0.4617440700531006]], [[0.46092575788497925]], [[0.4553091526031494]], [[0.4468700587749481]], [[0.44465792179107666]], [[0.4389498233795166]], [[0.43483665585517883]], [[0.4315023720264435]], [[0.4282780885696411]], [[0.4233134090900421]], [[0.05844400078058243]], [[-0.1357760727405548]], [[-0.20550893247127533]], [[-0.3183723986148834]], [[-0.388054758310318]], [[-0.4101017713546753]], [[-0.4212464690208435]], [[-0.42162516713142395]], [[-0.4076422154903412]], [[-0.3964529037475586]], [[-0.3716454803943634]], [[-0.3551288843154907]], [[-0.3134250044822693]], [[-0.2986784279346466]], [[-0.2570649981498718]], [[-0.23041017353534698]], [[-0.19801150262355804]], [[-0.13856229186058044]], [[-0.10683590173721313]], [[-0.07587078213691711]], [[-0.04111272841691971]], [[-0.026608556509017944]], [[-0.0033982787281274796]], [[0.03600478172302246]], [[0.0602792426943779]], [[0.08297429978847504]], [[0.10398577153682709]], [[0.12341254949569702]], [[0.1411844789981842]], [[0.15992802381515503]], [[0.16732041537761688]], [[0.1853092461824417]], 