{"vc": [[-0.08737751841545105, 0.0, 0.0], [0.0, -0.06794708967208862, 0.06786204874515533], [-0.024184441193938255, 0.3126233220100403, -0.3127773404121399], [-0.06757029891014099, 0.0, 0.0], [0.0, 0.0, 0.0], [0.0, 0.0, 0.0], [0.0, 0.01571846194565296, -0.015822051092982292], [0.0, 0.0, 0.0], [0.0, 0.0, 0.0], [0.527836263179779, 0.0, 0.0]], "true_y1": [[[0.4006600081920624]], [[28.269243240356445]], [[33.392189025878906]], [[48.36211395263672]], [[61.709022521972656]], [[73.50563049316406]], [[76.8287124633789]], [[89.37403106689453]], [[96.88070678710938]], [[104.84558868408203]], [[109.46990966796875]], [[112.051513671875]], [[114.2629623413086]], [[116.1711654663086]], [[119.87384796142578]], [[121.97285461425781]], [[123.53060150146484]], [[124.93843841552734]], [[125.75560760498047]], [[126.97347259521484]], [[127.62003326416016]], [[127.95169067382812]], [[128.30581665039062]], [[128.42666625976562]], [[128.60223388671875]], [[128.7459716796875]], [[128.80055236816406]], [[128.91661071777344]], [[129.00643920898438]], [[129.0767059326172]], [[129.1827850341797]], [[129.2337646484375]], [[129.3209686279297]], [[129.36952209472656]], [[129.4542236328125]], [[129.52645874023438]], [[129.59841918945312]], [[129.65846252441406]], [[129.7428741455078]], [[129.8398895263672]], [[129.88864135742188]], [[1.0533000230789185]], [[12.45383071899414]], [[19.855764389038086]], [[30.597820281982422]], [[40.58238983154297]], [[46.71586608886719]], [[55.32069778442383]], [[65.26197814941406]], [[71.58512115478516]], [[78.76934814453125]], [[80.28343963623047]], [[83.17251586914062]], [[90.03719329833984]], [[90.93773651123047]], [[94.11044311523438]], [[95.42508697509766]], [[97.11625671386719]], [[98.93648529052734]], [[100.93406677246094]], [[103.4134750366211]], [[103.86441040039062]], [[104.51856994628906]], [[104.8538589477539]], [[105.10218048095703]], [[105.28687286376953]], [[105.40645599365234]], [[105.51934051513672]], [[105.5938949584961]], [[105.67621612548828]], [[105.73136138916016]], [[105.91075897216797]], [[105.92726135253906]], [[105.94818878173828]], [[105.96463775634766]], [[105.9775161743164]], [[105.99473571777344]], [[1.104699969291687]], [[6.690957069396973]], [[14.99970817565918]], [[25.657936096191406]], [[28.12717056274414]], [[37.740516662597656]], [[42.12971115112305]], [[50.28947448730469]], [[53.906795501708984]], [[57.30478286743164]], [[63.347164154052734]], [[68.44082641601562]], [[70.66502380371094]], [[73.60326385498047]], [[75.33302307128906]], [[78.3512954711914]], [[80.79873657226562]], [[84.03460693359375]], [[84.76097869873047]], [[86.01045227050781]], [[87.2503433227539]], [[88.96279907226562]], [[89.65106201171875]], [[90.31268310546875]], [[90.56560516357422]], [[90.86919403076172]], [[91.17203521728516]], [[91.31880187988281]], [[91.46257781982422]], [[91.59495544433594]], [[91.67198181152344]], [[91.76182556152344]], [[91.8049087524414]], [[91.8703384399414]], [[91.89498901367188]], [[91.96565246582031]], [[92.01255798339844]], [[92.05815887451172]], [[92.08104705810547]], [[0.6033599972724915]], [[12.82972240447998]], [[19.871286392211914]], [[28.843158721923828]], [[33.04237365722656]], [[37.08028793334961]], [[44.574398040771484]], [[49.662559509277344]], [[54.272560119628906]], [[58.419837951660156]], [[62.132102966308594]], [[65.43147277832031]], [[67.41502380371094]], [[70.92994689941406]], [[73.18310546875]], [[76.35594940185547]], [[80.16844940185547]], [[81.62238311767578]], [[82.84358978271484]], [[84.10211944580078]], [[85.47692108154297]], [[86.24999237060547]], [[87.2284164428711]], [[87.80457305908203]], [[88.05194091796875]], [[88.55318450927734]], [[88.91393280029297]], [[89.22625732421875]], [[89.50273895263672]], [[89.70977020263672]], [[89.97305297851562]], [[90.21215057373047]], [[90.3713607788086]], [[90.58402252197266]], [[90.72742462158203]], [[90.83981323242188]], [[91.03124237060547]], [[91.21703338623047]], [[91.37344360351562]], [[91.52816772460938]], [[91.65617370605469]], [[91.78372192382812]], [[91.98738098144531]], [[92.14075469970703]], [[92.29438018798828]], [[0.35506001114845276]], [[10.2437162399292]], [[17.929147720336914]], [[30.478208541870117]], [[39.95431137084961]], [[46.956817626953125]], [[54.0753059387207]], [[59.041568756103516]], [[65.42877960205078]], [[67.97618103027344]], [[71.18508911132812]], [[74.11325073242188]], [[76.66865539550781]], [[77.45084381103516]], [[78.5909423828125]], [[79.55864715576172]], [[80.97124481201172]], [[81.73075103759766]], [[82.4836196899414]], [[82.86457824707031]], [[83.45612335205078]], [[83.97832489013672]], [[84.18447875976562]], [[84.6944580078125]], [[84.99082946777344]], [[85.32698822021484]], [[85.64715576171875]], [[85.95311737060547]], [[86.25138092041016]], [[86.53972625732422]], [[86.72901916503906]], [[87.10408020019531]], [[87.33538818359375]], [[87.65632629394531]], [[87.79517364501953]], [[88.2071533203125]], [[88.43765258789062]], [[88.6667709350586]], [[88.85286712646484]], [[89.3662338256836]], [[89.55369567871094]], [[89.79107666015625]], [[90.1260986328125]], [[90.4166259765625]], [[90.66187286376953]], [[90.90723419189453]], [[91.3074722290039]], [[91.66130828857422]], [[92.02088165283203]], [[92.1763916015625]], [[92.48888397216797]], [[92.80623626708984]], [[93.1810302734375]], [[93.45207977294922]], [[93.72663879394531]], [[0.1057400032877922]], [[5.230586051940918]], [[16.483070373535156]], [[21.223751068115234]], [[27.941192626953125]], [[36.04584884643555]], [[40.50337600708008]], [[44.567630767822266]], [[50.18115234375]], [[53.17837905883789]], [[56.32114791870117]], [[58.611568450927734]], [[61.370704650878906]], [[63.37775802612305]], [[65.11995697021484]], [[67.10799407958984]], [[68.18350219726562]], [[69.16268157958984]], [[70.2226791381836]], [[71.32855224609375]], [[72.18893432617188]], [[72.97862243652344]], [[73.71903991699219]], [[74.06917572021484]], [[74.74523162841797]], [[75.4892807006836]], [[76.10167694091797]], [[76.7898941040039]], [[77.26821899414062]], [[77.92310333251953]], [[78.20226287841797]], [[78.84078216552734]], [[79.47354125976562]], [[79.92375946044922]], [[80.64396667480469]], [[81.00121307373047]], [[81.54058837890625]], [[82.08197021484375]], [[82.7177734375]], [[83.26622009277344]], [[83.63506317138672]], [[84.56380462646484]], [[85.0352783203125]], [[85.98677825927734]], [[86.08277130126953]], [[86.7598876953125]], [[87.8445816040039]], [[88.14404296875]], [[88.94940185546875]], [[89.56159210205078]], [[90.07939147949219]], [[90.59993743896484]], [[91.44295501708984]], [[0.05844400078058243]], [[4.673066139221191]], [[6.959935188293457]], [[12.207833290100098]], [[17.98165512084961]], [[21.434581756591797]], [[25.380905151367188]], [[27.87948226928711]], [[33.096744537353516]], [[35.241825103759766]], [[38.72277069091797]], [[40.56391525268555]], [[44.34415054321289]], [[45.48381423950195]], [[48.33326721191406]], [[49.942989349365234]], [[51.731815338134766]], [[54.663780212402344]], [[56.095367431640625]], [[57.43105697631836]], [[58.88075637817383]], [[59.47589111328125]], [[60.42271423339844]], [[62.03582763671875]], [[63.050575256347656]], [[64.02865600585938]], [[64.97283172607422]], [[65.89300537109375]], [[66.78958892822266]], [[67.81328582763672]], [[68.24564361572266]], [[69.38821411132812]], [[70.37239074707031]], [[71.07257843017578]], [[71.90959167480469]], [[72.60701751708984]], [[73.44100189208984]], [[74.41878509521484]], [[75.26016998291016]], [[76.10138702392578]], [[76.80923461914062]], [[77.80481719970703]], [[79.38814544677734]], [[80.26266479492188]], [[81.14163970947266]], [[82.32715606689453]], [[82.77848052978516]], [[83.6810531616211]], [[84.59487915039062]], [[85.82376861572266]], [[86.2895278930664]], [[87.38509368896484]]]}