{"vc": [[-0.04647639021277428, 0.0, 0.0], [0.0, -1.1545896530151367, 1.1546226739883423], [-0.012897441163659096, 0.06558630615472794, -0.06615020334720612], [-0.21953369677066803, 0.0, 0.0], [0.0, 0.0, 0.0], [0.0, 0.0, 0.0], [0.0, 0.5019487142562866, -0.5025539994239807], [0.0, 0.0, 0.0], [0.0, 0.0, 0.0], [0.038703709840774536, 0.0, 0.0]], "true_y1": [[[0.4006600081920624]], [[1.7902848720550537]], [[2.0246236324310303]], [[2.657374620437622]], [[3.1459426879882812]], [[3.509758949279785]], [[3.5996763706207275]], [[3.8843183517456055]], [[4.008418083190918]], [[4.094146728515625]], [[4.116602420806885]], [[4.117852687835693]], [[4.110856533050537]], [[4.097435474395752]], [[4.044205188751221]], [[3.9893805980682373]], [[3.9287500381469727]], [[3.8487892150878906]], [[3.783621072769165]], [[3.635615825653076]], [[3.505309820175171]], [[3.4090840816497803]], [[3.2662513256073]], [[3.203345775604248]], [[3.0942556858062744]], [[2.9862046241760254]], [[2.9402706623077393]], [[2.8333873748779297]], [[2.7424755096435547]], [[2.666962146759033]], [[2.547039031982422]], [[2.4874839782714844]], [[2.383666753768921]], [[2.3251941204071045]], [[2.222677230834961]], [[2.1352758407592773]], [[2.0486631393432617]], [[1.9769734144210815]], [[1.8773561716079712]], [[1.7649013996124268]], [[1.7093114852905273]], [[1.0533000230789185]], [[1.5707755088806152]], [[1.8759284019470215]], [[2.271151065826416]], [[2.58501935005188]], [[2.7513365745544434]], [[2.949692487716675]], [[3.125962018966675]], [[3.2065043449401855]], [[3.2644498348236084]], [[3.2715117931365967]], [[3.2792961597442627]], [[3.261134386062622]], [[3.253871440887451]], [[3.2156548500061035]], [[3.192575216293335]], [[3.154353141784668]], [[3.0984504222869873]], [[3.0089311599731445]], [[2.8061065673828125]], [[2.74372935295105]], [[2.619049549102783]], [[2.5269293785095215]], [[2.435417652130127]], [[2.345428943634033]], [[2.2710201740264893]], [[2.1824727058410645]], [[2.10941743850708]], [[2.008209705352783]], [[1.9226460456848145]], [[1.4272408485412598]], [[1.3612234592437744]], [[1.270205020904541]], [[1.193429708480835]], [[1.13066828250885]], [[1.0441633462905884]], [[1.104699969291687]], [[1.3386651277542114]], [[1.6551692485809326]], [[2.002629041671753]], [[2.07344913482666]], [[2.313847541809082]], [[2.404698371887207]], [[2.541313648223877]], [[2.587993860244751]], [[2.6236732006073]], [[2.666092872619629]], [[2.678171157836914]], [[2.6754422187805176]], [[2.662919759750366]], [[2.649994373321533]], [[2.615143299102783]], [[2.571897506713867]], [[2.4831228256225586]], [[2.455833673477173]], [[2.3993921279907227]], [[2.3267385959625244]], [[2.178178310394287]], [[2.088818311691284]], [[1.9705181121826172]], [[1.911427617073059]], [[1.8241451978683472]], [[1.7094686031341553]], [[1.638351559638977]], [[1.5536627769470215]], [[1.4567443132400513]], [[1.3885838985443115]], [[1.2939361333847046]], [[1.2411473989486694]], [[1.1492830514907837]], [[1.1103769540786743]], [[0.9832069277763367]], [[0.8843076825141907]], [[0.7764123678207397]], [[0.7181870937347412]], [[0.6033599972724915]], [[1.079333782196045]], [[1.3256897926330566]], [[1.6050589084625244]], [[1.7213637828826904]], [[1.8239527940750122]], [[1.9889243841171265]], [[2.080799102783203]], [[2.148733377456665]], [[2.1962268352508545]], [[2.226536989212036]], [[2.242478609085083]], [[2.2463860511779785]], [[2.240976333618164]], [[2.227576971054077]], [[2.1916186809539795]], [[2.110182285308838]], [[2.0623772144317627]], [[2.0114989280700684]], [[1.9449939727783203]], [[1.8486226797103882]], [[1.7784942388534546]], [[1.664903163909912]], [[1.5795891284942627]], [[1.5373833179473877]], [[1.4390095472335815]], [[1.3553906679153442]], [[1.2726322412490845]], [[1.1903350353240967]], [[1.1227680444717407]], [[1.0293467044830322]], [[0.9375133514404297]], [[0.8730317950248718]], [[0.7834500670433044]], [[0.7213219404220581]], [[0.671963095664978]], [[0.5871948003768921]], [[0.5049891471862793]], [[0.4365987777709961]], [[0.37031814455986023]], [[0.31692537665367126]], [[0.26536357402801514]], [[0.1871892362833023]], [[0.1323396861553192]], [[0.08144387602806091]], [[0.35506001114845276]], [[0.7128573656082153]], [[0.9692347645759583]], [[1.3340492248535156]], [[1.5556046962738037]], [[1.683660626411438]], [[1.7768052816390991]], [[1.8149521350860596]], [[1.8213552236557007]], [[1.806044340133667]], [[1.7664024829864502]], [[1.702632188796997]], [[1.6143211126327515]], [[1.5785858631134033]], [[1.5166157484054565]], [[1.4525017738342285]], [[1.3333415985107422]], [[1.2527074813842773]], [[1.157986044883728]], [[1.103493094444275]], [[1.008996844291687]], [[0.9147993922233582]], [[0.8747287392616272]], [[0.7686595916748047]], [[0.7027033567428589]], [[0.6244704723358154]], [[0.5470903515815735]], [[0.47112661600112915]], [[0.3958050310611725]], [[0.3224189281463623]], [[0.27424338459968567]], [[0.17958515882492065]], [[0.1222321093082428]], [[0.04467441886663437]], [[0.012043830007314682]], [[0.0010000000474974513]], [[0.0010000000474974513]], [[0.0010000000474974513]], [[0.0010000000474974513]], [[0.0010000000474974513]], [[0.0010000000474974513]], [[0.0010000000474974513]], [[0.0010000000474974513]], [[0.0010000000474974513]], [[0.0010000000474974513]], [[0.0010000000474974513]], [[0.0010000000474974513]], [[0.0010000000474974513]], [[0.0010000000474974513]], [[0.0010000000474974513]], [[0.0010000000474974513]], [[0.0010000000474974513]], [[0.06281552463769913]], [[0.1607322096824646]], [[0.2639365792274475]], [[0.1057400032877922]], [[0.24988558888435364]], [[0.5492371320724487]], [[0.6647202372550964]], [[0.8135234117507935]], [[0.9637191295623779]], [[1.0291353464126587]], [[1.0755982398986816]], [[1.1140270233154297]], [[1.1191388368606567]], [[1.1096493005752563]], [[1.0908324718475342]], [[1.0511665344238281]], [[1.007511854171753]], [[0.9567711353302002]], [[0.8805148601531982]], [[0.8293240666389465]], [[0.7755661010742188]], [[0.7086978554725647]], [[0.6282127499580383]], [[0.5573449730873108]], [[0.48560091853141785]], [[0.41239893436431885]], [[0.3757968246936798]], [[0.301618367433548]], [[0.21493017673492432]], [[0.13997992873191833]], [[0.052388958632946014]], [[0.0010000000474974513]], [[0.0010000000474974513]], [[0.0010000000474974513]], [[0.0010000000474974513]], [[0.0010000000474974513]], [[0.0010000000474974513]], [[0.0010000000474974513]], [[0.0010000000474974513]], [[0.0010000000474974513]], [[0.0010000000474974513]], [[0.0010000000474974513]], [[0.0010000000474974513]], [[0.0010000000474974513]], [[0.0010000000474974513]], [[0.0010000000474974513]], [[0.0010000000474974513]], [[0.0010000000474974513]], [[0.0010000000474974513]], [[0.0010000000474974513]], [[0.0010000000474974513]], [[0.0010000000474974513]], [[0.0010000000474974513]], [[0.0010000000474974513]], [[0.0010000000474974513]], [[0.0010000000474974513]], [[0.05844400078058243]], [[0.12591201066970825]], [[0.15850016474723816]], [[0.23031765222549438]], [[0.30298134684562683]], [[0.342299222946167]], [[0.38249117136001587]], [[0.40484413504600525]], [[0.4420122802257538]], [[0.45282167196273804]], [[0.4635133445262909]], [[0.4651638865470886]], [[0.4579251706600189]], [[0.4524640142917633]], [[0.4308011829853058]], [[0.41275468468666077]], [[0.3869655132293701]], [[0.32948845624923706]], [[0.29356205463409424]], [[0.2548593282699585]], [[0.20683333277702332]], [[0.18524037301540375]], [[0.14860093593597412]], [[0.07974952459335327]], [[0.032429154962301254]], [[0.0010000000474974513]], [[0.0010000000474974513]], [[0.0010000000474974513]], [[0.0010000000474974513]], [[0.0010000000474974513]], [[0.0010000000474974513]], [[0.0010000000474974513]], [[0.0010000000474974513]], [[0.0010000000474974513]], [[0.0010000000474974513]], [[0.0010000000474974513]], [[0.0010000000474974513]], [[0.0010000000474974513]], [[0.0010000000474974513]], [[0.0010000000474974513]], [[0.0010000000474974513]], [[0.0010000000474974513]], [[0.0010000000474974513]], 