{"vc": [[-0.10436400771141052, 0.0, 0.0], [0.0, -0.08793486654758453, 0.08836802840232849], [-0.03831220790743828, 0.3214474618434906, -0.3211860656738281], [-0.12900443375110626, 0.0, 0.0], [0.0, 0.0, 0.0], [0.0, 0.0, 0.0], [0.0, 0.020791521295905113, -0.020598381757736206], [0.0, 0.0, 0.0], [0.0, 0.0, 0.0], [0.4370441734790802, 0.0, 0.0]], "true_y1": [[[0.4006600081920624]], [[23.23790740966797]], [[27.421154022216797]], [[39.597843170166016]], [[50.37372589111328]], [[59.8111686706543]], [[62.4515266418457]], [[72.33019256591797]], [[78.1587142944336]], [[84.25383758544922]], [[87.73828125]], [[89.66140747070312]], [[91.2934799194336]], [[92.68827056884766]], [[95.34835815429688]], [[96.81793212890625]], [[97.8804702758789]], [[98.80816650390625]], [[99.32386779785156]], [[100.03411102294922]], [[100.35391998291016]], [[100.48587799072266]], [[100.58280181884766]], [[100.60015869140625]], [[100.60533905029297]], [[100.58785247802734]], [[100.57535552978516]], [[100.53738403320312]], [[100.49739837646484]], [[100.46002960205078]], [[100.39462280273438]], [[100.35987091064453]], [[100.29631805419922]], [[100.2590560913086]], [[100.19148254394531]], [[100.13180541992188]], [[100.0709228515625]], [[100.01925659179688]], [[99.94558715820312]], [[99.85977172851562]], [[99.8162841796875]], [[1.0533000230789185]], [[10.38270378112793]], [[16.428054809570312]], [[25.173625946044922]], [[33.260643005371094]], [[38.20213317871094]], [[45.09215545654297]], [[52.97483825683594]], [[57.93417739868164]], [[63.503482818603516]], [[64.6666488647461]], [[66.87416076660156]], [[72.04304504394531]], [[72.71126556396484]], [[75.04149627685547]], [[75.99394226074219]], [[77.2047348022461]], [[78.48452758789062]], [[79.84809875488281]], [[81.42229461669922]], [[81.67816162109375]], [[82.01032257080078]], [[82.1488265991211]], [[82.22535705566406]], [[82.25767517089844]], [[82.2603530883789]], [[82.2419662475586]], [[82.21295928955078]], [[82.15675354003906]], [[82.09777069091797]], [[81.62691497802734]], [[81.55330657958984]], [[81.4478759765625]], [[81.35541534423828]], [[81.27737426757812]], [[81.16600036621094]], [[1.104699969291687]], [[5.668478012084961]], [[12.446076393127441]], [[21.109785079956055]], [[23.11021614074707]], [[30.86640167236328]], [[34.38731002807617]], [[40.8900260925293]], [[43.75164794921875]], [[46.42587661743164]], [[51.142581939697266]], [[55.07233810424805]], [[56.772178649902344]], [[58.99980545043945]], [[60.300262451171875]], [[62.546058654785156]], [[64.34012603759766]], [[66.66022491455078]], [[67.16985321044922]], [[68.0330810546875]], [[68.86737823486328]], [[69.95945739746094]], [[70.36329650878906]], [[70.71450805664062]], [[70.83312225341797]], [[70.95712280273438]], [[71.04966735839844]], [[71.0768051147461]], [[71.08602142333984]], [[71.0721664428711]], [[71.04991149902344]], [[71.0051498413086]], [[70.97422790527344]], [[70.91177368164062]], [[70.88235473632812]], [[70.77532958984375]], [[70.68162536621094]], [[70.5695571899414]], [[70.5047836303711]], [[0.6033599972724915]], [[10.578593254089355]], [[16.308738708496094]], [[23.582372665405273]], [[26.972694396972656]], [[30.222333908081055]], [[36.220855712890625]], [[40.26453399658203]], [[43.90370178222656]], [[47.15426254272461]], [[50.042022705078125]], [[52.588470458984375]], [[54.108951568603516]], [[56.780967712402344]], [[58.47631072998047]], [[60.83510208129883]], [[63.61074447631836]], [[64.64582061767578]], [[65.5013427734375]], [[66.36575317382812]], [[67.28238677978516]], [[67.77996063232422]], [[68.3825912475586]], [[68.71751403808594]], [[68.85525512695312]], [[69.12023162841797]], [[69.29656982421875]], [[69.43722534179688]], [[69.55082702636719]], [[69.62834167480469]], [[69.71672821044922]], [[69.78657531738281]], [[69.82747650146484]], [[69.87520599365234]], [[69.90310668945312]], [[69.92268371582031]], [[69.95170593261719]], [[69.97512817382812]], [[69.99163055419922]], [[70.00540161132812]], [[70.01508331298828]], [[70.02336120605469]], [[70.0340805053711]], [[70.0403823852539]], [[70.04537200927734]], [[0.35506001114845276]], [[8.41312313079834]], [[14.66192626953125]], [[24.813709259033203]], [[32.413246154785156]], [[37.976478576660156]], [[43.57114791870117]], [[47.42818069458008]], [[52.315792083740234]], [[54.23589324951172]], [[56.623722076416016]], [[58.76405715942383]], [[60.59050369262695]], [[61.139286041259766]], [[61.9280891418457]], [[62.5850830078125]], [[63.51705551147461]], [[64.0008316040039]], [[64.46485137939453]], [[64.69264221191406]], [[65.03549194335938]], [[65.32579040527344]], [[65.43690490722656]], [[65.70277404785156]], [[65.85120391845703]], [[66.01409149169922]], [[66.16389465332031]], [[66.30235290527344]], [[66.43312072753906]], [[66.55585479736328]], [[66.63458251953125]], [[66.78660583496094]], [[66.8779525756836]], [[67.001953125]], [[67.0546875]], [[67.20825958251953]], [[67.29244995117188]], [[67.37501525878906]], [[67.44131469726562]], [[67.62098693847656]], [[67.68551635742188]], [[67.76646423339844]], [[67.87935638427734]], [[67.9760513305664]], [[68.05685424804688]], [[68.1369857788086]], [[68.2662582397461]], [[68.37913513183594]], [[68.49256134033203]], [[68.54122924804688]], [[68.63835906982422]], [[68.7361068725586]], [[68.85043334960938]], [[68.9323959350586]], [[69.01481628417969]], [[0.1057400032877922]], [[4.267533779144287]], [[13.388134002685547]], [[17.21670150756836]], [[22.61917495727539]], [[29.088973999023438]], [[32.61769104003906]], [[35.81210708618164]], [[40.18025588989258]], [[42.48734664916992]], [[44.8836784362793]], [[46.612945556640625]], [[48.67332077026367]], [[50.15361022949219]], [[51.4235725402832]], [[52.85251998901367]], [[53.615074157714844]], [[54.30198287963867]], [[55.03678894042969]], [[55.79255294799805]], [[56.37211608886719]], [[56.89705276489258]], [[57.382816314697266]], [[57.610294342041016]], [[58.045387268066406]], [[58.51789855957031]], [[58.901851654052734]], [[59.328125]], [[59.621246337890625]], [[60.018558502197266]], [[60.18657302856445]], [[60.5679931640625]], [[60.94223403930664]], [[61.206398010253906]], [[61.625579833984375]], [[61.83205032348633]], [[62.14207458496094]], [[62.4513053894043]], [[62.81214141845703]], [[63.12152099609375]], [[63.32865905761719]], [[63.84716033935547]], [[64.10879516601562]], [[64.6338119506836]], [[64.68656921386719]], [[65.05764770507812]], [[65.64848327636719]], [[65.81085968017578]], [[66.24605560302734]], [[66.57547760009766]], [[66.85321044921875]], [[67.13162231445312]], [[67.58088684082031]], [[0.05844400078058243]], [[3.7833313941955566]], [[5.628249645233154]], [[9.856918334960938]], [[14.496447563171387]], [[17.261707305908203]], [[20.41090965270996]], [[22.397418975830078]], [[26.523042678833008]], [[28.20905113220215]], [[30.930091857910156]], [[32.36095428466797]], [[35.27806854248047]], [[36.151466369628906]], [[38.32138442993164]], [[39.5377197265625]], [[40.880516052246094]], [[43.059120178222656]], [[44.111812591552734]], [[45.086891174316406]], [[46.137001037597656]], [[46.56552505493164]], [[47.24410629272461]], [[48.3910026550293]], [[49.106407165527344]], [[49.7914924621582]], [[50.448673248291016]], [[51.085262298583984]], [[51.701908111572266]], [[52.4017219543457]], [[52.695960998535156]], [[53.469871520996094]], [[54.132408142089844]], [[54.6015739440918]], [[55.1601448059082]], [[55.623748779296875]], [[56.17607116699219]], [[56.8209228515625]], [[57.37361145019531]], [[57.92426681518555]], [[58.38621139526367]], [[59.03386688232422]], [[60.05924987792969]], [[60.62334442138672]], [[61.18880844116211]], [[61.94923782348633]], [[62.23808670043945]], [[62.81473159790039]], [[63.397254943847656]], [[64.17865753173828]], [[64.47425842285156]], [[65.16842651367188]]]}