{"vc": [[0.028781479224562645, 0.0, 0.0], [0.0, 0.0, 0.0], [0.0502438098192215, -0.05214965343475342, 0.052078843116760254], [0.26684048771858215, 0.0, 0.0], [0.0, 0.0, 0.0], [0.0, 0.0, 0.0], [0.0, 0.0009352528722956777, 0.0], [0.0, 0.0, 0.0], [0.0, 0.0, 0.0], [0.965661346912384, 0.0, 0.0]], "true_y1": [[[0.4006600081920624]], [[53.486515045166016]], [[63.70917510986328]], [[95.19579315185547]], [[126.31999206542969]], [[157.67776489257812]], [[167.43739318847656]], [[209.76519775390625]], [[241.290771484375]], [[283.6596984863281]], [[315.32049560546875]], [[336.61322021484375]], [[357.82098388671875]], [[379.1221923828125]], [[432.94140625]], [[476.1397705078125]], [[519.5363159179688]], [[574.12451171875]], [[617.9009399414062]], [[717.9094848632812]], [[808.3040161132812]], [[877.00048828125]], [[982.4798583984375]], [[1030.3890380859375]], [[1115.793701171875]], [[1203.570068359375]], [[1241.93896484375]], [[1333.9085693359375]], [[1415.403564453125]], [[1485.656005859375]], [[1602.637451171875]], [[1663.4990234375]], [[1774.5960693359375]], [[1840.2763671875]], [[1961.5712890625]], [[2071.970947265625]], [[2188.677490234375]], [[2291.52978515625]], [[2445.266357421875]], [[2636.568603515625]], [[2739.261962890625]], [[1.0533000230789185]], [[22.65139389038086]], [[37.02860641479492]], [[58.77946472167969]], [[80.44561767578125]], [[94.75733947753906]], [[116.65119171142578]], [[145.7901611328125]], [[167.56739807128906]], [[197.1475830078125]], [[204.3014373779297]], [[219.15003967285156]], [[263.6243591308594]], [[270.8731384277344]], [[300.6147766113281]], [[315.52166748046875]], [[337.9710388183594]], [[368.1372985839844]], [[413.479248046875]], [[513.10986328125]], [[544.0181884765625]], [[606.967529296875]], [[654.729248046875]], [[703.4034423828125]], [[752.5908813476562]], [[794.3441772460938]], [[845.4216918945312]], [[888.79833984375]], [[950.9241943359375]], [[1005.4860229492188]], [[1371.69482421875]], [[1429.3751220703125]], [[1513.7020263671875]], [[1589.82666015625]], [[1655.9927978515625]], [[1753.9749755859375]], [[1.104699969291687]], [[11.69767951965332]], [[27.770214080810547]], [[49.371978759765625]], [[54.60673141479492]], [[76.17556762695312]], [[86.83964538574219]], [[108.61056518554688]], [[119.33289337158203]], [[130.19749450683594]], [[152.02252197265625]], [[173.95921325683594]], [[184.98806762695312]], [[201.42193603515625]], [[212.37110900878906]], [[234.5957794189453]], [[256.7742919921875]], [[295.79986572265625]], [[306.9739074707031]], [[329.474609375]], [[357.75811767578125]], [[414.99017333984375]], [[449.7132873535156]], [[496.54449462890625]], [[520.4132690429688]], [[556.3571166992188]], [[604.998779296875]], [[636.0736694335938]], [[674.0941162109375]], [[719.1095581054688]], [[751.8377685546875]], [[798.9305419921875]], [[826.1163940429688]], [[875.1965942382812]], [[896.7294311523438]], [[970.6973876953125]], [[1032.6876220703125]], [[1105.885009765625]], [[1148.3216552734375]], [[0.6033599972724915]], [[23.99490737915039]], [[37.948638916015625]], [[56.663185119628906]], [[65.93498992919922]], [[75.25921630859375]], [[93.95050811767578]], [[108.01355743408203]], [[122.07001495361328]], [[136.1326904296875]], [[150.22967529296875]], [[164.34555053710938]], [[173.75613403320312]], [[192.69082641601562]], [[206.83905029296875]], [[230.62445068359375]], [[268.86883544921875]], [[288.0834655761719]], [[307.38525390625]], [[331.60845947265625]], [[365.7119140625]], [[390.2487487792969]], [[430.0605773925781]], [[460.29608154296875]], [[475.4187927246094]], [[511.2032470703125]], [[542.3195190429688]], [[573.8590698242188]], [[606.0607299804688]], [[633.2011108398438]], [[671.90478515625]], [[711.4664306640625]], [[740.26904296875]], [[781.8917236328125]], [[812.007080078125]], [[836.759521484375]], [[881.2216186523438]], [[927.1067504882812]], [[967.791259765625]], [[1009.8670043945312]], [[1046.052490234375]], [[1083.35400390625]], [[1145.538818359375]], [[1194.55859375]], [[1245.6251220703125]], [[0.35506001114845276]], [[19.273174285888672]], [[34.43394470214844]], [[60.994606018066406]], [[83.65694427490234]], [[102.82245635986328]], [[125.66414642333984]], [[144.6903839111328]], [[175.3528594970703]], [[190.63072204589844]], [[213.83644104003906]], [[240.9032440185547]], [[272.13067626953125]], [[283.8385314941406]], [[303.45428466796875]], [[323.1728820800781]], [[359.0820617675781]], [[383.22161865234375]], [[411.6977233886719]], [[428.2154541015625]], [[457.2079162597656]], [[486.6753234863281]], [[499.41595458984375]], [[533.836181640625]], [[555.8185424804688]], [[582.5584106445312]], [[609.815185546875]], [[637.4700317382812]], [[665.9020385742188]], [[694.725830078125]], [[714.339111328125]], [[754.7628784179688]], [[780.6968383789062]], [[817.9158325195312]], [[834.4569702148438]], [[885.093505859375]], [[914.4465942382812]], [[944.3627319335938]], [[969.2164916992188]], [[1040.4581298828125]], [[1067.499267578125]], [[1102.5745849609375]], [[1153.7421875]], [[1199.7886962890625]], [[1239.948486328125]], [[1281.37939453125]], [[1351.8416748046875]], [[1417.35009765625]], [[1487.297607421875]], [[1518.6800537109375]], [[1583.9498291015625]], [[1653.45361328125]], [[1740.076416015625]], [[1806.0408935546875]], [[1875.92822265625]], [[0.1057400032877922]], [[9.941802024841309]], [[32.12795639038086]], [[41.96133804321289]], [[56.73139190673828]], [[76.53024291992188]], [[88.79277038574219]], [[101.19036865234375]], [[121.01478576660156]], [[133.4016571044922]], [[148.29946899414062]], [[160.7905731201172]], [[178.31690979003906]], [[193.3340301513672]], [[208.4257049560547]], [[228.70135498046875]], [[241.3792266845703]], [[254.1883087158203]], [[269.63055419921875]], [[287.7475891113281]], [[303.4382019042969]], [[319.18304443359375]], [[335.1830139160156]], [[343.1789855957031]], [[359.4098205566406]], [[378.4759216308594]], [[395.0948791503906]], [[414.7299499511719]], [[428.9453430175781]], [[449.1184387207031]], [[457.95428466796875]], [[478.6639404296875]], [[499.8312683105469]], [[515.2584228515625]], [[540.5340576171875]], [[553.333251953125]], [[572.9763793945312]], [[593.0719604492188]], [[617.1541137695312]], [[638.3485717773438]], [[652.8251342773438]], [[690.0968017578125]], [[709.4844970703125]], [[749.630126953125]], [[753.7593383789062]], [[783.3204345703125]], [[832.3614501953125]], [[846.2924194335938]], [[884.6636962890625]], [[914.7691650390625]], [[940.9088134765625]], [[967.8480224609375]], [[1012.9766235351562]], [[0.05844400078058243]], [[9.038294792175293]], [[13.525215148925781]], [[23.999481201171875]], [[35.98289108276367]], [[43.49110412597656]], [[52.501670837402344]], [[58.503387451171875]], [[72.00273132324219]], [[78.02764892578125]], [[88.560791015625]], [[94.58470153808594]], [[108.18537139892578]], [[112.67222595214844]], [[124.8509521484375]], [[132.43585205078125]], [[141.569580078125]], [[158.4369354248047]], [[167.66943359375]], [[176.95310974121094]], [[187.822021484375]], [[192.53602600097656]], [[200.34954833984375]], [[214.57156372070312]], [[224.11244201660156]], [[233.73927307128906]], [[243.42356872558594]], [[253.2174072265625]], [[263.0809326171875]], [[274.70526123046875]], [[279.7237243652344]], [[293.2736511230469]], [[305.2537841796875]], [[313.93524169921875]], [[324.47210693359375]], [[333.3749694824219]], [[344.1584167480469]], [[356.9800109863281]], [[368.159423828125]], [[379.4669494628906]], [[389.0806884765625]], [[402.7540588378906]], [[424.8692626953125]], [[437.2847595214844]], [[449.9140625]], [[467.19915771484375]], [[473.8590393066406]], [[487.3161315917969]], [[501.1381530761719]], [[520.0596313476562]], [[527.3369140625]], [[544.6987915039062]]]}