{"vc": [[-0.032431796193122864, 0.0, 0.0], [0.0, -0.04180053994059563, 0.04165489599108696], [0.01943790540099144, 0.24382783472537994, -0.24411366879940033], [0.12057793140411377, 0.0, 0.0], [0.0, 0.0, 0.0], [0.0, 0.0, 0.0], [0.0, 0.01035209558904171, -0.010337639600038528], [0.0, 0.0, 0.0], [0.0, 0.0, 0.0], [0.7988051772117615, 0.0, 0.0]], "true_y1": [[[0.4006600081920624]], [[43.21891403198242]], [[51.093902587890625]], [[74.11258697509766]], [[94.64781188964844]], [[112.81524658203125]], [[117.93778991699219]], [[137.30950927734375]], [[148.94276428222656]], [[161.35337829589844]], [[168.61544799804688]], [[172.69952392578125]], [[176.22286987304688]], [[179.28831481933594]], [[185.3411407470703]], [[188.87721252441406]], [[191.5927276611328]], [[194.1666717529297]], [[195.75177001953125]], [[198.3635711669922]], [[200.00473022460938]], [[200.9916534423828]], [[202.24502563476562]], [[202.7441864013672]], [[203.56019592285156]], [[204.32652282714844]], [[204.6438751220703]], [[205.3697509765625]], [[205.9785919189453]], [[206.48146057128906]], [[207.27926635742188]], [[207.676513671875]], [[208.37257385253906]], [[208.7672882080078]], [[209.46517944335938]], [[210.06703186035156]], [[210.6705780029297]], [[211.1760711669922]], [[211.88832092285156]], [[212.70758056640625]], [[213.11912536621094]], [[1.0533000230789185]], [[18.641170501708984]], [[30.079669952392578]], [[46.70603561401367]], [[62.18870544433594]], [[71.71479034423828]], [[85.10237121582031]], [[100.61365509033203]], [[110.51559448242188]], [[121.81978607177734]], [[124.21253204345703]], [[128.79188537597656]], [[139.77963256835938]], [[141.23768615722656]], [[146.42428588867188]], [[148.6039581298828]], [[151.44647216796875]], [[154.5760040283203]], [[158.15060424804688]], [[163.06130981445312]], [[164.0880889892578]], [[165.7571258544922]], [[166.7610321044922]], [[167.62759399414062]], [[168.3888397216797]], [[168.96856689453125]], [[169.61558532714844]], [[170.1234893798828]], [[170.800048828125]], [[171.35549926757812]], [[174.49673461914062]], [[174.93197631835938]], [[175.5411376953125]], [[176.06521606445312]], [[176.50204467773438]], [[177.11888122558594]], [[1.104699969291687]], [[9.74852180480957]], [[22.63089370727539]], [[39.199928283691406]], [[43.04560089111328]], [[58.044525146484375]], [[64.90808868408203]], [[77.69896697998047]], [[83.38513946533203]], [[88.73774719238281]], [[98.29071044921875]], [[106.39293670654297]], [[109.95121765136719]], [[114.67832946777344]], [[117.47949981689453]], [[122.41250610351562]], [[126.47325134277344]], [[131.98416137695312]], [[133.2563934326172]], [[135.49215698242188]], [[137.79563903808594]], [[141.22914123535156]], [[142.76669311523438]], [[144.4188995361328]], [[145.1256866455078]], [[146.06362915039062]], [[147.1524658203125]], [[147.76788330078125]], [[148.4573211669922]], [[149.20387268066406]], [[149.70957946777344]], [[150.39425659179688]], [[150.77037048339844]], [[151.42013549804688]], [[151.69482421875]], [[152.59759521484375]], [[153.31219482421875]], [[154.1137237548828]], [[154.55941772460938]], [[0.6033599972724915]], [[19.55254554748535]], [[30.48292350769043]], [[44.425174713134766]], [[50.95665740966797]], [[57.241127014160156]], [[68.91676330566406]], [[76.8558349609375]], [[84.06076049804688]], [[90.55628204345703]], [[96.38627624511719]], [[101.58561706542969]], [[104.72233581542969]], [[110.30878448486328]], [[113.9158706665039]], [[119.04741668701172]], [[125.3485107421875]], [[127.81745147705078]], [[129.9365234375]], [[132.1822967529297]], [[134.74403381347656]], [[136.2597198486328]], [[138.29881286621094]], [[139.59164428710938]], [[140.17529296875]], [[141.42550659179688]], [[142.39466857910156]], [[143.29209899902344]], [[144.13973999023438]], [[144.8112335205078]], [[145.7146759033203]], [[146.58541870117188]], [[147.19203186035156]], [[148.0347137451172]], [[148.6227569580078]], [[149.09397888183594]], [[149.9156036376953]], [[150.7331085205078]], [[151.43423461914062]], [[152.13735961914062]], [[152.72503662109375]], [[153.31497192382812]], [[154.26402282714844]], [[154.9829559326172]], [[155.70558166503906]], [[0.35506001114845276]], [[15.71129322052002]], [[27.656246185302734]], [[47.170806884765625]], [[61.91459655761719]], [[72.81961059570312]], [[83.92649841308594]], [[91.70171356201172]], [[101.76876068115234]], [[105.82173156738281]], [[110.98143005371094]], [[115.77510833740234]], [[120.07345581054688]], [[121.4222412109375]], [[123.42779541015625]], [[125.17782592773438]], [[127.84307861328125]], [[129.35079956054688]], [[130.91505432128906]], [[131.7386474609375]], [[133.0678253173828]], [[134.2987823486328]], [[134.80096435546875]], [[136.0850067138672]], [[136.85910034179688]], [[137.76171875]], [[138.6448974609375]], [[139.50894165039062]], [[140.3684539794922]], [[141.21380615234375]], [[141.77554321289062]], [[142.90213012695312]], [[143.6044464111328]], [[144.58641052246094]], [[145.013427734375]], [[146.28631591796875]], [[147.0012664794922]], [[147.71316528320312]], [[148.2919921875]], [[149.8895263671875]], [[150.4726104736328]], [[151.2104034423828]], [[152.25013732910156]], [[153.14990234375]], [[153.90785217285156]], [[154.66452026367188]], [[155.89500427246094]], [[156.97860717773438]], [[158.0754852294922]], [[158.54849243164062]], [[159.4964141845703]], [[160.4554901123047]], [[161.58343505859375]], [[162.3959503173828]], [[163.2162322998047]], [[0.1057400032877922]], [[8.109211921691895]], [[25.677749633789062]], [[33.07199478149414]], [[43.53780746459961]], [[56.145545959472656]], [[63.072967529296875]], [[69.38868713378906]], [[78.12195587158203]], [[82.79795837402344]], [[87.7206802368164]], [[91.32852172851562]], [[95.70996856689453]], [[98.93268585205078]], [[101.76477813720703]], [[105.05072784423828]], [[106.85985565185547]], [[108.53085327148438]], [[110.36998748779297]], [[112.32771301269531]], [[113.88213348388672]], [[115.33531188964844]], [[116.72222900390625]], [[117.38652801513672]], [[118.68465423583984]], [[120.13652801513672]], [[121.34896850585938]], [[122.72894287109375]], [[123.69792938232422]], [[125.03612518310547]], [[125.61014556884766]], [[126.929931640625]], [[128.24551391601562]], [[129.18515014648438]], [[130.69264221191406]], [[131.44174194335938]], [[132.57363891601562]], [[133.7100830078125]], [[135.0441436767578]], [[136.1936492919922]], [[136.96575927734375]], [[138.90548706054688]], [[139.88729858398438]], [[141.86181640625]], [[142.0604705810547]], [[143.45872497558594]], [[145.6871337890625]], [[146.29977416992188]], [[147.94168090820312]], [[149.18417358398438]], [[150.23130798339844]], [[151.2804718017578]], [[152.9721221923828]], [[0.05844400078058243]], [[7.333682537078857]], [[10.938385009765625]], [[19.204059600830078]], [[28.280563354492188]], [[33.69651412963867]], [[39.87327575683594]], [[43.77635192871094]], [[51.9072380065918]], [[55.24341583251953]], [[60.65078353881836]], [[63.50885009765625]], [[69.37763214111328]], [[71.14847564697266]], [[75.5834732055664]], [[78.09619140625]], [[80.89765167236328]], [[85.51883697509766]], [[87.79287719726562]], [[89.92762756347656]], [[92.26092529296875]], [[93.22418975830078]], [[94.76358795166016]], [[97.40673065185547]], [[99.0830078125]], [[100.70860290527344]], [[102.28675079345703]], [[103.83273315429688]], [[105.34600830078125]], [[107.08123016357422]], [[107.8161849975586]], [[109.76331329345703]], [[111.44503021240234]], [[112.64325714111328]], [[114.07684326171875]], [[115.27184295654297]], [[116.7008056640625]], [[118.37527465820312]], [[119.81471252441406]], [[121.25196838378906]], [[122.45956420898438]], [[124.15475463867188]], [[126.84164428710938]], [[128.3203887939453]], [[129.80259704589844]], [[131.79501342773438]], [[132.5514373779297]], [[134.0606689453125]], [[135.5839385986328]], [[137.624755859375]], [[138.3959503173828]], [[140.205078125]]]}