{"vc": [[-0.0729963406920433, 0.0, 0.0], [0.0, -0.05668888986110687, 0.05676231160759926], [-0.013176695443689823, 0.30898454785346985, -0.3089372217655182], [-0.01510001439601183, 0.0, 0.0], [0.0, 0.0, 0.0], [0.0, 0.0, 0.0], [0.0, 0.013402401469647884, -0.013290897943079472], [0.0, 0.0, 0.0], [0.0, 0.0, 0.0], [0.6041128635406494, 0.0, 0.0]], "true_y1": [[[0.4006600081920624]], [[32.492733001708984]], [[38.40192794799805]], [[55.70069885253906]], [[71.17715454101562]], [[84.91300201416016]], [[88.79425048828125]], [[103.50482940673828]], [[112.36013793945312]], [[121.81165313720703]], [[127.33170318603516]], [[130.42599487304688]], [[133.08494567871094]], [[135.38629150390625]], [[139.87405395507812]], [[142.43463134765625]], [[144.34552001953125]], [[146.08346557617188]], [[147.0992889404297]], [[148.6301727294922]], [[149.45925903320312]], [[149.89376831054688]], [[150.37045288085938]], [[150.5376434326172]], [[150.78616333007812]], [[150.99549865722656]], [[151.0764923095703]], [[151.25146484375]], [[151.3892364501953]], [[151.4981689453125]], [[151.6640625]], [[151.74417114257812]], [[151.88145446777344]], [[151.95790100097656]], [[152.09109497070312]], [[152.20433044433594]], [[152.3166961669922]], [[152.41004943847656]], [[152.54061889648438]], [[152.68963623046875]], [[152.7640838623047]], [[1.0533000230789185]], [[14.193880081176758]], [[22.733625411987305]], [[35.145442962646484]], [[46.70966339111328]], [[53.83076477050781]], [[63.848819732666016]], [[75.4726791381836]], [[82.90057373046875]], [[91.38056182861328]], [[93.17415618896484]], [[96.6036148071289]], [[104.79563903808594]], [[105.87564086914062]], [[109.69267272949219]], [[111.28057098388672]], [[113.32970428466797]], [[115.54492950439453]], [[117.99137115478516]], [[121.06687927246094]], [[121.63552856445312]], [[122.47227478027344]], [[122.91090393066406]], [[123.24395751953125]], [[123.4995346069336]], [[123.67091369628906]], [[123.8394775390625]], [[123.9562759399414]], [[124.09305572509766]], [[124.19149017333984]], [[124.5978012084961]], [[124.643310546875]], [[124.70417022705078]], [[124.75437927246094]], [[124.79499816894531]], [[124.85077667236328]], [[1.104699969291687]], [[7.550281047821045]], [[17.14423942565918]], [[29.471355438232422]], [[32.33164978027344]], [[43.48823928833008]], [[48.595123291015625]], [[58.11627197265625]], [[62.35032272338867]], [[66.3362045288086]], [[73.44740295410156]], [[79.46932983398438]], [[82.1080093383789]], [[85.60356140136719]], [[87.66717529296875]], [[91.27965545654297]], [[94.22152709960938]], [[98.1328353881836]], [[99.01505279541016]], [[100.53720092773438]], [[102.05476379394531]], [[104.16802215576172]], [[105.02677917480469]], [[105.86196899414062]], [[106.18533325195312]], [[106.57836151123047]], [[106.97880554199219]], [[107.17769622802734]], [[107.37731170654297]], [[107.56724548339844]], [[107.68165588378906]], [[107.8202133178711]], [[107.88919067382812]], [[107.99803924560547]], [[108.04057312011719]], [[108.168212890625]], [[108.25843811035156]], [[108.35095977783203]], [[108.39923858642578]], [[0.6033599972724915]], [[14.720948219299316]], [[22.86157989501953]], [[33.25141906738281]], [[38.123233795166016]], [[42.81447982788086]], [[51.541358947753906]], [[57.484256744384766]], [[62.88333511352539]], [[67.75413513183594]], [[72.12646484375]], [[76.02355194091797]], [[78.37197875976562]], [[82.54476165771484]], [[85.22797393798828]], [[89.0188980102539]], [[93.5963134765625]], [[95.34935760498047]], [[96.82540893554688]], [[98.35037994384766]], [[100.02124786376953]], [[100.96343231201172]], [[102.15913391113281]], [[102.86524200439453]], [[103.16893005371094]], [[103.7853775024414]], [[104.22999572753906]], [[104.61558532714844]], [[104.9573745727539]], [[105.21350860595703]], [[105.53934478759766]], [[105.83512115478516]], [[106.03187561035156]], [[106.29422760009766]], [[106.47073364257812]], [[106.60877990722656]], [[106.84322357177734]], [[107.06980895996094]], [[107.2597427368164]], [[107.44682312011719]], [[107.6009750366211]], [[107.75399017333984]], [[107.99707794189453]], [[108.17913055419922]], [[108.36061096191406]], [[0.35506001114845276]], [[11.782143592834473]], [[20.672239303588867]], [[35.22060012817383]], [[46.246788024902344]], [[54.4256477355957]], [[62.774139404296875]], [[68.62307739257812]], [[76.180908203125]], [[79.20781707763672]], [[83.0321044921875]], [[86.53340911865234]], [[89.59801483154297]], [[90.53759765625]], [[91.90817260742188]], [[93.07221984863281]], [[94.77165985107422]], [[95.68480682373047]], [[96.5888442993164]], [[97.04559326171875]], [[97.75344848632812]], [[98.3764419555664]], [[98.62175750732422]], [[99.22676086425781]], [[99.57693481445312]], [[99.97264099121094]], [[100.34791564941406]], [[100.7049331665039]], [[101.05136108398438]], [[101.38470458984375]], [[101.60266876220703]], [[102.03250122070312]], [[102.29621887207031]], [[102.66041564941406]], [[102.81736755371094]], [[103.28094482421875]], [[103.5389633178711]], [[103.79448699951172]], [[104.0013656616211]], [[104.56901550292969]], [[104.77522277832031]], [[105.0355453491211]], [[105.40147399902344]], [[105.71744537353516]], [[105.98322296142578]], [[106.24827575683594]], [[106.67887115478516]], [[107.05777740478516]], [[107.44117736816406]], [[107.60649108886719]], [[107.93779754638672]], [[108.27306365966797]], [[108.6675033569336]], [[108.95176696777344]], [[109.23888397216797]], [[0.1057400032877922]], [[6.040417194366455]], [[19.081634521484375]], [[24.58411979675293]], [[32.39373779296875]], [[41.842140197753906]], [[47.05377197265625]], [[51.81645584106445]], [[58.41351318359375]], [[61.945404052734375]], [[65.65596771240234]], [[68.36454772949219]], [[71.63150024414062]], [[74.00979614257812]], [[76.07447814941406]], [[78.42898559570312]], [[79.70111083984375]], [[80.85760498046875]], [[82.10697937011719]], [[83.40654754638672]], [[84.41405487060547]], [[85.33538055419922]], [[86.19576263427734]], [[86.601318359375]], [[87.38179016113281]], [[88.23649597167969]], [[88.9363784790039]], [[89.71884155273438]], [[90.26006317138672]], [[90.99755096435547]], [[91.3106918334961]], [[92.02418518066406]], [[92.72752380371094]], [[93.22577667236328]], [[94.0191650390625]], [[94.41109466552734]], [[95.00088500976562]], [[95.59060668945312]], [[96.2803955078125]], [[96.87311553955078]], [[97.27058410644531]], [[98.26752471923828]], [[98.77159118652344]], [[99.78494262695312]], [[99.88689422607422]], [[100.60466003417969]], [[101.74960327148438]], [[102.06468963623047]], [[102.9100112915039]], [[103.5506362915039]], [[104.09123229980469]], [[104.6335678100586]], [[105.50957489013672]], [[0.05844400078058243]], [[5.421451568603516]], [[8.079784393310547]], [[14.182821273803711]], [[20.903947830200195]], [[24.927734375]], [[29.531301498413086]], [[32.44895935058594]], [[38.5493049621582]], [[41.060699462890625]], [[45.13999557495117]], [[47.29942321777344]], [[51.736236572265625]], [[53.07438659667969]], [[56.42025375366211]], [[58.309871673583984]], [[60.408477783203125]], [[63.84278869628906]], [[65.51578521728516]], [[67.07344818115234]], [[68.75957489013672]], [[69.4501724243164]], [[70.54668426513672]], [[72.40782928466797]], [[73.57349395751953]], [[74.69290161132812]], [[75.76937866210938]], [[76.81439971923828]], [[77.82859802246094]], [[78.98161315917969]], [[79.46697998046875]], [[80.74503326416016]], [[81.84061431884766]], [[82.61712646484375]], [[83.5422592163086]], [[84.31058502197266]], [[85.2264404296875]], [[86.29632568359375]], [[87.21376037597656]], [[88.12818908691406]], [[88.89555358886719]], [[89.9717788696289]], [[91.67643737792969]], [[92.61457824707031]], [[93.55522918701172]], [[94.8205337524414]], [[95.30125427246094]], [[96.2610855102539]], [[97.23088836669922]], [[98.53205871582031]], [[99.02435302734375]], [[100.18058776855469]]]}