{"vc": [[-0.1701710820198059, -0.1526852250099182, 0.15284013748168945], [-0.26627713441848755, -2.41817569732666, 2.418325901031494], [-0.0596575103700161, -0.012095166370272636, 0.012218528427183628], [-0.09000308066606522, -0.20584754645824432, 0.2058110535144806], [-0.10271161049604416, -0.008725060150027275, 0.008813629858195782], [-0.08954920619726181, 0.05618463456630707, -0.056003838777542114], [-0.22610889375209808, 0.4726670980453491, -0.47265902161598206], [0.0022517559118568897, 6.543877680087462e-05, 1.2384451110847294e-05], [0.08514094352722168, 0.06320531666278839, -0.06306783109903336], [-0.007943550124764442, 0.04980902746319771, -0.049998994916677475]], "true_y1": [[[0.4006600081920624]], [[0.07431381940841675]], [[0.08130771666765213]], [[0.18198972940444946]], [[0.35655641555786133]], [[0.570259153842926]], [[0.6402806639671326]], [[0.9437186121940613]], [[1.1542308330535889]], [[1.3970344066619873]], [[1.5415059328079224]], [[1.6197657585144043]], [[1.6827787160873413]], [[1.7316843271255493]], [[1.7976287603378296]], [[1.801509976387024]], [[1.7730125188827515]], [[1.706012487411499]], [[1.6371467113494873]], [[1.4603378772735596]], [[1.3045897483825684]], [[1.197096347808838]], [[1.0539419651031494]], [[0.9976645112037659]], [[0.909449577331543]], [[0.8329871296882629]], [[0.8034800291061401]], [[0.7410210967063904]], [[0.6940222978591919]], [[0.658747136592865]], [[0.6088413596153259]], [[0.5865234732627869]], [[0.5510291457176208]], [[0.5327552556991577]], [[0.503354549407959]], [[0.4806573987007141]], [[0.4600641131401062]], [[0.4443025588989258]], [[0.42412927746772766]], [[0.40350234508514404]], [[0.3940587043762207]], [[1.0533000230789185]], [[0.7540707588195801]], [[0.6749474406242371]], [[0.6648095846176147]], [[0.7334175705909729]], [[0.8029413819313049]], [[0.9274536371231079]], [[1.1006693840026855]], [[1.2213207483291626]], [[1.3607845306396484]], [[1.3894742727279663]], [[1.4423584938049316]], [[1.5474754571914673]], [[1.5575255155563354]], [[1.5805383920669556]], [[1.5822943449020386]], [[1.5746591091156006]], [[1.548709750175476]], [[1.4862767457962036]], [[1.30516517162323]], [[1.2488220930099487]], [[1.139460802078247]], [[1.0637693405151367]], [[0.9938661456108093]], [[0.9305688738822937]], [[0.8822833895683289]], [[0.8294019103050232]], [[0.789300262928009]], [[0.7385837435722351]], [[0.6996945738792419]], [[0.5264387726783752]], [[0.5099374055862427]], [[0.4882330000400543]], [[0.4708826243877411]], [[0.45733121037483215]], [[0.439531534910202]], [[1.104699969291687]], [[0.9012429118156433]], [[0.735602617263794]], [[0.6785233616828918]], [[0.6826773285865784]], [[0.7433573007583618]], [[0.7897055149078369]], [[0.8983320593833923]], [[0.9535337090492249]], [[1.008111834526062]], [[1.1086986064910889]], [[1.1925915479660034]], [[1.2272956371307373]], [[1.2694913148880005]], [[1.2914206981658936]], [[1.321699619293213]], [[1.3349616527557373]], [[1.3256714344024658]], [[1.3171443939208984]], [[1.2941395044326782]], [[1.2571004629135132]], [[1.167705774307251]], [[1.111109733581543]], [[1.037043809890747]], [[1.0012882947921753]], [[0.9505611658096313]], [[0.888260006904602]], [[0.8522584438323975]], [[0.8120019435882568]], [[0.7693008184432983]], [[0.7413102388381958]], [[0.7050343751907349]], [[0.6860228180885315]], [[0.6548478603363037]], [[0.6423259377479553]], [[0.6039329171180725]], [[0.5764639973640442]], [[0.5485126972198486]], [[0.5341801047325134]], [[0.6033599972724915]], [[0.3032938539981842]], [[0.2446882128715515]], [[0.24673570692539215]], [[0.27025341987609863]], [[0.30406832695007324]], [[0.3920930027961731]], [[0.46831217408180237]], [[0.5475714802742004]], [[0.6263555288314819]], [[0.7021657228469849]], [[0.7729909420013428]], [[0.8167160749435425]], [[0.8950979709625244]], [[0.9448015689849854]], [[1.0111194849014282]], [[1.0757561922073364]], [[1.0915637016296387]], [[1.0982718467712402]], [[1.0961054563522339]], [[1.0782078504562378]], [[1.057993769645691]], [[1.0175728797912598]], [[0.9837828874588013]], [[0.9665395617485046]], [[0.9259388446807861]], [[0.8917452692985535]], [[0.8587477803230286]], [[0.8270940780639648]], [[0.8021081686019897]], [[0.7691526412963867]], [[0.7385907769203186]], [[0.7181990742683411]], [[0.6912660598754883]], [[0.673489511013031]], [[0.6598596572875977]], [[0.63739413022995]], [[0.6166341304779053]], [[0.6000323295593262]], [[0.584430992603302]], [[0.5721467733383179]], [[0.5604628324508667]], [[0.5429255366325378]], [[0.5305893421173096]], [[0.5189403891563416]], [[0.35506001114845276]], [[0.09862297773361206]], [[0.01738104224205017]], [[0.02044687792658806]], [[0.1005060076713562]], [[0.19437412917613983]], [[0.3179592490196228]], [[0.42065364122390747]], [[0.5715161561965942]], [[0.6364937424659729]], [[0.7199732065200806]], [[0.7937443256378174]], [[0.8496565222740173]], [[0.8635611534118652]], [[0.879487156867981]], [[0.8875448107719421]], [[0.8864949941635132]], [[0.8776509761810303]], [[0.8617510199546814]], [[0.8507223129272461]], [[0.8294509649276733]], [[0.8066048622131348]], [[0.7966247797012329]], [[0.7699592709541321]], [[0.7534498572349548]], [[0.7341437339782715]], [[0.715474545955658]], [[0.6976439952850342]], [[0.6804935336112976]], [[0.6643029451370239]], [[0.6539485454559326]], [[0.6341992020606995]], [[0.6225829720497131]], [[0.607222855091095]], [[0.6008561849594116]], [[0.5829513669013977]], [[0.5735656023025513]], [[0.5646693110466003]], [[0.5577499270439148]], [[0.5400026440620422]], [[0.5339826345443726]], [[0.5266872048377991]], [[0.5169761180877686]], [[0.5090701580047607]], [[0.5027415752410889]], [[0.4967052936553955]], [[0.48744484782218933]], [[0.47981247305870056]], [[0.4725399911403656]], [[0.4695347845554352]], [[0.4637341797351837]], [[0.458148330450058]], [[0.45191580057144165]], [[0.4476357698440552]], [[0.44348108768463135]], [[0.1057400032877922]], [[-0.05894657224416733]], [[-0.23277688026428223]], [[-0.2566787004470825]], [[-0.2558811604976654]], [[-0.21091099083423615]], [[-0.16776637732982635]], [[-0.11702358722686768]], [[-0.027821756899356842]], [[0.029756754636764526]], [[0.09831938147544861]], [[0.15384940803050995]], [[0.22696754336357117]], [[0.2840051054954529]], [[0.3354031443595886]], [[0.3946247696876526]], [[0.4259529709815979]], [[0.4533246159553528]], [[0.480951726436615]], [[0.5065621137619019]], [[0.5235102772712708]], [[0.5363082885742188]], [[0.5456359386444092]], [[0.5490996241569519]], [[0.5540381073951721]], [[0.5568583011627197]], [[0.5572457909584045]], [[0.5558114051818848]], [[0.5537978410720825]], [[0.5499125123023987]], [[0.5479235649108887]], [[0.5427793264389038]], [[0.5370599627494812]], [[0.5327319502830505]], [[0.5255415439605713]], [[0.5219122171401978]], [[0.5164168477058411]], [[0.5109362006187439]], [[0.5046086311340332]], [[0.49928590655326843]], [[0.49579060077667236]], [[0.4873258173465729]], [[0.48322513699531555]], [[0.4753630459308624]], [[0.4746006727218628]], [[0.46938055753707886]], [[0.4615764617919922]], [[0.4595383107662201]], [[0.45429345965385437]], [[0.4505268633365631]], [[0.4474813640117645]], [[0.44454315304756165]], [[0.44003230333328247]], [[0.05844400078058243]], [[-0.11831434816122055]], [[-0.18115253746509552]], [[-0.2811940610408783]], [[-0.3400583267211914]], [[-0.3567323088645935]], [[-0.3624577522277832]], [[-0.35972607135772705]], [[-0.33992481231689453]], [[-0.32659462094306946]], [[-0.29865577816963196]], [[-0.2806837260723114]], [[-0.23656979203224182]], [[-0.22129160165786743]], [[-0.17888683080673218]], [[-0.15221165120601654]], [[-0.12025279551744461]], [[-0.06285564601421356]], [[-0.03285945579409599]], [[-0.0040021538734436035]], [[0.02789781242609024]], [[0.04105488210916519]], [[0.061918705701828]], [[0.09679292142391205]], [[0.11792808026075363]], [[0.13743948936462402]], [[0.15528199076652527]], [[0.1715814769268036]], [[0.1863182932138443]], [[0.20166927576065063]], [[0.2076663225889206]], [[0.22211334109306335]], [[0.2329551726579666]], 