{"vc": [[-0.01855970174074173, 0.0, 0.0], [0.0, 0.0, 0.0], [0.029357369989156723, -0.013258371502161026, 0.01294185034930706], [0.1604769080877304, 0.0, 0.0], [0.0, 0.0, 0.0], [0.0, 0.0, 0.0], [0.0, 0.0008175756083801389, 0.0], [0.0, 0.0, 0.0], [0.0, 0.0, 0.0], [0.857056200504303, 0.0, 0.0]], "true_y1": [[[0.4006600081920624]], [[47.287620544433594]], [[56.314048767089844]], [[84.11050415039062]], [[111.57762908935547]], [[139.23980712890625]], [[147.84664916992188]], [[185.15823364257812]], [[212.92727661132812]], [[250.21372985839844]], [[278.0462646484375]], [[296.7474060058594]], [[315.35870361328125]], [[334.0352783203125]], [[381.13763427734375]], [[418.84136962890625]], [[456.608642578125]], [[503.934326171875]], [[541.7185668945312]], [[627.3678588867188]], [[703.822509765625]], [[761.2014770507812]], [[847.8958129882812]], [[886.6483764648438]], [[954.668212890625]], [[1023.0548706054688]], [[1052.435302734375]], [[1121.529296875]], [[1181.1298828125]], [[1231.2469482421875]], [[1312.0565185546875]], [[1352.78173828125]], [[1424.79833984375]], [[1465.9737548828125]], [[1539.3282470703125]], [[1603.1419677734375]], [[1667.6571044921875]], [[1722.1094970703125]], [[1799.5220947265625]], [[1889.646240234375]], [[1935.393798828125]], [[1.0533000230789185]], [[20.105104446411133]], [[32.7785530090332]], [[51.938331604003906]], [[71.0069580078125]], [[83.59352111816406]], [[102.833251953125]], [[128.4100799560547]], [[147.50137329101562]], [[173.39781188964844]], [[179.6542205810547]], [[192.6314697265625]], [[231.42539978027344]], [[237.7367706298828]], [[263.5948181152344]], [[276.5311584472656]], [[295.980224609375]], [[322.04803466796875]], [[361.0694274902344]], [[446.0028076171875]], [[472.08612060546875]], [[524.75341796875]], [[564.262451171875]], [[604.0819091796875]], [[643.8258666992188]], [[677.1436157226562]], [[717.343994140625]], [[750.9754638671875]], [[798.2883911132812]], [[838.9730834960938]], [[1089.478271484375]], [[1125.271484375]], [[1175.8409423828125]], [[1219.738037109375]], [[1256.5802001953125]], [[1308.9765625]], [[1.104699969291687]], [[10.440260887145996]], [[24.5930118560791]], [[43.59178924560547]], [[48.19178771972656]], [[67.12854766845703]], [[76.48114776611328]], [[95.55308532714844]], [[104.93512725830078]], [[114.43395233154297]], [[133.4909210205078]], [[152.61053466796875]], [[162.2090606689453]], [[176.49322509765625]], [[185.99734497070312]], [[205.25546264648438]], [[224.42593383789062]], [[258.0308837890625]], [[267.6202392578125]], [[286.8820495605469]], [[310.9970397949219]], [[359.42242431640625]], [[388.52947998046875]], [[427.4163818359375]], [[447.0579528808594]], [[476.39031982421875]], [[515.578857421875]], [[540.287841796875]], [[570.1506958007812]], [[604.954345703125]], [[629.863525390625]], [[665.0974731445312]], [[685.1007690429688]], [[720.5721435546875]], [[735.8690185546875]], [[787.1593017578125]], [[828.6272583007812]], [[875.8038330078125]], [[902.2731323242188]], [[0.6033599972724915]], [[21.20566177368164]], [[33.48554992675781]], [[49.94309616088867]], [[58.09140396118164]], [[66.28209686279297]], [[82.689453125]], [[95.0232162475586]], [[107.34117126464844]], [[119.6538314819336]], [[131.98492431640625]], [[144.3200225830078]], [[152.53598022460938]], [[169.04757690429688]], [[181.366943359375]], [[202.03883361816406]], [[235.16058349609375]], [[251.73971557617188]], [[268.3472595214844]], [[289.1166076660156]], [[318.2048034667969]], [[339.0105285644531]], [[372.5231018066406]], [[397.7500305175781]], [[410.2885437011719]], [[439.73223876953125]], [[465.058837890625]], [[490.4481201171875]], [[516.0587768554688]], [[537.3863525390625]], [[567.3719482421875]], [[597.4769287109375]], [[619.0340576171875]], [[649.6314697265625]], [[671.3509521484375]], [[688.9346313476562]], [[719.9041748046875]], [[751.0277099609375]], [[777.908935546875]], [[805.0037841796875]], [[827.7353515625]], [[850.6214599609375]], [[887.5616455078125]], [[915.6366577148438]], [[943.9329833984375]], [[0.35506001114845276]], [[17.007404327392578]], [[30.34438133239746]], [[53.691505432128906]], [[73.59136962890625]], [[90.40357971191406]], [[110.41674041748047]], [[127.06391906738281]], [[153.83966064453125]], [[167.152587890625]], [[187.33152770996094]], [[210.79376220703125]], [[237.74557495117188]], [[247.81362915039062]], [[264.6318359375]], [[281.4693908691406]], [[311.9332275390625]], [[332.25103759765625]], [[356.0326232910156]], [[369.7273254394531]], [[393.5731201171875]], [[417.5410461425781]], [[427.8148498535156]], [[455.28570556640625]], [[472.6016845703125]], [[493.4131774902344]], [[514.3306884765625]], [[535.2365112304688]], [[556.3861083984375]], [[577.4619750976562]], [[591.5888061523438]], [[620.1478881835938]], [[638.070556640625]], [[663.2420654296875]], [[674.2203369140625]], [[707.0309448242188]], [[725.5040283203125]], [[743.923095703125]], [[758.9153442382812]], [[800.3639526367188]], [[815.518798828125]], [[834.7169189453125]], [[861.8193969726562]], [[885.3255004882812]], [[905.1701049804688]], [[925.026611328125]], [[957.4280395507812]], [[986.0933837890625]], [[1015.2550048828125]], [[1027.88037109375]], [[1053.2813720703125]], [[1079.1280517578125]], [[1109.7333984375]], [[1131.931640625]], [[1154.4810791015625]], [[0.1057400032877922]], [[8.748982429504395]], [[28.23802947998047]], [[36.87264633178711]], [[49.83735656738281]], [[67.20491027832031]], [[77.953369140625]], [[88.81224060058594]], [[106.15560150146484]], [[116.9766616821289]], [[129.9721221923828]], [[140.84951782226562]], [[156.07810974121094]], [[169.0904998779297]], [[182.1290740966797]], [[199.5769500732422]], [[210.44113159179688]], [[221.37826538085938]], [[234.5061798095703]], [[249.82015991210938]], [[262.9993591308594]], [[276.1392517089844]], [[289.39849853515625]], [[295.9874267578125]], [[309.28143310546875]], [[324.75225830078125]], [[338.1017761230469]], [[353.70220947265625]], [[364.875244140625]], [[380.548583984375]], [[387.3441162109375]], [[403.1009216308594]], [[418.9520263671875]], [[430.3387145996094]], [[448.6854553222656]], [[457.8273010253906]], [[471.6606140136719]], [[485.5638732910156]], [[501.89208984375]], [[515.961181640625]], [[525.4089965820312]], [[549.1323852539062]], [[561.1334228515625]], [[585.2584228515625]], [[587.6851196289062]], [[604.7656860351562]], [[631.998291015625]], [[639.490478515625]], [[659.5892333984375]], [[674.8231811523438]], [[687.6829223632812]], [[700.5908203125]], [[721.4616088867188]], [[0.05844400078058243]], [[7.9259257316589355]], [[11.85639476776123]], [[21.029834747314453]], [[31.52121353149414]], [[38.09202194213867]], [[45.97433853149414]], [[51.222198486328125]], [[63.017398834228516]], [[68.27717590332031]], [[77.46443176269531]], [[82.71322631835938]], [[94.54669952392578]], [[98.44463348388672]], [[109.00762176513672]], [[115.57203674316406]], [[123.46050262451172]], [[137.9744415283203]], [[145.8851776123047]], [[153.8127899169922]], [[163.0564422607422]], [[167.05198669433594]], [[173.65538024902344]], [[185.6086883544922]], [[193.57606506347656]], [[201.57008361816406]], [[209.56329345703125]], [[217.5946502685547]], [[225.62722778320312]], [[235.01797485351562]], [[239.04580688476562]], [[249.8383026123047]], [[259.2760314941406]], [[266.0514831542969]], [[274.2008361816406]], [[281.02142333984375]], [[289.2010192871094]], [[298.807373046875]], [[307.0753173828125]], [[315.33367919921875]], [[322.2713317871094]], [[332.00445556640625]], [[347.4093933105469]], [[355.8735046386719]], [[364.3468933105469]], [[375.72088623046875]], [[380.0345764160156]], [[388.6348876953125]], [[397.30767822265625]], [[408.91876220703125]], [[413.3048400878906]], [[423.5927734375]]]}