{"vc": [[-0.035374872386455536, 0.0, 0.0], [0.0, -2.25984263420105, 2.2598876953125], [-0.02352471835911274, 0.05489771440625191, -0.05491332709789276], [-0.03068043850362301, 0.0, 0.0], [0.0, 0.0, 0.0], [0.0, 0.0, 0.0], [0.0, 1.0196168422698975, -1.0199042558670044], [0.0, 0.0, 0.0], [0.0, 0.0, 0.0], [0.0018735749181360006, -4.5848910123922105e-19, 0.0]], "true_y1": [[[0.4006600081920624]], [[0.40568092465400696]], [[0.405644953250885]], [[0.40362581610679626]], [[0.3989487290382385]], [[0.3917381763458252]], [[0.3890133202075958]], [[0.3747484087944031]], [[0.36173900961875916]], [[0.3414057493209839]], [[0.3243080675601959]], [[0.31198811531066895]], [[0.299116313457489]], [[0.2856296896934509]], [[0.2493533045053482]], [[0.21829752624034882]], [[0.18569768965244293]], [[0.14313149452209473]], [[0.1080627590417862]], [[0.02618344873189926]], [[-0.048227034509181976]], [[-0.10393911600112915]], [[-0.18634693324565887]], [[-0.2219690978527069]], [[-0.2817665934562683]], [[-0.33717381954193115]], [[-0.3591303527355194]], [[-0.40529611706733704]], [[-0.43761390447616577]], [[-0.4581872820854187]], [[-0.4758389890193939]], [[-0.4762153625488281]], [[-0.4606172442436218]], [[-0.4414653778076172]], [[-0.3876446485519409]], [[-0.3203233480453491]], [[-0.23471805453300476]], [[-0.15157663822174072]], [[-0.023364350199699402]], [[0.12654845416545868]], [[0.1974925398826599]], [[1.0533000230789185]], [[1.0434119701385498]], [[1.034178614616394]], [[1.0167999267578125]], [[0.9960370063781738]], [[0.9807280898094177]], [[0.9552393555641174]], [[0.9181069135665894]], [[0.8884251117706299]], [[0.8460221290588379]], [[0.8354641795158386]], [[0.8132274150848389]], [[0.7444785833358765]], [[0.733024537563324]], [[0.6854645013809204]], [[0.6613381505012512]], [[0.624715268611908]], [[0.5750750303268433]], [[0.49984532594680786]], [[0.3336593210697174]], [[0.28221994638442993]], [[0.17806962132453918]], [[0.09982465207576752]], [[0.020970158278942108]], [[-0.05765143036842346]], [[-0.12344704568386078]], [[-0.20264312624931335]], [[-0.26869869232177734]], [[-0.3612555265426636]], [[-0.44044405221939087]], [[-0.916881799697876]], [[-0.98297518491745]], [[-1.0752981901168823]], [[-1.1543315649032593]], [[-1.2197701930999756]], [[-1.3112150430679321]], [[1.104699969291687]], [[1.0955991744995117]], [[1.078802466392517]], [[1.0515700578689575]], [[1.0442993640899658]], [[1.0120819807052612]], [[0.9950018525123596]], [[0.9582419395446777]], [[0.9393571615219116]], [[0.9197837114334106]], [[0.8793488144874573]], [[0.8375089168548584]], [[0.8161143660545349]], [[0.7838748693466187]], [[0.7621933817863464]], [[0.7177886962890625]], [[0.6730722188949585]], [[0.5937684774398804]], [[0.5709746479988098]], [[0.5250224471092224]], [[0.46724456548690796]], [[0.3506885766983032]], [[0.2804480791091919]], [[0.1865522563457489]], [[0.13914208114147186]], [[0.06840233504772186]], [[-0.025925777852535248]], [[-0.08525820076465607]], [[-0.15678474307060242]], [[-0.23985347151756287]], [[-0.29908767342567444]], [[-0.3825254440307617]], [[-0.42969751358032227]], [[-0.5129618644714355]], [[-0.5487074255943298]], [[-0.667782723903656]], [[-0.7630882263183594]], [[-0.8703108429908752]], [[-0.9298302531242371]], [[0.6033599972724915]], [[0.5802915692329407]], [[0.5643483996391296]], [[0.5407968759536743]], [[0.5283166170120239]], [[0.5152809023857117]], [[0.4878399968147278]], [[0.46617940068244934]], [[0.443774938583374]], [[0.4206984043121338]], [[0.3969831168651581]], [[0.37272533774375916]], [[0.3563023507595062]], [[0.3227296471595764]], [[0.297245591878891]], [[0.25377917289733887]], [[0.18268051743507385]], [[0.1465805470943451]], [[0.11016321182250977]], [[0.06434647738933563]], [[-0.00015341490507125854]], [[-0.04640039801597595]], [[-0.12084552645683289]], [[-0.17665952444076538]], [[-0.2042732834815979]], [[-0.26863721013069153]], [[-0.3232764005661011]], [[-0.3771410882472992]], [[-0.4302749037742615]], [[-0.47335517406463623]], [[-0.531618595123291]], [[-0.5865761637687683]], [[-0.6230869889259338]], [[-0.6695505380630493]], [[-0.6976381540298462]], [[-0.7166152000427246]], [[-0.7396485805511475]], [[-0.7454020977020264]], [[-0.7318903803825378]], [[-0.696336030960083]], [[-0.6462671160697937]], [[-0.5748611092567444]], [[-0.41311824321746826]], [[-0.2553434371948242]], [[-0.07554635405540466]], [[0.35506001114845276]], [[0.3322315216064453]], [[0.31239670515060425]], [[0.27487388253211975]], [[0.24055778980255127]], [[0.21020972728729248]], [[0.17277121543884277]], [[0.14075323939323425]], [[0.08800466358661652]], [[0.06135902553796768]], [[0.020632382482290268]], [[-0.02697588875889778]], [[-0.08158892393112183]], [[-0.10187101364135742]], [[-0.13549669086933136]], [[-0.16872282326221466]], [[-0.2272365540266037]], [[-0.2646980583667755]], [[-0.3064061403274536]], [[-0.3291296660900116]], [[-0.36589792370796204]], [[-0.3984386920928955]], [[-0.41075098514556885]], [[-0.4378036558628082]], [[-0.44965776801109314]], [[-0.4574697017669678]], [[-0.45701128244400024]], [[-0.4468518793582916]], [[-0.42533057928085327]], [[-0.3914646506309509]], [[-0.36143800616264343]], [[-0.28269776701927185]], [[-0.2217525690793991]], [[-0.12397267669439316]], [[-0.07806630432605743]], [[0.06389640271663666]], [[0.14244462549686432]], [[0.21633665263652802]], [[0.2716712951660156]], [[0.39544808864593506]], [[0.42893102765083313]], [[0.4623096287250519]], [[0.4933566451072693]], [[0.5067646503448486]], [[0.5097244381904602]], [[0.5061848163604736]], [[0.4890417754650116]], [[0.46471962332725525]], [[0.4334365427494049]], [[0.4182964861392975]], [[0.38555026054382324]], [[0.3497670590877533]], [[0.30509305000305176]], [[0.2715965211391449]], [[0.23693595826625824]], [[0.1057400032877922]], [[0.08729527145624161]], [[0.04495631158351898]], [[0.025977469980716705]], [[-0.0026343241333961487]], [[-0.040935173630714417]], [[-0.06447320431470871]], [[-0.08801013976335526]], [[-0.12484288215637207]], [[-0.1471806764602661]], [[-0.17315396666526794]], [[-0.19402144849300385]], [[-0.22159837186336517]], [[-0.24333269894123077]], [[-0.2630718946456909]], [[-0.28563448786735535]], [[-0.2970474660396576]], [[-0.3061594069004059]], [[-0.313515305519104]], [[-0.3164462149143219]], [[-0.31342846155166626]], [[-0.3047155737876892]], [[-0.28963321447372437]], [[-0.2796584665775299]], [[-0.2543569803237915]], [[-0.21616646647453308]], [[-0.17596417665481567]], [[-0.12145205587148666]], [[-0.0783635675907135]], [[-0.014110900461673737]], [[0.014496302232146263]], [[0.08077169954776764]], [[0.1448569893836975]], [[0.18771634995937347]], [[0.24887396395206451]], [[0.2750755548477173]], [[0.30883079767227173]], [[0.33545219898223877]], [[0.35757142305374146]], [[0.3691915273666382]], [[0.3734409213066101]], [[0.3730257749557495]], [[0.3675759434700012]], [[0.34801027178764343]], [[0.3454943597316742]], [[0.32541921734809875]], [[0.2863817811012268]], [[0.27444812655448914]], [[0.24049347639083862]], [[0.2132524996995926]], [[0.18949443101882935]], [[0.1651104986667633]], [[0.1248878687620163]], [[0.05844400078058243]], [[0.030996093526482582]], [[0.01724354922771454]], [[-0.014888178557157516]], [[-0.05156067758798599]], [[-0.07440464198589325]], [[-0.10159729421138763]], [[-0.11953071504831314]], [[-0.1591649204492569]], [[-0.17646093666553497]], [[-0.20596039295196533]], [[-0.2223331481218338]], [[-0.25765708088874817]], [[-0.26872530579566956]], [[-0.29699358344078064]], [[-0.3130752444267273]], [[-0.3305933475494385]], [[-0.35646793246269226]], [[-0.366290420293808]], [[-0.37243008613586426]], [[-0.37410035729408264]], [[-0.3727489411830902]], [[-0.3674562871456146]], [[-0.34705132246017456]], [[-0.3248383104801178]], [[-0.29506659507751465]], [[-0.2575884163379669]], [[-0.21230587363243103]], [[-0.15995720028877258]], [[-0.09128974378108978]], [[-0.05995027348399162]], [[0.02716975286602974]], [[0.10385051369667053]], [[0.1570873260498047]], [[0.21722076833248138]], [[0.26312369108200073]], 