{"vc": [[-0.13938762247562408, 0.0, 0.0], [0.0, -0.19939593970775604, 0.20010411739349365], [-0.06034976616501808, 0.34262341260910034, -0.3423791825771332], [-0.2460835874080658, 0.0, 0.0], [0.0, 0.0, 0.0], [0.0, 0.0, 0.0], [0.0, 0.044747717678546906, -0.0441136471927166], [0.0, 0.0, 0.0], [0.0, 0.0, 0.0], [0.2401101291179657, 0.0, 0.0]], "true_y1": [[[0.4006600081920624]], [[12.415033340454102]], [[14.598281860351562]], [[20.900609970092773]], [[26.390884399414062]], [[31.108633041381836]], [[32.40997314453125]], [[37.18972396850586]], [[39.92881774902344]], [[42.70661163330078]], [[44.24146270751953]], [[45.06641387939453]], [[45.750736236572266]], [[46.32123565673828]], [[47.35740280151367]], [[47.88335037231445]], [[48.22593688964844]], [[48.47677993774414]], [[48.57908630371094]], [[48.61415481567383]], [[48.512176513671875]], [[48.390159606933594]], [[48.162803649902344]], [[48.050289154052734]], [[47.842220306396484]], [[47.62358093261719]], [[47.5275993347168]], [[47.298431396484375]], [[47.09796142578125]], [[46.928062438964844]], [[46.65258026123047]], [[46.513362884521484]], [[46.26703643798828]], [[46.126304626464844]], [[45.876129150390625]], [[45.65935516357422]], [[45.4412956237793]], [[45.2582893371582]], [[45.00002670288086]], [[44.702598571777344]], [[44.553104400634766]], [[1.0533000230789185]], [[5.919189453125]], [[9.054622650146484]], [[13.554892539978027]], [[17.66663360595703]], [[20.149459838867188]], [[23.565471649169922]], [[27.393278121948242]], [[29.746742248535156]], [[32.32529067993164]], [[32.853450775146484]], [[33.84408187866211]], [[36.08794021606445]], [[36.36797332763672]], [[37.31896209716797]], [[37.69319534301758]], [[38.152130126953125]], [[38.60847854614258]], [[39.04023361206055]], [[39.3594970703125]], [[39.35811233520508]], [[39.27595901489258]], [[39.16707229614258]], [[39.03057861328125]], [[38.87575912475586]], [[38.73573684692383]], [[38.557804107666016]], [[38.40334701538086]], [[38.17985916137695]], [[37.9835319519043]], [[36.74161911010742]], [[36.56364059448242]], [[36.3129997253418]], [[36.09650421142578]], [[35.915767669677734]], [[35.66053009033203]], [[1.104699969291687]], [[3.4653825759887695]], [[6.954580307006836]], [[11.37417984008789]], [[12.386444091796875]], [[16.274826049804688]], [[18.017690658569336]], [[21.191818237304688]], [[22.567197799682617]], [[23.838703155517578]], [[26.043514251708984]], [[27.835575103759766]], [[28.595081329345703]], [[29.572826385498047]], [[30.1326961517334]], [[31.075660705566406]], [[31.800321578979492]], [[32.67853546142578]], [[32.8577995300293]], [[33.14380645751953]], [[33.3891716003418]], [[33.618614196777344]], [[33.643856048583984]], [[33.59443664550781]], [[33.54366683959961]], [[33.444618225097656]], [[33.28044128417969]], [[33.16339111328125]], [[33.01176452636719]], [[32.824546813964844]], [[32.68535232543945]], [[32.48299026489258]], [[32.36589813232422]], [[32.15534973144531]], [[32.063655853271484]], [[31.753520965576172]], [[31.500944137573242]], [[31.212923049926758]], [[31.051414489746094]], [[0.6033599972724915]], [[5.736469745635986]], [[8.666475296020508]], [[12.355765342712402]], [[14.060795783996582]], [[15.684595108032227]], [[18.650232315063477]], [[20.621828079223633]], [[22.3734130859375]], [[23.916542053222656]], [[25.267534255981445]], [[26.440519332885742]], [[27.13136100769043]], [[28.324722290039062]], [[29.06536865234375]], [[30.06793975830078]], [[31.186824798583984]], [[31.577730178833008]], [[31.883914947509766]], [[32.170894622802734]], [[32.436729431152344]], [[32.554203033447266]], [[32.652462005615234]], [[32.67222213745117]], [[32.668922424316406]], [[32.634403228759766]], [[32.58099365234375]], [[32.5107307434082]], [[32.42664337158203]], [[32.34855270385742]], [[32.22891616821289]], [[32.099632263183594]], [[32.00255584716797]], [[31.859577178955078]], [[31.755023956298828]], [[31.6688175201416]], [[31.514118194580078]], [[31.35560417175293]], [[31.21671485900879]], [[31.075210571289062]], [[30.95553207397461]], [[30.83431053161621]], [[30.637435913085938]], [[30.487064361572266]], [[30.335067749023438]], [[0.35506001114845276]], [[4.475865364074707]], [[7.65590763092041]], [[12.772077560424805]], [[16.541561126708984]], [[19.255008697509766]], [[21.931859970092773]], [[23.73812484741211]], [[25.964391708374023]], [[26.813140869140625]], [[27.839948654174805]], [[28.722312927246094]], [[29.430883407592773]], [[29.631858825683594]], [[29.906972885131836]], [[30.119789123535156]], [[30.384197235107422]], [[30.49589729309082]], [[30.578622817993164]], [[30.607685089111328]], [[30.632795333862305]], [[30.632083892822266]], [[30.625349044799805]], [[30.592056274414062]], [[30.56156349182129]], [[30.51705551147461]], [[30.465118408203125]], [[30.40721893310547]], [[30.343547821044922]], [[30.275798797607422]], [[30.228313446044922]], [[30.12796974182129]], [[30.062423706054688]], [[29.96751594543457]], [[29.925195693969727]], [[29.79579734802246]], [[29.72124481201172]], [[29.645845413208008]], [[29.583763122558594]], [[29.40923309326172]], [[29.34449005126953]], [[29.26185417175293]], [[29.144142150878906]], [[29.041183471679688]], [[28.953720092773438]], [[28.865772247314453]], [[28.721481323242188]], [[28.593183517456055]], [[28.46220588684082]], [[28.405393600463867]], [[28.29096221923828]], [[28.17441749572754]], [[28.03640365600586]], [[27.936368942260742]], [[27.834869384765625]], [[0.1057400032877922]], [[2.1971776485443115]], [[6.76641845703125]], [[8.674123764038086]], [[11.350090026855469]], [[14.521162986755371]], [[16.23032569885254]], [[17.761781692504883]], [[19.825504302978516]], [[20.897689819335938]], [[21.994735717773438]], [[22.77344512939453]], [[23.683259963989258]], [[24.321550369262695]], [[24.855939865112305]], [[25.43836784362793]], [[25.738853454589844]], [[26.0019588470459]], [[26.274036407470703]], [[26.541942596435547]], [[26.737852096557617]], [[26.907197952270508]], [[27.056379318237305]], [[27.12359619140625]], [[27.247257232666016]], [[27.374055862426758]], [[27.47126579284668]], [[27.573129653930664]], [[27.63957405090332]], [[27.725160598754883]], [[27.759872436523438]], [[27.835607528686523]], [[27.90606117248535]], [[27.953685760498047]], [[28.026020050048828]], [[28.060314178466797]], [[28.110307693481445]], [[28.15852928161621]], [[28.212928771972656]], [[28.25812530517578]], [[28.28770637512207]], [[28.359594345092773]], [[28.394805908203125]], [[28.463550567626953]], [[28.470327377319336]], [[28.517364501953125]], [[28.59014892578125]], [[28.609731674194336]], [[28.66139030456543]], [[28.699729919433594]], [[28.731571197509766]], [[28.763065338134766]], [[28.813030242919922]], [[0.05844400078058243]], [[1.8749849796295166]], [[2.7741217613220215]], [[4.832725524902344]], [[7.086071491241455]], [[8.425475120544434]], [[9.946542739868164]], [[10.903188705444336]], [[12.881263732910156]], [[13.685582160949707]], [[14.977581977844238]], [[15.653487205505371]], [[17.022428512573242]], [[17.4295597076416]], [[18.434507369995117]], [[18.99312973022461]], [[19.605236053466797]], [[20.58619499206543]], [[21.053861618041992]], [[21.48280143737793]], [[21.939708709716797]], [[22.124549865722656]], [[22.415233612060547]], [[22.90064239501953]], [[23.199539184570312]], [[23.48291015625]], [[23.75211524963379]], [[24.010473251342773]], [[24.2585391998291]], [[24.53755760192871]], [[24.65411376953125]], [[24.95867156982422]], [[25.217256546020508]], [[25.399280548095703]], [[25.614917755126953]], [[25.79308319091797]], [[26.00447654724121]], [[26.250213623046875]], [[26.460020065307617]], [[26.66840171813965]], [[26.8427677154541]], [[27.08662986755371]], [[27.47150993347168]], [[27.68271827697754]], [[27.89413070678711]], [[28.178022384643555]], [[28.285751342773438]], [[28.50066566467285]], [[28.717592239379883]], [[29.00834846496582]], [[29.1182804107666]], [[29.3763370513916]]]}