{"vc": [[-0.0511813759803772, 0.0, 0.0], [0.0, -1.3661922216415405, 1.367013692855835], [-0.010310069657862186, 0.07531464099884033, -0.07600352168083191], [-0.1956230103969574, 0.0, 0.0], [0.0, 0.0, 0.0], [0.0, 0.0, 0.0], [0.0, 0.5649821758270264, -0.5644474029541016], [0.0, 0.0, 0.0], [0.0, 0.0, 0.0], [0.035491183400154114, 0.0, 0.0]], "true_y1": [[[0.4006600081920624]], [[1.6833487749099731]], [[1.8982988595962524]], [[2.475968837738037]], [[2.9186289310455322]], [[3.245760917663574]], [[3.3262054920196533]], [[3.579517364501953]], [[3.6891415119171143]], [[3.764441728591919]], [[3.784085750579834]], [[3.785200357437134]], [[3.7791523933410645]], [[3.767547845840454]], [[3.721604347229004]], [[3.674373149871826]], [[3.6221935749053955]], [[3.553410053253174]], [[3.4973466396331787]], [[3.36991286277771]], [[3.2575340270996094]], [[3.1744225025177]], [[3.050870418548584]], [[2.9963924884796143]], [[2.901836395263672]], [[2.8080925941467285]], [[2.7682178020477295]], [[2.6753876209259033]], [[2.5963845252990723]], [[2.530736207962036]], [[2.42643666267395]], [[2.3746230602264404]], [[2.284276247024536]], [[2.233377695083618]], [[2.1441195011138916]], [[2.0680017471313477]], [[1.9925529956817627]], [[1.9300898313522339]], [[1.8432713747024536]], [[1.745231032371521]], [[1.696751594543457]], [[1.0533000230789185]], [[1.5321381092071533]], [[1.811849594116211]], [[2.170562744140625]], [[2.4519481658935547]], [[2.599491596221924]], [[2.773632287979126]], [[2.926004409790039]], [[2.994307041168213]], [[3.0420172214508057]], [[3.047534465789795]], [[3.053086757659912]], [[3.0344645977020264]], [[3.0278091430664062]], [[2.9935085773468018]], [[2.973078966140747]], [[2.939483165740967]], [[2.8906681537628174]], [[2.8129355907440186]], [[2.6376161575317383]], [[2.583763360977173]], [[2.476097583770752]], [[2.396491289138794]], [[2.3173444271087646]], [[2.239443063735962]], [[2.174973249435425]], [[2.0981879234313965]], [[2.0347847938537598]], [[1.9468740224838257]], [[1.8724870681762695]], [[1.4407073259353638]], [[1.3830252885818481]], [[1.303434133529663]], [[1.2362323999404907]], [[1.1812458038330078]], [[1.1053682565689087]], [[1.104699969291687]], [[1.3223991394042969]], [[1.6141467094421387]], [[1.9299746751785278]], [[1.993652582168579]], [[2.2075679302215576]], [[2.2872865200042725]], [[2.4054226875305176]], [[2.445045232772827]], [[2.474860906600952]], [[2.5090396404266357]], [[2.516888380050659]], [[2.513301372528076]], [[2.5007991790771484]], [[2.4886231422424316]], [[2.4567511081695557]], [[2.4179904460906982]], [[2.33955979347229]], [[2.3156237602233887]], [[2.2662785053253174]], [[2.2029874324798584]], [[2.074028253555298]], [[1.996610164642334]], [[1.894182801246643]], [[1.8430259227752686]], [[1.7674510478973389]], [[1.6681156158447266]], [[1.6064808368682861]], [[1.5330471992492676]], [[1.4489561319351196]], [[1.3897812366485596]], [[1.3075597286224365]], [[1.2616750001907349]], [[1.1817771196365356]], [[1.1479196548461914]], [[1.037163257598877]], [[0.9509208798408508]], [[0.8566974997520447]], [[0.80577552318573]], [[0.6033599972724915]], [[1.0463833808898926]], [[1.2735785245895386]], [[1.529006838798523]], [[1.6345088481903076]], [[1.7270798683166504]], [[1.8747678995132446]], [[1.9561928510665894]], [[2.015833616256714]], [[2.057053804397583]], [[2.0829269886016846]], [[2.096076726913452]], [[2.098935127258301]], [[2.0931050777435303]], [[2.0806398391723633]], [[2.0481464862823486]], [[1.9758288860321045]], [[1.9337117671966553]], [[1.8890388011932373]], [[1.8308075666427612]], [[1.7466448545455933]], [[1.685510516166687]], [[1.5866146087646484]], [[1.5124067068099976]], [[1.4757106304168701]], [[1.3902084827423096]], [[1.3175562620162964]], [[1.2456707954406738]], [[1.174203872680664]], [[1.1155427694320679]], [[1.034459114074707]], [[0.9547867774963379]], [[0.8988680839538574]], [[0.8212224841117859]], [[0.7674049735069275]], [[0.7246707677841187]], [[0.6513323783874512]], [[0.5802852511405945]], [[0.5212429761886597]], [[0.46408605575561523]], [[0.41809356212615967]], [[0.37372449040412903]], [[0.30654627084732056]], [[0.25947654247283936]], [[0.21583960950374603]], [[0.35506001114845276]], [[0.6900478601455688]], [[0.9285593032836914]], [[1.2649986743927002]], [[1.4670095443725586]], [[1.5825934410095215]], [[1.6657639741897583]], [[1.6993067264556885]], [[1.7041246891021729]], [[1.6901642084121704]], [[1.654623031616211]], [[1.5979636907577515]], [[1.519951581954956]], [[1.4884746074676514]], [[1.4339772462844849]], [[1.3776878118515015]], [[1.2732590436935425]], [[1.2027020454406738]], [[1.1199097633361816]], [[1.0723203420639038]], [[0.9898633360862732]], [[0.9077543616294861]], [[0.8728540539741516]], [[0.7805605530738831]], [[0.7232437133789062]], [[0.6553433537483215]], [[0.5882887244224548]], [[0.5225822925567627]], [[0.4575720429420471]], [[0.3943936228752136]], [[0.35302096605300903]], [[0.2720140814781189]], [[0.22315332293510437]], [[0.15741243958473206]], [[0.12989017367362976]], [[0.05229674279689789]], [[0.012017618864774704]], [[0.0010000000474974513]], [[0.0010000000474974513]], [[0.0010000000474974513]], [[0.0010000000474974513]], [[0.0010000000474974513]], [[0.0010000000474974513]], [[0.0010000000474974513]], [[0.0010000000474974513]], [[0.0010000000474974513]], [[0.0010000000474974513]], [[0.0010000000474974513]], [[0.0010000000474974513]], [[0.0010000000474974513]], [[0.025394652038812637]], [[0.10007068514823914]], [[0.1978006362915039]], [[0.27285778522491455]], [[0.35079067945480347]], [[0.1057400032877922]], [[0.24282413721084595]], [[0.5266039371490479]], [[0.6356154680252075]], [[0.775557279586792]], [[0.9160493016242981]], [[0.9769429564476013]], [[1.0200743675231934]], [[1.0557479858398438]], [[1.0606491565704346]], [[1.0522838830947876]], [[1.0354340076446533]], [[0.999863862991333]], [[0.960749089717865]], [[0.9153433442115784]], [[0.8472108244895935]], [[0.8015349507331848]], [[0.7536144256591797]], [[0.6940658092498779]], [[0.6224685311317444]], [[0.5594919323921204]], [[0.49579721689224243]], [[0.4308720529079437]], [[0.39843377470970154]], [[0.3327493965625763]], [[0.2560923397541046]], [[0.18992027640342712]], [[0.11273621022701263]], [[0.05765030160546303]], [[0.0010000000474974513]], [[0.0010000000474974513]], [[0.0010000000474974513]], [[0.0010000000474974513]], [[0.0010000000474974513]], [[0.0010000000474974513]], [[0.0010000000474974513]], [[0.0010000000474974513]], [[0.0010000000474974513]], [[0.0010000000474974513]], [[0.0010000000474974513]], [[0.0010000000474974513]], [[0.0010000000474974513]], [[0.0010000000474974513]], [[0.0010000000474974513]], [[0.0010000000474974513]], [[0.0010000000474974513]], [[0.0010000000474974513]], [[0.0010000000474974513]], [[0.0010000000474974513]], [[0.0010000000474974513]], [[0.0010000000474974513]], [[0.0010000000474974513]], [[0.0010000000474974513]], [[0.05844400078058243]], [[0.1257803738117218]], [[0.15828363597393036]], [[0.2298409342765808]], [[0.3021039366722107]], [[0.3411340117454529]], [[0.38097864389419556]], [[0.4031209945678711]], [[0.43996497988700867]], [[0.45073142647743225]], [[0.46155261993408203]], [[0.46341249346733093]], [[0.4570528566837311]], [[0.4520111083984375]], [[0.43181324005126953]], [[0.41491374373435974]], [[0.3907294273376465]], [[0.3367815911769867]], [[0.303043931722641]], [[0.2666820287704468]], [[0.22152584791183472]], [[0.20120660960674286]], [[0.16669878363609314]], [[0.1017245426774025]], [[0.05694429203867912]], [[0.011074531823396683]], [[0.0010000000474974513]], [[0.0010000000474974513]], [[0.0010000000474974513]], [[0.0010000000474974513]], [[0.0010000000474974513]], [[0.0010000000474974513]], [[0.0010000000474974513]], [[0.0010000000474974513]], [[0.0010000000474974513]], [[0.0010000000474974513]], [[0.0010000000474974513]], [[0.0010000000474974513]], [[0.0010000000474974513]], [[0.0010000000474974513]], [[0.0010000000474974513]], [[0.0010000000474974513]], [[0.0010000000474974513]], [[0.0010000000474974513]],