{"vc": [[-0.09486599266529083, 0.0, 0.0], [0.0, -0.07430560886859894, 0.07415889203548431], [-0.030039193108677864, 0.3153986930847168, -0.3155550956726074], [-0.09495615214109421, 0.0, 0.0], [0.0, 0.0, 0.0], [0.0, 0.0, 0.0], [0.0, 0.0173504501581192, -0.017523901537060738], [0.0, 0.0, 0.0], [0.0, 0.0, 0.0], [0.4875049293041229, 0.0, 0.0]], "true_y1": [[[0.4006600081920624]], [[26.03603172302246]], [[30.742774963378906]], [[44.47834777832031]], [[56.693626403808594]], [[67.4561996459961]], [[70.4808349609375]], [[81.86370086669922]], [[88.6410903930664]], [[95.79463195800781]], [[99.92434692382812]], [[102.21995544433594]], [[104.17943572998047]], [[105.86396789550781]], [[109.11061096191406]], [[110.93241119384766]], [[112.27050018310547]], [[113.4635009765625]], [[114.14456939697266]], [[115.13069915771484]], [[115.62638092041016]], [[115.86537170410156]], [[116.10005187988281]], [[116.17293548583984]], [[116.269775390625]], [[116.33940124511719]], [[116.36328125]], [[116.40917205810547]], [[116.44023132324219]], [[116.4620361328125]], [[116.49140930175781]], [[116.5042724609375]], [[116.52484130859375]], [[116.53567504882812]], [[116.55384063720703]], [[116.56881713867188]], [[116.58346557617188]], [[116.59558868408203]], [[116.61259460449219]], [[116.63223266601562]], [[116.64218139648438]], [[1.0533000230789185]], [[11.534015655517578]], [[18.333980560302734]], [[28.19133186340332]], [[37.336830139160156]], [[42.94428253173828]], [[50.793907165527344]], [[59.830928802490234]], [[65.55623626708984]], [[72.03336334228516]], [[73.39384460449219]], [[75.98455047607422]], [[82.10590362548828]], [[82.9043960571289]], [[85.70624542236328]], [[86.8609390258789]], [[88.33931732177734]], [[89.9189682006836]], [[91.63206481933594]], [[93.69889068603516]], [[94.05958557128906]], [[94.56366729736328]], [[94.80665588378906]], [[94.97418975830078]], [[95.08718872070312]], [[95.15184020996094]], [[95.20318603515625]], [[95.2293472290039]], [[95.2472152709961]], [[95.24952697753906]], [[95.13319396972656]], [[95.10936737060547]], [[95.07401275634766]], [[95.04219818115234]], [[95.01496124267578]], [[94.97569274902344]], [[1.104699969291687]], [[6.2367939949035645]], [[13.865765571594238]], [[23.639434814453125]], [[25.900959014892578]], [[34.69233703613281]], [[38.69773864746094]], [[46.12592697143555]], [[49.409934997558594]], [[52.48884201049805]], [[57.94694137573242]], [[62.527442932128906]], [[64.52025604248047]], [[67.14456176757812]], [[68.68437957763672]], [[71.3600845336914]], [[73.51666259765625]], [[76.34221649169922]], [[76.97085571289062]], [[78.04537963867188]], [[79.10025787353516]], [[80.52642822265625]], [[81.08182525634766]], [[81.59721374511719]], [[81.7864990234375]], [[82.00473022460938]], [[82.20738983154297]], [[82.29714965820312]], [[82.37687683105469]], [[82.4398193359375]], [[82.4698486328125]], [[82.49620819091797]], [[82.5045166015625]], [[82.51007843017578]], [[82.50950622558594]], [[82.49767303466797]], [[82.47972106933594]], [[82.45304107666016]], [[82.43594360351562]], [[0.6033599972724915]], [[11.829867362976074]], [[18.289308547973633]], [[26.50796127319336]], [[30.34869384765625]], [[34.037452697753906]], [[40.86960220336914]], [[45.49577713012695]], [[49.676490783691406]], [[53.42723846435547]], [[56.774749755859375]], [[59.74074935913086]], [[61.51905822753906]], [[64.65975952148438]], [[66.66465759277344]], [[69.47393035888672]], [[72.82010650634766]], [[74.08418273925781]], [[75.13871002197266]], [[76.21644592285156]], [[77.37928009033203]], [[78.02384185791016]], [[78.82562255859375]], [[79.28759002685547]], [[79.4828872680664]], [[79.8716049194336]], [[80.14433288574219]], [[80.37467956542969]], [[80.57342529296875]], [[80.71873474121094]], [[80.89888763427734]], [[81.05784606933594]], [[81.1612548828125]], [[81.29647064208984]], [[81.3858871459961]], [[81.45506286621094]], [[81.57123565673828]], [[81.68226623535156]], [[81.77464294433594]], [[81.86521911621094]], [[81.93965911865234]], [[82.01347351074219]], [[82.13076782226562]], [[82.21875762939453]], [[82.30669403076172]], [[0.35506001114845276]], [[9.430498123168945]], [[16.47785186767578]], [[27.962520599365234]], [[36.605674743652344]], [[42.969215393066406]], [[49.41056442260742]], [[53.882999420166016]], [[59.600196838378906]], [[61.86602020263672]], [[64.70463562011719]], [[67.27496337890625]], [[69.49624633789062]], [[70.17068481445312]], [[71.14779663085938]], [[71.970458984375]], [[73.1569595336914]], [[73.78581237792969]], [[74.40116882324219]], [[74.70899200439453]], [[75.18156433105469]], [[75.59272766113281]], [[75.75338745117188]], [[76.14664459228516]], [[76.37244415283203]], [[76.62616729736328]], [[76.8655776977539]], [[77.09246826171875]], [[77.31204223632812]], [[77.52298736572266]], [[77.66084289550781]], [[77.93274688720703]], [[78.09973907470703]], [[78.33074951171875]], [[78.43048858642578]], [[78.72587585449219]], [[78.89087677001953]], [[79.05474853515625]], [[79.18778991699219]], [[79.55462646484375]], [[79.68856811523438]], [[79.85820007324219]], [[80.0976791381836]], [[80.30545806884766]], [[80.48094940185547]], [[80.65662384033203]], [[80.94342803955078]], [[81.19725036621094]], [[81.4554672241211]], [[81.5672378540039]], [[81.79199981689453]], [[82.02050018310547]], [[82.2906723022461]], [[82.48627471923828]], [[82.6845932006836]], [[0.1057400032877922]], [[4.802676677703857]], [[15.107198715209961]], [[19.441726684570312]], [[25.572715759277344]], [[32.946224212646484]], [[36.987030029296875]], [[40.65987777709961]], [[45.710533142089844]], [[48.394248962402344]], [[51.19631576538086]], [[53.22928237915039]], [[55.66594696044922]], [[57.42830276489258]], [[58.94981002807617]], [[60.67479705810547]], [[61.602195739746094]], [[62.442501068115234]], [[63.34738540649414]], [[64.28564453125]], [[65.01122283935547]], [[65.67362213134766]], [[66.29154205322266]], [[66.58267974853516]], [[67.1429214477539]], [[67.75670623779297]], [[68.25981903076172]], [[68.82318115234375]], [[69.21359252929688]], [[69.74678039550781]], [[69.97364807128906]], [[70.49178314208984]], [[71.00433349609375]], [[71.36859130859375]], [[71.95073699951172]], [[72.23931121826172]], [[72.67485809326172]], [[73.11192321777344]], [[73.62519073486328]], [[74.06798553466797]], [[74.36583709716797]], [[75.11614227294922]], [[75.49726104736328]], [[76.26697540283203]], [[76.34467315673828]], [[76.89302062988281]], [[77.77246856689453]], [[78.0155029296875]], [[78.66963958740234]], [[79.16741180419922]], [[79.58880615234375]], [[80.01277923583984]], [[80.70014953613281]], [[0.05844400078058243]], [[4.277651786804199]], [[6.367959976196289]], [[11.161788940429688]], [[16.428390502929688]], [[19.572509765625]], [[23.159364700317383]], [[25.42605209350586]], [[30.14608383178711]], [[32.08076477050781]], [[35.21157455444336]], [[36.86264419555664]], [[40.24047088623047]], [[41.25526428222656]], [[43.78438949584961]], [[45.20756912231445]], [[46.78390121459961]], [[49.35462188720703]], [[50.603492736816406]], [[51.76472091674805]], [[53.020565032958984]], [[53.53474044799805]], [[54.35110092163086]], [[55.73729705810547]], [[56.606380462646484]], [[57.44203186035156]], [[58.24694061279297]], [[59.029842376708984]], [[59.791343688964844]], [[60.659393310546875]], [[61.02561569213867]], [[61.99243927001953]], [[62.82431411743164]], [[63.41575241088867]], [[64.12245178222656]], [[64.71111297607422]], [[65.4149169921875]], [[66.24002838134766]], [[66.95010375976562]], [[67.66018676757812]], [[68.25786590576172]], [[69.09884643554688]], [[70.43733978271484]], [[71.1772689819336]], [[71.9214859008789]], [[72.9261245727539]], [[73.30886840820312]], [[74.07476806640625]], [[74.85088348388672]], [[75.89566802978516]], [[76.29198455810547]], [[77.22493743896484]]]}