{"vc": [[-0.08557300269603729, 0.0, 0.0], [0.0, -2.2475719451904297, 2.247718572616577], [-0.03497316315770149, 0.10908974707126617, -0.10906818509101868], [-0.10245678573846817, 0.0, 0.0], [0.0, 0.0, 0.0], [0.0, 0.0, 0.0], [0.0, 0.7489350438117981, -0.749636173248291], [0.0, 0.0, 0.0], [0.0, 0.0, 0.0], [0.006515865214169025, 0.0, 0.0]], "true_y1": [[[0.4006600081920624]], [[0.44649505615234375]], [[0.4531098008155823]], [[0.4690204858779907]], [[0.4782514274120331]], [[0.4812661111354828]], [[0.4809664189815521]], [[0.4732327461242676]], [[0.46110597252845764]], [[0.43709036707878113]], [[0.41395315527915955]], [[0.39614832401275635]], [[0.3767739534378052]], [[0.3557950258255005]], [[0.2968395948410034]], [[0.24434784054756165]], [[0.18796342611312866]], [[0.11312203854322433]], [[0.050901323556900024]], [[-0.09456975758075714]], [[-0.22482171654701233]], [[-0.3195183277130127]], [[-0.45163172483444214]], [[-0.5041850805282593]], [[-0.5824998617172241]], [[-0.637471079826355]], [[-0.6518365144729614]], [[-0.6586780548095703]], [[-0.6289891600608826]], [[-0.5750883221626282]], [[-0.4303315281867981]], [[-0.3323686718940735]], [[-0.12906505167484283]], [[-0.003409653902053833]], [[0.217150017619133]], [[0.3867155909538269]], [[0.522434651851654]], [[0.6041741371154785]], [[0.6687547564506531]], [[0.677160382270813]], [[0.6591829061508179]], [[1.0533000230789185]], [[1.040048599243164]], [[1.0260673761367798]], [[0.9981122016906738]], [[0.9632346630096436]], [[0.9368912577629089]], [[0.8922378420829773]], [[0.8259709477424622]], [[0.7722876667976379]], [[0.6948415040969849]], [[0.6754517555236816]], [[0.6345031261444092]], [[0.5071876049041748]], [[0.48589807748794556]], [[0.39733994007110596]], [[0.3523426055908203]], [[0.2839788496494293]], [[0.1912570744752884]], [[0.050760418176651]], [[-0.25850406289100647]], [[-0.35363543033599854]], [[-0.5447903275489807]], [[-0.6865342259407043]], [[-0.826921820640564]], [[-0.9632277488708496]], [[-1.0731277465820312]], [[-1.1977993249893188]], [[-1.292285680770874]], [[-1.4015264511108398]], [[-1.4607669115066528]], [[0.32744765281677246]], [[0.7030855417251587]], [[1.1081453561782837]], [[1.320665955543518]], [[1.4107578992843628]], [[1.4354379177093506]], [[1.104699969291687]], [[1.0855321884155273]], [[1.05108642578125]], [[0.996296226978302]], [[0.9817785620689392]], [[0.9177403450012207]], [[0.8839141726493835]], [[0.8112783432006836]], [[0.7740229368209839]], [[0.7354403138160706]], [[0.6558173298835754]], [[0.5735241174697876]], [[0.5314786434173584]], [[0.4681634306907654]], [[0.42561250925064087]], [[0.33854222297668457]], [[0.25096800923347473]], [[0.09594404697418213]], [[0.051459670066833496]], [[-0.038111865520477295]], [[-0.15050959587097168]], [[-0.3763282299041748]], [[-0.5116373896598816]], [[-0.6911791563034058]], [[-0.7810181975364685]], [[-0.9135764837265015]], [[-1.0860729217529297]], [[-1.1905916929244995]], [[-1.3099277019500732]], [[-1.433560848236084]], [[-1.5056854486465454]], [[-1.5690526962280273]], [[-1.5745692253112793]], [[-1.5001672506332397]], [[-1.4233360290527344]], [[-0.9011228084564209]], [[-0.1867772340774536]], [[0.7060219049453735]], [[1.1129350662231445]], [[0.6033599972724915]], [[0.5486363768577576]], [[0.5123462080955505]], [[0.46012556552886963]], [[0.43295079469680786]], [[0.40486079454421997]], [[0.34654638171195984]], [[0.301172137260437]], [[0.2547599971294403]], [[0.20745143294334412]], [[0.15931648015975952]], [[0.11055925488471985]], [[0.07781630754470825]], [[0.011543422937393188]], [[-0.03816376253962517]], [[-0.12170393764972687]], [[-0.2546014189720154]], [[-0.32000160217285156]], [[-0.38428160548210144]], [[-0.4622841477394104]], [[-0.5652562975883484]], [[-0.6326887011528015]], [[-0.7256370782852173]], [[-0.7779027819633484]], [[-0.7964358329772949]], [[-0.8150380253791809]], [[-0.7959807515144348]], [[-0.7361718416213989]], [[-0.6280337572097778]], [[-0.4994279742240906]], [[-0.2649077773094177]], [[0.012642145156860352]], [[0.2174111008644104]], [[0.4851245880126953]], [[0.6428601741790771]], [[0.7454736232757568]], [[0.8690263628959656]], [[0.9255712032318115]], [[0.9296419024467468]], [[0.9014506340026855]], [[0.8588381409645081]], [[0.8028131723403931]], [[0.6926204562187195]], [[0.5977650284767151]], [[0.4959225654602051]], [[0.35506001114845276]], [[0.29477986693382263]], [[0.2442256510257721]], [[0.15210488438606262]], [[0.07111862301826477]], [[0.0017398521304130554]], [[-0.08112969994544983]], [[-0.14962267875671387]], [[-0.2573394179344177]], [[-0.3090358376502991]], [[-0.38388508558273315]], [[-0.4635845124721527]], [[-0.5412834286689758]], [[-0.5653099417686462]], [[-0.5978090167045593]], [[-0.6189063787460327]], [[-0.6201152801513672]], [[-0.5882095694541931]], [[-0.5115000009536743]], [[-0.4468049108982086]], [[-0.2995256185531616]], [[-0.11507147550582886]], [[-0.028756506741046906]], [[0.20655277371406555]], [[0.34644579887390137]], [[0.4934818744659424]], [[0.610096275806427]], [[0.6918805837631226]], [[0.7400223612785339]], [[0.7569676637649536]], [[0.7533937692642212]], [[0.7165415287017822]], [[0.677335798740387]], [[0.606786847114563]], [[0.5715806484222412]], [[0.4547748565673828]], [[0.3834354281425476]], [[0.3096168041229248]], [[0.24811285734176636]], [[0.07442809641361237]], [[0.010437458753585815]], [[-0.07040722668170929]], [[-0.18330127000808716]], [[-0.279168963432312]], [[-0.3579499125480652]], [[-0.43418094515800476]], [[-0.5511602759361267]], [[-0.644305408000946]], [[-0.7253085374832153]], [[-0.7548847794532776]], [[-0.8017259836196899]], [[-0.8279129862785339]], [[-0.8229624629020691]], [[-0.7894220352172852]], [[-0.7253854274749756]], [[0.1057400032877922]], [[0.05167436599731445]], [[-0.0706372931599617]], [[-0.1245979368686676]], [[-0.20479848980903625]], [[-0.3095540404319763]], [[-0.3720301389694214]], [[-0.4325737953186035]], [[-0.5218871831893921]], [[-0.5714048147201538]], [[-0.6223450899124146]], [[-0.6558204889297485]], [[-0.6843550205230713]], [[-0.6869941353797913]], [[-0.664250910282135]], [[-0.5853555202484131]], [[-0.5045731067657471]], [[-0.3979480266571045]], [[-0.23924505710601807]], [[-0.02291424572467804]], [[0.17431451380252838]], [[0.363947331905365]], [[0.5332211256027222]], [[0.6056488752365112]], [[0.7243729829788208]], [[0.8152385950088501]], [[0.8557148575782776]], [[0.8654435873031616]], [[0.8522014617919922]], [[0.811668336391449]], [[0.7877342104911804]], [[0.720936119556427]], [[0.6416775584220886]], [[0.5793798565864563]], [[0.4724407196044922]], [[0.41697898507118225]], [[0.3311752378940582]], [[0.24337846040725708]], [[0.13914722204208374]], [[0.048975855112075806]], [[-0.011521581560373306]], [[-0.1623142808675766]], [[-0.23751413822174072]], [[-0.3850635290145874]], [[-0.39955785870552063]], [[-0.49920567870140076]], [[-0.6464269161224365]], [[-0.6834710836410522]], [[-0.7724403142929077]], [[-0.8265675902366638]], [[-0.8601996898651123]], [[-0.8797090649604797]], [[-0.8717400431632996]], [[0.05844400078058243]], [[-0.024337448179721832]], [[-0.06568567454814911]], [[-0.16198480129241943]], [[-0.27136871218681335]], [[-0.3391793966293335]], [[-0.4194526970386505]], [[-0.47202107310295105]], [[-0.5864711999893188]], [[-0.6352300643920898]], [[-0.7155071496963501]], [[-0.7576739192008972]], [[-0.8383592963218689]], [[-0.8590903878211975]], [[-0.8944019675254822]], [[-0.8960855007171631]], [[-0.8703523874282837]], [[-0.7169944047927856]], [[-0.5631565451622009]], [[-0.3580140471458435]], [[-0.06801509857177734]], [[0.06695687770843506]], [[0.2907980978488922]], [[0.6558277010917664]], [[0.8444952964782715]], [[0.9808180332183838]], [[1.0664019584655762]], [[1.1086632013320923]], [[1.1160637140274048]], [[1.09177565574646]], [[1.0731282234191895]], [[1.0056779384613037]], [[0.9318477511405945]], [[0.8731375932693481]], [[0.7981582880020142]], [[0.7327879667282104]], [[0.652220606803894]], [[0.5555908679962158]], [[0.47134387493133545]], [[0.3866230249404907]], [[0.3152204155921936]],