{"vc": [[-0.0540844202041626, 0.0, 0.0], [0.0, -1.7330085039138794, 1.7331105470657349], [-0.01916014403104782, 0.0844482034444809, -0.08464758843183517], [-0.15464642643928528, 0.0, 0.0], [0.0, 0.0, 0.0], [0.0, 0.0, 0.0], [0.0, 0.6859403252601624, -0.6867547631263733], [0.0, 0.0, 0.0], [0.0, 0.0, 0.0], [0.02273481711745262, 0.0, 0.0]], "true_y1": [[[0.4006600081920624]], [[1.1418195962905884]], [[1.2672197818756104]], [[1.6094622611999512]], [[1.8798496723175049]], [[2.0867326259613037]], [[2.1388094425201416]], [[2.306351900100708]], [[2.3799097537994385]], [[2.4277267456054688]], [[2.435283660888672]], [[2.430309534072876]], [[2.419036865234375]], [[2.4025769233703613]], [[2.3443405628204346]], [[2.2861521244049072]], [[2.2216620445251465]], [[2.1357150077819824]], [[2.064842462539673]], [[1.9015672206878662]], [[1.7560607194900513]], [[1.648115634918213]], [[1.4878391027450562]], [[1.4174213409423828]], [[1.2957895994186401]], [[1.176163673400879]], [[1.1256301403045654]], [[1.0089406967163086]], [[0.9108482599258423]], [[0.8303340673446655]], [[0.7046234607696533]], [[0.6433501839637756]], [[0.538745105266571]], [[0.481262743473053]], [[0.3834778070449829]], [[0.30370867252349854]], [[0.22865211963653564]], [[0.17013323307037354]], [[0.09540476649999619]], [[0.02248051017522812]], [[0.0010000000474974513]], [[1.0533000230789185]], [[1.3145853281021118]], [[1.463252305984497]], [[1.6497766971588135]], [[1.7922859191894531]], [[1.865018606185913]], [[1.9475659132003784]], [[2.0127015113830566]], [[2.035067558288574]], [[2.0384397506713867]], [[2.0355279445648193]], [[2.02571702003479]], [[1.9729418754577637]], [[1.9618319272994995]], [[1.911116600036621]], [[1.883235216140747]], [[1.8389842510223389]], [[1.7764352560043335]], [[1.678449273109436]], [[1.458123803138733]], [[1.390175223350525]], [[1.2539104223251343]], [[1.1529525518417358]], [[1.0525836944580078]], [[0.9539765119552612]], [[0.8726416230201721]], [[0.7762590050697327]], [[0.6972188949584961]], [[0.5887162685394287]], [[0.4981856942176819]], [[0.01896733045578003]], [[0.0010000000474974513]], [[0.0010000000474974513]], [[0.0010000000474974513]], [[0.0010000000474974513]], [[0.0010000000474974513]], [[1.104699969291687]], [[1.2181800603866577]], [[1.364488124847412]], [[1.514257788658142]], [[1.54305899143219]], [[1.6344588994979858]], [[1.6651972532272339]], [[1.7033777236938477]], [[1.7119247913360596]], [[1.7148220539093018]], [[1.706098198890686]], [[1.6820056438446045]], [[1.6654183864593506]], [[1.6363353729248047]], [[1.6145602464675903]], [[1.5657669305801392]], [[1.5124622583389282]], [[1.411537528038025]], [[1.3815600872039795]], [[1.3203179836273193]], [[1.2423371076583862]], [[1.0838584899902344]], [[0.9885360598564148]], [[0.8620666861534119]], [[0.7987779378890991]], [[0.7052021622657776]], [[0.5822566151618958]], [[0.5061460137367249]], [[0.41581860184669495]], [[0.3131384253501892]], [[0.24159184098243713]], [[0.1435692012310028]], [[0.08979251235723495]], [[0.0010000000474974513]], [[0.0010000000474974513]], [[0.0010000000474974513]], [[0.0010000000474974513]], [[0.0010000000474974513]], [[0.0010000000474974513]], [[0.6033599972724915]], [[0.8276443481445312]], [[0.939190685749054]], [[1.061722993850708]], [[1.1112117767333984]], [[1.1538441181182861]], [[1.219269037246704]], [[1.252586841583252]], [[1.2739630937576294]], [[1.2849483489990234]], [[1.286966323852539]], [[1.2812896966934204]], [[1.273816704750061]], [[1.251255989074707]], [[1.2289057970046997]], [[1.1830472946166992]], [[1.093708872795105]], [[1.043863296508789]], [[0.9915227890014648]], [[0.9235239028930664]], [[0.8250036835670471]], [[0.7530062198638916]], [[0.6355557441711426]], [[0.546596884727478]], [[0.5023511648178101]], [[0.39864593744277954]], [[0.3099185824394226]], [[0.2216659039258957]], [[0.13357478380203247]], [[0.061096012592315674]], [[0.0010000000474974513]], [[0.0010000000474974513]], [[0.0010000000474974513]], [[0.0010000000474974513]], [[0.0010000000474974513]], [[0.0010000000474974513]], [[0.0010000000474974513]], [[0.0010000000474974513]], [[0.0010000000474974513]], [[0.0010000000474974513]], [[0.0010000000474974513]], [[0.0010000000474974513]], [[0.0010000000474974513]], [[0.0010000000474974513]], [[0.0010000000474974513]], [[0.35506001114845276]], [[0.5173342823982239]], [[0.630488395690918]], [[0.7873902320861816]], [[0.8791254758834839]], [[0.9287174344062805]], [[0.9587568640708923]], [[0.9635337591171265]], [[0.9409129023551941]], [[0.9187052845954895]], [[0.874454140663147]], [[0.8106467723846436]], [[0.7255979776382446]], [[0.691432535648346]], [[0.6321374177932739]], [[0.5705277919769287]], [[0.4549100995063782]], [[0.375712513923645]], [[0.28162407875061035]], [[0.2269713133573532]], [[0.13128730654716492]], [[0.03475574404001236]], [[0.0010000000474974513]], [[0.0010000000474974513]], [[0.0010000000474974513]], [[0.0010000000474974513]], [[0.0010000000474974513]], [[0.0010000000474974513]], [[0.0010000000474974513]], [[0.0010000000474974513]], [[0.0010000000474974513]], [[0.0010000000474974513]], [[0.0010000000474974513]], [[0.0010000000474974513]], [[0.0010000000474974513]], [[0.0010000000474974513]], [[0.0010000000474974513]], [[0.0010000000474974513]], [[0.0010000000474974513]], [[0.0010000000474974513]], [[0.0010000000474974513]], [[0.0010000000474974513]], [[0.0010000000474974513]], [[0.0010000000474974513]], [[0.0010000000474974513]], [[0.0010000000474974513]], [[0.0010000000474974513]], [[0.35886654257774353]], [[0.7827226519584656]], [[0.9460080862045288]], [[1.2243828773498535]], [[1.4351282119750977]], [[1.5990303754806519]], [[1.6707687377929688]], [[1.712580680847168]], [[0.1057400032877922]], [[0.1600499451160431]], [[0.27107229828834534]], [[0.3135751485824585]], [[0.36820220947265625]], [[0.42278730869293213]], [[0.44572606682777405]], [[0.46073073148727417]], [[0.4687783718109131]], [[0.46477171778678894]], [[0.45184800028800964]], [[0.4349838197231293]], [[0.4033733904361725]], [[0.3700425326824188]], [[0.3317455053329468]], [[0.27417901158332825]], [[0.2353258728981018]], [[0.19429104030132294]], [[0.14291103184223175]], [[0.08061358332633972]], [[0.025417059659957886]], [[0.0010000000474974513]], [[0.0010000000474974513]], [[0.0010000000474974513]], [[0.0010000000474974513]], [[0.0010000000474974513]], [[0.0010000000474974513]], [[0.0010000000474974513]], [[0.0010000000474974513]], [[0.0010000000474974513]], [[0.0010000000474974513]], [[0.0010000000474974513]], [[0.0010000000474974513]], [[0.0010000000474974513]], [[0.0010000000474974513]], [[0.0010000000474974513]], [[0.0010000000474974513]], [[0.0010000000474974513]], [[0.0010000000474974513]], [[0.0010000000474974513]], [[0.0010000000474974513]], [[0.0010000000474974513]], [[0.0010000000474974513]], [[0.0010000000474974513]], [[0.0010000000474974513]], [[0.0010000000474974513]], [[0.0010000000474974513]], [[0.056705765426158905]], [[0.28519102931022644]], [[0.4399101138114929]], [[0.5522577166557312]], [[0.6458321213722229]], [[0.7555816173553467]], [[0.05844400078058243]], [[0.061806581914424896]], [[0.06304819881916046]], [[0.06477414071559906]], [[0.06470563262701035]], [[0.06355524808168411]], [[0.06107407808303833]], [[0.058776307851076126]], [[0.051832087337970734]], [[0.04799337685108185]], [[0.04029759392142296]], [[0.03538752347230911]], [[0.023152854293584824]], [[0.018822645768523216]], [[0.006517169065773487]], [[0.0010000000474974513]], [[0.0010000000474974513]], [[0.0010000000474974513]], [[0.0010000000474974513]], [[0.0010000000474974513]], [[0.0010000000474974513]], [[0.0010000000474974513]], [[0.0010000000474974513]], [[0.0010000000474974513]], [[0.0010000000474974513]], [[0.0010000000474974513]], [[0.0010000000474974513]], [[0.0010000000474974513]], [[0.0010000000474974513]], [[0.0010000000474974513]], [[0.0010000000474974513]], [[0.0010000000474974513]], [[0.0010000000474974513]], [[0.0010000000474974513]], [[0.0010000000474974513]], [[0.0010000000474974513]], 