{"vc": [[-0.04041902720928192, -0.14237739145755768, 0.14241769909858704], [-0.12808933854103088, -2.381322145462036, 2.3814783096313477], [-0.017531143501400948, -0.03636539727449417, 0.03655796870589256], [-0.021673990413546562, -0.09117787331342697, 0.09098207205533981], [-0.04490609094500542, 0.0015123585471883416, -0.001476448611356318], [-0.0423450693488121, 0.0237543024122715, -0.023565733805298805], [-0.13981439173221588, 0.7265880107879639, -0.7266811728477478], [0.001408984768204391, 0.0037778690457344055, -0.003585551166906953], [0.03807051107287407, 0.04388188198208809, -0.04378814250230789], [-0.006336849182844162, 0.03617429360747337, -0.03642592579126358]], "true_y1": [[[0.4006600081920624]], [[0.12210613489151001]], [[0.10393065959215164]], [[0.09446550160646439]], [[0.13644985854625702]], [[0.2141537368297577]], [[0.24370932579040527]], [[0.3922657370567322]], [[0.5165295004844666]], [[0.6896121501922607]], [[0.8167343735694885]], [[0.8987554311752319]], [[0.9764827489852905]], [[1.0497575998306274]], [[1.209784746170044]], [[1.3099479675292969]], [[1.38528573513031]], [[1.4471888542175293]], [[1.4741789102554321]], [[1.4796420335769653]], [[1.4423454999923706]], [[1.4002825021743774]], [[1.326709508895874]], [[1.2926843166351318]], [[1.2338184118270874]], [[1.1774427890777588]], [[1.154373049736023]], [[1.103131890296936]], [[1.0624017715454102]], [[1.030583143234253]], [[0.9836718440055847]], [[0.961938202381134]], [[0.9263386726379395]], [[0.9074775576591492]], [[0.876288652420044]], [[0.8514145612716675]], [[0.8281557559967041]], [[0.8098464608192444]], [[0.7856670022010803]], [[0.759917140007019]], [[0.7477184534072876]], [[1.0533000230789185]], [[0.8404085636138916]], [[0.7625849843025208]], [[0.7090815305709839]], [[0.7077841758728027]], [[0.7259737849235535]], [[0.7730246782302856]], [[0.8566362857818604]], [[0.9257416129112244]], [[1.0193238258361816]], [[1.0410789251327515]], [[1.0844860076904297]], [[1.196204423904419]], [[1.2114566564559937]], [[1.2649145126342773]], [[1.286267876625061]], [[1.3119029998779297]], [[1.3349926471710205]], [[1.3488962650299072]], [[1.3194465637207031]], [[1.3006855249404907]], [[1.2557566165924072]], [[1.2190223932266235]], [[1.1814568042755127]], [[1.144628643989563]], [[1.1148290634155273]], [[1.08057701587677]], [[1.0535223484039307]], [[1.0180357694625854]], [[0.9899094104766846]], [[0.8570762872695923]], [[0.8431697487831116]], [[0.8249322175979614]], [[0.8103245496749878]], [[0.7988636493682861]], [[0.7837049961090088]], [[1.104699969291687]], [[0.9704102277755737]], [[0.8416939377784729]], [[0.7627667784690857]], [[0.7548505663871765]], [[0.7530434131622314]], [[0.7654711604118347]], [[0.8073613047599792]], [[0.8330590724945068]], [[0.860906183719635]], [[0.9187856912612915]], [[0.9752049446105957]], [[1.0017465353012085]], [[1.0382081270217896]], [[1.0601857900619507]], [[1.0986599922180176]], [[1.128728985786438]], [[1.1626328229904175]], [[1.168338656425476]], [[1.1751703023910522]], [[1.1762043237686157]], [[1.1595752239227295]], [[1.1416751146316528]], [[1.1126421689987183]], [[1.0967668294906616]], [[1.0724626779556274]], [[1.0400729179382324]], [[1.0202163457870483]], [[0.9971355199813843]], [[0.9717534780502319]], [[0.954676628112793]], [[0.9321101307868958]], [[0.9201188087463379]], [[0.9002651572227478]], [[0.8922387957572937]], [[0.8675209879875183]], [[0.8498064279556274]], [[0.8318349123001099]], [[0.8226647973060608]], [[0.6033599972724915]], [[0.4051245450973511]], [[0.3481777012348175]], [[0.3179178535938263]], [[0.31721967458724976]], [[0.3237609565258026]], [[0.3535589277744293]], [[0.3866019546985626]], [[0.42571377754211426]], [[0.4687897264957428]], [[0.5141931772232056]], [[0.5604668855667114]], [[0.5911873579025269]], [[0.6514202952384949]], [[0.6941843032836914]], [[0.7601447105407715]], [[0.8475258350372314]], [[0.8822253942489624]], [[0.911052405834198]], [[0.9392538666725159]], [[0.9657074213027954]], [[0.9767032265663147]], [[0.9834395051002502]], [[0.9816780090332031]], [[0.9791464805603027]], [[0.9699634313583374]], [[0.9594449400901794]], [[0.9473689198493958]], [[0.934298038482666]], [[0.9230985641479492]], [[0.9073089361190796]], [[0.8917920589447021]], [[0.8810514807701111]], [[0.8664846420288086]], [[0.8566834330558777]], [[0.8490937948226929]], [[0.8364901542663574]], [[0.8247974514961243]], [[0.8154594898223877]], [[0.806727945804596]], [[0.7999024391174316]], [[0.793465793132782]], [[0.783935010433197]], [[0.7773458957672119]], [[0.7712274789810181]], [[0.35506001114845276]], [[0.19975343346595764]], [[0.13414917886257172]], [[0.097671739757061]], [[0.11618354171514511]], [[0.1537930965423584]], [[0.21496674418449402]], [[0.27392125129699707]], [[0.374906450510025]], [[0.4250466823577881]], [[0.4980180561542511]], [[0.5753425359725952]], [[0.651213526725769]], [[0.6756665110588074]], [[0.711735725402832]], [[0.7420163154602051]], [[0.7831353545188904]], [[0.8019631505012512]], [[0.8167321681976318]], [[0.8222401738166809]], [[0.8275688886642456]], [[0.8285797238349915]], [[0.8279640674591064]], [[0.8239734172821045]], [[0.8201255202293396]], [[0.8145595788955688]], [[0.8082623481750488]], [[0.8015451431274414]], [[0.7945407629013062]], [[0.7875208854675293]], [[0.7828574776649475]], [[0.7736608386039734]], [[0.7681071162223816]], [[0.7606514096260071]], [[0.7575361132621765]], [[0.7487443685531616]], [[0.7441416382789612]], [[0.7397994995117188]], [[0.7364440560340881]], [[0.7279677987098694]], [[0.7251477837562561]], [[0.7217767834663391]], [[0.7173797488212585]], [[0.7138862609863281]], [[0.7111518383026123]], [[0.7085994482040405]], [[0.7047982215881348]], [[0.7017777562141418]], [[0.6990013718605042]], [[0.6978845000267029]], [[0.6957812309265137]], [[0.693823516368866]], [[0.6917206645011902]], [[0.6903281211853027]], [[0.689017653465271]], [[0.1057400032877922]], [[0.02144380658864975]], [[-0.08730913698673248]], [[-0.11101190000772476]], [[-0.12751545011997223]], [[-0.12370738387107849]], [[-0.11062274128198624]], [[-0.09117169678211212]], [[-0.05023125186562538]], [[-0.020061388611793518]], [[0.01954171434044838]], [[0.05471409484744072]], [[0.10581792891025543]], [[0.1501733809709549]], [[0.19434866309165955]], [[0.25174009799957275]], [[0.2858733534812927]], [[0.3186309039592743]], [[0.3554984927177429]], [[0.3947719633579254]], [[0.4251668453216553]], [[0.45228350162506104]], [[0.4764655530452728]], [[0.4873286783695221]], [[0.5070176124572754]], [[0.5264073610305786]], [[0.5403583645820618]], [[0.5537493228912354]], [[0.5616235733032227]], [[0.5705625414848328]], [[0.5737581849098206]], [[0.5797934532165527]], [[0.5841969847679138]], [[0.5864974856376648]], [[0.5889628529548645]], [[0.589714765548706]], [[0.5903612375259399]], [[0.5905184745788574]], [[0.5902084112167358]], [[0.5896117091178894]], [[0.5890787839889526]], [[0.5874043107032776]], [[0.5864304900169373]], [[0.5843323469161987]], [[0.5841153264045715]], [[0.5825774669647217]], [[0.5801467299461365]], [[0.5794936418533325]], [[0.5777923464775085]], [[0.5765608549118042]], [[0.5755649209022522]], [[0.5746076107025146]], [[0.5731524229049683]], [[0.05844400078058243]], [[-0.023254595696926117]], [[-0.054694585502147675]], [[-0.10969814658164978]], [[-0.14900806546211243]], [[-0.1642463356256485]], [[-0.1752958446741104]], [[-0.17909136414527893]], [[-0.17945264279842377]], [[-0.17664487659931183]], [[-0.16823561489582062]], [[-0.16172441840171814]], [[-0.1433137208223343]], [[-0.13628004491329193]], [[-0.11522262543439865]], [[-0.10087577253580093]], [[-0.08258108794689178]], [[-0.04657371714711189]], [[-0.026016581803560257]], [[-0.004988521337509155]], [[0.01983969658613205]], [[0.03061237744987011]], [[0.04839612916111946]], [[0.08027248084545135]], [[0.10109670460224152]], [[0.12150002270936966]], [[0.14129655063152313]], [[0.1604795753955841]], [[0.1788729429244995]], [[0.19928371906280518]], [[0.20765861868858337]], [[0.22893327474594116]], [[0.24611853063106537]], 