{"vc": [[-0.137745201587677, 0.0, 0.0], [0.0, -0.18766789138317108, 0.18788082897663116], [-0.06821228563785553, 0.3436068296432495, -0.3435708284378052], [-0.25291362404823303, 0.0, 0.0], [0.0, 0.0, 0.0], [0.0, 0.0, 0.0], [0.0, 0.042263902723789215, -0.04241141676902771], [0.0, 0.0, 0.0], [0.0, 0.0, 0.0], [0.2472931146621704, 0.0, 0.0]], "true_y1": [[[0.4006600081920624]], [[12.777280807495117]], [[15.026795387268066]], [[21.521574020385742]], [[27.181161880493164]], [[32.04566955566406]], [[33.387657165527344]], [[38.316810607910156]], [[41.14081573486328]], [[44.002506256103516]], [[45.58137130737305]], [[46.4285888671875]], [[47.130157470703125]], [[47.7137451171875]], [[48.76818084716797]], [[49.297611236572266]], [[49.63698959350586]], [[49.877506256103516]], [[49.968265533447266]], [[49.97117233276367]], [[49.83713912963867]], [[49.6903190612793]], [[49.42526626586914]], [[49.29597854614258]], [[49.058719635009766]], [[48.8111457824707]], [[48.702877044677734]], [[48.4451789855957]], [[48.22052764892578]], [[48.030616760253906]], [[47.72349548339844]], [[47.568634033203125]], [[47.29515075683594]], [[47.139183044433594]], [[46.862396240234375]], [[46.62302780151367]], [[46.382652282714844]], [[46.18122100830078]], [[45.89741134643555]], [[45.571189880371094]], [[45.407470703125]], [[1.0533000230789185]], [[6.065248489379883]], [[9.295197486877441]], [[13.931713104248047]], [[18.16852569580078]], [[20.72709083557129]], [[24.24739646911621]], [[28.19162940979004]], [[30.61582374572754]], [[33.26997756958008]], [[33.81319808959961]], [[34.831459045410156]], [[37.132816314697266]], [[37.419185638427734]], [[38.38908004760742]], [[38.769107818603516]], [[39.23300552368164]], [[39.69028854370117]], [[40.11453628540039]], [[40.396766662597656]], [[40.38105392456055]], [[40.268184661865234]], [[40.135494232177734]], [[39.97483444213867]], [[39.79596710205078]], [[39.635955810546875]], [[39.43418502807617]], [[39.26005554199219]], [[39.00934982299805]], [[38.79005813598633]], [[37.416263580322266]], [[37.2206916809082]], [[36.945762634277344]], [[36.70872116088867]], [[36.511131286621094]], [[36.23252868652344]], [[1.104699969291687]], [[3.5360822677612305]], [[7.130041122436523]], [[11.682611465454102]], [[12.725340843200684]], [[16.73057746887207]], [[18.52560806274414]], [[21.793981552124023]], [[23.209680557250977]], [[24.518016815185547]], [[26.78512954711914]], [[28.625402450561523]], [[29.404272079467773]], [[30.40550422668457]], [[30.977813720703125]], [[31.939207077026367]], [[32.67461395263672]], [[33.55778121948242]], [[33.735958099365234]], [[34.017234802246094]], [[34.252899169921875]], [[34.4546012878418]], [[34.460018157958984]], [[34.38227081298828]], [[34.316768646240234]], [[34.19551086425781]], [[34.00164031982422]], [[33.86601257324219]], [[33.69218444824219]], [[33.47951889038086]], [[33.32242965698242]], [[33.09523391723633]], [[32.96430206298828]], [[32.72968673706055]], [[32.62779998779297]], [[32.284324645996094]], [[32.005733489990234]], [[31.689146041870117]], [[31.5120906829834]], [[0.6033599972724915]], [[5.890896797180176]], [[8.908989906311035]], [[12.708822250366211]], [[14.464685440063477]], [[16.13666534423828]], [[19.189434051513672]], [[21.21802520751953]], [[23.01927947998047]], [[24.605066299438477]], [[25.9921817779541]], [[27.195199966430664]], [[27.902935028076172]], [[29.123504638671875]], [[29.87925910949707]], [[30.898839950561523]], [[32.02812957763672]], [[32.41847229003906]], [[32.721248626708984]], [[33.000858306884766]], [[33.25215530395508]], [[33.35712432861328]], [[33.4328727722168]], [[33.43446350097656]], [[33.4218864440918]], [[33.36518859863281]], [[33.292457580566406]], [[33.2027587890625]], [[33.09910202026367]], [[33.00479507446289]], [[32.862548828125]], [[32.71083450317383]], [[32.5978889465332]], [[32.43268585205078]], [[32.312583923339844]], [[32.213932037353516]], [[32.03763198852539]], [[31.857830047607422]], [[31.700899124145508]], [[31.541540145874023]], [[31.40713882446289]], [[31.271333694458008]], [[31.05142593383789]], [[30.883968353271484]], [[30.715118408203125]], [[0.35506001114845276]], [[4.600168228149414]], [[7.875765800476074]], [[13.14387321472168]], [[17.022607803344727]], [[19.81215476989746]], [[22.56051254272461]], [[24.411725997924805]], [[26.686805725097656]], [[27.550920486450195]], [[28.592130661010742]], [[29.480712890625]], [[30.18638038635254]], [[30.384239196777344]], [[30.65229034423828]], [[30.856184005737305]], [[31.10112953186035]], [[31.198230743408203]], [[31.262832641601562]], [[31.28111457824707]], [[31.28707504272461]], [[31.266841888427734]], [[31.25170135498047]], [[31.195926666259766]], [[31.15131378173828]], [[31.089941024780273]], [[31.02120590209961]], [[30.946704864501953]], [[30.866456985473633]], [[30.782428741455078]], [[30.72417449951172]], [[30.60243034362793]], [[30.523717880249023]], [[30.410673141479492]], [[30.36057472229004]], [[30.20842742919922]], [[30.121397018432617]], [[30.033796310424805]], [[29.961959838867188]], [[29.761289596557617]], [[29.687292098999023]], [[29.59316635131836]], [[29.459674835205078]], [[29.343442916870117]], [[29.24506950378418]], [[29.146472930908203]], [[28.985370635986328]], [[28.842771530151367]], [[28.69778060913086]], [[28.63506507873535]], [[28.509050369262695]], [[28.381113052368164]], [[28.230104446411133]], [[28.1209716796875]], [[28.010501861572266]], [[0.1057400032877922]], [[2.2607579231262207]], [[6.9673871994018555]], [[8.93120002746582]], [[11.683833122253418]], [[14.941280364990234]], [[16.694107055664062]], [[18.262285232543945]], [[20.370494842529297]], [[21.462629318237305]], [[22.57689666748047]], [[23.36520004272461]], [[24.28238296508789]], [[24.922435760498047]], [[25.455291748046875]], [[26.031692504882812]], [[26.326656341552734]], [[26.583148956298828]], [[26.846187591552734]], [[27.1024112701416]], [[27.287559509277344]], [[27.445724487304688]], [[27.58332061767578]], [[27.64470863342285]], [[27.75653076171875]], [[27.869524002075195]], [[27.95488929748535]], [[28.0430850982666]], [[28.099903106689453]], [[28.17227554321289]], [[28.201379776000977]], [[28.264429092407227]], [[28.322614669799805]], [[28.36176109313965]], [[28.42107391357422]], [[28.449188232421875]], [[28.490243911743164]], [[28.530000686645508]], [[28.575149536132812]], [[28.612993240356445]], [[28.637964248657227]], [[28.69947052001953]], [[28.730091094970703]], [[28.790977478027344]], [[28.79706573486328]], [[28.83979034423828]], [[28.907638549804688]], [[28.92628288269043]], [[28.9763126373291]], [[29.014280319213867]], [[29.046382904052734]], [[29.078664779663086]], [[29.13100814819336]], [[0.05844400078058243]], [[1.93072509765625]], [[2.8572535514831543]], [[4.977571964263916]], [[7.295957565307617]], [[8.672247886657715]], [[10.233112335205078]], [[11.213420867919922]], [[13.23629379272461]], [[14.056931495666504]], [[15.372350692749023]], [[16.058927536010742]], [[17.44549560546875]], [[17.8566837310791]], [[18.868898391723633]], [[19.429643630981445]], [[20.042266845703125]], [[21.019514083862305]], [[21.483177185058594]], [[21.90704345703125]], [[22.35699462890625]], [[22.538555145263672]], [[22.823535919189453]], [[23.297977447509766]], [[23.589292526245117]], [[23.86497688293457]], [[24.12651824951172]], [[24.377290725708008]], [[24.617971420288086]], [[24.88871192932129]], [[25.001863479614258]], [[25.297807693481445]], [[25.549558639526367]], [[25.72713279724121]], [[25.937971115112305]], [[26.112621307373047]], [[26.32044219970703]], [[26.56294059753418]], [[26.770835876464844]], [[26.978158950805664]], [[27.152318954467773]], [[27.39698600769043]], [[27.78585433959961]], [[28.00072479248047]], [[28.216876983642578]], [[28.508852005004883]], [[28.62017059326172]], [[28.843109130859375]], [[29.06930923461914]], [[29.374351501464844]], [[29.4902400970459]], [[29.763473510742188]]]}