{"vc": [[0.07003538310527802, 0.0, 0.0], [0.0, 0.0, 0.0], [0.069278284907341, -0.051621802151203156, 0.05153876915574074], [0.3569549322128296, 0.0, 0.0], [0.0, 0.0, 0.0], [0.0, 0.0, 0.0], [0.0, 0.0010823943885043263, 0.0], [0.0, 0.0, 0.0], [0.0, 0.0, 0.0], [1.0576388835906982, 0.0, 0.0]], "true_y1": [[[0.4006600081920624]], [[58.72780990600586]], [[69.9598388671875]], [[104.55577850341797]], [[138.75460815429688]], [[173.2119140625]], [[183.93673706054688]], [[230.45458984375]], [[265.1063232421875]], [[311.68670654296875]], [[346.5042419433594]], [[369.9256286621094]], [[393.2587585449219]], [[416.7005920410156]], [[475.9590759277344]], [[523.5615234375]], [[571.4237060546875]], [[631.6992797851562]], [[680.1025390625]], [[790.9486694335938]], [[891.530517578125]], [[968.2699584960938]], [[1086.697021484375]], [[1140.7574462890625]], [[1237.597412109375]], [[1337.81494140625]], [[1381.8592529296875]], [[1488.0626220703125]], [[1582.9591064453125]], [[1665.39599609375]], [[1804.0380859375]], [[1876.876708984375]], [[2011.138671875]], [[2091.327880859375]], [[2241.052490234375]], [[2379.2138671875]], [[2527.2607421875]], [[2659.453125]], [[2860.0810546875]], [[3114.846923828125]], [[3253.95458984375]], [[1.0533000230789185]], [[24.8013858795166]], [[40.60966491699219]], [[64.52549743652344]], [[88.348388671875]], [[104.08503723144531]], [[128.15945434570312]], [[160.20277404785156]], [[184.15301513671875]], [[216.68948364257812]], [[224.55931091308594]], [[240.8954620361328]], [[289.83978271484375]], [[297.8196105957031]], [[330.56939697265625]], [[346.9899597167969]], [[371.72747802734375]], [[404.9869079589844]], [[455.02532958984375]], [[565.2355346679688]], [[599.5169067382812]], [[669.5005493164062]], [[722.7684326171875]], [[777.2259521484375]], [[832.454833984375]], [[879.5076904296875]], [[937.3018188476562]], [[986.6001586914062]], [[1057.583984375]], [[1120.318115234375]], [[1552.5408935546875]], [[1622.6044921875]], [[1726.089599609375]], [[1820.609130859375]], [[1903.6278076171875]], [[2028.065185546875]], [[1.104699969291687]], [[12.76012897491455]], [[30.44448471069336]], [[54.21234893798828]], [[59.97201156616211]], [[83.70387268066406]], [[95.43766021728516]], [[119.39338684082031]], [[131.1924285888672]], [[143.14865112304688]], [[167.16893005371094]], [[191.31625366210938]], [[203.45849609375]], [[221.55435180664062]], [[233.61305236816406]], [[258.09625244140625]], [[282.5385437011719]], [[325.5773620605469]], [[337.9087829589844]], [[362.75299072265625]], [[394.0099182128906]], [[457.3721923828125]], [[495.9033508300781]], [[547.9981689453125]], [[574.613525390625]], [[614.7845458984375]], [[669.34033203125]], [[704.3223876953125]], [[747.2732543945312]], [[798.357421875]], [[835.667236328125]], [[889.6211547851562]], [[920.9202270507812]], [[977.7252807617188]], [[1002.773681640625]], [[1089.437255859375]], [[1162.843505859375]], [[1250.4835205078125]], [[1301.7890625]], [[0.6033599972724915]], [[26.34859275817871]], [[41.70629119873047]], [[62.30397033691406]], [[72.5089111328125]], [[82.77174377441406]], [[103.34542083740234]], [[118.8258056640625]], [[134.30018615722656]], [[149.7830047607422]], [[165.30555725097656]], [[180.85130310058594]], [[191.2166748046875]], [[212.07687377929688]], [[227.6682891845703]], [[253.89013671875]], [[296.0853271484375]], [[317.3038024902344]], [[338.63360595703125]], [[365.4261779785156]], [[403.1998596191406]], [[430.42132568359375]], [[474.67999267578125]], [[508.3783264160156]], [[525.2638549804688]], [[565.3094482421875]], [[600.242919921875]], [[635.7685546875]], [[672.171875]], [[702.9647827148438]], [[747.0662841796875]], [[792.3915405273438]], [[825.5570068359375]], [[873.7472534179688]], [[908.8175048828125]], [[937.7755126953125]], [[990.104736328125]], [[1044.5467529296875]], [[1093.204833984375]], [[1143.9215087890625]], [[1187.8675537109375]], [[1233.4945068359375]], [[1310.3092041015625]], [[1371.5360107421875]], [[1435.9622802734375]], [[0.35506001114845276]], [[21.187673568725586]], [[37.8826904296875]], [[67.13190460205078]], [[92.0899658203125]], [[113.1993637084961]], [[138.36224365234375]], [[159.32711791992188]], [[193.12765502929688]], [[209.97726440429688]], [[235.58348083496094]], [[265.474609375]], [[300.0011291503906]], [[312.9591369628906]], [[334.6878967285156]], [[356.5564270019531]], [[396.4573669433594]], [[423.3437805175781]], [[455.1351318359375]], [[473.6167297363281]], [[506.1359558105469]], [[539.3013305664062]], [[553.6790161132812]], [[592.6463623046875]], [[617.6337890625]], [[648.142822265625]], [[679.377685546875]], [[711.2171630859375]], [[744.1156005859375]], [[777.6455078125]], [[800.5677490234375]], [[848.0950317382812]], [[878.7946166992188]], [[923.1484375]], [[942.9751586914062]], [[1004.1212158203125]], [[1039.8856201171875]], [[1076.5826416015625]], [[1107.2620849609375]], [[1196.1885986328125]], [[1230.3310546875]], [[1274.9404296875]], [[1340.676513671875]], [[1400.5086669921875]], [[1453.2176513671875]], [[1508.110595703125]], [[1602.6746826171875]], [[1691.95703125]], [[1788.744140625]], [[1832.6561279296875]], [[1924.9520263671875]], [[2024.66796875]], [[2151.00634765625]], [[2248.74462890625]], [[2353.73291015625]], [[0.1057400032877922]], [[10.951471328735352]], [[35.41522216796875]], [[46.25840759277344]], [[62.546058654785156]], [[84.38188171386719]], [[97.90837097167969]], [[111.58638763427734]], [[133.4652862548828]], [[147.14144897460938]], [[163.59707641601562]], [[177.40147399902344]], [[196.7836151123047]], [[213.40512084960938]], [[230.12464904785156]], [[252.6156768798828]], [[266.69757080078125]], [[280.9416809082031]], [[298.13812255859375]], [[318.3504333496094]], [[335.8915100097656]], [[353.5298767089844]], [[371.49481201171875]], [[380.48919677734375]], [[398.78240966796875]], [[420.3362121582031]], [[439.1849060058594]], [[461.53314208984375]], [[477.76910400390625]], [[500.89544677734375]], [[511.057861328125]], [[534.959228515625]], [[559.5132446289062]], [[577.491455078125]], [[607.1040649414062]], [[622.1763916015625]], [[645.4122314453125]], [[669.317138671875]], [[698.1480102539062]], [[723.69189453125]], [[741.23291015625]], [[786.7522583007812]], [[810.6381225585938]], [[860.560791015625]], [[865.7314453125]], [[902.9465942382812]], [[965.460693359375]], [[983.3973388671875]], [[1033.2138671875]], [[1072.724853515625]], [[1107.33642578125]], [[1143.3046875]], [[1204.238525390625]], [[0.05844400078058243]], [[9.97991943359375]], [[14.937348365783691]], [[26.510116577148438]], [[39.750892639160156]], [[48.047489166259766]], [[58.005096435546875]], [[64.63834381103516]], [[79.56101989746094]], [[86.22281646728516]], [[97.87245178222656]], [[104.53694915771484]], [[119.59066009521484]], [[124.55924224853516]], [[138.05247497558594]], [[146.4618682861328]], [[156.59523010253906]], [[175.33111572265625]], [[185.60055541992188]], [[195.93841552734375]], [[208.05764770507812]], [[213.3197784423828]], [[222.05018615722656]], [[237.9699249267578]], [[248.67237854003906]], [[259.4912414550781]], [[270.3963317871094]], [[281.44830322265625]], [[292.60430908203125]], [[305.7864990234375]], [[311.48968505859375]], [[326.9268798828125]], [[340.6247863769531]], [[350.58135986328125]], [[362.7015686035156]], [[372.973876953125]], [[385.456298828125]], [[400.3575134277344]], [[413.4049072265625]], [[426.65545654296875]], [[437.96484375]], [[454.12103271484375]], [[480.4348449707031]], [[495.309814453125]], [[510.5186462402344]], [[531.4640502929688]], [[539.5750122070312]], [[556.0346069335938]], [[573.0399169921875]], [[596.485107421875]], [[605.553955078125]], [[627.3077392578125]]]}