{"vc": [[-0.13009631633758545, 0.0, 0.0], [0.0, -0.14841409027576447, 0.1488548070192337], [-0.06148103252053261, 0.3436199724674225, -0.3433779776096344], [-0.2223307192325592, 0.0, 0.0], [0.0, 0.0, 0.0], [0.0, 0.0, 0.0], [0.0, 0.033051565289497375, -0.03278067708015442], [0.0, 0.0, 0.0], [0.0, 0.0, 0.0], [0.2956644296646118, 0.0, 0.0]], "true_y1": [[[0.4006600081920624]], [[15.450376510620117]], [[18.19835662841797]], [[26.171428680419922]], [[33.18452072143555]], [[39.28133010864258]], [[40.977630615234375]], [[47.277687072753906]], [[50.95111846923828]], [[54.74340057373047]], [[56.87950897216797]], [[58.04448318481445]], [[59.022789001464844]], [[59.84914016723633]], [[61.3883171081543]], [[62.20405960083008]], [[62.764610290527344]], [[63.2154541015625]], [[63.43583297729492]], [[63.65186309814453]], [[63.65098190307617]], [[63.58375549316406]], [[63.41905212402344]], [[63.32942581176758]], [[63.15653991699219]], [[62.96879577636719]], [[62.885101318359375]], [[62.683135986328125]], [[62.50469207763672]], [[62.352561950683594]], [[62.10464859008789]], [[61.97893524169922]], [[61.75598907470703]], [[61.62838363647461]], [[61.40121841430664]], [[61.20410919189453]], [[61.00562286376953]], [[60.838905334472656]], [[60.60343933105469]], [[60.33200454711914]], [[60.19547653198242]], [[1.0533000230789185]], [[7.165302276611328]], [[11.115259170532227]], [[16.809818267822266]], [[22.04916000366211]], [[25.235118865966797]], [[29.65345001220703]], [[34.666015625]], [[37.79016876220703]], [[41.26271438598633]], [[41.98200225830078]], [[43.340145111083984]], [[46.47339630126953]], [[46.8719596862793]], [[48.24443054199219]], [[48.79524230957031]], [[49.483219146728516]], [[50.18882369995117]], [[50.898258209228516]], [[51.57231521606445]], [[51.637882232666016]], [[51.6559944152832]], [[51.60112762451172]], [[51.50688552856445]], [[51.385658264160156]], [[51.26902770996094]], [[51.11507797241211]], [[50.977996826171875]], [[50.77589797973633]], [[50.595821380615234]], [[49.430721282958984]], [[49.26193618774414]], [[49.02369689941406]], [[48.81745529174805]], [[48.64497756958008]], [[48.40095520019531]], [[1.104699969291687]], [[4.078897476196289]], [[8.485138893127441]], [[14.093988418579102]], [[15.384531021118164]], [[20.36883544921875]], [[22.619705200195312]], [[26.753278732299805]], [[28.56097412109375]], [[30.242891311645508]], [[33.188716888427734]], [[35.617713928222656]], [[36.65921401977539]], [[38.01339340209961]], [[38.79709243774414]], [[40.13490295410156]], [[41.18415069580078]], [[42.49868392944336]], [[42.777225494384766]], [[43.23541259765625]], [[43.653770446777344]], [[44.127281188964844]], [[44.2534065246582]], [[44.3038444519043]], [[44.292476654052734]], [[44.242191314697266]], [[44.129188537597656]], [[44.03840255737305]], [[43.9139518737793]], [[43.75361251831055]], [[43.63123321533203]], [[43.450008392333984]], [[43.34380340576172]], [[43.15098190307617]], [[43.06639862060547]], [[42.77823257446289]], [[42.54166793823242]], [[42.27031707763672]], [[42.117530822753906]], [[0.6033599972724915]], [[7.085531234741211]], [[10.798879623413086]], [[15.49757194519043]], [[17.68067169189453]], [[19.76821517944336]], [[23.606605529785156]], [[26.18097686767578]], [[28.48678207397461]], [[30.535747528076172]], [[32.34586715698242]], [[33.932373046875]], [[34.87446594238281]], [[36.518314361572266]], [[37.55154037475586]], [[38.97169876098633]], [[40.602291107177734]], [[41.191741943359375]], [[41.66645431518555]], [[42.12910461425781]], [[42.58974075317383]], [[42.81848907470703]], [[43.06006622314453]], [[43.16598129272461]], [[43.2001953125]], [[43.242897033691406]], [[43.246273040771484]], [[43.226173400878906]], [[43.18738555908203]], [[43.14381790161133]], [[43.06887435913086]], [[42.98094940185547]], [[42.91180419921875]], [[42.80657958984375]], [[42.72773361206055]], [[42.66179656982422]], [[42.54180908203125]], [[42.41714096069336]], [[42.30680465698242]], [[42.19355392456055]], [[42.097225189208984]], [[41.99922180175781]], [[41.83926773071289]], [[41.71653747558594]], [[41.59205627441406]], [[0.35506001114845276]], [[5.571436882019043]], [[9.608819007873535]], [[16.146028518676758]], [[21.014307022094727]], [[24.55862808227539]], [[28.100130081176758]], [[30.52349281311035]], [[33.56288146972656]], [[34.742862701416016]], [[36.19335174560547]], [[37.46944046020508]], [[38.5282096862793]], [[38.83782958984375]], [[39.27273178100586]], [[39.62268829345703]], [[40.09031295776367]], [[40.313087463378906]], [[40.5074577331543]], [[40.593685150146484]], [[40.70856857299805]], [[40.78822326660156]], [[40.81352233886719]], [[40.86023712158203]], [[40.876739501953125]], [[40.88597106933594]], [[40.8856201171875]], [[40.877357482910156]], [[40.86235427856445]], [[40.841888427734375]], [[40.8255500793457]], [[40.787132263183594]], [[40.7598876953125]], [[40.71822738647461]], [[40.698970794677734]], [[40.638084411621094]], [[40.60189437866211]], [[40.56463623046875]], [[40.53353500366211]], [[40.44443130493164]], [[40.41086196899414]], [[40.36767578125]], [[40.30558395385742]], [[40.250797271728516]], [[40.20394515991211]], [[40.156578063964844]], [[40.0783576965332]], [[40.008331298828125]], [[39.936424255371094]], [[39.905113220214844]], [[39.841827392578125]], [[39.77709197998047]], [[39.700077056884766]], [[39.64402389526367]], [[39.58695602416992]], [[0.1057400032877922]], [[2.7713921070098877]], [[8.608787536621094]], [[11.056632995605469]], [[14.50711727142334]], [[18.631378173828125]], [[20.875648498535156]], [[22.902923583984375]], [[25.665658950805664]], [[27.11864471435547]], [[28.621315002441406]], [[29.700090408325195]], [[30.976839065551758]], [[31.886138916015625]], [[32.65884017944336]], [[33.51702117919922]], [[33.968528747558594]], [[34.37034225463867]], [[34.79395294189453]], [[35.22157287597656]], [[35.542938232421875]], [[35.82838821411133]], [[36.087276458740234]], [[36.20665740966797]], [[36.43156051635742]], [[36.67055892944336]], [[36.86071014404297]], [[37.06763458251953]], [[37.20746612548828]], [[37.39398193359375]], [[37.47187042236328]], [[37.64669418334961]], [[37.815765380859375]], [[37.93380355834961]], [[38.119171142578125]], [[38.2097053527832]], [[38.344818115234375]], [[38.47871780395508]], [[38.634037017822266]], [[38.766536712646484]], [[38.854957580566406]], [[39.07544708251953]], [[39.18633270263672]], [[39.40828323364258]], [[39.43054962158203]], [[39.58704376220703]], [[39.835838317871094]], [[39.90415954589844]], [[40.087196350097656]], [[40.225704193115234]], [[40.34247589111328]], [[40.459537506103516]], [[40.64847946166992]], [[0.05844400078058243]], [[2.4018988609313965]], [[3.562596082687378]], [[6.22365665435791]], [[9.145479202270508]], [[10.88863468170166]], [[12.875794410705566]], [[14.130533218383789]], [[16.739831924438477]], [[17.807571411132812]], [[19.532499313354492]], [[20.440349578857422]], [[22.29256820678711]], [[22.847383499145508]], [[24.22591209411621]], [[24.998456954956055]], [[25.850858688354492]], [[27.231822967529297]], [[27.897693634033203]], [[28.51332664489746]], [[29.174823760986328]], [[29.44424819946289]], [[29.870214462280273]], [[30.588111877441406]], [[31.034536361694336]], [[31.461015701293945]], [[31.869192123413086]], [[32.26374053955078]], [[32.64519119262695]], [[33.077293395996094]], [[33.25874710083008]], [[33.73546600341797]], [[34.143070220947266]], [[34.431495666503906]], [[34.774723052978516]], [[35.059513092041016]], [[35.39876174926758]], [[35.79486083984375]], [[36.134429931640625]], [[36.472877502441406]], [[36.756927490234375]], [[37.15541458129883]], [[37.78699493408203]], [[38.13485336303711]], [[38.48387145996094]], [[38.95375061035156]], [[39.13239669799805]], [[39.48931121826172]], [[39.850242614746094]], [[40.33500289916992]], [[40.51856231689453]], [[40.950016021728516]]]}