{"vc": [[-0.06458397954702377, 0.0, 0.0], [0.0, -0.051759570837020874, 0.05167468637228012], [-0.006614840589463711, 0.3057555556297302, -0.3058648705482483], [0.01531157921999693, 0.0, 0.0], [0.0, 0.0, 0.0], [0.0, 0.0, 0.0], [0.0, 0.012391950935125351, -0.01230527088046074], [0.0, 0.0, 0.0], [0.0, 0.0, 0.0], [0.648052990436554, 0.0, 0.0]], "true_y1": [[[0.4006600081920624]], [[34.91766357421875]], [[41.274227142333984]], [[59.88483810424805]], [[76.53843688964844]], [[91.32256317138672]], [[95.500732421875]], [[111.34003448486328]], [[120.87779235839844]], [[131.06080627441406]], [[137.0099334716797]], [[140.3455047607422]], [[143.2123565673828]], [[145.69415283203125]], [[150.53585815429688]], [[153.3004913330078]], [[155.3656768798828]], [[157.24697875976562]], [[158.34918212890625]], [[160.01856994628906]], [[160.93238830566406]], [[161.4174041748047]], [[161.9583740234375]], [[162.1513671875]], [[162.44241333007812]], [[162.692138671875]], [[162.78997802734375]], [[163.00379943847656]], [[163.17442321777344]], [[163.31068420410156]], [[163.52024841308594]], [[163.6222381591797]], [[163.79811096191406]], [[163.8965606689453]], [[164.06886291503906]], [[164.21604919433594]], [[164.3626708984375]], [[164.48486328125]], [[164.65631103515625]], [[164.8527069091797]], [[164.95111083984375]], [[1.0533000230789185]], [[15.195664405822754]], [[24.38800048828125]], [[37.7505989074707]], [[50.2032470703125]], [[57.87274169921875]], [[68.66407775878906]], [[81.18797302246094]], [[89.19271850585938]], [[98.33306884765625]], [[100.2666015625]], [[103.96393585205078]], [[112.79776000976562]], [[113.96263885498047]], [[118.08037567138672]], [[119.7938232421875]], [[122.0055923461914]], [[124.3978500366211]], [[127.04258728027344]], [[130.37939453125]], [[131.00039672851562]], [[131.9204864501953]], [[132.40843200683594]], [[132.78382873535156]], [[133.07667541503906]], [[133.276611328125]], [[133.4773406982422]], [[133.61964416503906]], [[133.79080200195312]], [[133.9178009033203]], [[134.4910888671875]], [[134.56007385253906]], [[134.6540069580078]], [[134.7328643798828]], [[134.79747009277344]], [[134.88729858398438]], [[1.104699969291687]], [[8.045341491699219]], [[18.3779296875]], [[31.65699005126953]], [[34.73860549926758]], [[46.75994873046875]], [[52.2634162902832]], [[62.52509307861328]], [[67.08889770507812]], [[71.38543701171875]], [[79.05137634277344]], [[85.54351806640625]], [[88.38836669921875]], [[92.15716552734375]], [[94.3821792602539]], [[98.27745056152344]], [[101.45001220703125]], [[105.6693344116211]], [[106.6214370727539]], [[108.26485443115234]], [[109.90476989746094]], [[112.19380187988281]], [[113.1280288696289]], [[114.04183197021484]], [[114.39807891845703]], [[114.83415985107422]], [[115.28401184082031]], [[115.51069641113281]], [[115.74146270751953]], [[115.96525573730469]], [[116.10272216796875]], [[116.27269744873047]], [[116.35903930664062]], [[116.4980697631836]], [[116.55343627929688]], [[116.72352600097656]], [[116.84764862060547]], [[116.97847747802734]], [[117.04818725585938]], [[0.6033599972724915]], [[15.80912971496582]], [[24.578189849853516]], [[35.77067184448242]], [[41.01894760131836]], [[46.072689056396484]], [[55.47367477416992]], [[61.87528610229492]], [[67.6906967163086]], [[72.93663787841797]], [[77.64521789550781]], [[81.84152221679688]], [[84.36998748779297]], [[88.86207580566406]], [[91.75016021728516]], [[95.82984161376953]], [[100.75489807128906]], [[102.64093017578125]], [[104.22905731201172]], [[105.87017822265625]], [[107.66937255859375]], [[108.68495178222656]], [[109.9759521484375]], [[110.74029541015625]], [[111.06970977783203]], [[111.74015808105469]], [[112.22567749023438]], [[112.64850616455078]], [[113.02500915527344]], [[113.30839538574219]], [[113.6706314086914]], [[114.0013198852539]], [[114.22233581542969]], [[114.51837921142578]], [[114.7184066772461]], [[114.87532806396484]], [[115.14276885986328]], [[115.4023208618164]], [[115.62066650390625]], [[115.83638000488281]], [[116.01458740234375]], [[116.19186401367188]], [[116.4742660522461]], [[116.68633270263672]], [[116.89820098876953]], [[0.35506001114845276]], [[12.66762638092041]], [[22.24683952331543]], [[37.92158889770508]], [[49.79875946044922]], [[58.606258392333984]], [[67.59307861328125]], [[73.88648986816406]], [[82.01408386230469]], [[85.26732635498047]], [[89.37566375732422]], [[93.1348648071289]], [[96.42335510253906]], [[97.43125915527344]], [[98.90130615234375]], [[100.14977264404297]], [[101.97283172607422]], [[102.95295715332031]], [[103.92411041259766]], [[104.41522979736328]], [[105.17720031738281]], [[105.84893035888672]], [[106.11378479003906]], [[106.76797485351562]], [[107.1473388671875]], [[107.57672882080078]], [[107.98468017578125]], [[108.37346649169922]], [[108.7513656616211]], [[109.1156005859375]], [[109.35408782958984]], [[109.82511138916016]], [[110.11457061767578]], [[110.514892578125]], [[110.68760681152344]], [[111.19844055175781]], [[111.48318481445312]], [[111.76547241210938]], [[111.99423217773438]], [[112.62286376953125]], [[112.85155487060547]], [[113.14051055908203]], [[113.5471420288086]], [[113.898681640625]], [[114.19467163085938]], [[114.49011993408203]], [[114.97064208984375]], [[115.39403533935547]], [[115.82296752929688]], [[116.00807189941406]], [[116.37932586669922]], [[116.7553939819336]], [[117.19831085205078]], [[117.51782989501953]], [[117.8408203125]], [[0.1057400032877922]], [[6.5069074630737305]], [[20.571258544921875]], [[26.503520965576172]], [[34.91986083984375]], [[45.09514617919922]], [[50.703250885009766]], [[55.82473373413086]], [[62.91193389892578]], [[66.70225524902344]], [[70.68070983886719]], [[73.58212280273438]], [[77.0781021118164]], [[79.62033081054688]], [[81.82515716552734]], [[84.33676147460938]], [[85.69246673583984]], [[86.92412567138672]], [[88.25381469726562]], [[89.63597869873047]], [[90.70690155029297]], [[91.68579864501953]], [[92.59963989257812]], [[93.03031158447266]], [[93.8590087890625]], [[94.76641845703125]], [[95.50944519042969]], [[96.34020233154297]], [[96.91490936279297]], [[97.69818115234375]], [[98.03083038330078]], [[98.7889633178711]], [[99.53660583496094]], [[100.06643676757812]], [[100.9104995727539]], [[101.32765197753906]], [[101.95565795898438]], [[102.58390045166016]], [[103.31917572021484]], [[103.95135498046875]], [[104.37548065185547]], [[105.44001007080078]], [[105.97865295410156]], [[107.06233978271484]], [[107.17143249511719]], [[107.93977355957031]], [[109.16654205322266]], [[109.50439453125]], [[110.41131591796875]], [[111.09913635253906]], [[111.67989349365234]], [[112.26283264160156]], [[113.20506286621094]], [[0.05844400078058243]], [[5.8525214195251465]], [[8.724250793457031]], [[15.315595626831055]], [[22.570201873779297]], [[26.910261154174805]], [[31.871952056884766]], [[35.014137268066406]], [[41.57655715942383]], [[44.27482223510742]], [[48.65277862548828]], [[50.967594146728516]], [[55.71699905395508]], [[57.147499084472656]], [[60.71992111206055]], [[62.734535217285156]], [[64.96926879882812]], [[68.61978149414062]], [[70.39497375488281]], [[72.0458755493164]], [[73.8308334350586]], [[74.561279296875]], [[75.72032165527344]], [[77.6855697631836]], [[78.91520690917969]], [[80.09523010253906]], [[81.22930908203125]], [[82.32967376708984]], [[83.3971176147461]], [[84.6102066040039]], [[85.12074279785156]], [[86.4648208618164]], [[87.61681365966797]], [[88.43326568603516]], [[89.406005859375]], [[90.21392059326172]], [[91.17707824707031]], [[92.30242919921875]], [[93.26766204833984]], [[94.22999572753906]], [[95.03779602050781]], [[96.1711196899414]], [[97.9672622680664]], [[98.95634460449219]], [[99.94852447509766]], [[101.28388214111328]], [[101.79145050048828]], [[102.80526733398438]], [[103.83014678955078]], [[105.20606994628906]], [[105.7269058227539]], [[106.95072174072266]]]}