{"vc": [[-0.08463279902935028, 0.0, 0.0], [0.0, -0.06440170109272003, 0.06460483372211456], [-0.022190913558006287, 0.3132641613483429, -0.31304171681404114], [-0.05758250877261162, 0.0, 0.0], [0.0, 0.0, 0.0], [0.0, 0.0, 0.0], [0.0, 0.015397497452795506, -0.015346248634159565], [0.0, 0.0, 0.0], [0.0, 0.0, 0.0], [0.5421980023384094, 0.0, 0.0]], "true_y1": [[[0.4006600081920624]], [[29.05994415283203]], [[34.32783889770508]], [[49.71958541870117]], [[63.43894958496094]], [[75.55982971191406]], [[78.97303009033203]], [[91.85122680664062]], [[99.54875946044922]], [[107.70437622070312]], [[112.43043518066406]], [[115.06440734863281]], [[117.31720733642578]], [[119.25768280029297]], [[123.00959777832031]], [[125.12394714355469]], [[126.68289184570312]], [[128.07933044433594]], [[128.88101196289062]], [[130.0535125732422]], [[130.65516662597656]], [[130.9528045654297]], [[131.2562713623047]], [[131.35484313964844]], [[131.49172973632812]], [[131.59693908691406]], [[131.635009765625]], [[131.71226501464844]], [[131.76852416992188]], [[131.81040954589844]], [[131.87039184570312]], [[131.89794921875]], [[131.94342041015625]], [[131.96791076660156]], [[132.0094451904297]], [[132.04380798339844]], [[132.0771942138672]], [[132.1044921875]], [[132.14208984375]], [[132.18431091308594]], [[132.20516967773438]], [[1.0533000230789185]], [[12.780860900878906]], [[20.39497184753418]], [[31.443950653076172]], [[41.711692810058594]], [[48.01747131347656]], [[56.860836029052734]], [[67.07067108154297]], [[73.55863189697266]], [[80.92124938964844]], [[82.47127532958984]], [[85.42680358886719]], [[92.4337158203125]], [[93.35060119628906]], [[96.57434844970703]], [[97.90628051757812]], [[99.61504364013672]], [[101.4461441040039]], [[103.44051361083984]], [[105.87005615234375]], [[106.3001937866211]], [[106.90995788574219]], [[107.21146392822266]], [[107.42619323730469]], [[107.578125]], [[107.67091369628906]], [[107.75224304199219]], [[107.80097198486328]], [[107.84770965576172]], [[107.87279510498047]], [[107.87297821044922]], [[107.86346435546875]], [[107.84759521484375]], [[107.83203887939453]], [[107.8179931640625]], [[107.79682159423828]], [[1.104699969291687]], [[6.852652072906494]], [[15.401782989501953]], [[26.366947174072266]], [[28.9068603515625]], [[38.792808532714844]], [[43.304595947265625]], [[51.687591552734375]], [[55.40126037597656]], [[58.887821197509766]], [[65.08161926269531]], [[70.29450225830078]], [[72.5674057006836]], [[75.56578826904297]], [[77.32816314697266]], [[80.39674377441406]], [[82.87655639648438]], [[86.13691711425781]], [[86.86450958251953]], [[88.11062622070312]], [[89.33782958984375]], [[91.0069580078125]], [[91.662841796875]], [[92.27806854248047]], [[92.50700378417969]], [[92.77472686767578]], [[93.03018951416016]], [[93.14759826660156]], [[93.25650024414062]], [[93.34903717041016]], [[93.39803314208984]], [[93.44879150390625]], [[93.46993255615234]], [[93.49678039550781]], [[93.50489044189453]], [[93.52037811279297]], [[93.52281951904297]], [[93.51780700683594]], [[93.51223754882812]], [[0.6033599972724915]], [[13.184636116027832]], [[20.429622650146484]], [[29.65817642211914]], [[33.976043701171875]], [[38.12682342529297]], [[45.82616424560547]], [[51.049442291259766]], [[55.77783966064453]], [[60.0273551940918]], [[63.82666778564453]], [[67.19882202148438]], [[69.22352600097656]], [[72.80516815185547]], [[75.09574890136719]], [[78.31145477294922]], [[82.15226745605469]], [[83.60657501220703]], [[84.8213882446289]], [[86.06456756591797]], [[87.40801239013672]], [[88.15379333496094]], [[89.0828628540039]], [[89.61907196044922]], [[89.84600067138672]], [[90.29820251464844]], [[90.61593627929688]], [[90.88459777832031]], [[91.11658477783203]], [[91.28624725341797]], [[91.49650573730469]], [[91.68175506591797]], [[91.80199432373047]], [[91.95869445800781]], [[92.06188201904297]], [[92.14140319824219]], [[92.27423095703125]], [[92.40018463134766]], [[92.50413513183594]], [[92.6052474975586]], [[92.68771362304688]], [[92.76889038085938]], [[92.89664459228516]], [[92.99146270751953]], [[93.08535766601562]], [[0.35506001114845276]], [[10.532670021057129]], [[18.441268920898438]], [[31.347938537597656]], [[41.083740234375]], [[48.26850891113281]], [[55.55917739868164]], [[60.63391876220703]], [[67.13846588134766]], [[69.72225952148438]], [[72.96417236328125]], [[75.9042739868164]], [[78.44795989990234]], [[79.2205810546875]], [[80.33992004394531]], [[81.28203582763672]], [[82.63945007324219]], [[83.35758972167969]], [[84.05877685546875]], [[84.4087142944336]], [[84.94447326660156]], [[85.40868377685547]], [[85.58944702148438]], [[86.03011322021484]], [[86.2817611694336]], [[86.56312561035156]], [[86.82707977294922]], [[87.0757064819336]], [[87.31478118896484]], [[87.54296112060547]], [[87.69125366210938]], [[87.98178100585938]], [[88.15890502929688]], [[88.40229034423828]], [[88.50678253173828]], [[88.81419372558594]], [[88.98460388183594]], [[89.15293884277344]], [[89.28894805908203]], [[89.66104888916016]], [[89.79586791992188]], [[89.9658432006836]], [[90.20437622070312]], [[90.41002655029297]], [[90.58279418945312]], [[90.75492095947266]], [[91.03422546386719]], [[91.27970123291016]], [[91.52783203125]], [[91.63475036621094]], [[91.8488998413086]], [[92.0654525756836]], [[92.3200454711914]], [[92.50341033935547]], [[92.68852996826172]], [[0.1057400032877922]], [[5.3829827308654785]], [[16.96649932861328]], [[21.843414306640625]], [[28.74818992614746]], [[37.065399169921875]], [[41.63066101074219]], [[45.785240173339844]], [[51.50653839111328]], [[54.55037307739258]], [[57.730831146240234]], [[60.0394172668457]], [[62.80672073364258]], [[64.8074722290039]], [[66.53334045410156]], [[68.48686981201172]], [[69.53492736816406]], [[70.48263549804688]], [[71.50049591064453]], [[72.5521011352539]], [[73.36198425292969]], [[74.0982437133789]], [[74.78192901611328]], [[75.1028823852539]], [[75.71819305419922]], [[76.38851928710938]], [[76.93479919433594]], [[77.54289245605469]], [[77.96198272705078]], [[78.53120422363281]], [[78.77230834960938]], [[79.32047271728516]], [[79.85938262939453]], [[80.24038696289062]], [[80.84595489501953]], [[81.14466094970703]], [[81.59369659423828]], [[82.04219055175781]], [[82.5662841796875]], [[83.01627349853516]], [[83.31787872314453]], [[84.07395935058594]], [[84.4560775756836]], [[85.22406768798828]], [[85.30132293701172]], [[85.84519958496094]], [[86.71276092529297]], [[86.95153045654297]], [[87.5921859741211]], [[88.07780456542969]], [[88.48767852783203]], [[88.89895629882812]], [[89.56348419189453]], [[0.05844400078058243]], [[4.813840389251709]], [[7.170093536376953]], [[12.575128555297852]], [[18.51614761352539]], [[22.064739227294922]], [[26.114927291870117]], [[28.675498962402344]], [[34.01007080078125]], [[36.19750213623047]], [[39.73796844482422]], [[41.605159759521484]], [[45.42433166503906]], [[46.57122802734375]], [[49.42770004272461]], [[51.033321380615234]], [[52.80955505371094]], [[55.69922637939453]], [[57.098690032958984]], [[58.396583557128906]], [[59.79582595825195]], [[60.3671875]], [[61.272308349609375]], [[62.80279541015625]], [[63.757728576660156]], [[64.67223358154297]], [[65.5494384765625]], [[66.39904022216797]], [[67.22186279296875]], [[68.15543365478516]], [[68.54788208007812]], [[69.57987213134766]], [[70.46312713623047]], [[71.08848571777344]], [[71.83293151855469]], [[72.45077514648438]], [[73.18685150146484]], [[74.0462875366211]], [[74.78298950195312]], [[75.51712036132812]], [[76.13312530517578]], [[76.9970474243164]], [[78.3656234741211]], [[79.11900329589844]], [[79.8746109008789]], [[80.89140319824219]], [[81.27784729003906]], [[82.0496826171875]], [[82.82989501953125]], [[83.8773193359375]], [[84.2738037109375]], [[85.20545196533203]]]}