{"vc": [[-0.12688584625720978, 0.0, 0.0], [0.0, -0.13273729383945465, 0.13260042667388916], [-0.0487164743244648, 0.3401850461959839, -0.34044960141181946], [-0.1974627524614334, 0.0, 0.0], [0.0, 0.0, 0.0], [0.0, 0.0, 0.0], [0.0, 0.030284736305475235, -0.03034362755715847], [0.0, 0.0, 0.0], [0.0, 0.0, 0.0], [0.31633713841438293, 0.0, 0.0]], "true_y1": [[[0.4006600081920624]], [[16.61606216430664]], [[19.576919555664062]], [[28.167171478271484]], [[35.72210693359375]], [[42.28881072998047]], [[44.115623474121094]], [[50.899574279785156]], [[54.85480880737305]], [[58.93867111206055]], [[61.24034118652344]], [[62.49662780761719]], [[63.55266189575195]], [[64.44589233398438]], [[66.11571502685547]], [[67.00801849365234]], [[67.6289291381836]], [[68.14044189453125]], [[68.4016342163086]], [[68.6968002319336]], [[68.7593002319336]], [[68.73802185058594]], [[68.64208221435547]], [[68.58323669433594]], [[68.46464538574219]], [[68.33193969726562]], [[68.27204132080078]], [[68.12638854980469]], [[67.99689483642578]], [[67.88617706298828]], [[67.70545959472656]], [[67.61377716064453]], [[67.45124053955078]], [[67.3582763671875]], [[67.19296264648438]], [[67.04973602294922]], [[66.9057388305664]], [[66.78497314453125]], [[66.61470794677734]], [[66.41887664794922]], [[66.32054901123047]], [[1.0533000230789185]], [[7.651688575744629]], [[11.916909217834473]], [[18.066638946533203]], [[23.724822998046875]], [[27.165206909179688]], [[31.935699462890625]], [[37.34638595581055]], [[40.71775817871094]], [[44.46440124511719]], [[45.24043273925781]], [[46.70580291748047]], [[50.0882453918457]], [[50.518959045410156]], [[52.00404357910156]], [[52.601436614990234]], [[53.34968185424805]], [[54.12147521972656]], [[54.90790557861328]], [[55.7005500793457]], [[55.7958984375]], [[55.87028121948242]], [[55.85597610473633]], [[55.80215072631836]], [[55.72125244140625]], [[55.63859558105469]], [[55.52593994140625]], [[55.42369079589844]], [[55.27103042602539]], [[55.133853912353516]], [[54.238121032714844]], [[54.108245849609375]], [[53.924957275390625]], [[53.76633834838867]], [[53.63373565673828]], [[53.44620895385742]], [[1.104699969291687]], [[4.320851802825928]], [[9.086721420288086]], [[15.154308319091797]], [[16.550397872924805]], [[21.941734313964844]], [[24.375852584838867]], [[28.84449577331543]], [[30.797971725463867]], [[32.61503982543945]], [[35.796356201171875]], [[38.418426513671875]], [[39.542510986328125]], [[41.00410079956055]], [[41.85013198852539]], [[43.29520797729492]], [[44.430335998535156]], [[45.85845184326172]], [[46.16294479370117]], [[46.66688919067383]], [[47.13330841064453]], [[47.683956146240234]], [[47.84941482543945]], [[47.948509216308594]], [[47.960845947265625]], [[47.94551086425781]], [[47.879058837890625]], [[47.817787170410156]], [[47.72931671142578]], [[47.611412048339844]], [[47.519744873046875]], [[47.3824348449707]], [[47.3013916015625]], [[47.15355682373047]], [[47.08850860595703]], [[46.8663215637207]], [[46.683528900146484]], [[46.47365951538086]], [[46.35544967651367]], [[0.6033599972724915]], [[7.61679744720459]], [[11.63436508178711]], [[16.71656608581543]], [[19.076927185058594]], [[21.33321762084961]], [[25.47945213317871]], [[28.258100509643555]], [[30.74506378173828]], [[32.953372955322266]], [[34.902854919433594]], [[36.61037063598633]], [[37.62382888793945]], [[39.39142990112305]], [[40.50210952758789]], [[42.02891540527344]], [[43.78479766845703]], [[44.42193603515625]], [[44.937278747558594]], [[45.443180084228516]], [[45.95452117919922]], [[46.21482849121094]], [[46.50225067138672]], [[46.64027404785156]], [[46.69000244140625]], [[46.76851272583008]], [[46.80239486694336]], [[46.812904357910156]], [[46.805198669433594]], [[46.78776550292969]], [[46.75003433227539]], [[46.7000846862793]], [[46.658531188964844]], [[46.593055725097656]], [[46.542842864990234]], [[46.500335693359375]], [[46.42215347290039]], [[46.340171813964844]], [[46.26721954345703]], [[46.19211196899414]], [[46.12812423706055]], [[46.062984466552734]], [[45.956668853759766]], [[45.87515640258789]], [[45.79257583618164]], [[0.35506001114845276]], [[6.005216121673584]], [[10.37741470336914]], [[17.45117950439453]], [[22.711191177368164]], [[26.534473419189453]], [[30.347850799560547]], [[32.952484130859375]], [[36.21302795410156]], [[37.477054595947266]], [[39.029945373535156]], [[40.39646530151367]], [[41.532936096191406]], [[41.86649703979492]], [[42.336917877197266]], [[42.71812438964844]], [[43.23491287231445]], [[43.48711013793945]], [[43.713951110839844]], [[43.81828689575195]], [[43.96415710449219]], [[44.0746955871582]], [[44.113243103027344]], [[44.19563293457031]], [[44.234901428222656]], [[44.2718620300293]], [[44.29985046386719]], [[44.32042694091797]], [[44.33515930175781]], [[44.34490966796875]], [[44.349159240722656]], [[44.353187561035156]], [[44.353153228759766]], [[44.35045623779297]], [[44.34846496582031]], [[44.340152740478516]], [[44.334197998046875]], [[44.32752990722656]], [[44.321651458740234]], [[44.303741455078125]], [[44.29671859741211]], [[44.28754806518555]], [[44.2741813659668]], [[44.26228713989258]], [[44.2520866394043]], [[44.24177169799805]], [[44.224788665771484]], [[44.20968246459961]], [[44.19430160522461]], [[44.187652587890625]], [[44.1743049621582]], [[44.16078567504883]], [[44.14488983154297]], [[44.13344955444336]], [[44.121917724609375]], [[0.1057400032877922]], [[3.001929521560669]], [[9.340338706970215]], [[11.994888305664062]], [[15.731234550476074]], [[20.185646057128906]], [[22.602741241455078]], [[24.78106689453125]], [[27.740550994873047]], [[29.292192459106445]], [[30.89299964904785]], [[32.03965377807617]], [[33.39393997192383]], [[34.35676193237305]], [[35.174095153808594]], [[36.081504821777344]], [[36.55914306640625]], [[36.98465347290039]], [[37.43406295776367]], [[37.88911437988281]], [[38.23249435424805]], [[38.538917541503906]], [[38.81834030151367]], [[38.947784423828125]], [[39.19284439086914]], [[39.45527267456055]], [[39.665794372558594]], [[39.89687728881836]], [[40.05432891845703]], [[40.266109466552734]], [[40.35517883300781]], [[40.55649185180664]], [[40.753082275390625]], [[40.89146423339844]], [[41.11068344116211]], [[41.21859359741211]], [[41.38066864013672]], [[41.5424919128418]], [[41.7316780090332]], [[41.89430236816406]], [[42.003448486328125]], [[42.27773666381836]], [[42.41679763793945]], [[42.69731903076172]], [[42.72562026977539]], [[42.925315856933594]], [[43.24558639526367]], [[43.33412170410156]], [[43.57252502441406]], [[43.754085540771484]], [[43.90790557861328]], [[44.06278991699219]], [[44.31419372558594]], [[0.05844400078058243]], [[2.6175014972686768]], [[3.884561061859131]], [[6.787125587463379]], [[9.968029022216797]], [[11.861408233642578]], [[14.014723777770996]], [[15.371088027954102]], [[18.182064056396484]], [[19.328048706054688]], [[21.17339324951172]], [[22.14139175415039]], [[24.108755111694336]], [[24.69595718383789]], [[26.150508880615234]], [[26.962797164916992]], [[27.856624603271484]], [[29.299362182617188]], [[29.992780685424805]], [[30.632722854614258]], [[31.31926727294922]], [[31.598630905151367]], [[32.040069580078125]], [[32.78362274169922]], [[33.245941162109375]], [[33.6877326965332]], [[34.110816955566406]], [[34.5201416015625]], [[34.91633987426758]], [[35.36583709716797]], [[35.55485153198242]], [[36.052249908447266]], [[36.47859191894531]], [[36.78092956542969]], [[37.14146423339844]], [[37.4412727355957]], [[37.79922103881836]], [[38.21831512451172]], [[38.57862091064453]], [[38.93870162963867]], [[39.24166488647461]], [[39.6678581237793]], [[40.34618377685547]], [[40.721275329589844]], [[41.09867858886719]], [[41.60844039916992]], [[41.80274963378906]], [[42.1917724609375]], [[42.586273193359375]], [[43.117835998535156]], [[43.31962585449219]], [[43.795013427734375]]]}