{"vc": [[-0.024657487869262695, 0.0, 0.0], [0.0, 2.087981165743713e-08, 0.0], [0.02738473005592823, 0.16265666484832764, -0.16346916556358337], [0.14639140665531158, 0.0, 0.0], [0.0, 0.0, 0.0], [0.0, 0.0, 0.0], [0.0, -1.7468322766944766e-05, 0.0], [0.0, 0.0, 0.0], [0.0, 0.0, 0.0], [0.842883288860321, 0.0, 0.0]], "true_y1": [[[0.4006600081920624]], [[46.43341064453125]], [[55.28463363647461]], [[82.51933288574219]], [[109.39787292480469]], [[136.4329071044922]], [[144.83746337890625]], [[181.23190307617188]], [[208.27496337890625]], [[244.5263671875]], [[271.5397644042969]], [[289.6675109863281]], [[307.68939208984375]], [[325.7552185058594]], [[371.2287292480469]], [[407.5335388183594]], [[443.81060791015625]], [[489.13702392578125]], [[525.2144165039062]], [[606.60546875]], [[678.7656860351562]], [[732.5896606445312]], [[813.3273315429688]], [[849.1744384765625]], [[911.7077026367188]], [[974.05322265625]], [[1000.6683959960938]], [[1062.8375244140625]], [[1115.96875]], [[1160.2740478515625]], [[1230.96533203125]], [[1266.2286376953125]], [[1327.968994140625]], [[1362.9046630859375]], [[1424.4661865234375]], [[1477.297607421875]], [[1530.008056640625]], [[1573.93701171875]], [[1635.4906005859375]], [[1705.8011474609375]], [[1740.9283447265625]], [[1.0533000230789185]], [[19.738595962524414]], [[32.12895584106445]], [[50.800567626953125]], [[69.3106460571289]], [[81.48836517333984]], [[100.04072570800781]], [[124.5854263305664]], [[142.81695556640625]], [[167.42303466796875]], [[173.34600830078125]], [[185.6044158935547]], [[222.02728271484375]], [[227.92095947265625]], [[251.97262573242188]], [[263.947265625]], [[281.8765869140625]], [[305.76617431640625]], [[341.21783447265625]], [[417.04974365234375]], [[439.95751953125]], [[485.64520263671875]], [[519.4055786132812]], [[552.9725341796875]], [[586.0042724609375]], [[613.3231201171875]], [[645.8230590820312]], [[672.6157836914062]], [[709.6824340820312]], [[740.9592895507812]], [[920.7815551757812]], [[944.6196899414062]], [[977.4885864257812]], [[1005.2476196289062]], [[1027.9892578125]], [[1059.45751953125]], [[1.104699969291687]], [[10.262617111206055]], [[24.092540740966797]], [[42.55548858642578]], [[47.0079231262207]], [[65.26322937011719]], [[74.23497009277344]], [[92.43833923339844]], [[101.3473892211914]], [[110.3363037109375]], [[128.27511596679688]], [[146.14356994628906]], [[155.06448364257812]], [[168.27825927734375]], [[177.02870178222656]], [[194.65679931640625]], [[212.0659637451172]], [[242.24256896972656]], [[250.77259826660156]], [[267.79595947265625]], [[288.8970642089844]], [[330.5420227050781]], [[355.09259033203125]], [[387.3109436035156]], [[403.325927734375]], [[426.9125671386719]], [[457.7952880859375]], [[476.8894958496094]], [[499.568603515625]], [[525.4408569335938]], [[543.5821533203125]], [[568.69921875]], [[582.6718139648438]], [[606.9314575195312]], [[617.187255859375]], [[650.658447265625]], [[676.6778564453125]], [[705.1361083984375]], [[720.5677490234375]], [[0.6033599972724915]], [[20.79648780822754]], [[32.78779220581055]], [[48.80534362792969]], [[56.71294403076172]], [[64.646240234375]], [[80.4908447265625]], [[92.3595962524414]], [[104.17660522460938]], [[115.9515151977539]], [[127.7064208984375]], [[139.42689514160156]], [[147.2119598388672]], [[162.8047637939453]], [[174.3919677734375]], [[193.74383544921875]], [[224.50485229492188]], [[239.78524780273438]], [[255.01132202148438]], [[273.93695068359375]], [[300.2201232910156]], [[318.855224609375]], [[348.5733947753906]], [[370.69354248046875]], [[381.6055908203125]], [[407.0094299316406]], [[428.6073913574219]], [[450.01641845703125]], [[471.3597412109375]], [[488.9354248046875]], [[513.3339233398438]], [[537.4534912109375]], [[554.4876708984375]], [[578.3182983398438]], [[594.9827270507812]], [[608.3182983398438]], [[631.462158203125]], [[654.2723999023438]], [[673.6056518554688]], [[692.7429809570312]], [[708.5248413085938]], [[724.1596069335938]], [[748.8524169921875]], [[767.1676025390625]], [[785.2302856445312]], [[0.35506001114845276]], [[16.687793731689453]], [[29.73299789428711]], [[52.49079132080078]], [[71.80715942382812]], [[88.06636047363281]], [[107.3472900390625]], [[123.32231903076172]], [[148.89234924316406]], [[161.5466766357422]], [[180.64976501464844]], [[202.739501953125]], [[227.94631958007812]], [[237.31463623046875]], [[252.9039764404297]], [[268.43414306640625]], [[296.3288269042969]], [[314.7815246582031]], [[336.21929931640625]], [[348.48309326171875]], [[369.69091796875]], [[390.8138427734375]], [[399.80694580078125]], [[423.66748046875]], [[438.5650329589844]], [[456.3194274902344]], [[473.99444580078125]], [[491.4849853515625]], [[508.997314453125]], [[526.2619018554688]], [[537.7277221679688]], [[560.6406860351562]], [[574.83447265625]], [[594.5220947265625]], [[603.0170288085938]], [[628.0680541992188]], [[641.9466552734375]], [[655.6204223632812]], [[666.6279907226562]], [[696.4824829101562]], [[707.1842041015625]], [[720.5751342773438]], [[739.161865234375]], [[754.9796142578125]], [[768.1138305664062]], [[781.0542602539062]], [[801.73681640625]], [[819.5869140625]], [[837.3162231445312]], [[844.8580932617188]], [[859.7874755859375]], [[874.6461181640625]], [[891.810302734375]], [[903.970703125]], [[916.0774536132812]], [[0.1057400032877922]], [[8.589487075805664]], [[27.690587997436523]], [[36.1403694152832]], [[48.81201171875]], [[65.75652313232422]], [[76.22489166259766]], [[86.78596496582031]], [[103.62133026123047]], [[114.10429382324219]], [[126.671142578125]], [[137.1699981689453]], [[151.83685302734375]], [[164.3384246826172]], [[176.83517456054688]], [[193.50848388671875]], [[203.86026000976562]], [[214.25711059570312]], [[226.7028045654297]], [[241.17230224609375]], [[253.58079528808594]], [[265.9099426269531]], [[278.3063659667969]], [[284.4492492675781]], [[296.80718994140625]], [[311.1257019042969]], [[323.4242248535156]], [[337.7272033691406]], [[347.9234313964844]], [[362.15716552734375]], [[368.3026428222656]], [[382.4901428222656]], [[396.67242431640625]], [[406.80279541015625]], [[423.02081298828125]], [[431.0525817871094]], [[443.1421203613281]], [[455.21331787109375]], [[469.2856750488281]], [[481.31854248046875]], [[489.3500061035156]], [[509.339599609375]], [[519.353271484375]], [[539.2782592773438]], [[541.26708984375]], [[555.185302734375]], [[577.080078125]], [[583.0390625]], [[598.88525390625]], [[610.7593994140625]], [[620.6904907226562]], [[630.5732421875]], [[646.3701782226562]], [[0.05844400078058243]], [[7.776982307434082]], [[11.630241394042969]], [[20.615997314453125]], [[30.87940216064453]], [[37.29986572265625]], [[44.993804931640625]], [[50.11122131347656]], [[61.59786605834961]], [[66.71289825439453]], [[75.63619232177734]], [[80.72757720947266]], [[92.18761444091797]], [[95.95667266845703]], [[106.15504455566406]], [[112.48106384277344]], [[120.07049560546875]], [[133.9963836669922]], [[141.56472778320312]], [[149.1328582763672]], [[157.93568420410156]], [[161.73318481445312]], [[167.9990234375]], [[179.3074951171875]], [[186.81976318359375]], [[194.33587646484375]], [[201.8291015625]], [[209.33494567871094]], [[216.81788635253906]], [[225.534423828125]], [[229.26229858398438]], [[239.2181396484375]], [[247.88360595703125]], [[254.0804443359375]], [[261.5062561035156]], [[267.69744873046875]], [[275.0928955078125]], [[283.73626708984375]], [[291.13800048828125]], [[298.4956970214844]], [[304.6486511230469]], [[313.2367248535156]], [[326.7207946777344]], [[334.0712585449219]], [[341.3873291015625]], [[351.1396179199219]], [[354.8174743652344]], [[362.11541748046875]], [[369.427490234375]], [[379.1410217285156]], [[382.78741455078125]], [[391.2904357910156]]]}