{"vc": [[-0.06396946310997009, 0.0, 0.0], [0.0, -2.3028974533081055, 2.3023910522460938], [-0.03530498594045639, 0.07489284127950668, -0.07638933509588242], [-0.06630905717611313, 0.0, 0.0], [0.0, 0.0, 0.0], [0.0, 0.0, 0.0], [0.0, 0.828324019908905, -0.8297795057296753], [0.0, 0.0, 0.0], [0.0, 0.0, 0.0], [0.015414918772876263, 0.0, 0.0]], "true_y1": [[[0.4006600081920624]], [[0.9944839477539062]], [[1.0950475931167603]], [[1.3706905841827393]], [[1.5907703638076782]], [[1.7617647647857666]], [[1.8053700923919678]], [[1.9482582807540894]], [[2.0132718086242676]], [[2.0579514503479004]], [[2.066850423812866]], [[2.063718557357788]], [[2.054652690887451]], [[2.0405352115631104]], [[1.9876242876052856]], [[1.9321966171264648]], [[1.8686349391937256]], [[1.7810256481170654]], [[1.7065807580947876]], [[1.5283812284469604]], [[1.362574815750122]], [[1.2357265949249268]], [[1.0417823791503906]], [[0.9545417428016663]], [[0.800979733467102]], [[0.6463647484779358]], [[0.579951822757721]], [[0.42397618293762207]], [[0.28985166549682617]], [[0.17753228545188904]], [[0.0010000000474974513]], [[0.0010000000474974513]], [[0.0010000000474974513]], [[0.0010000000474974513]], [[0.0010000000474974513]], [[0.0010000000474974513]], [[0.0010000000474974513]], [[0.0010000000474974513]], [[0.0010000000474974513]], [[0.0010000000474974513]], [[0.0010000000474974513]], [[1.0533000230789185]], [[1.271349549293518]], [[1.394200086593628]], [[1.5471293926239014]], [[1.6630501747131348]], [[1.721853256225586]], [[1.7881274223327637]], [[1.8394749164581299]], [[1.8560277223587036]], [[1.8557473421096802]], [[1.852480173110962]], [[1.8423973321914673]], [[1.7910369634628296]], [[1.7803010940551758]], [[1.7310882806777954]], [[1.7038198709487915]], [[1.6601694822311401]], [[1.5976375341415405]], [[1.497657299041748]], [[1.2638741731643677]], [[1.1893455982208252]], [[1.0365066528320312]], [[0.9203802347183228]], [[0.8024698495864868]], [[0.6841709613800049]], [[0.5846759676933289]], [[0.46438145637512207]], [[0.36364004015922546]], [[0.22193029522895813]], [[0.10025990754365921]], [[0.0010000000474974513]], [[0.0010000000474974513]], [[0.0010000000474974513]], [[0.0010000000474974513]], [[0.0010000000474974513]], [[0.0010000000474974513]], [[1.104699969291687]], [[1.2053149938583374]], [[1.334167242050171]], [[1.465131163597107]], [[1.490221619606018]], [[1.5697040557861328]], [[1.596410870552063]], [[1.6296054124832153]], [[1.6370398998260498]], [[1.6395395994186401]], [[1.6317418813705444]], [[1.6101645231246948]], [[1.5952048301696777]], [[1.5687839984893799]], [[1.5488505363464355]], [[1.5037356615066528]], [[1.4537698030471802]], [[1.3573060035705566]], [[1.3281984329223633]], [[1.2681002616882324]], [[1.1903657913208008]], [[1.0282975435256958]], [[0.9282100200653076]], [[0.7923787236213684]], [[0.723074734210968]], [[0.6189126372337341]], [[0.47879332304000854]], [[0.39002496004104614]], [[0.2824290692806244]], [[0.15674641728401184]], [[0.06670449674129486]], [[0.0010000000474974513]], [[0.0010000000474974513]], [[0.0010000000474974513]], [[0.0010000000474974513]], [[0.0010000000474974513]], [[0.0010000000474974513]], [[0.0010000000474974513]], [[0.0010000000474974513]], [[0.6033599972724915]], [[0.8124392628669739]], [[0.9165090918540955]], [[1.0313503742218018]], [[1.0780855417251587]], [[1.1186585426330566]], [[1.1820135116577148]], [[1.2154359817504883]], [[1.238158106803894]], [[1.2515432834625244]], [[1.2568320035934448]], [[1.2551116943359375]], [[1.250569462776184]], [[1.2344059944152832]], [[1.2171127796173096]], [[1.1799479722976685]], [[1.1042073965072632]], [[1.06070876121521]], [[1.014289379119873]], [[0.9529861211776733]], [[0.8623818159103394]], [[0.7949395179748535]], [[0.6828218698501587]], [[0.5962201356887817]], [[0.5526102781295776]], [[0.4489799737930298]], [[0.35869166254997253]], [[0.26730966567993164]], [[0.1743958592414856]], [[0.09654610604047775]], [[0.0010000000474974513]], [[0.0010000000474974513]], [[0.0010000000474974513]], [[0.0010000000474974513]], [[0.0010000000474974513]], [[0.0010000000474974513]], [[0.0010000000474974513]], [[0.0010000000474974513]], [[0.0010000000474974513]], [[0.0010000000474974513]], [[0.0010000000474974513]], [[0.0010000000474974513]], [[0.0010000000474974513]], [[0.0010000000474974513]], [[0.0010000000474974513]], [[0.35506001114845276]], [[0.5191660523414612]], [[0.6343065500259399]], [[0.796176552772522]], [[0.8939387202262878]], [[0.9499849677085876]], [[0.9892222881317139]], [[1.0027068853378296]], [[0.9955239295959473]], [[0.9814004302024841]], [[0.9496132731437683]], [[0.9002532362937927]], [[0.8312797546386719]], [[0.8028964996337891]], [[0.7529278993606567]], [[0.7001940011978149]], [[0.5993449687957764]], [[0.5290172100067139]], [[0.44427406787872314]], [[0.39448466897010803]], [[0.30634671449661255]], [[0.21619217097759247]], [[0.17713308334350586]], [[0.07163311541080475]], [[0.004424631595611572]], [[0.0010000000474974513]], [[0.0010000000474974513]], [[0.0010000000474974513]], [[0.0010000000474974513]], [[0.0010000000474974513]], [[0.0010000000474974513]], [[0.0010000000474974513]], [[0.0010000000474974513]], [[0.0010000000474974513]], [[0.0010000000474974513]], [[0.0010000000474974513]], [[0.0010000000474974513]], [[0.0010000000474974513]], [[0.0010000000474974513]], [[0.0010000000474974513]], [[0.0010000000474974513]], [[0.0010000000474974513]], [[0.0010000000474974513]], [[0.0010000000474974513]], [[0.0010000000474974513]], [[0.0010000000474974513]], [[0.2591817080974579]], [[0.7593357563018799]], [[1.142162561416626]], [[1.2604275941848755]], [[1.4195481538772583]], [[1.4956636428833008]], [[1.5108987092971802]], [[1.489895224571228]], [[1.4515910148620605]], [[0.1057400032877922]], [[0.1791345179080963]], [[0.33127275109291077]], [[0.3905412554740906]], [[0.46820467710494995]], [[0.5494490265846252]], [[0.5866226553916931]], [[0.6144818067550659]], [[0.6404651999473572]], [[0.6463890075683594]], [[0.6444427967071533]], [[0.6361564993858337]], [[0.615857720375061]], [[0.5916955471038818]], [[0.5622139573097229]], [[0.5159258246421814]], [[0.4838007986545563]], [[0.44929906725883484]], [[0.40541476011276245]], [[0.35132506489753723]], [[0.30266299843788147]], [[0.25249308347702026]], [[0.20042642951011658]], [[0.17407576739788055]], [[0.12005140632390976]], [[0.05589550733566284]], [[0.0010000000474974513]], [[0.0010000000474974513]], [[0.0010000000474974513]], [[0.0010000000474974513]], [[0.0010000000474974513]], [[0.0010000000474974513]], [[0.0010000000474974513]], [[0.0010000000474974513]], [[0.0010000000474974513]], [[0.0010000000474974513]], [[0.0010000000474974513]], [[0.0010000000474974513]], [[0.0010000000474974513]], [[0.0010000000474974513]], [[0.0010000000474974513]], [[0.0010000000474974513]], [[0.0010000000474974513]], [[0.0010000000474974513]], [[0.0010000000474974513]], [[0.0010000000474974513]], [[0.0010000000474974513]], [[0.0010000000474974513]], [[0.0010000000474974513]], [[0.0010000000474974513]], [[0.0010000000474974513]], [[0.0010000000474974513]], [[0.0010000000474974513]], [[0.05844400078058243]], [[0.10266463458538055]], [[0.12400737404823303]], [[0.17117464542388916]], [[0.2194303721189499]], [[0.24601002037525177]], [[0.27382224798202515]], [[0.289766788482666]], [[0.31793487071990967]], [[0.327086478471756]], [[0.3381651043891907]], [[0.34179091453552246]], [[0.34319254755973816]], [[0.3417204022407532]], [[0.3333142399787903]], [[0.3250792622566223]], [[0.31241559982299805]], [[0.28212007880210876]], [[0.26226887106895447]], [[0.24032250046730042]], [[0.21243029832839966]], [[0.19968239963054657]], [[0.17778579890727997]], [[0.13580885529518127]], [[0.10637395828962326]], [[0.07583809643983841]], [[0.04443123936653137]], [[0.012114692479372025]], [[0.0010000000474974513]], [[0.0010000000474974513]], [[0.0010000000474974513]], [[0.0010000000474974513]], [[0.0010000000474974513]], [[0.0010000000474974513]], [[0.0010000000474974513]], [[0.0010000000474974513]], 