{"vc": [[-0.13398084044456482, 0.0, 0.0], [0.0, -0.6076676249504089, 0.6087824702262878], [-0.042277369648218155, 0.09390086680650711, -0.09377068281173706], [-0.31866487860679626, 0.0, 0.0], [0.0, 0.0, 0.0], [0.0, 0.0, 0.0], [0.0, 0.227161705493927, -0.22683259844779968], [0.0, 0.0, 0.0], [0.0, 0.0, 0.0], [0.08067089319229126, 0.0, 0.0]], "true_y1": [[[0.4006600081920624]], [[3.7070553302764893]], [[4.277871131896973]], [[5.843520164489746]], [[7.083712577819824]], [[8.034631729125977]], [[8.275243759155273]], [[9.064005851745605]], [[9.435425758361816]], [[9.730918884277344]], [[9.844867706298828]], [[9.885039329528809]], [[9.902844429016113]], [[9.903084754943848]], [[9.847997665405273]], [[9.766227722167969]], [[9.66421890258789]], [[9.519131660461426]], [[9.394895553588867]], [[9.098967552185059]], [[8.827018737792969]], [[8.621119499206543]], [[8.30933666229248]], [[8.170104026794434]], [[7.926323413848877]], [[7.682336330413818]], [[7.577934265136719]], [[7.333569049835205]], [[7.124240875244141]], [[6.949389457702637]], [[6.66994047164917]], [[6.530367374420166]], [[6.285794258117676]], [[6.147324562072754]], [[5.903267860412598]], [[5.6938557624816895]], [[5.485055923461914]], [[5.311219692230225]], [[5.068049430847168]], [[4.791115760803223]], [[4.653194427490234]], [[1.0533000230789185]], [[2.3394858837127686]], [[3.1360793113708496]], [[4.219663619995117]], [[5.1338090896606445]], [[5.644505977630615]], [[6.288862228393555]], [[6.918249607086182]], [[7.24740743637085]], [[7.544745922088623]], [[7.595692157745361]], [[7.680081367492676]], [[7.799440860748291]], [[7.804497718811035]], [[7.79543399810791]], [[7.776409149169922]], [[7.734109878540039]], [[7.6578755378723145]], [[7.515645503997803]], [[7.146417617797852]], [[7.024931907653809]], [[6.774519920349121]], [[6.58420467376709]], [[6.3914594650268555]], [[6.198803901672363]], [[6.037411212921143]], [[5.843095779418945]], [[5.681053638458252]], [[5.454134464263916]], [[5.260169506072998]], [[4.098848342895508]], [[3.9387259483337402]], [[3.7155306339263916]], [[3.5248754024505615]], [[3.3672397136688232]], [[3.14705753326416]], [[1.104699969291687]], [[1.703755259513855]], [[2.5590438842773438]], [[3.573866844177246]], [[3.793325424194336]], [[4.583488941192627]], [[4.907402038574219]], [[5.441775321960449]], [[5.648311614990234]], [[5.823978900909424]], [[6.088601589202881]], [[6.257903575897217]], [[6.313861846923828]], [[6.368091106414795]], [[6.387929916381836]], [[6.396269798278809]], [[6.371576309204102]], [[6.27385139465332]], [[6.236895561218262]], [[6.1540093421936035]], [[6.037879943847656]], [[5.7786641120910645]], [[5.613007545471191]], [[5.38554573059082]], [[5.269031047821045]], [[5.093868255615234]], [[4.8587517738342285]], [[4.71034049987793]], [[4.531159400939941]], [[4.32294225692749]], [[4.174513816833496]], [[3.965653419494629]], [[3.847743511199951]], [[3.6400275230407715]], [[3.5510473251342773]], [[3.255676031112671]], [[3.020660400390625]], [[2.7580666542053223]], [[2.613231897354126]], [[0.6033599972724915]], [[1.8630688190460205]], [[2.548759698867798]], [[3.3619942665100098]], [[3.714848279953003]], [[4.03528356552124]], [[4.575984001159668]], [[4.89902925491333]], [[5.157622337341309]], [[5.359828948974609]], [[5.513742923736572]], [[5.626449108123779]], [[5.6819634437561035]], [[5.754244804382324]], [[5.779972553253174]], [[5.781561851501465]], [[5.707738399505615]], [[5.646887302398682]], [[5.574947357177734]], [[5.473453044891357]], [[5.316210746765137]], [[5.19635009765625]], [[4.994968891143799]], [[4.8389482498168945]], [[4.760456085205078]], [[4.57446813583374]], [[4.41326904296875]], [[4.2510809898376465]], [[4.087263584136963]], [[3.950895071029663]], [[3.7595314979553223]], [[3.568128824234009]], [[3.4316771030426025]], [[3.239078998565674]], [[3.1032581329345703]], [[2.9939167499542236]], [[2.8028388023376465]], [[2.6129820346832275]], [[2.4509830474853516]], [[2.289771795272827]], [[2.1562929153442383]], [[2.023693084716797]], [[1.813853144645691]], [[1.6582213640213013]], [[1.5051265954971313]], [[0.35506001114845276]], [[1.3305517435073853]], [[2.054490566253662]], [[3.1314704418182373]], [[3.8283073902130127]], [[4.262845516204834]], [[4.621072769165039]], [[4.811811923980713]], [[4.966835021972656]], [[4.992299556732178]], [[4.984392166137695]], [[4.924233913421631]], [[4.810122489929199]], [[4.758866310119629]], [[4.6656060218811035]], [[4.564756870269775]], [[4.368946075439453]], [[4.231779098510742]], [[4.066836357116699]], [[3.9703078269958496]], [[3.800349235534668]], [[3.627887487411499]], [[3.5536372661590576]], [[3.3545687198638916]], [[3.2289183139801025]], [[3.077965259552002]], [[2.9265084266662598]], [[2.7755892276763916]], [[2.6235477924346924]], [[2.472843885421753]], [[2.372363567352295]], [[2.1707749366760254]], [[2.045478105545044]], [[1.8713419437408447]], [[1.7961424589157104]], [[1.5744866132736206]], [[1.451978325843811]], [[1.3316906690597534]], [[1.2352895736694336]], [[0.9768294095993042]], [[0.8856836557388306]], [[0.7731660604476929]], [[0.6205705404281616]], [[0.49491745233535767]], [[0.39430367946624756]], [[0.29920923709869385]], [[0.15756571292877197]], [[0.048211485147476196]], [[-0.04536283761262894]], [[-0.07975073158740997]], [[-0.13665243983268738]], [[-0.17632104456424713]], [[-0.1973089724779129]], [[-0.19363757967948914]], [[-0.17282626032829285]], [[0.1057400032877922]], [[0.548639714717865]], [[1.484924077987671]], [[1.8532133102416992]], [[2.3365869522094727]], [[2.843784809112549]], [[3.079421043395996]], [[3.2624282836914062]], [[3.4560887813568115]], [[3.5259039402008057]], [[3.5683367252349854]], [[3.5754880905151367]], [[3.551267385482788]], [[3.5057787895202637]], [[3.442565679550171]], [[3.336965560913086]], [[3.261847496032715]], [[3.1805484294891357]], [[3.0768842697143555]], [[2.9493343830108643]], [[2.8351049423217773]], [[2.7180023193359375]], [[2.5972559452056885]], [[2.5364608764648438]], [[2.4124860763549805]], [[2.266430616378784]], [[2.1392359733581543]], [[1.989610195159912]], [[1.8819937705993652]], [[1.73065185546875]], [[1.664965033531189]], [[1.5126674175262451]], [[1.3597090244293213]], [[1.2501490116119385]], [[1.0744959115982056]], [[0.987505316734314]], [[0.8567381501197815]], [[0.7265883088111877]], [[0.5757647752761841]], [[0.44795235991477966]], [[0.36344262957572937]], [[0.1569368541240692]], [[0.056197501718997955]], [[-0.13671913743019104]], [[-0.1553020030260086]], [[-0.2810826897621155]], [[-0.4599023461341858]], [[-0.503451943397522]], [[-0.6056942343711853]], [[-0.6668252944946289]], [[-0.7056259512901306]], [[-0.7312546372413635]], [[-0.7406531572341919]], [[0.05844400078058243]], [[0.3631989061832428]], [[0.5122286081314087]], [[0.8452179431915283]], [[1.1901113986968994]], [[1.3818066120147705]], [[1.5842616558074951]], [[1.7018285989761353]], [[1.9160703420639038]], [[1.9901140928268433]], [[2.089975357055664]], [[2.1314375400543213]], [[2.1880509853363037]], [[2.1966681480407715]], [[2.1984643936157227]], [[2.1855742931365967]], [[2.1579177379608154]], [[2.078089475631714]], [[2.021578073501587]], [[1.9573915004730225]], [[1.8744101524353027]], [[1.8361707925796509]], [[1.7702031135559082]], [[1.643133521080017]], [[1.5537656545639038]], [[1.4609169960021973]], [[1.3653013706207275]], [[1.2667877674102783]], [[1.1661169528961182]], [[1.0460606813430786]], [[0.9938725233078003]], [[0.8522350788116455]], [[0.726499080657959]], [[0.6353094577789307]], [[0.5247530341148376]], [[0.4315924048423767]], [[0.3192424178123474]], [[0.18661797046661377]], [[0.07207274436950684]], [[-0.04252007603645325]], [[-0.1387808918952942]], [[-0.27355000376701355]], [[-0.4851773679256439]], [[-0.5998965501785278]], [[-0.7130431532859802]], [[-0.8611965179443359]], [[-0.9159404039382935]], [[-1.0220532417297363]], [[-1.1240051984786987]], [[-1.2500609159469604]], [[-1.293799877166748]], [[-1.3858972787857056]]]}