{"vc": [[-0.28423750400543213, -0.1449568122625351, 0.14508923888206482], [-0.34483176469802856, -2.4402873516082764, 2.4402732849121094], [-0.09042629599571228, -0.007407129276543856, 0.007550070062279701], [-0.15784305334091187, -0.2599914073944092, 0.2600502073764801], [-0.13318553566932678, -0.04294237866997719, 0.04291025549173355], [-0.12290191650390625, 0.08335469663143158, -0.08332463353872299], [-0.23082755506038666, 0.40189874172210693, -0.40193143486976624], [-0.0010486477985978127, -0.0019769950304180384, 0.002143481746315956], [0.1290888786315918, 0.06926135718822479, -0.06917593628168106], [-0.011674250476062298, 0.05546475201845169, -0.05542449653148651]], "true_y1": [[[0.4006600081920624]], [[-0.018252432346343994]], [[0.0031760968267917633]], [[0.18145115673542023]], [[0.4587661027908325]], [[0.7806001901626587]], [[0.8826658725738525]], [[1.304603934288025]], [[1.574008584022522]], [[1.8507213592529297]], [[1.9887194633483887]], [[2.049661159515381]], [[2.086972713470459]], [[2.1033248901367188]], [[2.0678441524505615]], [[1.9825078248977661]], [[1.866094946861267]], [[1.6979575157165527]], [[1.558235764503479]], [[1.2540006637573242]], [[1.0193328857421875]], [[0.8688125610351562]], [[0.6796941161155701]], [[0.6085713505744934]], [[0.5006073713302612]], [[0.4106118381023407]], [[0.37682783603668213]], [[0.30720245838165283]], [[0.25666916370391846]], [[0.21991823613643646]], [[0.16987892985343933]], [[0.14833255112171173]], [[0.1152610331773758]], [[0.09886334836483002]], [[0.07347879558801651]], [[0.05480720102787018]], [[0.03863725811243057]], [[0.0268000066280365]], [[0.01238977164030075]], [[-0.0014090342447161674]], [[-0.007385776843875647]], [[1.0533000230789185]], [[0.7179417610168457]], [[0.6536774635314941]], [[0.6971427202224731]], [[0.8359073400497437]], [[0.9533929228782654]], [[1.1460175514221191]], [[1.3898262977600098]], [[1.5439133644104004]], [[1.701275110244751]], [[1.7298589944839478]], [[1.7776037454605103]], [[1.8353614807128906]], [[1.834425687789917]], [[1.806454062461853]], [[1.7803963422775269]], [[1.7297316789627075]], [[1.646225929260254]], [[1.5027186870574951]], [[1.177915334701538]], [[1.0887861251831055]], [[0.9240067005157471]], [[0.8149237036705017]], [[0.7170579433441162]], [[0.6305043697357178]], [[0.5656744837760925]], [[0.49579140543937683]], [[0.44355854392051697]], [[0.378449022769928]], [[0.3292761743068695]], [[0.11793121695518494]], [[0.10020186752080917]], [[0.07673698663711548]], [[0.05808432400226593]], [[0.04367576539516449]], [[0.025055527687072754]], [[1.104699969291687]], [[0.8729609251022339]], [[0.7073596119880676]], [[0.6945964097976685]], [[0.7133842706680298]], [[0.8395854234695435]], [[0.9179747700691223]], [[1.084446668624878]], [[1.1627647876739502]], [[1.23652184009552]], [[1.3621749877929688]], [[1.4539300203323364]], [[1.4867641925811768]], [[1.5200647115707397]], [[1.5326505899429321]], [[1.5375430583953857]], [[1.5196285247802734]], [[1.4491374492645264]], [[1.4228779077529907]], [[1.3648658990859985]], [[1.2861865758895874]], [[1.1231086254119873]], [[1.0293267965316772]], [[0.9126622080802917]], [[0.8580982089042664]], [[0.7821218371391296]], [[0.6905466318130493]], [[0.6382660865783691]], [[0.5801885724067688]], [[0.5188763737678528]], [[0.4787776470184326]], [[0.4268386960029602]], [[0.3996066451072693]], [[0.3548954129219055]], [[0.33690813183784485]], [[0.2816140651702881]], [[0.24189156293869019]], [[0.20130084455013275]], [[0.18041329085826874]], [[0.6033599972724915]], [[0.2244167923927307]], [[0.1655125766992569]], [[0.19578692317008972]], [[0.24036958813667297]], [[0.29797860980033875]], [[0.43692857027053833]], [[0.5507863163948059]], [[0.6646569967269897]], [[0.7735865712165833]], [[0.8742024898529053]], [[0.9639958739280701]], [[1.017067313194275]], [[1.1065776348114014]], [[1.1584625244140625]], [[1.2185169458389282]], [[1.2543779611587524]], [[1.250647783279419]], [[1.2360049486160278]], [[1.2061100006103516]], [[1.1497938632965088]], [[1.1035330295562744]], [[1.0246129035949707]], [[0.9648958444595337]], [[0.9356981515884399]], [[0.8692444562911987]], [[0.8150509595870972]], [[0.7637776732444763]], [[0.7152215242385864]], [[0.6771649718284607]], [[0.6271398067474365]], [[0.5807384252548218]], [[0.549682080745697]], [[0.5084396600723267]], [[0.4810226261615753]], [[0.45986664295196533]], [[0.42468711733818054]], [[0.39176902174949646]], [[0.3651072382926941]], [[0.33973565697669983]], [[0.31951501965522766]], [[0.3000611662864685]], [[0.2704082727432251]], [[0.24918530881404877]], [[0.22883467376232147]], [[0.35506001114845276]], [[-0.0018894076347351074]], [[-0.10689881443977356]], [[-0.0831448882818222]], [[0.044121623039245605]], [[0.18486012518405914]], [[0.36281269788742065]], [[0.5046976804733276]], [[0.701358437538147]], [[0.7805243730545044]], [[0.8752503395080566]], [[0.9490114450454712]], [[0.99244225025177]], [[0.9994187355041504]], [[1.0020155906677246]], [[0.9953808188438416]], [[0.966593861579895]], [[0.9396405220031738]], [[0.9035815596580505]], [[0.8815791606903076]], [[0.8423565626144409]], [[0.8029138445854187]], [[0.786234974861145]], [[0.7427483201026917]], [[0.7163721919059753]], [[0.6858548521995544]], [[0.6565389633178711]], [[0.6286047101020813]], [[0.6017041802406311]], [[0.5762057304382324]], [[0.5598137378692627]], [[0.5282886624336243]], [[0.509543776512146]], [[0.48446744680404663]], [[0.4739615321159363]], [[0.44400137662887573]], [[0.4280180335044861]], [[0.41266536712646484]], [[0.400574266910553]], [[0.3688797950744629]], [[0.3578792214393616]], [[0.3443567752838135]], [[0.3260006010532379]], [[0.3107245862483978]], [[0.29825952649116516]], [[0.2861563563346863]], [[0.2671419382095337]], [[0.25101956725120544]], [[0.23523271083831787]], [[0.22857710719108582]], [[0.2154938131570816]], [[0.20257705450057983]], [[0.1877601444721222]], [[0.17731469869613647]], [[0.16694599390029907]], [[0.1057400032877922]], [[-0.15018987655639648]], [[-0.4192996323108673]], [[-0.45675820112228394]], [[-0.45698100328445435]], [[-0.3908001184463501]], [[-0.32706156373023987]], [[-0.2524116039276123]], [[-0.1225578635931015]], [[-0.03997132182121277]], [[0.056784845888614655]], [[0.13364514708518982]], [[0.2323746383190155]], [[0.307051420211792]], [[0.37220942974090576]], [[0.444164901971817]], [[0.4805397689342499]], [[0.5110936760902405]], [[0.5404411554336548]], [[0.5657800436019897]], [[0.5810359120368958]], [[0.5911933183670044]], [[0.597196102142334]], [[0.5988381505012512]], [[0.5998795032501221]], [[0.5979588031768799]], [[0.5942045450210571]], [[0.5879709720611572]], [[0.5825861692428589]], [[0.5740950703620911]], [[0.5701590180397034]], [[0.5606186985969543]], [[0.5506424903869629]], [[0.5433540940284729]], [[0.531550407409668]], [[0.5256892442703247]], [[0.5168925523757935]], [[0.5081778764724731]], [[0.4981480538845062]], [[0.48970961570739746]], [[0.48415690660476685]], [[0.47063568234443665]], [[0.4640321731567383]], [[0.451236367225647]], [[0.4499845802783966]], [[0.4413521885871887]], [[0.42821797728538513]], [[0.4247361123561859]], [[0.4156631529331207]], [[0.4090370833873749]], [[0.4036049246788025]], [[0.3982953429222107]], [[0.39000001549720764]], [[0.05844400078058243]], [[-0.22433635592460632]], [[-0.32474687695503235]], [[-0.4846593141555786]], [[-0.5789151191711426]], [[-0.6056608557701111]], [[-0.6148425340652466]], [[-0.6104377508163452]], [[-0.5785998702049255]], [[-0.5572222471237183]], [[-0.5125965476036072]], [[-0.48404306173324585]], [[-0.4145709276199341]], [[-0.3907431364059448]], [[-0.3253335654735565]], [[-0.2847912013530731]], [[-0.23690219223499298]], [[-0.15298208594322205]], [[-0.11030207574367523]], [[-0.07007856667041779]], [[-0.02663550153374672]], [[-0.009047398343682289]], [[0.018427683040499687]], [[0.0631517767906189]], [[0.08947908133268356]], [[0.11322639882564545]], [[0.13444603979587555]], [[0.15339036285877228]], [[0.1701328456401825]], [[0.18715466558933258]], [[0.19368073344230652]], 