{"vc": [[0.02494034543633461, 0.0, 0.0], [0.0, 0.0, 0.0], [0.048489805310964584, -0.05292130261659622, 0.052919842302799225], [0.2584509253501892, 0.0, 0.0], [0.0, 0.0, 0.0], [0.0, 0.0, 0.0], [0.0, 0.001012115622870624, 0.0], [0.0, 0.0, 0.0], [0.0, 0.0, 0.0], [0.9571301341056824, 0.0, 0.0]], "true_y1": [[[0.4006600081920624]], [[53.00056076049805]], [[63.129722595214844]], [[94.32856750488281]], [[125.16876983642578]], [[156.24107360839844]], [[165.9120330810547]], [[207.8565673828125]], [[239.098388671875]], [[281.0890808105469]], [[312.4701843261719]], [[333.5765380859375]], [[354.6002502441406]], [[375.7183837890625]], [[429.0843505859375]], [[471.93048095703125]], [[514.9856567382812]], [[569.1656494140625]], [[612.6346435546875]], [[712.0216064453125]], [[801.9725952148438]], [[870.4229125976562]], [[975.7048950195312]], [[1023.6058959960938]], [[1109.1373291015625]], [[1197.250732421875]], [[1235.8380126953125]], [[1328.5191650390625]], [[1410.8795166015625]], [[1482.0653076171875]], [[1601.005859375]], [[1663.0946044921875]], [[1776.8118896484375]], [[1844.277587890625]], [[1969.341552734375]], [[2083.711669921875]], [[2205.18115234375]], [[2312.715087890625]], [[2474.294921875]], [[2676.764404296875]], [[2786.08984375]], [[1.0533000230789185]], [[22.45211410522461]], [[36.6968994140625]], [[58.247779846191406]], [[79.7152328491211]], [[93.8960189819336]], [[115.59013366699219]], [[144.46453857421875]], [[166.04522705078125]], [[195.3604278564453]], [[202.45059204101562]], [[217.16757202148438]], [[261.2529602050781]], [[268.4392395019531]], [[297.9273681640625]], [[312.7091979980469]], [[334.9731140136719]], [[364.8962097167969]], [[409.887939453125]], [[508.83154296875]], [[539.5552978515625]], [[602.1798706054688]], [[649.7474975585938]], [[698.27685546875]], [[747.3783569335938]], [[789.111083984375]], [[840.234619140625]], [[883.716552734375]], [[946.1072998046875]], [[1001.0203247070312]], [[1372.9144287109375]], [[1432.0745849609375]], [[1518.87109375]], [[1597.5421142578125]], [[1666.168701171875]], [[1768.2200927734375]], [[1.104699969291687]], [[11.59918212890625]], [[27.522563934326172]], [[48.924468994140625]], [[54.11090087890625]], [[75.48115539550781]], [[86.04739379882812]], [[107.61936950683594]], [[118.2441635131836]], [[129.01028442382812]], [[150.638671875]], [[172.3795928955078]], [[183.3108367919922]], [[199.60043334960938]], [[210.45433044433594]], [[232.48797607421875]], [[254.4794158935547]], [[293.18609619140625]], [[304.2716369628906]], [[326.598388671875]], [[354.67230224609375]], [[411.5167541503906]], [[446.0329284667969]], [[492.6251525878906]], [[516.3920288085938]], [[552.2107543945312]], [[600.742919921875]], [[631.7874755859375]], [[669.8167724609375]], [[714.9131469726562]], [[747.7516479492188]], [[795.08447265625]], [[822.454833984375]], [[871.9580688476562]], [[893.7144165039062]], [[968.6347045898438]], [[1031.6533203125]], [[1106.3485107421875]], [[1149.798583984375]], [[0.6033599972724915]], [[23.77678108215332]], [[37.60066223144531]], [[56.14141845703125]], [[65.32730102539062]], [[74.56526184082031]], [[93.08412170410156]], [[107.01795196533203]], [[120.94579315185547]], [[134.88043212890625]], [[148.8498077392578]], [[162.83876037597656]], [[172.16526794433594]], [[190.93231201171875]], [[204.95675659179688]], [[228.5373992919922]], [[266.4632568359375]], [[285.5238037109375]], [[304.675537109375]], [[328.7179870605469]], [[362.58331298828125]], [[386.96234130859375]], [[426.54595947265625]], [[456.63427734375]], [[471.6927490234375]], [[507.35247802734375]], [[538.3941650390625]], [[569.8934936523438]], [[602.0938110351562]], [[629.2664794921875]], [[668.0728759765625]], [[707.8131713867188]], [[736.7955932617188]], [[778.756103515625]], [[809.1760864257812]], [[834.2182006835938]], [[879.2926635742188]], [[925.9381713867188]], [[967.40966796875]], [[1010.4139404296875]], [[1047.4931640625]], [[1085.8095703125]], [[1149.9010009765625]], [[1200.615478515625]], [[1253.62890625]], [[0.35506001114845276]], [[19.09567642211914]], [[34.11442565917969]], [[60.42689514160156]], [[82.87838745117188]], [[101.86654663085938]], [[124.49844360351562]], [[143.35166931152344]], [[173.73976135253906]], [[188.88348388671875]], [[211.8895263671875]], [[238.73094177246094]], [[269.710693359375]], [[281.3297119140625]], [[300.80218505859375]], [[320.38458251953125]], [[356.06878662109375]], [[380.076171875]], [[408.4188232421875]], [[424.87139892578125]], [[453.77337646484375]], [[483.18267822265625]], [[495.9095764160156]], [[530.3297729492188]], [[552.3421630859375]], [[579.15234375]], [[606.5210571289062]], [[634.3333740234375]], [[662.9757080078125]], [[692.0650634765625]], [[711.8903198242188]], [[752.8338623046875]], [[779.1619873046875]], [[817.0324096679688]], [[833.896240234375]], [[885.6505737304688]], [[915.7431030273438]], [[946.4832153320312]], [[972.0761108398438]], [[1045.714599609375]], [[1073.7745361328125]], [[1110.26123046875]], [[1163.670654296875]], [[1211.920166015625]], [[1254.144775390625]], [[1297.8455810546875]], [[1372.4923095703125]], [[1442.25439453125]], [[1517.1259765625]], [[1550.8446044921875]], [[1621.222412109375]], [[1696.531494140625]], [[1790.909423828125]], [[1863.160400390625]], [[1940.0615234375]], [[0.1057400032877922]], [[9.848138809204102]], [[31.823238372802734]], [[41.5632209777832]], [[56.193275451660156]], [[75.80529022216797]], [[87.95280456542969]], [[100.23486328125]], [[119.87657165527344]], [[132.15090942382812]], [[146.91546630859375]], [[159.29690551757812]], [[176.67318725585938]], [[191.5658721923828]], [[206.53701782226562]], [[226.6590118408203]], [[239.2462921142578]], [[251.96865844726562]], [[267.3134460449219]], [[285.3270263671875]], [[300.93853759765625]], [[316.61474609375]], [[332.556884765625]], [[340.5287780761719]], [[356.72119140625]], [[375.7611999511719]], [[392.3753356933594]], [[412.0277404785156]], [[426.2720947265625]], [[446.5113220214844]], [[455.3857421875]], [[476.20977783203125]], [[497.5301208496094]], [[513.0927734375]], [[538.6358032226562]], [[551.592529296875]], [[571.5073852539062]], [[591.9192504882812]], [[616.432861328125]], [[638.055419921875]], [[652.8509521484375]], [[691.0447998046875]], [[710.9705810546875]], [[752.3595581054688]], [[756.6265869140625]], [[787.2293090820312]], [[838.21142578125]], [[852.7424926757812]], [[892.87841796875]], [[924.4830322265625]], [[952.0060424804688]], [[980.4500732421875]], [[1028.27880859375]], [[0.05844400078058243]], [[8.950937271118164]], [[13.394227981567383]], [[23.7667179107666]], [[35.63389587402344]], [[43.069461822509766]], [[51.993106842041016]], [[57.9371337890625]], [[71.30753326416016]], [[77.27536010742188]], [[87.70956420898438]], [[93.67747497558594]], [[107.15361022949219]], [[111.60005187988281]], [[123.67106628417969]], [[131.19053649902344]], [[140.24740600585938]], [[156.97927856445312]], [[166.14169311523438]], [[175.3582000732422]], [[186.15310668945312]], [[190.83670043945312]], [[198.6022186279297]], [[212.74517822265625]], [[222.2395477294922]], [[231.82521057128906]], [[241.47433471679688]], [[251.23939514160156]], [[261.0812683105469]], [[272.6900634765625]], [[277.705322265625]], [[291.2576904296875]], [[303.25408935546875]], [[311.9560546875]], [[322.528076171875]], [[331.4697265625]], [[342.3116455078125]], [[355.21978759765625]], [[366.49029541015625]], [[377.9051818847656]], [[387.62261962890625]], [[401.4636535644531]], [[423.9017028808594]], [[436.52728271484375]], [[449.39208984375]], [[467.0357666015625]], [[473.84515380859375]], [[487.62396240234375]], [[501.8039245605469]], [[521.2611083984375]], [[528.7586669921875]], [[546.67822265625]]]}