{"vc": [[-0.004039899446070194, 0.0, 0.0], [0.0, 0.0, 0.0], [0.03538377955555916, -0.04638708755373955, 0.0463155172765255], [0.19357602298259735, 0.0, 0.0], [0.0, 0.0, 0.0], [0.0, 0.0, 0.0], [0.0, 0.0010209849569946527, 0.0], [0.0, 0.0, 0.0], [0.0, 0.0, 0.0], [0.8907339572906494, 0.0, 0.0]], "true_y1": [[[0.4006600081920624]], [[49.21575927734375]], [[58.61561965942383]], [[87.56705474853516]], [[116.18379211425781]], [[145.01356506347656]], [[153.98599243164062]], [[192.89715576171875]], [[221.87490844726562]], [[260.8146057128906]], [[289.9083557128906]], [[309.47216796875]], [[328.9556579589844]], [[348.5225524902344]], [[397.94744873046875]], [[437.6037292480469]], [[477.4261779785156]], [[527.4925537109375]], [[567.6187744140625]], [[659.1926879882812]], [[741.8265380859375]], [[804.52197265625]], [[900.5853881835938]], [[944.1278076171875]], [[1021.5938720703125]], [[1100.988037109375]], [[1135.616943359375]], [[1218.42236328125]], [[1291.55029296875]], [[1354.3951416015625]], [[1458.625244140625]], [[1512.6409912109375]], [[1610.858642578125]], [[1668.6888427734375]], [[1775.0211181640625]], [[1871.275390625]], [[1972.48388671875]], [[2061.21728515625]], [[2193.05615234375]], [[2355.809814453125]], [[2442.59814453125]], [[1.0533000230789185]], [[20.89901351928711]], [[34.10839080810547]], [[54.090423583984375]], [[73.99212646484375]], [[87.13691711425781]], [[107.24334716796875]], [[133.9989013671875]], [[153.99130249023438]], [[181.14183044433594]], [[187.7071075439453]], [[201.332763671875]], [[242.13296508789062]], [[248.7812042236328]], [[276.0533142089844]], [[289.7189025878906]], [[310.2941589355469]], [[337.9323425292969]], [[379.4511413574219]], [[470.56414794921875]], [[498.7917785644531]], [[556.2158203125]], [[599.72021484375]], [[643.9913940429688]], [[688.6573486328125]], [[726.51123046875]], [[772.7365112304688]], [[811.917236328125]], [[867.905517578125]], [[916.9458618164062]], [[1242.5382080078125]], [[1293.21484375]], [[1366.9942626953125]], [[1433.2813720703125]], [[1490.6533203125]], [[1575.1986083984375]], [[1.104699969291687]], [[10.831890106201172]], [[25.5889835357666]], [[45.419349670410156]], [[50.224239349365234]], [[70.01939392089844]], [[79.80500793457031]], [[99.77928161621094]], [[109.61509704589844]], [[119.58026885986328]], [[139.5948486328125]], [[159.70663452148438]], [[169.81591796875]], [[184.8768310546875]], [[194.90936279296875]], [[215.26853942871094]], [[235.57843017578125]], [[271.29730224609375]], [[281.5198059082031]], [[302.09747314453125]], [[327.9495849609375]], [[380.2078552246094]], [[411.8738708496094]], [[454.5284118652344]], [[476.24261474609375]], [[508.90618896484375]], [[553.0349731445312]], [[581.1788940429688]], [[615.5588989257812]], [[656.181884765625]], [[685.657470703125]], [[727.9780883789062]], [[752.3576049804688]], [[796.2722778320312]], [[815.4974365234375]], [[881.3390502929688]], [[936.273681640625]], [[1000.8430786132812]], [[1038.1275634765625]], [[0.6033599972724915]], [[22.076303482055664]], [[34.884029388427734]], [[52.05973815917969]], [[60.56835174560547]], [[69.12451171875]], [[86.27437591552734]], [[99.17603302001953]], [[112.07013702392578]], [[124.96833038330078]], [[137.89625549316406]], [[150.8396453857422]], [[159.4674530029297]], [[176.8242950439453]], [[189.79083251953125]], [[211.58389282226562]], [[246.60781860351562]], [[264.1954345703125]], [[281.8560485839844]], [[304.0091247558594]], [[335.17608642578125]], [[357.5824890136719]], [[393.9023132324219]], [[421.4534912109375]], [[435.2221984863281]], [[467.7701721191406]], [[496.0321960449219]], [[524.6377563476562]], [[553.7984008789062]], [[578.337890625]], [[613.2691650390625]], [[648.8936157226562]], [[674.7755126953125]], [[712.0930786132812]], [[739.0291748046875]], [[761.1268920898438]], [[800.7235717773438]], [[841.453857421875]], [[877.4515380859375]], [[914.563232421875]], [[946.3834228515625]], [[979.0910034179688]], [[1033.4041748046875]], [[1076.0306396484375]], [[1120.260498046875]], [[0.35506001114845276]], [[17.71307945251465]], [[31.62239646911621]], [[55.98779296875]], [[76.77392578125]], [[94.35014343261719]], [[115.2940902709961]], [[132.7361297607422]], [[160.83767700195312]], [[174.83535766601562]], [[196.0903778076172]], [[220.87109375]], [[249.44406127929688]], [[260.1513977050781]], [[278.0835876464844]], [[296.0998840332031]], [[328.8805236816406]], [[350.89385986328125]], [[376.83502197265625]], [[391.86798095703125]], [[418.2267761230469]], [[444.9786376953125]], [[456.5322570800781]], [[487.7042236328125]], [[507.5787658691406]], [[531.7175903320312]], [[556.2791748046875]], [[581.1521606445312]], [[606.6724243164062]], [[632.4888305664062]], [[650.0228881835938]], [[686.07470703125]], [[709.1410522460938]], [[742.15673828125]], [[756.7960815429688]], [[801.4796142578125]], [[827.2904052734375]], [[853.5265502929688]], [[875.2692260742188]], [[937.3221435546875]], [[960.7703247070312]], [[991.09912109375]], [[1035.16943359375]], [[1074.65478515625]], [[1108.9591064453125]], [[1144.220703125]], [[1203.8953857421875]], [[1259.0478515625]], [[1317.5985107421875]], [[1343.7562255859375]], [[1397.9432373046875]], [[1455.3310546875]], [[1526.4129638671875]], [[1580.224609375]], [[1636.9447021484375]], [[0.1057400032877922]], [[9.119417190551758]], [[29.44959259033203]], [[38.4598388671875]], [[51.992767333984375]], [[70.13151550292969]], [[81.36457824707031]], [[92.72014617919922]], [[110.87518310546875]], [[122.21663665771484]], [[135.85427856445312]], [[147.28602600097656]], [[163.321044921875]], [[177.0550994873047]], [[190.85177612304688]], [[209.3775634765625]], [[220.9547119140625]], [[232.64601135253906]], [[246.73243713378906]], [[263.2462158203125]], [[277.5362854003906]], [[291.8636169433594]], [[306.4096984863281]], [[313.6737365722656]], [[328.4072265625]], [[345.6934814453125]], [[360.741455078125]], [[378.4954833984375]], [[391.33135986328125]], [[409.52008056640625]], [[417.4765319824219]], [[436.09979248046875]], [[455.09674072265625]], [[468.9171447753906]], [[491.5133972167969]], [[502.9329833984375]], [[520.4284057617188]], [[538.2879028320312]], [[559.6375732421875]], [[578.3788452148438]], [[591.1534423828125]], [[623.94384765625]], [[640.9434814453125]], [[676.0191650390625]], [[679.6173095703125]], [[705.324462890625]], [[747.7704467773438]], [[759.7823486328125]], [[792.7642822265625]], [[818.535888671875]], [[840.8381958007812]], [[863.7510375976562]], [[901.9740600585938]], [[0.05844400078058243]], [[8.271416664123535]], [[12.375056266784668]], [[21.954301834106445]], [[32.91313934326172]], [[39.778995513916016]], [[48.01815414428711]], [[53.50568771362305]], [[65.84717559814453]], [[71.35462951660156]], [[80.98184967041016]], [[86.48684692382812]], [[98.91334533691406]], [[103.011962890625]], [[114.13433837890625]], [[121.05924987792969]], [[129.39581298828125]], [[144.783203125]], [[153.2007598876953]], [[161.66107177734375]], [[171.5605926513672]], [[175.85220336914062]], [[182.9628448486328]], [[195.89599609375]], [[204.56483459472656]], [[213.3052978515625]], [[222.09095764160156]], [[230.96849060058594]], [[239.90113830566406]], [[250.41746520996094]], [[254.95376586914062]], [[267.18988037109375]], [[277.99322509765625]], [[285.8126525878906]], [[295.2923889160156]], [[303.29248046875]], [[312.9703369140625]], [[324.45965576171875]], [[334.46124267578125]], [[344.5616760253906]], [[353.13641357421875]], [[365.3115234375]], [[384.951171875]], [[395.947998046875]], [[407.11248779296875]], [[422.3568420410156]], [[428.21923828125]], [[440.0458679199219]], [[452.16644287109375]], [[468.71453857421875]], [[475.06536865234375]], [[490.186279296875]]]}