{"vc": [[-0.2605842351913452, -0.14788459241390228, 0.14787809550762177], [-0.3291667699813843, -2.4367663860321045, 2.4369168281555176], [-0.08394375443458557, -0.007904307916760445, 0.007914219051599503], [-0.14474380016326904, -0.25179266929626465, 0.2518138885498047], [-0.12769079208374023, -0.032472629100084305, 0.03253631293773651], [-0.11646084487438202, 0.07898188382387161, -0.07885468751192093], [-0.23111553490161896, 0.41200968623161316, -0.4118557870388031], [-0.00015938968863338232, -0.0014456971548497677, 0.0014486066065728664], [0.12091118097305298, 0.06897330284118652, -0.06888040900230408], [-0.011310181580483913, 0.055118173360824585, -0.05501522496342659]], "true_y1": [[[0.4006600081920624]], [[-0.008320540189743042]], [[0.01042519323527813]], [[0.1756734549999237]], [[0.43653881549835205]], [[0.7415980100631714]], [[0.8388137817382812]], [[1.2436188459396362]], [[1.5055286884307861]], [[1.779813289642334]], [[1.921053171157837]], [[1.9860968589782715]], [[2.028658628463745]], [[2.0511350631713867]], [[2.0330851078033447]], [[1.961860179901123]], [[1.858527421951294]], [[1.7044841051101685]], [[1.5739680528640747]], [[1.284475326538086]], [[1.056862711906433]], [[0.908867359161377]], [[0.7203004956245422]], [[0.6484305262565613]], [[0.5380535125732422]], [[0.4445316195487976]], [[0.40897032618522644]], [[0.33469414710998535]], [[0.2797465920448303]], [[0.23908406496047974]], [[0.182499960064888]], [[0.15759451687335968]], [[0.11856043338775635]], [[0.09876903146505356]], [[0.0674169734120369]], [[0.04367503523826599]], [[0.022526120766997337]], [[0.0066189244389534]], [[-0.013348249718546867]], [[-0.033255934715270996]], [[-0.042180489748716354]], [[1.0533000230789185]], [[0.7198718786239624]], [[0.6518787145614624]], [[0.6857911944389343]], [[0.8132189512252808]], [[0.9233112931251526]], [[1.1059093475341797]], [[1.340224266052246]], [[1.4906060695648193]], [[1.647445559501648]], [[1.6765927076339722]], [[1.726233959197998]], [[1.7940574884414673]], [[1.7951503992080688]], [[1.776046633720398]], [[1.7545576095581055]], [[1.7106856107711792]], [[1.6358234882354736]], [[1.5037213563919067]], [[1.1968997716903687]], [[1.1111695766448975]], [[0.9514128565788269]], [[0.8446863293647766]], [[0.7481978535652161]], [[0.6621832847595215]], [[0.5972613096237183]], [[0.5267077088356018]], [[0.47350987792015076]], [[0.4065171778202057]], [[0.35530850291252136]], [[0.12684650719165802]], [[0.1056903824210167]], [[0.07754593342542648]], [[0.05489427596330643]], [[0.0371464267373085]], [[0.013789985328912735]], [[1.104699969291687]], [[0.8753721714019775]], [[0.7080091238021851]], [[0.6873701810836792]], [[0.7038007974624634]], [[0.8199365735054016]], [[0.8936296701431274]], [[1.0520426034927368]], [[1.1273598670959473]], [[1.1987969875335693]], [[1.3219765424728394]], [[1.4139164686203003]], [[1.4476897716522217]], [[1.483224630355835]], [[1.4977387189865112]], [[1.5072922706604004]], [[1.4945931434631348]], [[1.4335159063339233]], [[1.4098317623138428]], [[1.3567404747009277]], [[1.2836474180221558]], [[1.1297528743743896]], [[1.0401904582977295]], [[0.927950918674469]], [[0.8751626014709473]], [[0.8013550043106079]], [[0.7119025588035583]], [[0.6605685949325562]], [[0.6032883524894714]], [[0.5424835085868835]], [[0.5024997591972351]], [[0.45040929317474365]], [[0.422941118478775]], [[0.37756893038749695]], [[0.35920724272727966]], [[0.3023018538951874]], [[0.26090994477272034]], [[0.2180659919977188]], [[0.1957632452249527]], [[0.6033599972724915]], [[0.23505684733390808]], [[0.17596232891082764]], [[0.20193471014499664]], [[0.24339181184768677]], [[0.2975015640258789]], [[0.4290510416030884]], [[0.5375267267227173]], [[0.6465380787849426]], [[0.7513387799263]], [[0.8486737608909607]], [[0.9360884428024292]], [[0.988071858882904]], [[1.076519250869751]], [[1.128481149673462]], [[1.1900080442428589]], [[1.2305628061294556]], [[1.2297123670578003]], [[1.218083381652832]], [[1.1919479370117188]], [[1.1406056880950928]], [[1.097575068473816]], [[1.0232330560684204]], [[0.9664579629898071]], [[0.9385761618614197]], [[0.8748726844787598]], [[0.8227036595344543]], [[0.7731879949569702]], [[0.7261649966239929]], [[0.6892231702804565]], [[0.6405458450317383]], [[0.5952683091163635]], [[0.5648898482322693]], [[0.5244452357292175]], [[0.497485876083374]], [[0.4766387939453125]], [[0.44187724590301514]], [[0.409226655960083]], [[0.38268038630485535]], [[0.35732272267341614]], [[0.3370378315448761]], [[0.31745195388793945]], [[0.2874491810798645]], [[0.26585134863853455]], [[0.24503138661384583]], [[0.35506001114845276]], [[0.013529568910598755]], [[-0.08739786595106125]], [[-0.06576915085315704]], [[0.055170781910419464]], [[0.18942594528198242]], [[0.3597732484340668]], [[0.49615949392318726]], [[0.6864026188850403]], [[0.7635743021965027]], [[0.8566818833351135]], [[0.9303001165390015]], [[0.9751454591751099]], [[0.982917845249176]], [[0.987038791179657]], [[0.982063889503479]], [[0.956348180770874]], [[0.9313473105430603]], [[0.8974185585975647]], [[0.8765558004379272]], [[0.8391681909561157]], [[0.8013875484466553]], [[0.7853693962097168]], [[0.7435149550437927]], [[0.7180754542350769]], [[0.6886017322540283]], [[0.6602535247802734]], [[0.6332136988639832]], [[0.607151210308075]], [[0.582426905632019]], [[0.5665223002433777]], [[0.5359112620353699]], [[0.5176941156387329]], [[0.49330368638038635]], [[0.4830775856971741]], [[0.4538878798484802]], [[0.43829649686813354]], [[0.42330628633499146]], [[0.41148993372917175]], [[0.38046494126319885]], [[0.3696768879890442]], [[0.3564000427722931]], [[0.33834683895111084]], [[0.32329320907592773]], [[0.3109874725341797]], [[0.29901832342147827]], [[0.28016912937164307]], [[0.264138787984848]], [[0.24839463829994202]], [[0.24174179136753082]], [[0.22863562405109406]], [[0.21565699577331543]], [[0.20071697235107422]], [[0.19014868140220642]], [[0.1796264797449112]], [[0.1057400032877922]], [[-0.13502827286720276]], [[-0.38681429624557495]], [[-0.4210359454154968]], [[-0.4194686710834503]], [[-0.35461097955703735]], [[-0.29301124811172485]], [[-0.22114917635917664]], [[-0.09646216034889221]], [[-0.01725812256336212]], [[0.07550396025180817]], [[0.1491972953081131]], [[0.24390357732772827]], [[0.3155961036682129]], [[0.37821030616760254]], [[0.44744181632995605]], [[0.4824790954589844]], [[0.5119319558143616]], [[0.5402393937110901]], [[0.564686119556427]], [[0.5793939232826233]], [[0.5891625285148621]], [[0.5948966145515442]], [[0.5964419841766357]], [[0.597347617149353]], [[0.5953471064567566]], [[0.5915738940238953]], [[0.5853612422943115]], [[0.5800130367279053]], [[0.5715963840484619]], [[0.5676993727684021]], [[0.5582623481750488]], [[0.5484045743942261]], [[0.5412083864212036]], [[0.5295637249946594]], [[0.5237856507301331]], [[0.5151189565658569]], [[0.5065392255783081]], [[0.49667245149612427]], [[0.4883776605129242]], [[0.4829227030277252]], [[0.4696507453918457]], [[0.46317458152770996]], [[0.45063677430152893]], [[0.449411004781723]], [[0.44096192717552185]], [[0.4281197786331177]], [[0.4247180223464966]], [[0.41585907340049744]], [[0.4093942940235138]], [[0.4040975272655487]], [[0.39892303943634033]], [[0.3908444046974182]], [[0.05844400078058243]], [[-0.20590749382972717]], [[-0.2995537519454956]], [[-0.44813719391822815]], [[-0.5348159670829773]], [[-0.5588246583938599]], [[-0.5661900639533997]], [[-0.5612674951553345]], [[-0.5297573208808899]], [[-0.5090299248695374]], [[-0.4660726487636566]], [[-0.4387037456035614]], [[-0.3723120391368866]], [[-0.34958139061927795]], [[-0.2872442305088043]], [[-0.2486332356929779]], [[-0.20303702354431152]], [[-0.12313192337751389]], [[-0.08247973024845123]], [[-0.044152505695819855]], [[-0.002737823873758316]], [[0.01403539814054966]], [[0.040244948118925095]], [[0.08292689919471741]], [[0.1080595925450325]], [[0.13073059916496277]], [[0.150985449552536]], [[0.1690610945224762]], [[0.18502452969551086]], [[0.20123517513275146]], [[0.2074424922466278]], 