{"vc": [[-0.008647764101624489, 0.0, 0.0], [0.0, 0.0, 0.0], [0.03341499716043472, -0.04075944051146507, 0.0407363660633564], [0.18323445320129395, 0.0, 0.0], [0.0, 0.0, 0.0], [0.0, 0.0, 0.0], [0.0, 0.0010152499889954925, 0.0], [0.0, 0.0, 0.0], [0.0, 0.0, 0.0], [0.8802785873413086, 0.0, 0.0]], "true_y1": [[[0.4006600081920624]], [[48.61820602416992]], [[57.90263366699219]], [[86.4977035522461]], [[114.76081848144531]], [[143.2327117919922]], [[152.09336853027344]], [[190.5173797607422]], [[219.12930297851562]], [[257.57232666015625]], [[286.2904357910156]], [[305.5990905761719]], [[324.8262023925781]], [[344.1330871582031]], [[392.88824462890625]], [[431.9914855957031]], [[471.2419128417969]], [[520.5614013671875]], [[560.063232421875]], [[650.1092529296875]], [[731.2157592773438]], [[792.6395874023438]], [[886.5332641601562]], [[928.9931640625]], [[1004.3632202148438]], [[1081.3626708984375]], [[1114.8631591796875]], [[1194.74951171875]], [[1265.026611328125]], [[1325.2060546875]], [[1424.555908203125]], [[1475.8089599609375]], [[1568.5821533203125]], [[1622.94775390625]], [[1722.40087890625]], [[1811.854248046875]], [[1905.3214111328125]], [[1986.77099609375]], [[2106.937255859375]], [[2253.90087890625]], [[2331.657958984375]], [[1.0533000230789185]], [[20.653366088867188]], [[33.697959899902344]], [[53.42873764038086]], [[73.0777816772461]], [[86.0543212890625]], [[105.90120697021484]], [[132.30703735351562]], [[152.03463745117188]], [[178.82032775878906]], [[185.29641723632812]], [[198.73570251464844]], [[238.96665954589844]], [[245.5204315185547]], [[272.3994140625]], [[285.8644104003906]], [[306.13275146484375]], [[333.3486022949219]], [[374.20880126953125]], [[463.7535095214844]], [[491.4546203613281]], [[547.7373046875]], [[590.3067626953125]], [[633.5569458007812]], [[677.1146240234375]], [[713.9625244140625]], [[758.8698120117188]], [[796.8511352539062]], [[850.9855346679688]], [[898.2583618164062]], [[1208.240478515625]], [[1255.82763671875]], [[1324.7742919921875]], [[1386.3775634765625]], [[1439.4332275390625]], [[1517.173828125]], [[1.104699969291687]], [[10.710611343383789]], [[25.281963348388672]], [[44.859397888183594]], [[49.60242462158203]], [[69.14027404785156]], [[78.79721069335938]], [[98.50566864013672]], [[108.20897674560547]], [[118.03877258300781]], [[137.77786254882812]], [[157.60769653320312]], [[167.5731964111328]], [[182.41717529296875]], [[192.30331420898438]], [[212.36045837402344]], [[232.36195373535156]], [[267.5193786621094]], [[277.5762939453125]], [[297.8134460449219]], [[323.22308349609375]], [[374.530517578125]], [[405.57861328125]], [[447.34381103515625]], [[468.57763671875]], [[500.480224609375]], [[543.5013427734375]], [[570.8870239257812]], [[604.28173828125]], [[643.6511840820312]], [[672.15283203125]], [[712.974853515625]], [[736.4349975585938]], [[778.5853271484375]], [[796.9928588867188]], [[859.8169555664062]], [[911.9669189453125]], [[972.9404907226562]], [[1007.9859008789062]], [[0.6033599972724915]], [[21.80709457397461]], [[34.452789306640625]], [[51.409446716308594]], [[59.80876922607422]], [[68.2544937133789]], [[85.18128967285156]], [[97.91354370117188]], [[110.6368637084961]], [[123.36264038085938]], [[136.1160430908203]], [[148.88284301757812]], [[157.391845703125]], [[174.5067901611328]], [[187.28990173339844]], [[208.76889038085938]], [[243.2705841064453]], [[260.586669921875]], [[277.9675598144531]], [[299.7587585449219]], [[330.39337158203125]], [[352.3983459472656]], [[388.02978515625]], [[415.0241394042969]], [[428.5023193359375]], [[460.3282775878906]], [[487.92010498046875]], [[515.8028564453125]], [[544.1771240234375]], [[568.0135498046875]], [[601.8749389648438]], [[636.3193359375]], [[661.2844848632812]], [[697.1878051757812]], [[723.0325317382812]], [[744.189208984375]], [[781.9935913085938]], [[820.7339477539062]], [[854.8457641601562]], [[889.8856201171875]], [[919.824462890625]], [[950.4960327148438]], [[1001.1971435546875]], [[1040.78515625]], [[1081.67236328125]], [[0.35506001114845276]], [[17.494522094726562]], [[31.227527618408203]], [[55.28139114379883]], [[75.79874420166016]], [[93.14517974853516]], [[113.81180572509766]], [[131.01950073242188]], [[158.73565673828125]], [[172.53713989257812]], [[193.4879150390625]], [[217.90277099609375]], [[246.03623962402344]], [[256.57330322265625]], [[274.21270751953125]], [[291.92437744140625]], [[324.120361328125]], [[345.71630859375]], [[371.1368713378906]], [[385.8526611328125]], [[411.6254577636719]], [[437.7405090332031]], [[449.00506591796875]], [[479.3519592285156]], [[498.6640319824219]], [[522.0791625976562]], [[545.8563842773438]], [[569.8831787109375]], [[594.4784545898438]], [[619.2982177734375]], [[636.1192626953125]], [[670.6101684570312]], [[692.6089477539062]], [[724.0003051757812]], [[737.8824462890625]], [[780.1114501953125]], [[804.404541015625]], [[829.02197265625]], [[849.36474609375]], [[907.1285400390625]], [[928.8422241210938]], [[956.8350219726562]], [[997.3252563476562]], [[1033.4169921875]], [[1064.63134765625]], [[1096.58056640625]], [[1150.339111328125]], [[1199.682373046875]], [[1251.7144775390625]], [[1274.8450927734375]], [[1322.5399169921875]], [[1372.7327880859375]], [[1434.45947265625]], [[1480.871337890625]], [[1529.50341796875]], [[0.1057400032877922]], [[9.00443172454834]], [[29.074298858642578]], [[37.96868896484375]], [[51.32691192626953]], [[69.2298355102539]], [[80.31564331054688]], [[91.52116394042969]], [[109.43324279785156]], [[120.6205825805664]], [[134.07003784179688]], [[145.3412322998047]], [[161.14599609375]], [[174.67739868164062]], [[188.26467895507812]], [[206.49876403808594]], [[217.88670349121094]], [[229.3809051513672]], [[243.22105407714844]], [[259.4326477050781]], [[273.4483642578125]], [[287.4875183105469]], [[301.7265319824219]], [[308.8314208984375]], [[323.2295227050781]], [[340.0995178222656]], [[354.7637939453125]], [[372.0379333496094]], [[384.50750732421875]], [[402.14794921875]], [[409.8533935546875]], [[427.8613586425781]], [[446.18914794921875]], [[459.495361328125]], [[481.19940185546875]], [[492.14306640625]], [[508.8758850097656]], [[525.9142456054688]], [[546.2245483398438]], [[564.0004272460938]], [[576.0881958007812]], [[607.0069580078125]], [[622.9739990234375]], [[655.7833251953125]], [[659.1385498046875]], [[683.0538330078125]], [[722.323974609375]], [[733.3880615234375]], [[763.6566162109375]], [[787.1954345703125]], [[807.4863891601562]], [[828.257080078125]], [[862.7373657226562]], [[0.05844400078058243]], [[8.164155960083008]], [[12.214109420776367]], [[21.667766571044922]], [[32.48237228393555]], [[39.25749206542969]], [[47.38728332519531]], [[52.8016242980957]], [[64.97724151611328]], [[70.40999603271484]], [[79.90541076660156]], [[85.334228515625]], [[97.5862045288086]], [[101.6263656616211]], [[112.5875244140625]], [[119.40992736816406]], [[127.62061309814453]], [[142.7675323486328]], [[151.04844665527344]], [[159.36734008789062]], [[169.0956573486328]], [[173.3109893798828]], [[180.29229736328125]], [[192.98011779785156]], [[201.47662353515625]], [[210.03636169433594]], [[218.6328887939453]], [[227.31121826171875]], [[236.0347442626953]], [[246.29306030273438]], [[250.7139434814453]], [[262.625732421875]], [[273.126220703125]], [[280.7163391113281]], [[289.9062194824219]], [[297.6512756347656]], [[307.0074157714844]], [[318.0954284667969]], [[327.7300109863281]], [[337.4425964355469]], [[345.6741943359375]], [[357.339599609375]], [[376.0999755859375]], [[386.5728759765625]], [[397.1817932128906]], [[411.6283874511719]], [[417.17181396484375]], [[428.33416748046875]], [[439.7448425292969]], [[455.2757263183594]], [[461.22137451171875]], [[475.34442138671875]]]}