{"vc": [[-0.05194713920354843, 0.0, 0.0], [0.0, -0.04602867364883423, 0.04597806930541992], [0.002493971958756447, 0.3026235103607178, -0.30271950364112854], [0.060377396643161774, 0.0, 0.0], [0.0, 0.0, 0.0], [0.0, 0.0, 0.0], [0.0, 0.010994961485266685, -0.01099479291588068], [0.0, 0.0, 0.0], [0.0, 0.0, 0.0], [0.712099552154541, 0.0, 0.0]], "true_y1": [[[0.4006600081920624]], [[38.462913513183594]], [[45.47770309448242]], [[66.03250885009766]], [[84.45529174804688]], [[100.84239196777344]], [[105.48048400878906]], [[123.09823608398438]], [[133.74009704589844]], [[145.13925170898438]], [[151.82244873046875]], [[155.5795135498047]], [[158.8156280517578]], [[161.62339782714844]], [[167.12319946289062]], [[170.28240966796875]], [[172.65635681152344]], [[174.83531188964844]], [[176.1233367919922]], [[178.10308837890625]], [[179.2144012451172]], [[179.81898498535156]], [[180.51248168945312]], [[180.766357421875]], [[181.15701293945312]], [[181.5002899169922]], [[181.63687133789062]], [[181.939208984375]], [[182.1840057373047]], [[182.38148498535156]], [[182.6880645751953]], [[182.8383331298828]], [[183.0987548828125]], [[183.24513244628906]], [[183.50218200683594]], [[183.72247314453125]], [[183.94241333007812]], [[184.1260528564453]], [[184.38412475585938]], [[184.6802520751953]], [[184.8287811279297]], [[1.0533000230789185]], [[16.657737731933594]], [[26.805112838745117]], [[41.566524505615234]], [[55.33841323852539]], [[63.83029556274414]], [[75.79487609863281]], [[89.71025085449219]], [[98.62586212158203]], [[108.83287811279297]], [[110.99645233154297]], [[115.13873291015625]], [[125.06889343261719]], [[126.38273620605469]], [[131.03807067871094]], [[132.98133850097656]], [[135.4966278076172]], [[138.22848510742188]], [[141.2687225341797]], [[145.16329956054688]], [[145.90306091308594]], [[147.0177001953125]], [[147.62347412109375]], [[148.1009979248047]], [[148.4838104248047]], [[148.7523651123047]], [[149.02972412109375]], [[149.232177734375]], [[149.48336791992188]], [[149.67596435546875]], [[150.6179962158203]], [[150.73748779296875]], [[150.9020233154297]], [[151.0415496826172]], [[151.15667724609375]], [[151.3177947998047]], [[1.104699969291687]], [[8.767629623413086]], [[20.179828643798828]], [[34.85820770263672]], [[38.267112731933594]], [[51.57729721069336]], [[57.67850875854492]], [[69.07111358642578]], [[74.14605712890625]], [[78.92925262451172]], [[87.47893524169922]], [[94.73846435546875]], [[97.92633819580078]], [[102.15724182128906]], [[104.65984344482422]], [[109.05146789550781]], [[112.64056396484375]], [[117.43815612792969]], [[118.52608489990234]], [[120.41043853759766]], [[122.3016586303711]], [[124.9710693359375]], [[126.07770538330078]], [[127.17790985107422]], [[127.6141586303711]], [[128.15655517578125]], [[128.72988891601562]], [[129.02630615234375]], [[129.33506774902344]], [[129.64309692382812]], [[129.83746337890625]], [[130.08421325683594]], [[130.21258544921875]], [[130.42398071289062]], [[130.5098419189453]], [[130.77976989746094]], [[130.9824981689453]], [[131.20111083984375]], [[131.3194580078125]], [[0.6033599972724915]], [[17.398408889770508]], [[27.089630126953125]], [[39.46906280517578]], [[45.27899932861328]], [[50.87738800048828]], [[61.303497314453125]], [[68.41397857666016]], [[74.88263702392578]], [[80.72686767578125]], [[85.98106384277344]], [[90.67172241210938]], [[93.50233459472656]], [[98.54058837890625]], [[101.78730773925781]], [[106.38618469238281]], [[111.96476745605469]], [[114.11206817626953]], [[115.92684936523438]], [[117.8105697631836]], [[119.8892822265625]], [[121.07144165039062]], [[122.58755493164062]], [[123.49494171142578]], [[123.88894653320312]], [[124.69763946533203]], [[125.29011535644531]], [[125.81172180175781]], [[126.28124237060547]], [[126.63809967041016]], [[127.09886169433594]], [[127.52415466308594]], [[127.81088256835938]], [[128.19796752929688]], [[128.46139526367188]], [[128.66905212402344]], [[129.02481079101562]], [[129.37213134765625]], [[129.6656951904297]], [[129.95681762695312]], [[130.19805908203125]], [[130.4386444091797]], [[130.8229522705078]], [[131.1123046875]], [[131.40196228027344]], [[0.35506001114845276]], [[13.96072006225586]], [[24.551006317138672]], [[41.898277282714844]], [[55.066200256347656]], [[64.84986114501953]], [[74.85536193847656]], [[81.87992858886719]], [[90.98114013671875]], [[94.63629913330078]], [[99.26560974121094]], [[103.51884460449219]], [[107.25877380371094]], [[108.40992736816406]], [[110.09426879882812]], [[111.53084564208984]], [[113.64189910888672]], [[114.78540802001953]], [[115.92610931396484]], [[116.50641632080078]], [[117.4120864868164]], [[118.2165298461914]], [[118.53540802001953]], [[119.32737731933594]], [[119.78955078125]], [[120.3152847290039]], [[120.8172836303711]], [[121.29791259765625]], [[121.76704406738281]], [[122.22091674804688]], [[122.5189437866211]], [[123.10936737060547]], [[123.4732894897461]], [[123.97779846191406]], [[124.19586944580078]], [[124.84208679199219]], [[125.20304107666016]], [[125.56134796142578]], [[125.85202026367188]], [[126.65209197998047]], [[126.9435806274414]], [[127.31217193603516]], [[127.83139038085938]], [[128.2807159423828]], [[128.6593475341797]], [[129.03753662109375]], [[129.6531524658203]], [[130.19606018066406]], [[130.74652099609375]], [[130.9842071533203]], [[131.4611358642578]], [[131.94454956054688]], [[132.51425170898438]], [[132.92547607421875]], [[133.3413543701172]], [[0.1057400032877922]], [[7.187937259674072]], [[22.75426483154297]], [[29.324512481689453]], [[38.65327453613281]], [[49.947669982910156]], [[56.18267822265625]], [[61.88474655151367]], [[69.79137420654297]], [[74.0294418334961]], [[78.48678588867188]], [[81.74437713623047]], [[85.67904663085938]], [[88.54824829101562]], [[91.04330444335938]], [[93.89472961425781]], [[95.4387435913086]], [[96.8449478149414]], [[98.36727905273438]], [[99.95490264892578]], [[101.18910217285156]], [[102.3206558227539]], [[103.380126953125]], [[103.8805160522461]], [[104.84537506103516]], [[105.90494537353516]], [[106.77494812011719]], [[107.75016021728516]], [[108.42628479003906]], [[109.34963989257812]], [[109.74240112304688]], [[110.63885498046875]], [[111.52457427978516]], [[112.15319061279297]], [[113.15608978271484]], [[113.65235137939453]], [[114.40016174316406]], [[115.1490478515625]], [[116.02643585205078]], [[116.78153228759766]], [[117.2884750366211]], [[118.5619888305664]], [[119.20693969726562]], [[120.50555419921875]], [[120.6363525390625]], [[121.55792999267578]], [[123.03054809570312]], [[123.43634796142578]], [[124.526123046875]], [[125.3530502319336]], [[126.0515365600586]], [[126.75287628173828]], [[127.88695526123047]], [[0.05844400078058243]], [[6.482162952423096]], [[9.666263580322266]], [[16.975976943969727]], [[25.02481460571289]], [[29.84264373779297]], [[35.353755950927734]], [[38.84605407714844]], [[46.14646530151367]], [[49.151363372802734]], [[54.031654357910156]], [[56.614845275878906]], [[61.922000885009766]], [[63.52262878417969]], [[67.52496337890625]], [[69.78559112548828]], [[72.2966537475586]], [[76.40745544433594]], [[78.41102600097656]], [[80.2773208618164]], [[82.2986831665039]], [[83.12699127197266]], [[84.44271850585938]], [[86.67771911621094]], [[88.07884979248047]], [[89.42546081542969]], [[90.72151184082031]], [[91.98078918457031]], [[93.20401763916016]], [[94.59605407714844]], [[95.1824951171875]], [[96.72801971435547]], [[98.05445861816406]], [[98.99549865722656]], [[100.11764526367188]], [[101.0504150390625]], [[102.16328430175781]], [[103.46467590332031]], [[104.58179473876953]], [[105.69632720947266]], [[106.63243865966797]], [[107.94658660888672]], [[110.03106689453125]], [[111.17977142333984]], [[112.33262634277344]], [[113.88504791259766]], [[114.47534942626953]], [[115.65477752685547]], [[116.8475341796875]], [[118.44951629638672]], [[119.05611419677734]], [[120.48184967041016]]]}