{"vc": [[-0.024255555123090744, 0.0, 0.0], [0.0, 1.1885813574403098e-41, 0.0], [0.027483442798256874, 0.06304892152547836, -0.06354738026857376], [0.1474139392375946, 0.0, 0.0], [0.0, 0.0, 0.0], [0.0, 0.0, 0.0], [0.0, 0.0003887255734298378, 0.0], [0.0, 0.0, 0.0], [0.0, 0.0, 0.0], [0.8439168334007263, 0.0, 0.0]], "true_y1": [[[0.4006600081920624]], [[46.51849365234375]], [[55.392127990722656]], [[82.7080078125]], [[109.68453216552734]], [[136.83547973632812]], [[145.2794952392578]], [[181.862548828125]], [[209.0631103515625]], [[245.54576110839844]], [[272.7439880371094]], [[291.0005187988281]], [[309.1533203125]], [[327.35247802734375]], [[373.1649169921875]], [[409.7353210449219]], [[446.26348876953125]], [[491.8680114746094]], [[528.124755859375]], [[609.7141723632812]], [[681.70458984375]], [[735.1102905273438]], [[814.6091918945312]], [[849.6211547851562]], [[910.1945190429688]], [[969.8482055664062]], [[995.0594482421875]], [[1053.2813720703125]], [[1102.2178955078125]], [[1142.3814697265625]], [[1205.1195068359375]], [[1235.7420654296875]], [[1288.17822265625]], [[1317.14013671875]], [[1366.8359375]], [[1408.0352783203125]], [[1447.7200927734375]], [[1479.6531982421875]], [[1522.5684814453125]], [[1568.8515625]], [[1590.8385009765625]], [[1.0533000230789185]], [[19.782711029052734]], [[32.224708557128906]], [[51.008544921875]], [[69.67145538330078]], [[81.97265625]], [[100.74859619140625]], [[125.65570068359375]], [[144.20606994628906]], [[169.3101043701172]], [[175.3645782470703]], [[187.9095001220703]], [[225.2977294921875]], [[231.36358642578125]], [[256.1636047363281]], [[268.5379638671875]], [[287.0990295410156]], [[311.8912048339844]], [[348.80615234375]], [[428.22412109375]], [[452.3232421875]], [[500.509521484375]], [[536.2005004882812]], [[571.7357177734375]], [[606.7294311523438]], [[635.6719360351562]], [[670.08154296875]], [[698.4109497070312]], [[737.5113525390625]], [[770.3853149414062]], [[955.2318115234375]], [[978.9046630859375]], [[1011.0886840820312]], [[1037.8046875]], [[1059.3375244140625]], [[1088.5487060546875]], [[1.104699969291687]], [[10.28244686126709]], [[24.172809600830078]], [[42.77516174316406]], [[47.27149200439453]], [[65.74948120117188]], [[74.85626220703125]], [[93.38665771484375]], [[102.48208618164062]], [[111.67687225341797]], [[130.08079528808594]], [[148.48561096191406]], [[157.70201110839844]], [[171.38778686523438]], [[180.47354125976562]], [[198.83265686035156]], [[217.0372772216797]], [[248.7675323486328]], [[257.77716064453125]], [[275.8110656738281]], [[298.26361083984375]], [[342.8946533203125]], [[369.40093994140625]], [[404.3992004394531]], [[421.88323974609375]], [[447.7344665527344]], [[481.7541809082031]], [[502.8783264160156]], [[528.0498657226562]], [[556.8610229492188]], [[577.1148681640625]], [[605.2127685546875]], [[620.8648071289062]], [[648.0616455078125]], [[659.5625]], [[697.0795288085938]], [[726.1864624023438]], [[757.906982421875]], [[775.0345458984375]], [[0.6033599972724915]], [[20.84927749633789]], [[32.897438049316406]], [[49.02135467529297]], [[56.994503021240234]], [[65.00232696533203]], [[81.02233123779297]], [[93.04586029052734]], [[105.0370101928711]], [[117.00541687011719]], [[128.97340393066406]], [[140.9261016845703]], [[148.8762969970703]], [[164.82582092285156]], [[176.70033264160156]], [[196.5735626220703]], [[228.26695251464844]], [[244.05569458007812]], [[259.8165283203125]], [[279.4439392089844]], [[306.76397705078125]], [[326.173095703125]], [[357.1805114746094]], [[380.2936706542969]], [[391.7027893066406]], [[418.27362060546875]], [[440.86383056640625]], [[463.24407958984375]], [[485.5303955078125]], [[503.8537902832031]], [[529.22998046875]], [[554.2249755859375]], [[571.8085327148438]], [[596.2904663085938]], [[613.3148803710938]], [[626.8736572265625]], [[650.2491455078125]], [[673.0667724609375]], [[692.2095336914062]], [[710.9577026367188]], [[726.2525634765625]], [[741.242919921875]], [[764.5564575195312]], [[781.5338134765625]], [[797.9881591796875]], [[0.35506001114845276]], [[16.723186492919922]], [[29.817047119140625]], [[52.70421600341797]], [[72.17549133300781]], [[88.59733581542969]], [[108.10903930664062]], [[124.30583953857422]], [[150.28631591796875]], [[163.1677703857422]], [[182.64170837402344]], [[205.19842529296875]], [[230.98062133789062]], [[240.57229614257812]], [[256.5422668457031]], [[272.45989990234375]], [[301.0600280761719]], [[319.9765625]], [[341.9387512207031]], [[354.4907531738281]], [[376.1672668457031]], [[397.7065734863281]], [[406.85772705078125]], [[431.0689697265625]], [[446.1258544921875]], [[463.99884033203125]], [[481.7030944824219]], [[499.1224365234375]], [[516.4501953125]], [[533.4078979492188]], [[544.5942993164062]], [[566.7483520507812]], [[580.3248901367188]], [[598.9498901367188]], [[606.9066162109375]], [[630.0650024414062]], [[642.6834106445312]], [[654.9559326171875]], [[664.7136840820312]], [[690.5888061523438]], [[699.6394653320312]], [[710.7857055664062]], [[725.9100341796875]], [[738.4456176757812]], [[748.6073608398438]], [[758.3899536132812]], [[773.5298461914062]], [[786.0814819335938]], [[798.0513305664062]], [[802.9874877929688]], [[812.4757690429688]], [[821.534912109375]], [[831.5067138671875]], [[838.2422485351562]], [[844.6701049804688]], [[0.1057400032877922]], [[8.602968215942383]], [[27.750398635864258]], [[36.22779083251953]], [[48.948890686035156]], [[65.97395324707031]], [[76.49971008300781]], [[87.12393188476562]], [[104.06912994384766]], [[114.62487030029297]], [[127.28173065185547]], [[137.8567657470703]], [[152.62889099121094]], [[165.21640014648438]], [[177.7926483154297]], [[194.55667114257812]], [[204.95274353027344]], [[215.3822479248047]], [[227.84820556640625]], [[242.31021118164062]], [[254.68052673339844]], [[266.9377136230469]], [[279.2225341796875]], [[285.29388427734375]], [[297.47186279296875]], [[311.5152282714844]], [[323.51348876953125]], [[337.3841552734375]], [[347.2123107910156]], [[360.8405456542969]], [[366.6891784667969]], [[380.1033020019531]], [[393.3803405761719]], [[402.7766418457031]], [[417.6555480957031]], [[424.9445495605469]], [[435.8101501464844]], [[446.5252380371094]], [[458.8368835449219]], [[469.20147705078125]], [[476.03167724609375]], [[492.70892333984375]], [[500.88140869140625]], [[516.7584838867188]], [[518.3141479492188]], [[529.0466918945312]], [[545.362060546875]], [[549.67724609375]], [[560.8807373046875]], [[569.0098266601562]], [[575.6282958984375]], [[582.047607421875]], [[591.9542236328125]], [[0.05844400078058243]], [[7.789647102355957]], [[11.650816917419434]], [[20.659191131591797]], [[30.955537796020508]], [[37.40035629272461]], [[45.127079010009766]], [[50.26833724975586]], [[61.813758850097656]], [[66.95697784423828]], [[75.93173217773438]], [[81.0534439086914]], [[92.58292388916016]], [[96.37480163574219]], [[106.633544921875]], [[112.99515533447266]], [[120.62428283691406]], [[134.61041259765625]], [[142.20211791992188]], [[149.78504943847656]], [[158.59210205078125]], [[162.386474609375]], [[168.63973999023438]], [[179.8989715576172]], [[187.35682678222656]], [[194.7986297607422]], [[202.1957244873047]], [[209.58084106445312]], [[216.91661071777344]], [[225.42453002929688]], [[229.04998779296875]], [[238.690185546875]], [[247.02691650390625]], [[252.9551544189453]], [[260.01953125]], [[265.87432861328125]], [[272.8233947753906]], [[280.8795471191406]], [[287.7185363769531]], [[294.45855712890625]], [[300.04791259765625]], [[307.7735900878906]], [[319.71331787109375]], [[326.11724853515625]], [[332.4133605957031]], [[340.67901611328125]], [[343.7569580078125]], [[349.79827880859375]], [[355.75994873046875]], [[363.53204345703125]], [[366.4046325683594]], [[373.00433349609375]]]}