{"vc": [[-0.01796732097864151, 0.0, 0.0], [0.0, 0.0, 0.0], [0.029577530920505524, -0.0163669902831316, 0.0162518247961998], [0.16180084645748138, 0.0, 0.0], [0.0, 0.0, 0.0], [0.0, 0.0, 0.0], [0.0, 0.0011218347353860736, 0.0], [0.0, 0.0, 0.0], [0.0, 0.0, 0.0], [0.8583856225013733, 0.0, 0.0]], "true_y1": [[[0.4006600081920624]], [[47.36434555053711]], [[56.40578079223633]], [[84.24903869628906]], [[111.76348876953125]], [[139.47471618652344]], [[148.09716796875]], [[185.47874450683594]], [[213.30288696289062]], [[250.66851806640625]], [[278.56494140625]], [[297.311767578125]], [[315.9710388183594]], [[334.6985168457031]], [[381.9435729980469]], [[419.779052734375]], [[457.69708251953125]], [[505.2431640625]], [[543.2327270507812]], [[629.4652709960938]], [[706.611083984375]], [[764.6384887695312]], [[852.566650390625]], [[891.9844970703125]], [[961.3670654296875]], [[1031.4049072265625]], [[1061.590576171875]], [[1132.828125]], [[1194.584716796875]], [[1246.755615234375]], [[1331.385009765625]], [[1374.2918701171875]], [[1450.6229248046875]], [[1494.5435791015625]], [[1573.326904296875]], [[1642.46044921875]], [[1712.9571533203125]], [[1772.95751953125]], [[1859.090576171875]], [[1960.675537109375]], [[2012.808837890625]], [[1.0533000230789185]], [[20.136863708496094]], [[32.83220291137695]], [[52.026283264160156]], [[71.13057708740234]], [[83.74159240722656]], [[103.02021789550781]], [[128.6519317626953]], [[147.786865234375]], [[173.74671936035156]], [[180.01927185058594]], [[193.0310821533203]], [[231.93832397460938]], [[238.26971435546875]], [[264.2150573730469]], [[277.19854736328125]], [[296.72332763671875]], [[322.9026794433594]], [[362.11578369140625]], [[447.595458984375]], [[473.89013671875]], [[527.060791015625]], [[567.0243530273438]], [[607.3788452148438]], [[647.7435302734375]], [[681.6558227539062]], [[722.6732177734375]], [[757.0797729492188]], [[805.6384887695312]], [[847.5535888671875]], [[1109.711181640625]], [[1147.8609619140625]], [[1202.108154296875]], [[1249.548583984375]], [[1289.6307373046875]], [[1347.07666015625]], [[1.104699969291687]], [[10.455889701843262]], [[24.63336181640625]], [[43.667335510253906]], [[48.276214599609375]], [[67.25110626220703]], [[76.62351989746094]], [[95.73802185058594]], [[105.14215850830078]], [[114.66419219970703]], [[133.7704620361328]], [[152.94361877441406]], [[162.57073974609375]], [[176.89976501464844]], [[186.4353790283203]], [[205.7617645263672]], [[225.0067138671875]], [[258.7602844238281]], [[268.3968200683594]], [[287.7605895996094]], [[312.0180358886719]], [[360.7877197265625]], [[390.1456298828125]], [[429.42864990234375]], [[449.3001708984375]], [[479.01776123046875]], [[518.8079833984375]], [[543.9533081054688]], [[574.4085693359375]], [[610.001220703125]], [[635.546142578125]], [[671.789794921875]], [[692.4281005859375]], [[729.144287109375]], [[745.027587890625]], [[798.5198974609375]], [[842.0552368164062]], [[891.9268188476562]], [[920.080078125]], [[0.6033599972724915]], [[21.24059295654297]], [[33.54218673706055]], [[50.029945373535156]], [[58.19373321533203]], [[66.40036010742188]], [[82.84088134765625]], [[95.20079803466797]], [[107.54605102539062]], [[119.88731384277344]], [[132.24853515625]], [[144.61541748046875]], [[152.8535614013672]], [[169.41246032714844]], [[181.76974487304688]], [[202.51100158691406]], [[235.76162719726562]], [[252.4149627685547]], [[269.1043701171875]], [[289.9878845214844]], [[319.2612609863281]], [[340.2200622558594]], [[374.0210266113281]], [[399.5037841796875]], [[412.18328857421875]], [[441.997802734375]], [[467.69232177734375]], [[493.50091552734375]], [[519.5908813476562]], [[541.364501953125]], [[572.0557861328125]], [[602.9700317382812]], [[625.1739501953125]], [[656.7935791015625]], [[679.3180541992188]], [[697.604736328125]], [[729.9307861328125]], [[762.5794677734375]], [[790.9176635742188]], [[819.6203002929688]], [[843.8143920898438]], [[868.2828369140625]], [[908.0217895507812]], [[938.4368896484375]], [[969.2879638671875]], [[0.35506001114845276]], [[17.035572052001953]], [[30.395828247070312]], [[53.78551483154297]], [[73.72390747070312]], [[90.57073211669922]], [[110.62821197509766]], [[127.3154525756836]], [[154.1633758544922]], [[167.5165252685547]], [[187.76307678222656]], [[211.31591796875]], [[238.3911590576172]], [[248.51150512695312]], [[265.42559814453125]], [[282.3710021972656]], [[313.064453125]], [[333.563720703125]], [[357.5906982421875]], [[371.444580078125]], [[395.60205078125]], [[419.931884765625]], [[430.3771057128906]], [[458.3586120605469]], [[476.0386657714844]], [[497.3346862792969]], [[518.794677734375]], [[540.3025512695312]], [[562.12646484375]], [[583.9441528320312]], [[598.6095581054688]], [[628.365234375]], [[647.1168823242188]], [[673.5609130859375]], [[685.1356811523438]], [[719.8877563476562]], [[739.5639038085938]], [[759.265625]], [[775.365478515625]], [[820.18896484375]], [[836.6979370117188]], [[857.7083129882812]], [[887.5603637695312]], [[913.6397705078125]], [[935.7985229492188]], [[958.1047973632812]], [[994.8025512695312]], [[1027.58984375]], [[1061.266845703125]], [[1075.9510498046875]], [[1105.6893310546875]], [[1136.2239990234375]], [[1172.749755859375]], [[1199.499755859375]], [[1226.900390625]], [[0.1057400032877922]], [[8.76366901397705]], [[28.286468505859375]], [[36.9364128112793]], [[49.92474365234375]], [[67.32553100585938]], [[78.0958023071289]], [[88.97796630859375]], [[106.36189270019531]], [[117.21086120605469]], [[130.24310302734375]], [[141.1544952392578]], [[156.43653869628906]], [[169.50091552734375]], [[182.59840393066406]], [[200.1374969482422]], [[211.066650390625]], [[222.07632446289062]], [[235.3017578125]], [[250.74551391601562]], [[264.0517272949219]], [[277.3338928222656]], [[290.7539978027344]], [[297.4298095703125]], [[310.9141540527344]], [[326.6336975097656]], [[340.22332763671875]], [[356.1368408203125]], [[367.55718994140625]], [[383.6122741699219]], [[390.586669921875]], [[406.7911376953125]], [[423.14178466796875]], [[434.9197082519531]], [[453.95745849609375]], [[463.4729919433594]], [[477.91094970703125]], [[492.47161865234375]], [[509.6388854980469]], [[524.491943359375]], [[534.499267578125]], [[559.7507934570312]], [[572.5950317382812]], [[598.5659790039062]], [[601.18994140625]], [[619.720947265625]], [[649.4999389648438]], [[657.7453002929688]], [[679.9813842773438]], [[696.952392578125]], [[711.3598022460938]], [[725.898193359375]], [[749.5734252929688]], [[0.05844400078058243]], [[7.939632415771484]], [[11.877010345458984]], [[21.066776275634766]], [[31.57729148864746]], [[38.160438537597656]], [[46.05804443359375]], [[51.31645202636719]], [[63.13673782348633]], [[68.40846252441406]], [[77.61796569824219]], [[82.88040161132812]], [[94.74761199951172]], [[98.65769958496094]], [[109.25667572021484]], [[115.84598541259766]], [[123.76730346679688]], [[138.3513946533203]], [[146.30645751953125]], [[154.28341674804688]], [[163.5915069580078]], [[167.61740112304688]], [[174.27452087402344]], [[186.33731079101562]], [[194.38723754882812]], [[202.47250366210938]], [[210.56607055664062]], [[218.70809936523438]], [[226.8619384765625]], [[236.40884399414062]], [[240.50868225097656]], [[251.50994873046875]], [[261.1502990722656]], [[268.0835266113281]], [[276.4370422363281]], [[283.4411926269531]], [[291.85693359375]], [[301.7640380859375]], [[310.3122253417969]], [[318.8712463378906]], [[326.07818603515625]], [[336.216064453125]], [[352.3295593261719]], [[361.220458984375]], [[370.1491394042969]], [[382.1802673339844]], [[386.7574768066406]], [[395.907470703125]], [[405.1683654785156]], [[417.6219177246094]], [[422.34320068359375]], [[433.45513916015625]]]}