{"vc": [[-0.10043202340602875, 0.0, 0.0], [0.0, -0.08111122250556946, 0.08097021281719208], [-0.03480638936161995, 0.317695677280426, -0.3179513216018677], [-0.11491857469081879, 0.0, 0.0], [0.0, 0.0, 0.0], [0.0, 0.0, 0.0], [0.0, 0.019061440601944923, -0.018986500799655914], [0.0, 0.0, 0.0], [0.0, 0.0, 0.0], [0.4581696391105652, 0.0, 0.0]], "true_y1": [[[0.4006600081920624]], [[24.413801193237305]], [[28.81928253173828]], [[41.66484832763672]], [[53.07005310058594]], [[63.09867858886719]], [[65.91277313232422]], [[76.48194122314453]], [[82.7547378540039]], [[89.3532485961914]], [[93.14839172363281]], [[95.25203704833984]], [[97.04338836669922]], [[98.57951354980469]], [[101.5262680053711]], [[103.16768646240234]], [[104.3638916015625]], [[105.41891479492188]], [[106.0128173828125]], [[106.85022735595703]], [[107.24799346923828]], [[107.42594909667969]], [[107.58052825927734]], [[107.6207046508789]], [[107.66316223144531]], [[107.68080139160156]], [[107.68292236328125]], [[107.67859649658203]], [[107.66712188720703]], [[107.6535415649414]], [[107.62635040283203]], [[107.61087036132812]], [[107.58149719238281]], [[107.5638656616211]], [[107.53144073486328]], [[107.50253295898438]], [[107.47293853759766]], [[107.44782257080078]], [[107.41207885742188]], [[107.37064361572266]], [[107.3497543334961]], [[1.0533000230789185]], [[10.86513614654541]], [[17.228160858154297]], [[26.445537567138672]], [[34.98752212524414]], [[40.21882629394531]], [[47.53200149536133]], [[55.933258056640625]], [[61.24281692504883]], [[67.23368835449219]], [[68.48941040039062]], [[70.8775863647461]], [[76.50051879882812]], [[77.23133850097656]], [[79.78898620605469]], [[80.8392562866211]], [[82.17959594726562]], [[83.60447692871094]], [[85.13640594482422]], [[86.94346618652344]], [[87.24752807617188]], [[87.65705871582031]], [[87.84138488769531]], [[87.95701599121094]], [[88.02339935302734]], [[88.0519027709961]], [[88.06228637695312]], [[88.05587768554688]], [[88.02985382080078]], [[87.99577331542969]], [[87.66964721679688]], [[87.61656951904297]], [[87.5401611328125]], [[87.47293853759766]], [[87.41612243652344]], [[87.33500671386719]], [[1.104699969291687]], [[5.906421184539795]], [[13.041607856750488]], [[22.1754093170166]], [[24.287309646606445]], [[32.48970031738281]], [[36.22209167480469]], [[43.13411331176758]], [[46.18503189086914]], [[49.04214859008789]], [[54.09788513183594]], [[58.329471588134766]], [[60.16646957397461]], [[62.58100128173828]], [[63.994869232177734]], [[66.44541931152344]], [[68.41300201416016]], [[70.97569274902344]], [[71.54240417480469]], [[72.50676727294922]], [[73.44608306884766]], [[74.6950454711914]], [[75.16859436035156]], [[75.59378814697266]], [[75.74365997314453]], [[75.90872955322266]], [[76.04837799072266]], [[76.1019058227539]], [[76.14053344726562]], [[76.15841674804688]], [[76.15763854980469]], [[76.14197540283203]], [[76.1270751953125]], [[76.09237670898438]], [[76.0747299194336]], [[76.00660705566406]], [[75.94396209716797]], [[75.8670425415039]], [[75.82196807861328]], [[0.6033599972724915]], [[11.10313892364502]], [[17.141023635864258]], [[24.817306518554688]], [[28.401512145996094]], [[31.84160614013672]], [[38.20600891113281]], [[42.50899887084961]], [[46.39210510253906]], [[49.8704833984375]], [[52.96977996826172]], [[55.71102523803711]], [[57.35201644897461]], [[60.244571685791016]], [[62.086517333984375]], [[64.65973663330078]], [[67.70795440673828]], [[68.85233306884766]], [[69.80254364013672]], [[70.76788330078125]], [[71.79979705810547]], [[72.36528015136719]], [[73.05842590332031]], [[73.44998931884766]], [[73.61307525634766]], [[73.93183898925781]], [[74.14940643310547]], [[74.32793426513672]], [[74.47708892822266]], [[74.58267974853516]], [[74.70880889892578]], [[74.81509399414062]], [[74.8814697265625]], [[74.96479797363281]], [[75.01771545410156]], [[75.0574722290039]], [[75.12199401855469]], [[75.18118286132812]], [[75.22875213623047]], [[75.27406311035156]], [[75.3104248046875]], [[75.34577941894531]], [[75.40071105957031]], [[75.44105529785156]], [[75.48075103759766]], [[0.35506001114845276]], [[8.839356422424316]], [[15.424690246582031]], [[26.145767211914062]], [[34.200416564941406]], [[40.119441986083984]], [[46.09746170043945]], [[50.237640380859375]], [[55.51252746582031]], [[57.59562683105469]], [[60.196964263916016]], [[62.54136657714844]], [[64.55461883544922]], [[65.16252136230469]], [[66.0394287109375]], [[66.77327728271484]], [[67.8216781616211]], [[68.37068176269531]], [[68.90170288085938]], [[69.16446685791016]], [[69.56332397460938]], [[69.90506744384766]], [[70.03707885742188]], [[70.35623168945312]], [[70.53675079345703]], [[70.73710632324219]], [[70.92369842529297]], [[71.09835052490234]], [[71.26539611816406]], [[71.42413330078125]], [[71.52699279785156]], [[71.72798919677734]], [[71.85028839111328]], [[72.0181655883789]], [[72.09021759033203]], [[72.3022232055664]], [[72.41983032226562]], [[72.5361099243164]], [[72.63015747070312]], [[72.88798522949219]], [[72.98162841796875]], [[73.0998764038086]], [[73.26619720458984]], [[73.40995788574219]], [[73.53101348876953]], [[73.65187072753906]], [[73.84854125976562]], [[74.02196502685547]], [[74.19782257080078]], [[74.27377319335938]], [[74.42620849609375]], [[74.58078002929688]], [[74.76304626464844]], [[74.89468383789062]], [[75.02788543701172]], [[0.1057400032877922]], [[4.491491794586182]], [[14.110254287719727]], [[18.153881072998047]], [[23.869361877441406]], [[30.73415184020996]], [[34.49039840698242]], [[37.89991760253906]], [[42.57904052734375]], [[45.059627532958984]], [[47.644107818603516]], [[49.514835357666016]], [[51.7508544921875]], [[53.36274337768555]], [[54.74972152709961]], [[56.3155517578125]], [[57.15373992919922]], [[57.9105339050293]], [[58.722164154052734]], [[59.55947494506836]], [[60.203556060791016]], [[60.78861999511719]], [[61.33162307739258]], [[61.586483001708984]], [[62.07505798339844]], [[62.6074333190918]], [[63.04151153564453]], [[63.52510452270508]], [[63.85871887207031]], [[64.31238555908203]], [[64.50475311279297]], [[64.94265747070312]], [[65.37397003173828]], [[65.6794204711914]], [[66.16584777832031]], [[66.4062271118164]], [[66.76814270019531]], [[67.13030242919922]], [[67.55438232421875]], [[67.91925048828125]], [[68.16419219970703]], [[68.77957916259766]], [[69.09131622314453]], [[69.71929168701172]], [[69.7825698852539]], [[70.22856140136719]], [[70.94187927246094]], [[71.13859558105469]], [[71.66724395751953]], [[72.0687484741211]], [[72.40814208984375]], [[72.74916076660156]], [[73.3011245727539]], [[0.05844400078058243]], [[3.9901578426361084]], [[5.937906265258789]], [[10.404203414916992]], [[15.309396743774414]], [[18.236543655395508]], [[21.574308395385742]], [[23.6824951171875]], [[28.068912506103516]], [[29.865114212036133]], [[32.76909255981445]], [[34.298919677734375]], [[37.424354553222656]], [[38.361968994140625]], [[40.69542694091797]], [[42.006065368652344]], [[43.4553108215332]], [[45.812164306640625]], [[46.95359420776367]], [[48.01247787475586]], [[49.154659271240234]], [[49.62132263183594]], [[50.36099624633789]], [[51.61320114135742]], [[52.39568328857422]], [[53.14607238769531]], [[53.86693572998047]], [[54.566246032714844]], [[55.24467086791992]], [[56.0158805847168]], [[56.34056854248047]], [[57.195823669433594]], [[57.92951583862305]], [[58.449951171875]], [[59.07054138183594]], [[59.58645248413086]], [[60.20209503173828]], [[60.922279357910156]], [[61.54075622558594]], [[62.15808868408203]], [[62.67684555053711]], [[63.4055061340332]], [[64.5623550415039]], [[65.200439453125]], [[65.84125518798828]], [[66.70484924316406]], [[67.03343200683594]], [[67.6902847290039]], [[68.35501861572266]], [[69.24853515625]], [[69.58708190917969]], [[70.38325500488281]]]}