{"vc": [[-0.045217979699373245, 0.0, 0.0], [0.0, -0.04225106164813042, 0.042401570826768875], [0.0068597495555877686, 0.3028174936771393, -0.3027728796005249], [0.08674046397209167, 0.0, 0.0], [0.0, 0.0, 0.0], [0.0, 0.0, 0.0], [0.0, 0.010408690199255943, -0.010180438868701458], [0.0, 0.0, 0.0], [0.0, 0.0, 0.0], [0.7496410608291626, 0.0, 0.0]], "true_y1": [[[0.4006600081920624]], [[40.549808502197266]], [[47.956398010253906]], [[69.68240356445312]], [[89.194091796875]], [[106.59120178222656]], [[111.52363586425781]], [[130.2995147705078]], [[141.67587280273438]], [[153.8948974609375]], [[161.07533264160156]], [[165.11700439453125]], [[168.60073852539062]], [[171.62466430664062]], [[177.54782104492188]], [[180.94546508789062]], [[183.4914093017578]], [[185.81655883789062]], [[187.1812744140625]], [[189.25149536132812]], [[190.38665771484375]], [[190.99029541015625]], [[191.6655731201172]], [[191.9072265625]], [[192.27259826660156]], [[192.5869598388672]], [[192.71031188964844]], [[192.98001098632812]], [[193.1951904296875]], [[193.3668670654297]], [[193.6303253173828]], [[193.75820922851562]], [[193.9781036376953]], [[194.10079956054688]], [[194.31483459472656]], [[194.4969024658203]], [[194.6775360107422]], [[194.82752990722656]], [[195.037109375]], [[195.2759246826172]], [[195.39508056640625]], [[1.0533000230789185]], [[17.515180587768555]], [[28.224943161010742]], [[43.816619873046875]], [[58.3818359375]], [[67.37467193603516]], [[80.06385040283203]], [[94.85516357421875]], [[104.35404968261719]], [[115.25285339355469]], [[117.56655883789062]], [[121.99976348876953]], [[132.6451416015625]], [[134.05523681640625]], [[139.05328369140625]], [[141.13970947265625]], [[143.8392333984375]], [[146.7676239013672]], [[150.01629638671875]], [[154.1334686279297]], [[154.90232849121094]], [[156.0439910888672]], [[156.65155029296875]], [[157.1209716796875]], [[157.4892578125]], [[157.74237060546875]], [[157.99847412109375]], [[158.18162536621094]], [[158.40406799316406]], [[158.57089233398438]], [[159.343994140625]], [[159.4373016357422]], [[159.5644073486328]], [[159.67103576660156]], [[159.75827026367188]], [[159.87928771972656]], [[1.104699969291687]], [[9.190874099731445]], [[21.237106323242188]], [[36.743324279785156]], [[40.34730911254883]], [[54.432682037353516]], [[60.89773178100586]], [[72.98709106445312]], [[78.38064575195312]], [[83.46925354003906]], [[92.57810974121094]], [[100.32642364501953]], [[103.73297882080078]], [[108.25763702392578]], [[110.93563842773438]], [[115.63703155517578]], [[119.47947692871094]], [[124.60993957519531]], [[125.77099609375]], [[127.77802276611328]], [[129.78436279296875]], [[132.5900421142578]], [[133.73635864257812]], [[134.85801696777344]], [[135.29542541503906]], [[135.8311309814453]], [[136.3844757080078]], [[136.6638946533203]], [[136.9490509033203]], [[137.2266082763672]], [[137.3977813720703]], [[137.61032104492188]], [[137.71871948242188]], [[137.8938751220703]], [[137.96383666992188]], [[138.1793975830078]], [[138.3371124267578]], [[138.50344848632812]], [[138.5919952392578]], [[0.6033599972724915]], [[18.330900192260742]], [[28.566436767578125]], [[41.653038024902344]], [[47.80091857910156]], [[53.72936248779297]], [[64.78352355957031]], [[72.33369445800781]], [[79.21128845214844]], [[85.43277740478516]], [[91.03262329101562]], [[96.03694915771484]], [[99.05900573730469]], [[104.44137573242188]], [[107.9113540649414]], [[112.82625579833984]], [[118.77998352050781]], [[121.06507110595703]], [[122.99067687988281]], [[124.98094940185547]], [[127.16130828857422]], [[128.38980102539062]], [[129.94656372070312]], [[130.864013671875]], [[131.25802612304688]], [[132.0565185546875]], [[132.63119506835938]], [[133.1285858154297]], [[133.568603515625]], [[133.8977508544922]], [[134.3155975341797]], [[134.6939239501953]], [[134.9449920654297]], [[135.27890014648438]], [[135.50291442871094]], [[135.677734375]], [[135.97378540039062]], [[136.2588348388672]], [[136.4969024658203]], [[136.7305908203125]], [[136.9225311279297]], [[137.1125030517578]], [[137.41314697265625]], [[137.63739013671875]], [[137.86013793945312]], [[0.35506001114845276]], [[14.719192504882812]], [[25.905799865722656]], [[44.252113342285156]], [[58.205562591552734]], [[68.59236907958984]], [[79.23397827148438]], [[86.7166748046875]], [[96.42207336425781]], [[100.32075500488281]], [[105.25505065917969]], [[109.77867889404297]], [[113.73854064941406]], [[114.95153045654297]], [[116.71882629394531]], [[118.21673583984375]], [[120.39522552490234]], [[121.5595703125]], [[122.70616912841797]], [[123.28255462646484]], [[124.1711196899414]], [[124.9476089477539]], [[125.25175476074219]], [[125.99749755859375]], [[126.42609405517578]], [[126.90755462646484]], [[127.36122131347656]], [[127.79010009765625]], [[128.2036895751953]], [[128.59925842285156]], [[128.85665893554688]], [[129.36141967773438]], [[129.66928100585938]], [[130.0922393798828]], [[130.27374267578125]], [[130.80728149414062]], [[131.10264587402344]], [[131.3940887451172]], [[131.62928771972656]], [[132.2713623046875]], [[132.5034637451172]], [[132.795654296875]], [[133.20486450195312]], [[133.55685424804688]], [[133.85198974609375]], [[134.14549255371094]], [[134.62060546875]], [[135.03700256347656]], [[135.45680236816406]], [[135.63734436035156]], [[135.99835205078125]], [[136.36257934570312]], [[136.7897186279297]], [[137.09664916992188]], [[137.40591430664062]], [[0.1057400032877922]], [[7.587120056152344]], [[24.03832244873047]], [[30.98785400390625]], [[40.86368179321289]], [[52.83642578125]], [[59.45393371582031]], [[65.51039123535156]], [[73.91329956054688]], [[78.41754913330078]], [[83.1520767211914]], [[86.60807800292969]], [[90.77351379394531]], [[93.80097198486328]], [[96.42308044433594]], [[99.40214538574219]], [[101.00462341308594]], [[102.45568084716797]], [[104.015625]], [[105.62789154052734]], [[106.86911010742188]], [[107.99641418457031]], [[109.04165649414062]], [[109.5316390991211]], [[110.46939849853516]], [[111.48812103271484]], [[112.3156509399414]], [[113.23357391357422]], [[113.86399841308594]], [[114.71717834472656]], [[115.07743072509766]], [[115.89392852783203]], [[116.6930923461914]], [[117.25594329833984]], [[118.14688110351562]], [[118.584716796875]], [[119.24089813232422]], [[119.89393615722656]], [[120.65414428710938]], [[121.30443572998047]], [[121.73908233642578]], [[122.82455444335938]], [[123.37097930908203]], [[124.46499633789062]], [[124.57475280761719]], [[125.34589385986328]], [[126.57071685791016]], [[126.90672302246094]], [[127.80602264404297]], [[128.48558044433594]], [[129.05776977539062]], [[129.6306915283203]], [[130.5538330078125]], [[0.05844400078058243]], [[6.85115385055542]], [[10.218547821044922]], [[17.95087432861328]], [[26.469161987304688]], [[31.570436477661133]], [[37.40803527832031]], [[41.108306884765625]], [[48.84502029418945]], [[52.029415130615234]], [[57.19956970214844]], [[59.934547424316406]], [[65.546875]], [[67.2369384765625]], [[71.4549560546875]], [[73.83078002929688]], [[76.46227264404297]], [[80.74740600585938]], [[82.82258605957031]], [[84.74571990966797]], [[86.81609344482422]], [[87.66024780273438]], [[88.99559020996094]], [[91.24683380126953]], [[92.64617919921875]], [[93.98173522949219]], [[95.25811767578125]], [[96.48953247070312]], [[97.67729187011719]], [[99.01881408691406]], [[99.58074951171875]], [[101.05264282226562]], [[102.30565643310547]], [[103.18904876708984]], [[104.23663330078125]], [[105.10277557373047]], [[106.130859375]], [[107.3261489868164]], [[108.3465347290039]], [[109.35964965820312]], [[110.20699310302734]], [[111.39131164550781]], [[113.2583236694336]], [[114.28160858154297]], [[115.30491638183594]], [[116.67745971679688]], [[117.19782257080078]], [[118.235107421875]], [[119.28101348876953]], [[120.6811752319336]], [[121.2100601196289]], [[122.45047760009766]]]}