{"vc": [[-0.06890470534563065, 0.0, 0.0], [0.0, -1.0356248617172241, 1.035813570022583], [-0.016337132081389427, 0.07179614156484604, -0.07203922420740128], [-0.2393430471420288, 0.0, 0.0], [0.0, 0.0, 0.0], [0.0, 0.0, 0.0], [0.0, 0.4444441795349121, -0.44505730271339417], [0.0, 0.0, 0.0], [0.0, 0.0, 0.0], [0.04284527152776718, 0.0, 0.0]], "true_y1": [[[0.4006600081920624]], [[1.9521007537841797]], [[2.2152161598205566]], [[2.9285500049591064]], [[3.4829277992248535]], [[3.8985276222229004]], [[4.00172758102417]], [[4.330251216888428]], [[4.474879264831543]], [[4.576104640960693]], [[4.603531837463379]], [[4.6057963371276855]], [[4.598361968994141]], [[4.5833330154418945]], [[4.522294998168945]], [[4.458651065826416]], [[4.387815475463867]], [[4.293917655944824]], [[4.217096328735352]], [[4.041931629180908]], [[3.8871750831604004]], [[3.7726876735687256]], [[3.6025538444519043]], [[3.527580499649048]], [[3.3975319862365723]], [[3.2687132358551025]], [[3.2139546871185303]], [[3.0865609645843506]], [[2.978241205215454]], [[2.888303756713867]], [[2.7455575466156006]], [[2.6747140884399414]], [[2.5513060092926025]], [[2.4818551540374756]], [[2.3602044582366943]], [[2.256622791290283]], [[2.1541168689727783]], [[2.0693953037261963]], [[1.9518858194351196]], [[1.819593906402588]], [[1.7543649673461914]], [[1.0533000230789185]], [[1.632395625114441]], [[1.977317452430725]], [[2.428652048110962]], [[2.791688919067383]], [[2.986201763153076]], [[3.220839023590088]], [[3.4331462383270264]], [[3.5325567722320557]], [[3.6070990562438965]], [[3.6168665885925293]], [[3.6288976669311523]], [[3.614675283432007]], [[3.6070826053619385]], [[3.5654473304748535]], [[3.5396385192871094]], [[3.496337652206421]], [[3.4322259426116943]], [[3.3284027576446533]], [[3.0903611183166504]], [[3.0166969299316406]], [[2.8690781593322754]], [[2.7597877979278564]], [[2.6511051654815674]], [[2.544168710708618]], [[2.4557273387908936]], [[2.3504865169525146]], [[2.2636823654174805]], [[2.143493175506592]], [[2.04196834564209]], [[1.4571837186813354]], [[1.3799028396606445]], [[1.2737481594085693]], [[1.184631109237671]], [[1.1121299266815186]], [[1.0128250122070312]], [[1.104699969291687]], [[1.3663183450698853]], [[1.7239928245544434]], [[2.122821807861328]], [[2.2051002979278564]], [[2.487734079360962]], [[2.5963099002838135]], [[2.7625699043273926]], [[2.820772409439087]], [[2.8662171363830566]], [[2.9230527877807617]], [[2.9436964988708496]], [[2.9434218406677246]], [[2.932652235031128]], [[2.9198100566864014]], [[2.8829550743103027]], [[2.835416078567505]], [[2.7352278232574463]], [[2.704023838043213]], [[2.6390864849090576]], [[2.554898262023926]], [[2.3813483715057373]], [[2.2763471603393555]], [[2.13688063621521]], [[2.0670762062072754]], [[1.9638481140136719]], [[1.828080415725708]], [[1.7438440322875977]], [[1.6435298919677734]], [[1.5287717580795288]], [[1.4481217861175537]], [[1.336254358291626]], [[1.2739455699920654]], [[1.1657050848007202]], [[1.1199527978897095]], [[0.9708925485610962]], [[0.8556497693061829]], [[0.730883777141571]], [[0.6641061305999756]], [[0.6033599972724915]], [[1.1370731592178345]], [[1.4161605834960938]], [[1.7356336116790771]], [[1.8697893619537354]], [[1.988827109336853]], [[2.1820430755615234]], [[2.2910315990448]], [[2.372709274291992]], [[2.4308624267578125]], [[2.4690818786621094]], [[2.490499973297119]], [[2.4968652725219727]], [[2.493932008743286]], [[2.4805617332458496]], [[2.4418790340423584]], [[2.350792169570923]], [[2.2964441776275635]], [[2.2382047176361084]], [[2.1616370677948]], [[2.050048351287842]], [[1.9684944152832031]], [[1.8359284400939941]], [[1.7360668182373047]], [[1.6865887641906738]], [[1.5711066722869873]], [[1.4728056192398071]], [[1.375422477722168]], [[1.2785184383392334]], [[1.1989318132400513]], [[1.0888841152191162]], [[0.9807421565055847]], [[0.9048594832420349]], [[0.7995554208755493]], [[0.7266388535499573]], [[0.6688002943992615]], [[0.5697192549705505]], [[0.47404247522354126]], [[0.3948690593242645]], [[0.3186373710632324]], [[0.2577003538608551]], [[0.19937562942504883]], [[0.11229309439659119]], [[0.05257011204957962]], [[-0.0013374239206314087]], [[0.35506001114845276]], [[0.7558475732803345]], [[1.0451104640960693]], [[1.4606724977493286]], [[1.7163196802139282]], [[1.8660377264022827]], [[1.9769424200057983]], [[2.0240564346313477]], [[2.0360541343688965]], [[2.0203440189361572]], [[1.977068305015564]], [[1.9056077003479004]], [[1.8052582740783691]], [[1.7643903493881226]], [[1.6932706832885742]], [[1.6194264888763428]], [[1.4816410541534424]], [[1.3880915641784668]], [[1.2779450416564941]], [[1.2144733667373657]], [[1.1042553186416626]], [[0.9942258596420288]], [[0.9473804831504822]], [[0.82328861951828]], [[0.7460766434669495]], [[0.6544662117958069]], [[0.5638495087623596]], [[0.47491568326950073]], [[0.38679206371307373]], [[0.3010311722755432]], [[0.2448102980852127]], [[0.13461312651634216]], [[0.06809037923812866]], [[-0.021432243287563324]], [[-0.0588969923555851]], [[-0.16434386372566223]], [[-0.21885988116264343]], [[-0.26923292875289917]], [[-0.30698496103286743]], [[-0.3937864899635315]], [[-0.41814565658569336]], [[-0.4424976110458374]], [[-0.4631173014640808]], [[-0.46644359827041626]], [[-0.4576507806777954]], [[-0.4374280273914337]], [[-0.3784094452857971]], [[-0.298482745885849]], [[-0.19107329845428467]], [[-0.13695940375328064]], [[-0.01584538072347641]], [[0.1211116686463356]], [[0.294883668422699]], [[0.42419999837875366]], [[0.5545561909675598]], [[0.1057400032877922]], [[0.26732513308525085]], [[0.604202926158905]], [[0.7347783446311951]], [[0.9037304520606995]], [[1.0754414796829224]], [[1.150869369506836]], [[1.2049463987350464]], [[1.2507362365722656]], [[1.2577877044677734]], [[1.2483255863189697]], [[1.2278711795806885]], [[1.183797001838684]], [[1.1347649097442627]], [[1.077432632446289]], [[0.9908542633056641]], [[0.9325393438339233]], [[0.871171772480011]], [[0.7946879267692566]], [[0.7024469375610352]], [[0.6210901737213135]], [[0.5386151671409607]], [[0.4543628692626953]], [[0.41220104694366455]], [[0.3266921937465668]], [[0.22666773200035095]], [[0.14011593163013458]], [[0.03889721632003784]], [[-0.03353295475244522]], [[-0.1348981261253357]], [[-0.1787196397781372]], [[-0.2799244523048401]], [[-0.38100898265838623]], [[-0.45305928587913513]], [[-0.5679165720939636]], [[-0.6244709491729736]], [[-0.7090205550193787]], [[-0.7925261855125427]], [[-0.8882927894592285]], [[-0.9683522582054138]], [[-1.02056884765625]], [[-1.1447190046310425]], [[-1.2027206420898438]], [[-1.305846929550171]], [[-1.3149937391281128]], [[-1.371314287185669]], [[-1.4229766130447388]], [[-1.4263428449630737]], [[-1.4047338962554932]], [[-1.3518564701080322]], [[-1.2772704362869263]], [[-1.1707290410995483]], [[-0.9240455031394958]], [[0.05844400078058243]], [[0.13475081324577332]], [[0.17168937623500824]], [[0.253315806388855]], [[0.3362947702407837]], [[0.3814185857772827]], [[0.42778509855270386]], [[0.4537270963191986]], [[0.497338205575943]], [[0.5102776288986206]], [[0.5235924124717712]], [[0.5261282920837402]], [[0.519328236579895]], [[0.5135636925697327]], [[0.49005037546157837]], [[0.47015196084976196]], [[0.44149261713027954]], [[0.37711191177368164]], [[0.33665359020233154]], [[0.2929408848285675]], [[0.2385527789592743]], [[0.21405494213104248]], [[0.1724308729171753]], [[0.09404309093952179]], [[0.04005185887217522]], [[-0.015185531228780746]], [[-0.07121901214122772]], [[-0.12807367742061615]], [[-0.18524780869483948]], [[-0.2521621882915497]], [[-0.28079766035079956]], [[-0.3570292592048645]], [[-0.4227185845375061]], [[-0.4690591096878052]], [[-0.5236077308654785]], [[-0.5680313110351562]], [[-0.6194969415664673]], [[-0.6768655776977539]], [[-0.7230021357536316]], [[-0.7654725909233093]], [[-0.7978641986846924]], [[-0.8373153805732727]], [[-0.882075309753418]], [[-0.8953056335449219]], [[-0.898817777633667]], [[-0.8857299089431763]], [[-0.8747793436050415]], 