{"vc": [[0.04011310264468193, 0.0, 0.0], [0.0, 0.0, 0.0], [0.05540614202618599, -0.0517624206840992, 0.05169316753745079], [0.29195162653923035, 0.0, 0.0], [0.0, 0.0, 0.0], [0.0, 0.0, 0.0], [0.0, 0.0010653939098119736, 0.0], [0.0, 0.0, 0.0], [0.0, 0.0, 0.0], [0.9913657307624817, 0.0, 0.0]], "true_y1": [[[0.4006600081920624]], [[54.950984954833984]], [[65.45568084716797]], [[97.81118774414062]], [[129.7948455810547]], [[162.01950073242188]], [[172.04920959472656]], [[215.55056762695312]], [[247.95321655273438]], [[291.50653076171875]], [[324.05780029296875]], [[345.9526062011719]], [[367.7629699707031]], [[389.67279052734375]], [[445.0472717285156]], [[489.51580810546875]], [[534.2120361328125]], [[590.4752807617188]], [[635.6329345703125]], [[738.9508666992188]], [[832.5623779296875]], [[903.8773193359375]], [[1013.7225341796875]], [[1063.7706298828125]], [[1153.2593994140625]], [[1245.6300048828125]], [[1286.1436767578125]], [[1383.6163330078125]], [[1470.4404296875]], [[1545.648681640625]], [[1671.666259765625]], [[1737.6324462890625]], [[1858.7869873046875]], [[1930.874267578125]], [[2064.92431640625]], [[2187.9931640625]], [[2319.20703125]], [[2435.80224609375]], [[2611.7607421875]], [[2833.52587890625]], [[2953.8525390625]], [[1.0533000230789185]], [[23.252050399780273]], [[38.029022216796875]], [[60.38461685180664]], [[82.65322875976562]], [[97.36304473876953]], [[119.86627960205078]], [[149.8174591064453]], [[172.20301818847656]], [[202.61209106445312]], [[209.9669647216797]], [[225.23362731933594]], [[270.96826171875]], [[278.4238586425781]], [[309.0190124511719]], [[324.3570556640625]], [[347.46063232421875]], [[378.5165100097656]], [[425.2226257324219]], [[527.999755859375]], [[559.9365234375]], [[625.0751342773438]], [[674.5952758789062]], [[725.1605834960938]], [[776.3726806640625]], [[819.943359375]], [[873.378662109375]], [[918.8829956054688]], [[984.2728881835938]], [[1041.9271240234375]], [[1435.2767333984375]], [[1498.36083984375]], [[1591.18310546875]], [[1675.5955810546875]], [[1749.449462890625]], [[1859.6524658203125]], [[1.104699969291687]], [[11.994490623474121]], [[28.51723861694336]], [[50.72394943237305]], [[56.10529327392578]], [[78.27822875976562]], [[89.24111938476562]], [[111.62258911132812]], [[122.64598083496094]], [[133.81597900390625]], [[156.25579833984375]], [[178.81271362304688]], [[190.1544952392578]], [[207.0563201904297]], [[218.31851196289062]], [[241.18215942382812]], [[264.0039367675781]], [[304.1783752441406]], [[315.6860656738281]], [[338.8660583496094]], [[368.0191955566406]], [[427.0759582519531]], [[462.95709228515625]], [[511.4234924316406]], [[536.162353515625]], [[573.4689331054688]], [[624.066162109375]], [[656.4645385742188]], [[696.1906127929688]], [[743.3583984375]], [[777.748779296875]], [[827.3875732421875]], [[856.130615234375]], [[908.1934814453125]], [[931.1072998046875]], [[1010.1727905273438]], [[1076.877685546875]], [[1156.18896484375]], [[1202.4510498046875]], [[0.6033599972724915]], [[24.652427673339844]], [[38.99833297729492]], [[58.23891830444336]], [[67.77142333984375]], [[77.35792541503906]], [[96.57542419433594]], [[111.03495788574219]], [[125.48838806152344]], [[139.9490966796875]], [[154.4461669921875]], [[168.9639892578125]], [[178.64340209960938]], [[198.12147521972656]], [[212.67822265625]], [[237.15615844726562]], [[276.5329284667969]], [[296.32720947265625]], [[316.2198791503906]], [[341.198486328125]], [[376.39569091796875]], [[401.7446594238281]], [[442.9263000488281]], [[474.25128173828125]], [[489.93658447265625]], [[527.10400390625]], [[559.4871215820312]], [[592.3779296875]], [[626.0350341796875]], [[654.4660034179688]], [[695.11865234375]], [[736.8136596679688]], [[767.2650146484375]], [[811.420654296875]], [[843.4847412109375]], [[869.9148559570312]], [[917.5687866210938]], [[966.9970703125]], [[1011.0425415039062]], [[1056.8177490234375]], [[1096.370849609375]], [[1137.3271484375]], [[1206.0267333984375]], [[1260.5596923828125]], [[1317.728271484375]], [[0.35506001114845276]], [[19.808013916015625]], [[35.397377014160156]], [[62.7092170715332]], [[86.01341247558594]], [[105.72303771972656]], [[129.2156524658203]], [[148.7869415283203]], [[180.3355255126953]], [[196.0594940185547]], [[219.9502410888672]], [[247.82986450195312]], [[280.01812744140625]], [[292.0937805175781]], [[312.3362731933594]], [[332.6996765136719]], [[369.82684326171875]], [[394.821533203125]], [[424.34930419921875]], [[441.50048828125]], [[471.6505432128906]], [[502.35955810546875]], [[515.658935546875]], [[551.6599731445312]], [[574.7098388671875]], [[602.8134765625]], [[631.5382690429688]], [[660.7675170898438]], [[690.9119873046875]], [[721.5735473632812]], [[742.4981689453125]], [[785.7861938476562]], [[813.6761474609375]], [[853.869873046875]], [[871.7980346679688]], [[926.9357299804688]], [[959.0780029296875]], [[991.9754638671875]], [[1019.4138793945312]], [[1098.6156005859375]], [[1128.8946533203125]], [[1168.3492431640625]], [[1226.2706298828125]], [[1278.76708984375]], [[1324.8408203125]], [[1372.65478515625]], [[1454.629150390625]], [[1531.57958984375]], [[1614.5260009765625]], [[1652.001220703125]], [[1730.4566650390625]], [[1814.7589111328125]], [[1920.9072265625]], [[2002.5377197265625]], [[2089.766357421875]], [[0.1057400032877922]], [[10.223861694335938]], [[33.04631042480469]], [[43.16187286376953]], [[58.3562126159668]], [[78.72523498535156]], [[91.3421859741211]], [[104.09950256347656]], [[124.50302124023438]], [[137.25485229492188]], [[152.59561157226562]], [[165.46212768554688]], [[183.52259826660156]], [[199.00543212890625]], [[214.5739288330078]], [[235.50628662109375]], [[248.60546875]], [[261.849609375]], [[277.8301086425781]], [[296.599853515625]], [[312.876220703125]], [[329.2297668457031]], [[345.87158203125]], [[354.19769287109375]], [[371.1191101074219]], [[391.0335998535156]], [[408.4270935058594]], [[429.0222473144531]], [[443.96484375]], [[465.21893310546875]], [[474.5470886230469]], [[496.4576416015625]], [[518.9232788085938]], [[535.34375]], [[562.336181640625]], [[576.0484008789062]], [[597.1517333984375]], [[618.8168334960938]], [[644.8836669921875]], [[667.9207153320312]], [[683.70849609375]], [[724.5570068359375]], [[745.9217529296875]], [[790.41943359375]], [[795.0162353515625]], [[828.0348510742188]], [[883.2408447265625]], [[899.0214233398438]], [[942.7135620117188]], [[977.2266845703125]], [[1007.3598022460938]], [[1038.576416015625]], [[1091.2381591796875]], [[0.05844400078058243]], [[9.301316261291504]], [[13.919663429260254]], [[24.700803756713867]], [[37.035606384277344]], [[44.76428985595703]], [[54.039920806884766]], [[60.21858215332031]], [[74.11748504638672]], [[80.32162475585938]], [[91.16978454589844]], [[97.37499237060547]], [[111.38874816894531]], [[116.0132064819336]], [[128.56932067871094]], [[136.39251708984375]], [[145.8170166015625]], [[163.23403930664062]], [[172.77540588378906]], [[182.3761749267578]], [[193.62545776367188]], [[198.50775146484375]], [[206.60496520996094]], [[221.3596954345703]], [[231.27081298828125]], [[241.28257751464844]], [[251.3664093017578]], [[261.57769775390625]], [[271.8760681152344]], [[284.0325622558594]], [[289.2876892089844]], [[303.49847412109375]], [[316.0908203125]], [[325.233154296875]], [[336.34967041015625]], [[345.76025390625]], [[357.18145751953125]], [[370.79510498046875]], [[382.69610595703125]], [[394.7637939453125]], [[405.0484924316406]], [[419.71630859375]], [[443.5429992675781]], [[456.9768981933594]], [[470.68572998046875]], [[489.5210876464844]], [[496.80108642578125]], [[511.550537109375]], [[526.75537109375]], [[547.662109375]], [[555.7316284179688]], [[575.0487670898438]]]}