{"vc": [[0.05872279778122902, 0.0, 0.0], [0.0, 0.0, 0.0], [0.06405896693468094, -0.052055709064006805, 0.052106790244579315], [0.33238670229911804, 0.0, 0.0], [0.0, 0.0, 0.0], [0.0, 0.0, 0.0], [0.0, 0.0008987484616227448, 0.0], [0.0, 0.0, 0.0], [0.0, 0.0, 0.0], [1.0324604511260986, 0.0, 0.0]], "true_y1": [[[0.4006600081920624]], [[57.293365478515625]], [[68.24913024902344]], [[101.99385070800781]], [[135.3503875732422]], [[168.95758056640625]], [[179.41738891601562]], [[224.7825927734375]], [[258.5712585449219]], [[303.98321533203125]], [[337.91937255859375]], [[360.7431640625]], [[383.4765930175781]], [[406.31103515625]], [[464.0082702636719]], [[510.32452392578125]], [[556.8587036132812]], [[615.4028930664062]], [[662.3602905273438]], [[769.669677734375]], [[866.7119750976562]], [[940.4973754882812]], [[1053.86279296875]], [[1105.3861083984375]], [[1197.2890625]], [[1291.8245849609375]], [[1333.175537109375]], [[1432.365234375]], [[1520.3475341796875]], [[1596.263427734375]], [[1722.82763671875]], [[1788.7525634765625]], [[1909.2335205078125]], [[1980.5489501953125]], [[2112.424072265625]], [[2232.65087890625]], [[2359.95166015625]], [[2472.3154296875]], [[2640.572998046875]], [[2850.447265625]], [[2963.336669921875]], [[1.0533000230789185]], [[24.21306800842285]], [[39.62984085083008]], [[62.95344161987305]], [[86.18628692626953]], [[101.53296661376953]], [[125.01022338867188]], [[156.25698852539062]], [[179.60992431640625]], [[211.33114624023438]], [[219.00296020507812]], [[234.92686462402344]], [[282.6240539550781]], [[290.39849853515625]], [[322.298095703125]], [[338.28741455078125]], [[362.36810302734375]], [[394.72894287109375]], [[443.3758239746094]], [[550.3023681640625]], [[583.4857788085938]], [[651.08935546875]], [[702.4034423828125]], [[754.718994140625]], [[807.6102294921875]], [[852.5281982421875]], [[907.5050659179688]], [[954.218994140625]], [[1021.1689453125]], [[1080.0133056640625]], [[1476.231201171875]], [[1538.8575439453125]], [[1630.5289306640625]], [[1713.400634765625]], [[1785.52197265625]], [[1892.478759765625]], [[1.104699969291687]], [[12.469404220581055]], [[29.712841033935547]], [[52.888328552246094]], [[58.50444793701172]], [[81.64471435546875]], [[93.08580017089844]], [[116.44319152832031]], [[127.94699096679688]], [[139.60354614257812]], [[163.0198516845703]], [[186.55661010742188]], [[198.3902130126953]], [[216.023681640625]], [[227.7724151611328]], [[251.6209716796875]], [[275.42138671875]], [[317.3050231933594]], [[329.29852294921875]], [[353.45111083984375]], [[383.814697265625]], [[445.2707214355469]], [[482.5679931640625]], [[532.88720703125]], [[558.541748046875]], [[597.1861572265625]], [[649.5062255859375]], [[682.9468383789062]], [[723.8799438476562]], [[772.3716430664062]], [[807.6473388671875]], [[858.4375]], [[887.775634765625]], [[940.7762451171875]], [[964.043701171875]], [[1044.041015625]], [[1111.172119140625]], [[1190.54736328125]], [[1236.620361328125]], [[0.6033599972724915]], [[25.704580307006836]], [[40.678192138671875]], [[60.760643005371094]], [[70.71018981933594]], [[80.71603393554688]], [[100.77386474609375]], [[115.86526489257812]], [[130.94979858398438]], [[146.04127502441406]], [[161.1698760986328]], [[176.31912231445312]], [[186.41885375976562]], [[206.74081420898438]], [[221.92626953125]], [[247.4568634033203]], [[288.5119934082031]], [[309.1413879394531]], [[329.86639404296875]], [[355.8789367675781]], [[392.5085144042969]], [[418.86859130859375]], [[461.6503601074219]], [[494.1523132324219]], [[510.4124755859375]], [[548.8997802734375]], [[582.380126953125]], [[616.330322265625]], [[651.00927734375]], [[680.2510375976562]], [[721.9740600585938]], [[764.6513061523438]], [[795.7418823242188]], [[840.7015991210938]], [[873.2550048828125]], [[900.0266723632812]], [[948.151611328125]], [[997.8665161132812]], [[1041.9901123046875]], [[1087.66650390625]], [[1126.9849853515625]], [[1167.551513671875]], [[1235.2608642578125]], [[1288.7080078125]], [[1344.4547119140625]], [[0.35506001114845276]], [[20.66381072998047]], [[36.93904113769531]], [[65.45231628417969]], [[89.78103637695312]], [[110.35623168945312]], [[134.8787384033203]], [[155.30584716796875]], [[188.22801208496094]], [[204.63299560546875]], [[229.55258178710938]], [[258.621826171875]], [[292.1650695800781]], [[304.74298095703125]], [[325.8188781738281]], [[347.0086975097656]], [[385.6070861816406]], [[411.5626525878906]], [[442.1905212402344]], [[459.9615478515625]], [[491.16387939453125]], [[522.8914794921875]], [[536.614013671875]], [[573.7022705078125]], [[597.40087890625]], [[626.2421264648438]], [[655.6572265625]], [[685.5195922851562]], [[716.2405395507812]], [[747.4056396484375]], [[768.62451171875]], [[812.3901977539062]], [[840.4920654296875]], [[880.8558349609375]], [[898.8075561523438]], [[953.812744140625]], [[985.7337036132812]], [[1018.2940673828125]], [[1045.365478515625]], [[1123.070556640625]], [[1152.6065673828125]], [[1190.9520263671875]], [[1246.9593505859375]], [[1297.4310302734375]], [[1341.5042724609375]], [[1387.024658203125]], [[1464.562744140625]], [[1536.7845458984375]], [[1614.0416259765625]], [[1648.750244140625]], [[1721.029541015625]], [[1798.1314697265625]], [[1894.4132080078125]], [[1967.871337890625]], [[2045.8258056640625]], [[0.1057400032877922]], [[10.675189971923828]], [[34.51563262939453]], [[45.08230209350586]], [[60.95394515991211]], [[82.22992706298828]], [[95.40773010253906]], [[108.73108673095703]], [[130.0369415283203]], [[143.3502960205078]], [[159.3634796142578]], [[172.79080200195312]], [[191.63262939453125]], [[207.77890014648438]], [[224.0074920654297]], [[245.814453125]], [[259.45233154296875]], [[273.23358154296875]], [[289.8510437011719]], [[309.35174560546875]], [[326.245361328125]], [[343.20208740234375]], [[360.43878173828125]], [[369.0549011230469]], [[386.549072265625]], [[407.10736083984375]], [[425.0346374511719]], [[446.2252197265625]], [[461.5736999511719]], [[483.365234375]], [[492.9139709472656]], [[515.3045043945312]], [[538.2047729492188]], [[554.90478515625]], [[582.284423828125]], [[596.1580810546875]], [[617.46240234375]], [[639.2728881835938]], [[665.4313354492188]], [[688.4725341796875]], [[704.2210693359375]], [[744.8079223632812]], [[765.9432983398438]], [[809.7587890625]], [[814.2693481445312]], [[846.5823364257812]], [[900.2720947265625]], [[915.5426025390625]], [[957.6469116210938]], [[990.7256469726562]], [[1019.4784545898438]], [[1049.1412353515625]], [[1098.901123046875]], [[0.05844400078058243]], [[9.722280502319336]], [[14.550968170166016]], [[25.82309341430664]], [[38.71944808959961]], [[46.799781799316406]], [[56.497108459472656]], [[62.95638656616211]], [[77.48538208007812]], [[83.9701156616211]], [[95.3076171875]], [[101.79185485839844]], [[116.43287658691406]], [[121.26329803466797]], [[134.37557983398438]], [[142.54273986816406]], [[152.3785858154297]], [[170.54574584960938]], [[180.49166870117188]], [[190.4943084716797]], [[202.2071533203125]], [[207.28797912597656]], [[215.71063232421875]], [[231.0452117919922]], [[241.33544921875]], [[251.7210235595703]], [[262.1714172363281]], [[272.7430725097656]], [[283.3932189941406]], [[295.9490051269531]], [[301.37115478515625]], [[316.01593017578125]], [[328.9702453613281]], [[338.3614501953125]], [[349.76422119140625]], [[359.4026184082031]], [[371.0819091796875]], [[384.9759826660156]], [[397.09716796875]], [[409.3637390136719]], [[419.7981262207031]], [[434.647216796875]], [[458.68572998046875]], [[472.19305419921875]], [[485.94207763671875]], [[504.77471923828125]], [[512.0355834960938]], [[526.7151489257812]], [[541.8041381835938]], [[562.478759765625]], [[570.4361572265625]], [[589.4337768554688]]]}