{"vc": [[0.02971276082098484, 0.0, 0.0], [0.0, 0.0, 0.0], [0.050693463534116745, -0.051445361226797104, 0.051511142402887344], [0.2689315378665924, 0.0, 0.0], [0.0, 0.0, 0.0], [0.0, 0.0, 0.0], [0.0, 0.0011336375027894974, 0.0], [0.0, 0.0, 0.0], [0.0, 0.0, 0.0], [0.9678369760513306, 0.0, 0.0]], "true_y1": [[[0.4006600081920624]], [[53.61029052734375]], [[63.85680389404297]], [[95.41709899902344]], [[126.61474609375]], [[158.04763793945312]], [[167.83096313476562]], [[210.26409912109375]], [[241.8716278076172]], [[284.3573303222656]], [[316.11181640625]], [[337.4713439941406]], [[358.7491455078125]], [[380.12469482421875]], [[434.1526184082031]], [[477.54461669921875]], [[521.1640625]], [[576.0808715820312]], [[620.1663818359375]], [[721.066650390625]], [[812.5396728515625]], [[882.265869140625]], [[989.7448120117188]], [[1038.75146484375]], [[1126.442138671875]], [[1217.0509033203125]], [[1256.82421875]], [[1352.602294921875]], [[1438.0255126953125]], [[1512.1072998046875]], [[1636.4263916015625]], [[1701.6009521484375]], [[1821.4814453125]], [[1892.9227294921875]], [[2025.9969482421875]], [[2148.4296875]], [[2279.23974609375]], [[2395.712158203125]], [[2571.902587890625]], [[2794.66162109375]], [[2915.84814453125]], [[1.0533000230789185]], [[22.70207405090332]], [[37.11290740966797]], [[58.9145393371582]], [[80.63131713867188]], [[94.97661590576172]], [[116.92224884033203]], [[146.13143920898438]], [[167.96267700195312]], [[197.61920166015625]], [[204.7921600341797]], [[219.681396484375]], [[264.28704833984375]], [[271.55889892578125]], [[301.4010009765625]], [[316.36224365234375]], [[338.8993225097656]], [[369.19598388671875]], [[414.7662048339844]], [[515.0772094726562]], [[546.2594604492188]], [[609.880859375]], [[658.27001953125]], [[707.7034912109375]], [[757.7957763671875]], [[800.436767578125]], [[852.7634887695312]], [[897.3533325195312]], [[961.4804077148438]], [[1018.0748291015625]], [[1405.734619140625]], [[1468.1796875]], [[1560.2064208984375]], [[1644.0462646484375]], [[1717.5174560546875]], [[1827.3546142578125]], [[1.104699969291687]], [[11.72272777557373]], [[27.83309555053711]], [[49.4854850769043]], [[54.73249053955078]], [[76.35189819335938]], [[87.0411148071289]], [[108.86390686035156]], [[119.61219787597656]], [[130.5034942626953]], [[152.3836212158203]], [[174.3783721923828]], [[185.4376983642578]], [[201.91893005371094]], [[212.901123046875]], [[235.19708251953125]], [[257.4533996582031]], [[296.6360778808594]], [[307.8607177734375]], [[330.4721374511719]], [[358.9136962890625]], [[416.5434875488281]], [[451.56915283203125]], [[498.896728515625]], [[523.062744140625]], [[559.5175170898438]], [[608.9852905273438]], [[640.677734375]], [[679.558349609375]], [[725.7534790039062]], [[759.4575805664062]], [[808.1422119140625]], [[836.3534545898438]], [[887.4937133789062]], [[910.0186767578125]], [[987.826904296875]], [[1053.5770263671875]], [[1131.884765625]], [[1177.629150390625]], [[0.6033599972724915]], [[24.050355911254883]], [[38.03707504272461]], [[56.79590606689453]], [[66.08973693847656]], [[75.43622589111328]], [[94.17263793945312]], [[108.27027893066406]], [[122.36209106445312]], [[136.46115112304688]], [[150.5958709716797]], [[164.7510986328125]], [[174.1889190673828]], [[193.18133544921875]], [[207.37564086914062]], [[231.24533081054688]], [[269.64764404296875]], [[288.9544372558594]], [[308.35906982421875]], [[332.7279052734375]], [[367.0726013183594]], [[391.8132629394531]], [[432.0184631347656]], [[462.6119079589844]], [[477.9349670410156]], [[514.255859375]], [[545.9163208007812]], [[578.0887451171875]], [[611.0283203125]], [[638.8681030273438]], [[678.700927734375]], [[719.5883178710938]], [[749.4723510742188]], [[792.8409423828125]], [[824.361083984375]], [[850.36083984375]], [[897.2813110351562]], [[946.0084228515625]], [[989.481689453125]], [[1034.7158203125]], [[1073.84619140625]], [[1114.4091796875]], [[1182.551025390625]], [[1236.73291015625]], [[1293.6207275390625]], [[0.35506001114845276]], [[19.318313598632812]], [[34.51521301269531]], [[61.13947677612305]], [[83.85710906982422]], [[103.07086181640625]], [[125.97286224365234]], [[145.05267333984375]], [[175.810546875]], [[191.14137268066406]], [[214.43634033203125]], [[241.62368774414062]], [[273.0177001953125]], [[284.7970275878906]], [[304.5451354980469]], [[324.41448974609375]], [[360.6507263183594]], [[385.0538330078125]], [[413.8924865722656]], [[430.64874267578125]], [[460.11505126953125]], [[490.1426696777344]], [[503.1520080566406]], [[538.384521484375]], [[560.955810546875]], [[588.4911499023438]], [[616.6533203125]], [[645.330078125]], [[674.9268188476562]], [[705.0552978515625]], [[725.6305541992188]], [[768.2340698242188]], [[795.711181640625]], [[835.3499755859375]], [[853.046142578125]], [[907.5313720703125]], [[939.3364868164062]], [[971.9223022460938]], [[999.1268310546875]], [[1077.7867431640625]], [[1107.9112548828125]], [[1147.2080078125]], [[1204.98681640625]], [[1257.445068359375]], [[1303.5560302734375]], [[1351.4779052734375]], [[1433.799560546875]], [[1511.25927734375]], [[1594.9493408203125]], [[1632.8255615234375]], [[1712.24951171875]], [[1797.7830810546875]], [[1905.7559814453125]], [[1988.9923095703125]], [[2078.126953125]], [[0.1057400032877922]], [[9.96562671661377]], [[32.205589294433594]], [[42.06299591064453]], [[56.86962127685547]], [[76.71912384033203]], [[89.0145034790039]], [[101.44692993164062]], [[121.33159637451172]], [[133.759765625]], [[148.71200561523438]], [[161.2534942626953]], [[178.85928344726562]], [[193.95407104492188]], [[209.13426208496094]], [[229.54803466796875]], [[242.32504272460938]], [[255.24551391601562]], [[270.8385314941406]], [[289.1579284667969]], [[305.0483703613281]], [[321.0188903808594]], [[337.2762145996094]], [[345.412109375]], [[361.9515686035156]], [[381.425048828125]], [[398.4414367675781]], [[418.6004638671875]], [[433.23406982421875]], [[454.05999755859375]], [[463.2046203613281]], [[484.6950378417969]], [[506.7464599609375]], [[522.8751831054688]], [[549.4090576171875]], [[562.8986206054688]], [[583.6731567382812]], [[605.0186767578125]], [[630.7255249023438]], [[653.4672241210938]], [[669.0651245117188]], [[709.4702758789062]], [[730.6309814453125]], [[774.7656860351562]], [[779.3297729492188]], [[812.139892578125]], [[867.1010131835938]], [[882.8353881835938]], [[926.45458984375]], [[960.966796875]], [[991.1397094726562]], [[1022.4371337890625]], [[1075.325439453125]], [[0.05844400078058243]], [[9.060503005981445]], [[13.558523178100586]], [[24.058773040771484]], [[36.07223892211914]], [[43.59962463378906]], [[52.63374710083008]], [[58.65160369873047]], [[72.1890640258789]], [[78.2320327758789]], [[88.79869842529297]], [[94.84312438964844]], [[108.49451446533203]], [[112.99966430664062]], [[125.23265075683594]], [[132.85520935058594]], [[142.03880310058594]], [[159.01332092285156]], [[168.3140106201172]], [[177.67401123046875]], [[188.6431884765625]], [[193.40463256835938]], [[201.30245971679688]], [[215.69752502441406]], [[225.36990356445312]], [[235.14305114746094]], [[244.98931884765625]], [[254.96302795410156]], [[265.0250549316406]], [[276.9070129394531]], [[282.0450134277344]], [[295.94415283203125]], [[308.2667236328125]], [[317.2171325683594]], [[328.10491943359375]], [[337.32598876953125]], [[348.5224914550781]], [[361.8760681152344]], [[373.5569152832031]], [[385.40838623046875]], [[395.5145568847656]], [[409.9371337890625]], [[433.3895263671875]], [[446.6258544921875]], [[460.1433410644531]], [[478.73291015625]], [[485.92327880859375]], [[500.5003967285156]], [[515.5406494140625]], [[536.2429809570312]], [[544.240478515625]], [[563.4005737304688]]]}