{"vc": [[-0.10316439718008041, -0.15732058882713318, 0.1571010798215866], [-0.19889968633651733, -2.404655933380127, 2.40454363822937], [-0.03673822060227394, -0.024293163791298866, 0.024197030812501907], [-0.05675088241696358, -0.15476946532726288, 0.15438735485076904], [-0.0725669413805008, -0.0027481024153530598, 0.002730596112087369], [-0.06394870579242706, 0.03488989174365997, -0.03492480888962746], [-0.1984366774559021, 0.5772698521614075, -0.5775637030601501], [0.002434304915368557, 0.0021827705204486847, -0.002268366049975157], [0.0629555881023407, 0.0580209456384182, -0.05816324055194855], [-0.007623170502483845, 0.04588016867637634, -0.04617326706647873]], "true_y1": [[[0.4006600081920624]], [[0.08183088898658752]], [[0.07712230831384659]], [[0.1301155686378479]], [[0.25064703822135925]], [[0.41195517778396606]], [[0.46705910563468933]], [[0.7174431681632996]], [[0.9031740427017212]], [[1.1338549852371216]], [[1.283992052078247]], [[1.3721346855163574]], [[1.4490424394607544]], [[1.5152318477630615]], [[1.6349071264266968]], [[1.6868491172790527]], [[1.7067043781280518]], [[1.6966990232467651]], [[1.6687026023864746]], [[1.5673072338104248]], [[1.4595444202423096]], [[1.3785626888275146]], [[1.2640546560287476]], [[1.217157006263733]], [[1.141656756401062]], [[1.0742782354354858]], [[1.0477900505065918]], [[0.990794837474823]], [[0.9470252394676208]], [[0.913629412651062]], [[0.8654859662055969]], [[0.8435713648796082]], [[0.8081509470939636]], [[0.7896071076393127]], [[0.7592608332633972]], [[0.7353342175483704]], [[0.7131814360618591]], [[0.6958957314491272]], [[0.6732843518257141]], [[0.6494954824447632]], [[0.6383395791053772]], [[1.0533000230789185]], [[0.7781767845153809]], [[0.6948255300521851]], [[0.6626585125923157]], [[0.7012053728103638]], [[0.7500645518302917]], [[0.8451290130615234]], [[0.9873648285865784]], [[1.0927045345306396]], [[1.2226004600524902]], [[1.2508211135864258]], [[1.3048291206359863]], [[1.427553415298462]], [[1.442049503326416]], [[1.4865013360977173]], [[1.5004057884216309]], [[1.5120952129364014]], [[1.5129185914993286]], [[1.4898751974105835]], [[1.3829412460327148]], [[1.3443825244903564]], [[1.2654740810394287]], [[1.2083168029785156]], [[1.1540042161941528]], [[1.1037116050720215]], [[1.064704418182373]], [[1.0214015245437622]], [[0.9881852269172668]], [[0.9457409381866455]], [[0.9128813743591309]], [[0.7644863724708557]], [[0.7494608759880066]], [[0.7298160791397095]], [[0.7141388654708862]], [[0.70187908411026]], [[0.6857235431671143]], [[1.104699969291687]], [[0.9231884479522705]], [[0.7662553191184998]], [[0.6957772970199585]], [[0.6944631934165955]], [[0.7291839718818665]], [[0.7623826265335083]], [[0.8467111587524414]], [[0.891941487789154]], [[0.9380410313606262]], [[1.0268492698669434]], [[1.105851173400879]], [[1.140511155128479]], [[1.1852760314941406]], [[1.2104499340057373]], [[1.2503758668899536]], [[1.276326060295105]], [[1.293582797050476]], [[1.2930845022201538]], [[1.2863128185272217]], [[1.2691988945007324]], [[1.2164984941482544]], [[1.1790122985839844]], [[1.1271440982818604]], [[1.1012455224990845]], [[1.0637562274932861]], [[1.0167512893676758]], [[0.9892072677612305]], [[0.9581581950187683]], [[0.9250132441520691]], [[0.9032102227210999]], [[0.874913215637207]], [[0.860082745552063]], [[0.8357928395271301]], [[0.8260539770126343]], [[0.7962958812713623]], [[0.7751325964927673]], [[0.7537459135055542]], [[0.7428490519523621]], [[0.6033599972724915]], [[0.3389562666416168]], [[0.2791598439216614]], [[0.2669536769390106]], [[0.2806035578250885]], [[0.30363407731056213]], [[0.36950457096099854]], [[0.43002942204475403]], [[0.49534571170806885]], [[0.5624171495437622]], [[0.6289980411529541]], [[0.6931921243667603]], [[0.7339297533035278]], [[0.8095874190330505]], [[0.8598687648773193]], [[0.9313997626304626]], [[1.012544870376587]], [[1.038952112197876]], [[1.0571235418319702]], [[1.0698211193084717]], [[1.0726147890090942]], [[1.0665283203125]], [[1.0471014976501465]], [[1.0274815559387207]], [[1.0167618989944458]], [[0.9902061223983765]], [[0.9667782783508301]], [[0.9435065984725952]], [[0.9207285642623901]], [[0.9025163054466248]], [[0.878279447555542]], [[0.8556750416755676]], [[0.8405697345733643]], [[0.8206429481506348]], [[0.8075331449508667]], [[0.7975180745124817]], [[0.7811048626899719]], [[0.7660719752311707]], [[0.7541656494140625]], [[0.7430874705314636]], [[0.7344503402709961]], [[0.7263129949569702]], [[0.7142571210861206]], [[0.7059019207954407]], [[0.6981165409088135]], [[0.35506001114845276]], [[0.1382967084646225]], [[0.06280849874019623]], [[0.05006510019302368]], [[0.10683688521385193]], [[0.18032513558864594]], [[0.28253746032714844]], [[0.371390700340271]], [[0.5087920427322388]], [[0.5710486769676208]], [[0.6548497676849365]], [[0.734449028968811]], [[0.8020287752151489]], [[0.8211484551429749]], [[0.8463854193687439]], [[0.8641441464424133]], [[0.8806084990501404]], [[0.8828842043876648]], [[0.8791430592536926]], [[0.874644935131073]], [[0.8639159202575684]], [[0.8506466150283813]], [[0.8444805145263672]], [[0.8272467255592346]], [[0.8161659240722656]], [[0.8029288649559021]], [[0.7899226546287537]], [[0.7773751020431519]], [[0.7652395367622375]], [[0.7537621259689331]], [[0.7464272975921631]], [[0.7324849367141724]], [[0.7243328094482422]], [[0.7136335968971252]], [[0.7092316150665283]], [[0.6969778537750244]], [[0.6906399130821228]], [[0.6846948862075806]], [[0.6801167726516724]], [[0.6685794591903687]], [[0.6647390127182007]], [[0.6601393222808838]], [[0.6541149020195007]], [[0.6492987275123596]], [[0.6455042362213135]], [[0.6419380307197571]], [[0.6365727782249451]], [[0.6322525143623352]], [[0.6282263994216919]], [[0.6265895366668701]], [[0.6234760880470276]], [[0.6205371618270874]], [[0.6173292994499207]], [[0.615171492099762]], [[0.6131131649017334]], [[0.1057400032877922]], [[-0.02389567345380783]], [[-0.1680835783481598]], [[-0.1908254623413086]], [[-0.1954752653837204]], [[-0.16480009257793427]], [[-0.13205835223197937]], [[-0.09193240106105804]], [[-0.018470220267772675]], [[0.030636433511972427]], [[0.09076209366321564]], [[0.14080777764320374]], [[0.20868611335754395]], [[0.26338085532188416]], [[0.31419187784194946]], [[0.37492722272872925]], [[0.40824970602989197]], [[0.43824610114097595]], [[0.46962395310401917]], [[0.5001406073570251]], [[0.5215436220169067]], [[0.5388364791870117]], [[0.5526390075683594]], [[0.5582771897315979]], [[0.5674673318862915]], [[0.574965238571167]], [[0.5791327357292175]], [[0.5818101167678833]], [[0.5825443267822266]], [[0.5822538733482361]], [[0.5817351341247559]], [[0.5798125267028809]], [[0.5770952701568604]], [[0.5747933387756348]], [[0.5706684589385986]], [[0.5684853792190552]], [[0.5650888681411743]], [[0.5616209506988525]], [[0.5575494766235352]], [[0.5540889501571655]], [[0.5518063306808472]], [[0.5462684631347656]], [[0.543590247631073]], [[0.5384837985038757]], [[0.5379914045333862]], [[0.534636914730072]], [[0.5296890735626221]], [[0.5284124612808228]], [[0.5251615643501282]], [[0.522860050201416]], [[0.5210212469100952]], [[0.5192670822143555]], [[0.5166144967079163]], [[0.05844400078058243]], [[-0.07521659880876541]], [[-0.12363708019256592]], [[-0.202484130859375]], [[-0.2511374354362488]], [[-0.2661229372024536]], [[-0.27285218238830566]], [[-0.2720501720905304]], [[-0.25883379578590393]], [[-0.24903257191181183]], [[-0.22764194011688232]], [[-0.2134770005941391]], [[-0.17772799730300903]], [[-0.16506753861904144]], [[-0.1292555034160614]], [[-0.1062445268034935]], [[-0.0781988799571991]], [[-0.026531167328357697]], [[0.0011424589902162552]], [[0.02821286767721176]], [[0.05866442248225212]], [[0.07139024138450623]], [[0.09177584946155548]], [[0.12643761932849884]], [[0.14782018959522247]], [[0.1678285300731659]], [[0.18636485934257507]], [[0.2035115659236908]], [[0.2192029058933258]], [[0.23575566709041595]], [[0.24228447675704956]], [[0.2581721246242523]], [[0.2702609896659851]], 