{"vc": [[0.07503503561019897, 0.0, 0.0], [0.0, 0.0, 0.0], [0.0716351643204689, -0.051977284252643585, 0.05184287205338478], [0.3677588105201721, 0.0, 0.0], [0.0, 0.0, 0.0], [0.0, 0.0, 0.0], [0.0, 0.0010793755063787103, 0.0], [0.0, 0.0, 0.0], [0.0, 0.0, 0.0], [1.0686347484588623, 0.0, 0.0]], "true_y1": [[[0.4006600081920624]], [[59.35462188720703]], [[70.70738220214844]], [[105.67529296875]], [[140.24195861816406]], [[175.07009887695312]], [[185.910400390625]], [[232.92947387695312]], [[267.9550476074219]], [[315.0387878417969]], [[350.2333068847656]], [[373.9087219238281]], [[397.4953308105469]], [[421.1922607421875]], [[481.09783935546875]], [[529.2228393554688]], [[577.6134033203125]], [[638.559326171875]], [[687.5054931640625]], [[799.6136474609375]], [[901.3676147460938]], [[979.0218505859375]], [[1098.9013671875]], [[1153.64306640625]], [[1251.735107421875]], [[1353.294677734375]], [[1397.944580078125]], [[1505.650390625]], [[1601.94189453125]], [[1685.632568359375]], [[1826.4744873046875]], [[1900.5157470703125]], [[2037.08056640625]], [[2118.698974609375]], [[2271.2001953125]], [[2412.04833984375]], [[2563.10595703125]], [[2698.100830078125]], [[2903.18359375]], [[3163.947509765625]], [[3306.48681640625]], [[1.0533000230789185]], [[25.05857276916504]], [[41.03813552856445]], [[65.2132339477539]], [[89.29456329345703]], [[105.20203399658203]], [[129.53797912597656]], [[161.9298095703125]], [[186.14089965820312]], [[219.03231811523438]], [[226.98809814453125]], [[243.50283813476562]], [[292.98370361328125]], [[301.05120849609375]], [[334.1617431640625]], [[350.763671875]], [[375.7751770019531]], [[409.4044494628906]], [[460.0030517578125]], [[571.4668579101562]], [[606.1448974609375]], [[676.9502563476562]], [[730.8556518554688]], [[785.97705078125]], [[841.8930053710938]], [[889.5430908203125]], [[948.0869140625]], [[998.0396728515625]], [[1069.9915771484375]], [[1133.6080322265625]], [[1572.670654296875]], [[1643.9766845703125]], [[1749.367431640625]], [[1845.70068359375]], [[1930.3701171875]], [[2057.381591796875]], [[1.104699969291687]], [[12.887218475341797]], [[30.764514923095703]], [[54.791908264160156]], [[60.614505767822266]], [[84.60586547851562]], [[96.46807098388672]], [[120.68624877929688]], [[132.6147003173828]], [[144.70216369628906]], [[168.98646545410156]], [[193.39976501464844]], [[205.6759796142578]], [[223.97183227539062]], [[236.16403198242188]], [[260.9189147949219]], [[285.63336181640625]], [[329.154052734375]], [[341.6242370605469]], [[366.74908447265625]], [[398.361328125]], [[462.4526672363281]], [[501.43389892578125]], [[554.1466064453125]], [[581.082275390625]], [[621.7433471679688]], [[676.9783935546875]], [[712.4050903320312]], [[755.912353515625]], [[807.67431640625]], [[845.4908447265625]], [[900.1959838867188]], [[931.9412231445312]], [[989.5763549804688]], [[1014.9993896484375]], [[1103.0009765625]], [[1177.593017578125]], [[1266.71337890625]], [[1318.9188232421875]], [[0.6033599972724915]], [[26.630170822143555]], [[42.15593719482422]], [[62.979164123535156]], [[73.2959213256836]], [[83.67124938964844]], [[104.47059631347656]], [[120.1209487915039]], [[135.76539611816406]], [[151.41854858398438]], [[167.11209106445312]], [[182.82931518554688]], [[193.30917358398438]], [[214.40017700195312]], [[230.1645050048828]], [[256.677978515625]], [[299.34515380859375]], [[320.8024597167969]], [[342.3735046386719]], [[369.4709167480469]], [[407.6782531738281]], [[435.2154541015625]], [[479.99395751953125]], [[514.0941772460938]], [[531.1832275390625]], [[571.7178344726562]], [[607.085693359375]], [[643.0610961914062]], [[679.934326171875]], [[711.13232421875]], [[755.8268432617188]], [[801.7782592773438]], [[835.4131469726562]], [[884.3031005859375]], [[919.896240234375]], [[949.2947998046875]], [[1002.4411010742188]], [[1057.7623291015625]], [[1107.23193359375]], [[1158.820556640625]], [[1203.5440673828125]], [[1249.999755859375]], [[1328.2593994140625]], [[1390.6826171875]], [[1456.4102783203125]], [[0.35506001114845276]], [[21.41668128967285]], [[38.29530334472656]], [[67.86641693115234]], [[93.09945678710938]], [[114.44171905517578]], [[139.8826446533203]], [[161.07965087890625]], [[195.25563049316406]], [[212.29306030273438]], [[238.1857452392578]], [[268.4131164550781]], [[303.3310546875]], [[316.4369201660156]], [[338.4149475097656]], [[360.5362243652344]], [[400.9037170410156]], [[428.1089782714844]], [[460.28253173828125]], [[478.9891662597656]], [[511.9097900390625]], [[545.4923095703125]], [[560.053466796875]], [[599.5264282226562]], [[624.8449096679688]], [[655.7658081054688]], [[687.4314575195312]], [[719.7200317382812]], [[753.0933837890625]], [[787.1192016601562]], [[810.3875732421875]], [[858.6513671875]], [[889.8404541015625]], [[934.9210205078125]], [[955.0802001953125]], [[1017.28125]], [[1053.6837158203125]], [[1091.0517578125]], [[1122.3048095703125]], [[1212.958740234375]], [[1247.7899169921875]], [[1293.3204345703125]], [[1360.45751953125]], [[1421.609375]], [[1475.515625]], [[1531.689453125]], [[1628.5404052734375]], [[1720.0728759765625]], [[1819.396484375]], [[1864.491943359375]], [[1959.3402099609375]], [[2061.910400390625]], [[2192.00537109375]], [[2292.754150390625]], [[2401.0751953125]], [[0.1057400032877922]], [[11.072229385375977]], [[35.808441162109375]], [[46.77244567871094]], [[63.241676330566406]], [[85.32117462158203]], [[98.99881744384766]], [[112.82987976074219]], [[134.95413208007812]], [[148.78408813476562]], [[165.42529296875]], [[179.38589477539062]], [[198.98828125]], [[215.7996826171875]], [[232.71131896972656]], [[255.46275329589844]], [[269.708984375]], [[284.1204528808594]], [[301.5206298828125]], [[321.9749450683594]], [[339.728515625]], [[357.5830383300781]], [[375.7708740234375]], [[384.8779602050781]], [[403.40283203125]], [[425.2339172363281]], [[444.3292236328125]], [[466.97509765625]], [[483.4310607910156]], [[506.87646484375]], [[517.1812744140625]], [[541.4229736328125]], [[566.3348999023438]], [[584.5806274414062]], [[614.6441650390625]], [[629.9510498046875]], [[653.5552978515625]], [[677.8480224609375]], [[707.1586303710938]], [[733.138671875]], [[750.9852905273438]], [[797.3211059570312]], [[821.6489868164062]], [[872.5256958007812]], [[877.7974853515625]], [[915.7534790039062]], [[979.562744140625]], [[997.8826293945312]], [[1048.79052734375]], [[1089.1949462890625]], [[1124.609130859375]], [[1161.4310302734375]], [[1223.855712890625]], [[0.05844400078058243]], [[10.092550277709961]], [[15.106264114379883]], [[26.810457229614258]], [[40.2016716003418]], [[48.59259033203125]], [[58.66347885131836]], [[65.37224578857422]], [[80.46505737304688]], [[87.20292663574219]], [[98.98582458496094]], [[105.72671508789062]], [[120.95347595214844]], [[125.97933959960938]], [[139.628662109375]], [[148.1357421875]], [[158.3872833251953]], [[177.34326171875]], [[187.7343292236328]], [[198.19540405273438]], [[210.460205078125]], [[215.78594970703125]], [[224.62246704101562]], [[240.73764038085938]], [[251.57301330566406]], [[262.527587890625]], [[273.5709533691406]], [[284.7646179199219]], [[296.0653381347656]], [[309.42083740234375]], [[315.1997985839844]], [[330.8447265625]], [[344.730224609375]], [[354.8251647949219]], [[367.1161804199219]], [[377.53533935546875]], [[390.1988525390625]], [[405.3201599121094]], [[418.5638732910156]], [[432.0173034667969]], [[443.502685546875]], [[459.91497802734375]], [[486.6578369140625]], [[501.7820129394531]], [[517.2506713867188]], [[538.5623779296875]], [[546.8178100585938]], [[563.5751953125]], [[580.8945922851562]], [[604.7835693359375]], [[614.0274658203125]], [[636.2086791992188]]]}