{"vc": [[-0.06598594784736633, 0.0, 0.0], [0.0, -1.590916633605957, 1.5917797088623047], [-0.008673151023685932, 0.09161947667598724, -0.09137839823961258], [-0.1719742864370346, 0.0, 0.0], [0.0, 0.0, 0.0], [0.0, 0.0, 0.0], [0.0, 0.6166787147521973, -0.6164690852165222], [0.0, 0.0, 0.0], [0.0, 0.0, 0.0], [0.029383989050984383, 0.0, 0.0]], "true_y1": [[[0.4006600081920624]], [[1.4345165491104126]], [[1.6088740825653076]], [[2.081531286239624]], [[2.45003604888916]], [[2.728170394897461]], [[2.7976675033569336]], [[3.020890235900879]], [[3.120882034301758]], [[3.192702531814575]], [[3.2135369777679443]], [[3.2163829803466797]], [[3.212463855743408]], [[3.2032134532928467]], [[3.1634466648101807]], [[3.120973825454712]], [[3.073254346847534]], [[3.0096657276153564]], [[2.957521677017212]], [[2.8386175632476807]], [[2.7338287830352783]], [[2.656553268432617]], [[2.542153835296631]], [[2.491909980773926]], [[2.4050004482269287]], [[2.319211721420288]], [[2.2828333377838135]], [[2.19840407371521]], [[2.126840591430664]], [[2.067580461502075]], [[1.9738279581069946]], [[1.9274425506591797]], [[1.8468776941299438]], [[1.801676869392395]], [[1.722759485244751]], [[1.6558388471603394]], [[1.589882731437683]], [[1.5355879068374634]], [[1.4606363773345947]], [[1.3768024444580078]], [[1.335701584815979]], [[1.0533000230789185]], [[1.4333016872406006]], [[1.6538915634155273]], [[1.9359458684921265]], [[2.1570277214050293]], [[2.2730472087860107]], [[2.410125732421875]], [[2.5299744606018066]], [[2.5832149982452393]], [[2.619044065475464]], [[2.6227705478668213]], [[2.6256091594696045]], [[2.604442834854126]], [[2.597899913787842]], [[2.5649657249450684]], [[2.545609474182129]], [[2.513934850692749]], [[2.46805739402771]], [[2.3951070308685303]], [[2.2307090759277344]], [[2.180291175842285]], [[2.0796985626220703]], [[2.005553722381592]], [[1.9320753812789917]], [[1.8600168228149414]], [[1.8005996942520142]], [[1.7301101684570312]], [[1.672149419784546]], [[1.592177152633667]], [[1.5248916149139404]], [[1.1431514024734497]], [[1.0936373472213745]], [[1.0260833501815796]], [[0.9698302149772644]], [[0.9244115352630615]], [[0.8627698421478271]], [[1.104699969291687]], [[1.275563359260559]], [[1.5023586750030518]], [[1.7452553510665894]], [[1.7938936948776245]], [[1.9562557935714722]], [[2.0161750316619873]], [[2.103680372238159]], [[2.1322543621063232]], [[2.1530847549438477]], [[2.1745896339416504]], [[2.175050735473633]], [[2.1692075729370117]], [[2.154672384262085]], [[2.1418328285217285]], [[2.1098453998565674]], [[2.0721123218536377]], [[1.9970728158950806]], [[1.9743289947509766]], [[1.9275587797164917]], [[1.8677185773849487]], [[1.7461092472076416]], [[1.6732844114303589]], [[1.5771790742874146]], [[1.5293048620224]], [[1.4587609767913818]], [[1.3664246797561646]], [[1.3093899488449097]], [[1.2417340278625488]], [[1.1647117137908936]], [[1.1108407974243164]], [[1.036507487297058]], [[0.9953194856643677]], [[0.9241765737533569]], [[0.8942751884460449]], [[0.7976610660552979]], [[0.7239494919776917]], [[0.6453400254249573]], [[0.6038792729377747]], [[0.6033599972724915]], [[0.9481955766677856]], [[1.1241302490234375]], [[1.321818470954895]], [[1.4035744667053223]], [[1.4754103422164917]], [[1.590252161026001]], [[1.6536375284194946]], [[1.6999446153640747]], [[1.7316313982009888]], [[1.7509669065475464]], [[1.7599128484725952]], [[1.7609875202178955]], [[1.7534176111221313]], [[1.7408403158187866]], [[1.7096401453018188]], [[1.641505241394043]], [[1.6019330024719238]], [[1.559926152229309]], [[1.5050841569900513]], [[1.425646424293518]], [[1.3678418397903442]], [[1.2742305994033813]], [[1.2039744853973389]], [[1.169248342514038]], [[1.0884252786636353]], [[1.0199018716812134]], [[0.9523013830184937]], [[0.8853532075881958]], [[0.830641508102417]], [[0.7554585337638855]], [[0.6822007894515991]], [[0.6312316060066223]], [[0.5612080693244934]], [[0.5132870674133301]], [[0.47566044330596924]], [[0.41213658452033997]], [[0.35215288400650024]], [[0.3037802577018738]], [[0.25856563448905945]], [[0.2236185520887375]], [[0.19141270220279694]], [[0.14630986750125885]], [[0.11823652684688568]], [[0.09585334360599518]], [[0.35506001114845276]], [[0.6127289533615112]], [[0.7957825660705566]], [[1.055058240890503]], [[1.2123830318450928]], [[1.3033429384231567]], [[1.3691914081573486]], [[1.3954228162765503]], [[1.3968971967697144]], [[1.3836302757263184]], [[1.3507686853408813]], [[1.2985183000564575]], [[1.2261667251586914]], [[1.1968237161636353]], [[1.1458343267440796]], [[1.092947006225586]], [[0.9943447113037109]], [[0.9274500012397766]], [[0.8487603664398193]], [[0.803465723991394]], [[0.724932074546814]], [[0.6467366218566895]], [[0.6135236620903015]], [[0.5258338451385498]], [[0.47153282165527344]], [[0.4074336290359497]], [[0.3444601893424988]], [[0.2831735610961914]], [[0.22307518124580383]], [[0.16534128785133362]], [[0.12798777222633362]], [[0.05621495097875595]], [[0.014059171080589294]], [[-0.04080813750624657]], [[-0.06296931207180023]], [[-0.12185085564851761]], [[-0.14952346682548523]], [[-0.17262974381446838]], [[-0.1878015249967575]], [[-0.2104334533214569]], [[-0.21080270409584045]], [[-0.20455478131771088]], [[-0.18213142454624176]], [[-0.1491570621728897]], [[-0.11135882884263992]], [[-0.06456802785396576]], [[0.02971702814102173]], [[0.12889395654201508]], [[0.24066871404647827]], [[0.2911861836910248]], [[0.39429613947868347]], [[0.49813491106033325]], [[0.615006685256958]], [[0.6931878328323364]], [[0.7654854655265808]], [[0.1057400032877922]], [[0.20609349012374878]], [[0.4141225814819336]], [[0.49465638399124146]], [[0.5990998148918152]], [[0.7058837413787842]], [[0.753118097782135]], [[0.7871252298355103]], [[0.8158416748046875]], [[0.8199098110198975]], [[0.8129895329475403]], [[0.7987808585166931]], [[0.7682905793190002]], [[0.7342560291290283]], [[0.6942594647407532]], [[0.633479118347168]], [[0.5923120975494385]], [[0.5488157272338867]], [[0.49438267946243286]], [[0.42844781279563904]], [[0.3700661063194275]], [[0.31069308519363403]], [[0.24986886978149414]], [[0.2193729281425476]], [[0.15741826593875885]], [[0.08479013293981552]], [[0.021831698715686798]], [[-0.051899366080760956]], [[-0.10471019893884659]], [[-0.17865833640098572]], [[-0.21063154935836792]], [[-0.2844518721103668]], [[-0.3581002354621887]], [[-0.41049593687057495]], [[-0.4937325716018677]], [[-0.5345252752304077]], [[-0.595164954662323]], [[-0.6544881463050842]], [[-0.7214941382408142]], [[-0.7762585878372192]], [[-0.8110960125923157]], [[-0.8894752264022827]], [[-0.9226440191268921]], [[-0.9705281257629395]], [[-0.973609447479248]], [[-0.983810305595398]], [[-0.9462006688117981]], [[-0.9209285974502563]], [[-0.8134289979934692]], [[-0.6883937120437622]], [[-0.5515251159667969]], [[-0.38610076904296875]], [[-0.06916305422782898]], [[0.05844400078058243]], [[0.09797711670398712]], [[0.11695091426372528]], [[0.15854483842849731]], [[0.2003801017999649]], [[0.2229183316230774]], [[0.24585339426994324]], [[0.25852498412132263]], [[0.2792215943336487]], [[0.28497380018234253]], [[0.28998908400535583]], [[0.29007118940353394]], [[0.28325632214546204]], [[0.2790088355541229]], [[0.26292213797569275]], [[0.24981024861335754]], [[0.23120355606079102]], [[0.18983802199363708]], [[0.16394644975662231]], [[0.13599592447280884]], [[0.10122685134410858]], [[0.08556625247001648]], [[0.05895918607711792]], [[0.008875887840986252]], [[-0.025578122586011887]], [[-0.060764674097299576]], [[-0.09636388719081879]], [[-0.1323518007993698]], [[-0.1683642417192459]], [[-0.2102176398038864]], [[-0.22800947725772858]], [[-0.2749384045600891]], [[-0.3147430121898651]], [[-0.3423721492290497]], [[-0.37429526448249817]], [[-0.3997012674808502]], [[-0.42829304933547974]], [[-0.45876553654670715]], [[-0.4818020761013031]], [[-0.5013453364372253]], [[-0.5146870613098145]], [[-0.5279589295387268]], [[-0.5335962176322937]], [[-0.5273245573043823]], [[-0.5134804248809814]], [[-0.48189952969551086]], 