{"vc": [[0.000998408650048077, -0.0], [0.09458782523870468, -0.09358782321214676], [-0.06711708009243011, 0.06611708551645279], [-0.03546367958188057, 0.03646367788314819], [0.06598932296037674, -0.06498932093381882], [0.077306367456913, -0.07830636948347092]], "err": [[[-0.02348647266626358, -0.04441971704363823]], [[-0.07493989169597626, -0.014257609844207764]], [[-0.09673725813627243, 0.08729416877031326]], [[0.008418068289756775, -0.027478836476802826]], [[-0.05718943104147911, 0.08405529707670212]], [[0.08083062618970871, 0.020286060869693756]], [[0.07440120726823807, 0.08316440135240555]], [[-0.043942272663116455, 0.03312457352876663]], [[-0.085295669734478, 0.09776490181684494]], [[0.02316673845052719, 0.07415277510881424]], [[-0.032995425164699554, 0.08950989693403244]], [[0.08451264351606369, -0.04963188245892525]], [[-0.04580811411142349, 0.026492156088352203]], [[-0.08277128636837006, 0.0974229946732521]], [[0.04675448685884476, -0.08332544565200806]], [[-0.010277248919010162, -0.06120933219790459]], [[-0.0685267299413681, 0.08529772609472275]], [[-0.0861300453543663, -0.09914286434650421]], [[-0.09580409526824951, -0.05312082916498184]], [[0.0678885355591774, 0.05511123687028885]], [[-0.094232939183712, 0.060999609529972076]], [[-0.0775894746184349, -0.0787266343832016]], [[-0.013557195663452148, 0.04175715893507004]], [[-0.06584677845239639, -0.019914329051971436]], [[-0.09531451761722565, -0.011818669736385345]], [[0.036447785794734955, 0.05672565847635269]], [[0.05812247842550278, 0.05506322532892227]], [[-0.09072855859994888, 0.07084017246961594]], [[-0.038106609135866165, 0.030866868793964386]], [[0.04880847781896591, -0.07140232622623444]], [[0.044762857258319855, -0.08255775272846222]], [[0.09434763342142105, -0.09572919458150864]], [[-0.03105771541595459, 0.08084910362958908]], [[-0.08862122148275375, -0.07134325802326202]], [[0.04905327409505844, -0.03631460666656494]], [[-0.07861240208148956, 0.0583253875374794]], [[0.09474188834428787, 0.021202169358730316]], [[-0.005971208214759827, -0.013472676277160645]], [[0.03457101434469223, -0.08597417175769806]], [[0.018209829926490784, -0.00554213672876358]], [[0.034639619290828705, -0.04532519727945328]], [[0.056650035083293915, -0.056777846068143845]], [[0.07967718690633774, 0.005544736981391907]], [[-0.05132859945297241, 0.07132282108068466]], [[-0.0435393825173378, 0.044503696262836456]], [[-0.05308377742767334, 0.0018985047936439514]], [[-0.07627339661121368, 0.025638945400714874]], [[0.04396658390760422, -0.058064259588718414]], [[-0.04484415054321289, -0.038000620901584625]], [[0.06245899945497513, 0.05475578457117081]], [[-0.0823306068778038, 0.023986972868442535]], [[0.04882662743330002, 0.05154896527528763]], [[-0.05549433454871178, -0.09911751747131348]], [[0.03521121293306351, 0.09702569991350174]], [[-0.0051758065819740295, 0.053892187774181366]], [[-0.09679365158081055, -0.015400923788547516]], [[0.07769490033388138, -0.028551362454891205]], [[-0.0849032998085022, -0.06925253570079803]], [[-0.06989657878875732, 0.04485044628381729]], [[0.05451888591051102, -0.027680635452270508]], [[-0.04986757040023804, -0.019680701196193695]], [[0.01788008213043213, 0.030072785913944244]], [[-0.035122498869895935, -0.036086902022361755]], [[0.06287183612585068, -0.0865156427025795]], [[0.015840008854866028, 0.008692704141139984]], [[-0.09707009047269821, -0.015728652477264404]], [[-0.06669095903635025, 0.007685407996177673]], [[0.09719955176115036, -0.05356121063232422]], [[-0.0210188627243042, -0.07272287458181381]], [[-0.03866694122552872, 0.0507718101143837]], [[0.07307528704404831, -0.02817312628030777]], [[-0.05971517786383629, 0.04373342543840408]], [[-0.09464682638645172, 0.0647091343998909]], [[-0.08752268552780151, -0.002427913248538971]], [[-0.01666080951690674, 0.06791738420724869]], [[-0.027653351426124573, -0.09620765596628189]], [[0.0731138065457344, -0.08893579244613647]], [[0.017474591732025146, 0.07627148181200027]], [[0.0211285799741745, 0.07335392385721207]], [[-0.0009611696004867554, 0.0750037208199501]], [[0.06968776136636734, 0.08396304398775101]], [[0.08937288075685501, 0.04735804349184036]], [[0.011585377156734467, -0.04975710064172745]], [[0.04553123563528061, -0.03340013325214386]], [[0.07433813065290451, -0.05734795331954956]], [[0.024947449564933777, 0.0018523186445236206]], [[0.03802318125963211, 0.008756853640079498]], [[0.025045178830623627, -0.014231666922569275]], [[-0.021095015108585358, 0.07269153743982315]], [[-0.025199688971042633, 0.037169449031353]], [[0.05209804326295853, 0.0013663917779922485]], [[-0.02142639458179474, 0.08920163661241531]], [[0.017486989498138428, -0.055870749056339264]], [[-0.08770749717950821, 0.015025116503238678]], [[-0.07053570449352264, 0.03046058863401413]], [[-0.08826915174722672, -0.08364178240299225]], [[-0.043771352618932724, -0.021125972270965576]], [[-0.05582606792449951, -0.06689343601465225]], [[-0.08295710384845734, 0.0577986016869545]], [[-0.06011519581079483, 0.029748402535915375]], [[0.08526510745286942, -0.01443406194448471]], [[-0.001547597348690033, -0.012622833251953125]], [[0.04682362824678421, 0.014509454369544983]], [[-0.07096531242132187, 0.09414698928594589]], [[0.0029613152146339417, 0.06217307597398758]], [[-0.05128142982721329, 0.02994658797979355]], [[-0.036255642771720886, 0.014489494264125824]], [[-0.07190431654453278, 0.07790157943964005]], [[0.024464726448059082, 0.0017874091863632202]], [[-0.06677938997745514, -0.030733205378055573]], [[0.052824221551418304, -0.07344164699316025]], [[0.027915187180042267, -0.017188310623168945]], [[0.08107613772153854, 0.05790478736162186]], [[0.033070407807826996, 0.06032373756170273]], [[-0.029941439628601074, -0.010034702718257904]], [[-0.01389409601688385, -0.015654049813747406]], [[-0.058399129658937454, 0.0265144482254982]], [[0.07477668672800064, -0.07471462339162827]], [[-0.0452188141644001, 0.06766187399625778]], [[-0.05234665796160698, 0.05956464260816574]], [[-0.09877564013004303, 0.04453035444021225]], [[0.01328587532043457, 0.020641550421714783]], [[0.026195846498012543, -0.02820885181427002]], [[-0.040422987192869186, -0.09439760446548462]], [[0.08437979966402054, -0.0185559019446373]], [[-0.027942076325416565, 0.04448450356721878]], [[0.09266195446252823, 0.06419695168733597]], [[-0.09975162893533707, -0.08702180534601212]], [[0.04378441721200943, -0.03211764246225357]], [[-0.0892263799905777, -0.006594739854335785]], [[0.09417653828859329, 0.026338763535022736]], [[0.03300943225622177, -0.022571846842765808]], [[0.054782934486866, 0.08293572813272476]], [[-0.08010854572057724, 0.04915199428796768]], [[0.08184929937124252, 0.006940245628356934]], [[-0.0035036802291870117, 0.09996183961629868]], [[-0.06299556791782379, -0.08273134380578995]], [[-0.03356226533651352, -0.04818284511566162]], [[0.07870218902826309, -0.06488098204135895]], [[-0.04089561849832535, 0.05174810439348221]], [[-0.017106130719184875, 0.014743253588676453]], [[0.043818242847919464, 0.033380039036273956]], [[-0.07370127737522125, -0.052183520048856735]], [[0.0533272847533226, 0.0961686447262764]], [[0.01090935617685318, -0.07799772173166275]], [[0.09588561207056046, 0.006331823766231537]], [[0.016595803201198578, 0.020886696875095367]], [[-0.006664536893367767, 0.08167663961648941]], [[0.021912552416324615, -0.07293911278247833]], [[0.06823574751615524, -0.0028382688760757446]], [[0.03428845852613449, -0.07294400781393051]], [[-0.06578133255243301, -0.07464306056499481]], [[0.09265627712011337, -0.07308381795883179]], [[0.07702725380659103, -0.011667944490909576]], [[0.09350422769784927, 0.05737797170877457]], [[-0.03829730674624443, -0.045266952365636826]], [[-0.037439681589603424, -0.04442441463470459]], [[-0.09322720021009445, 0.0877358689904213]], [[0.0181654691696167, 0.049873627722263336]], [[-0.07931821048259735, 0.044422782957553864]], [[-0.08135507255792618, 0.01786372810602188]], [[0.040954284369945526, -0.06291744112968445]], [[-0.05887167528271675, 