{"vc": [[-0.0006286731804721057, -0.0], [-0.028086869046092033, 0.02956504374742508], [-0.11539255827665329, 0.11306595802307129], [-0.037002358585596085, 0.038065601140260696], [0.23340673744678497, -0.23372144997119904], [0.008845331147313118, -0.010396763682365417]], "err": [[[0.08998098224401474, -0.08860199898481369]], [[-0.023502923548221588, -0.004616960883140564]], [[0.07508010417222977, 0.07866374403238297]], [[-0.030581489205360413, -0.0607450008392334]], [[0.09675049036741257, 0.024272963404655457]], [[0.009189404547214508, -0.03682025521993637]], [[0.027123264968395233, 0.09298766404390335]], [[-0.070509172976017, 0.0475076362490654]], [[-0.004547238349914551, 0.020579159259796143]], [[-0.06826874613761902, -0.045237231999635696]], [[-0.02125801146030426, 0.09591511636972427]], [[-0.07662826776504517, 0.05104600638151169]], [[0.03717977553606033, 0.07705985754728317]], [[0.08740953356027603, 0.05351363867521286]], [[-0.07625248283147812, -0.07185386121273041]], [[-0.06337553262710571, -0.02199019491672516]], [[-0.0206272155046463, -0.07729385048151016]], [[0.08950287848711014, -0.0752050131559372]], [[-0.03244037926197052, 0.08311363309621811]], [[-0.04721638187766075, -0.023299798369407654]], [[0.04634145647287369, -0.016024373471736908]], [[-0.08665682375431061, -0.07817970216274261]], [[0.08128572255373001, 0.07725753635168076]], [[-0.08627797663211823, 0.04615544527769089]], [[-0.07168520987033844, -0.0744088739156723]], [[0.018424831330776215, -0.09533816576004028]], [[0.07098831981420517, -0.09772612154483795]], [[-0.04320261627435684, -0.004949197173118591]], [[-0.06290334463119507, -0.0309370756149292]], [[-0.05022534355521202, 0.07917704433202744]], [[0.006923690438270569, -0.07064207643270493]], [[-0.0669359564781189, -0.009331688284873962]], [[0.058888696134090424, 0.002363160252571106]], [[0.060763098299503326, -0.020122066140174866]], [[0.045153550803661346, 0.05383189767599106]], [[-0.06256037950515747, -0.05823427438735962]], [[-0.016204454004764557, -0.009789034724235535]], [[0.07682321220636368, 0.056406863033771515]], [[-0.01226748526096344, -0.0664268434047699]], [[-0.024068579077720642, 0.009774208068847656]], [[0.0708031877875328, 0.03767978399991989]], [[0.09439864009618759, 0.0010548979043960571]], [[0.06770429760217667, 0.07614941149950027]], [[-0.06530946493148804, 0.05540650337934494]], [[0.02380828559398651, 0.02716822177171707]], [[0.09293913096189499, -0.03025864064693451]], [[-0.022387906908988953, -0.07135932147502899]], [[-0.020097807049751282, 0.09733504801988602]], [[-0.058975886553525925, 0.02559082955121994]], [[0.06488937884569168, 0.026218093931674957]], [[0.06329140812158585, 0.06162910908460617]], [[-0.018984034657478333, 0.06151146441698074]], [[-0.013055011630058289, -0.004277542233467102]], [[-0.006052255630493164, -0.062453366816043854]], [[0.059052951633930206, 0.013595737516880035]], [[0.0643627867102623, -0.057734906673431396]], [[-0.022379279136657715, 0.09567990154027939]], [[-0.01571822166442871, -0.05352914333343506]], [[-0.037388160824775696, 0.04802019149065018]], [[-0.03164362907409668, -0.0784345418214798]], [[0.07729432731866837, 0.09796149283647537]], [[0.04743877798318863, 0.0755465105175972]], [[-0.04597961902618408, -0.046831466257572174]], [[0.044784195721149445, 0.036451585590839386]], [[-0.021783456206321716, 0.02465514838695526]], [[0.03718886524438858, -0.013564728200435638]], [[-0.036777496337890625, -0.05270642042160034]], [[-0.04782605171203613, -0.09998048841953278]], [[0.07539986819028854, -0.01658906787633896]], [[0.09254934638738632, 0.06426847726106644]], [[0.010936275124549866, 0.09199567884206772]], [[0.02293992042541504, -0.052881743758916855]], [[0.004868432879447937, -0.058198463171720505]], [[-0.02535269409418106, -0.07097002118825912]], [[0.06408987194299698, -0.016858473420143127]], [[-0.01226477324962616, 0.06153786927461624]], [[0.036520786583423615, 0.05849618464708328]], [[-0.06136046722531319, -0.03258099406957626]], [[0.006281808018684387, -0.09491968154907227]], [[0.011589087545871735, 0.010275408625602722]], [[-0.0008921995759010315, -0.019539713859558105]], [[0.06310660392045975, 0.03435274213552475]], [[-0.009173095226287842, -0.06116652488708496]], [[0.03831569105386734, -0.05344703420996666]], [[0.09358934313058853, 0.08364514261484146]], [[-0.09678754955530167, 0.02392822504043579]], [[0.009611643850803375, -0.04783915355801582]], [[-0.009508512914180756, -0.08018384873867035]], [[0.05664948374032974, 0.06654547899961472]], [[0.07588107138872147, -0.02033553272485733]], [[0.04489161819219589, 0.06496202200651169]], [[-0.034420475363731384, 0.05393313616514206]], [[-0.09218671172857285, 0.07128699868917465]], [[0.010983392596244812, 0.03407151252031326]], [[-0.02963419258594513, -0.07204167544841766]], [[0.06185884028673172, 0.09450436383485794]], [[0.05597672611474991, -0.04995857551693916]], [[0.018701590597629547, 0.024126552045345306]], [[-0.01449982076883316, 0.09770745784044266]], [[0.016760386526584625, 0.03109089285135269]], [[-0.03592963516712189, -0.0036368966102600098]], [[0.036103732883930206, 0.09567394107580185]], [[0.08397991210222244, -0.04076659679412842]], [[0.06260811537504196, 0.045020170509815216]], [[-0.05746268108487129, -0.013118170201778412]], [[0.02879432588815689, -0.08442617952823639]], [[0.035467468202114105, 0.04961169511079788]], [[0.045368947088718414, -0.0405145063996315]], [[0.07712388783693314, -0.01567554473876953]], [[-0.05430225282907486, 0.0026009678840637207]], [[0.04202095419168472, 0.00614175945520401]], [[0.015785835683345795, -0.008187972009181976]], [[-0.09206954389810562, 0.02712053805589676]], [[0.051447607576847076, 0.021370984613895416]], [[-0.09582608938217163, -0.06193811818957329]], [[-0.06302831321954727, -0.09621187299489975]], [[-0.026422716677188873, -0.0562191866338253]], [[0.0775524154305458, -0.00015932321548461914]], [[-0.09142424911260605, -0.08421572297811508]], [[0.028798215091228485, 0.035151876509189606]], [[0.032566167414188385, 0.002691328525543213]], [[-0.09463071823120117, -0.027729950845241547]], [[-0.07622213661670685, 0.07306934148073196]], [[-0.05349013954401016, -0.03128945827484131]], [[0.0977286621928215, -0.0220644474029541]], [[-0.023383259773254395, 0.0618777796626091]], [[-0.08775829523801804, -0.0799042358994484]], [[-0.06890265643596649, -0.08103825151920319]], [[-0.0006901249289512634, 0.008604049682617188]], [[0.0653492882847786, -0.002725362777709961]], [[0.06560996919870377, -0.02771468460559845]], [[0.07889386266469955, -0.05137881264090538]], [[-0.0890311524271965, 0.09055372327566147]], [[-0.07829020917415619, 0.0763145461678505]], [[0.05291999131441116, 0.0645289346575737]], [[-0.0734424963593483, -0.07129544019699097]], [[0.0516362264752388, 0.007021486759185791]], [[-0.038819361478090286, 0.053455598652362823]], [[-0.032010652124881744, -0.04370635747909546]], [[0.08022817224264145, 0.0027221664786338806]], [[-0.045085277408361435, 0.08779174834489822]], [[-0.01319187879562378, -0.051943566650152206]], [[0.00583205372095108, 0.015054821968078613]], [[0.02057749032974243, 0.09908745437860489]], [[-0.05699899420142174, 0.042479999363422394]], [[-0.07348962873220444, 0.06766510754823685]], [[0.05054493993520737, 0.08789079636335373]], [[-0.04328290373086929, 0.09191297739744186]], [[-0.007813774049282074, -0.04769169166684151]], [[0.06629178673028946, -0.02011474221944809]], [[0.010205864906311035, -0.07723979651927948]], [[-0.005715392529964447, 0.043208248913288116]], [[-0.0670863538980484, -0.05345086008310318]], [[0.09795577079057693, 0.00039993226528167725]], [[-0.07687970250844955, -0.09993312507867813]], [[-0.030517101287841797, 0.07518159598112106]], [[-0.01422630250453949, -0.09756727516651154]], [[0.09296440333127975, -0.03959155082702637]], [[-0.028693020343780518, 0.023913778364658356]], [[-0.039311300963163376, 0.036731116473674774]], [[0.08172770589590073, 0.06233573704957962]], [[0.07268700748682022, 0.08804497867822647]], 