{"vc": [[-0.0032816780731081963, -0.0], [-0.03214459866285324, 0.030324172228574753], [0.043743062764406204, -0.04971242696046829], [0.0007866686210036278, -0.003855141345411539], [-0.012328796088695526, 0.011457081884145737], [0.030361205339431763, -0.03858554735779762]], "err": [[[0.002441123127937317, -0.047589387744665146]], [[0.073176808655262, 0.06782598048448563]], [[-0.06635913252830505, 0.03174132853746414]], [[-0.03989449888467789, -0.055028606206178665]], [[-0.04873992130160332, -0.051995184272527695]], [[-0.01860745996236801, 0.027627162635326385]], [[0.05124294012784958, -0.025969699025154114]], [[0.07734382897615433, -0.00927654653787613]], [[-0.08442064374685287, 0.06901630014181137]], [[0.09825383871793747, -0.048569560050964355]], [[0.01821622997522354, 0.05159410089254379]], [[0.050944678485393524, -0.0406704805791378]], [[0.08428294211626053, -0.04765680059790611]], [[-0.09455229341983795, -0.09284897893667221]], [[0.05390242487192154, 0.021431326866149902]], [[0.07695510238409042, -0.036906637251377106]], [[0.05673591047525406, 0.053298212587833405]], [[0.05508578568696976, -0.0741712898015976]], [[-0.011367380619049072, 0.06371831148862839]], [[0.09557550400495529, 0.05032772570848465]], [[-0.003628171980381012, 0.08964840322732925]], [[0.08082874864339828, -0.08273009210824966]], [[0.03123515099287033, -0.08288992941379547]], [[-0.06986363232135773, -0.08446764945983887]], [[-0.08597584068775177, 0.05887752026319504]], [[0.049320660531520844, -0.07190652191638947]], [[-0.08826775848865509, -0.007431194186210632]], [[-0.060221102088689804, -0.010647758841514587]], [[-0.02670077234506607, -0.08651798963546753]], [[0.07288659363985062, -0.018911734223365784]], [[-0.07904075086116791, -0.07767333090305328]], [[0.08917135745286942, -0.04734616354107857]], [[0.06410158425569534, -0.06992349773645401]], [[0.006396159529685974, 0.0077500492334365845]], [[-0.012111864984035492, -0.07508180290460587]], [[0.07109791785478592, 0.030582569539546967]], [[0.09554295986890793, 0.018470369279384613]], [[0.07488193362951279, -0.032438136637210846]], [[0.0765480026602745, 0.0624055340886116]], [[0.09909997135400772, 0.047586582601070404]], [[-0.048798706382513046, -0.09096826612949371]], [[-0.046289172023534775, -0.06531178951263428]], [[-0.07504220306873322, 0.02289740741252899]], [[0.06063751131296158, 0.09172169119119644]], [[0.09824571758508682, -0.017792239785194397]], [[0.04776642471551895, 0.0326773002743721]], [[-0.07361505925655365, -0.0804545059800148]], [[0.030595846474170685, -0.0592886321246624]], [[-0.07049603760242462, -0.003794275224208832]], [[-0.06290243566036224, 0.06008110195398331]], [[0.07736130803823471, -0.011723235249519348]], [[-0.08528929948806763, -0.06568596512079239]], [[0.0026111602783203125, 0.07691507786512375]], [[-0.02861771732568741, 0.06953021138906479]], [[-0.018527984619140625, 0.017529942095279694]], [[0.01914745569229126, 0.0629526898264885]], [[-0.021167419850826263, 0.00849306583404541]], [[0.029300622642040253, -0.09577393531799316]], [[0.07904333621263504, 0.06908165663480759]], [[0.0881488099694252, -0.03649451583623886]], [[0.01350923627614975, 0.016547486186027527]], [[-0.06219276413321495, -0.08802720159292221]], [[-0.03716804087162018, -0.08578275889158249]], [[-0.006257854402065277, 0.005601167678833008]], [[-0.03237062692642212, -0.05971552059054375]], [[-0.02406134456396103, 0.04090764373540878]], [[-0.01859365403652191, -0.04491470009088516]], [[0.03845077008008957, 0.07901234179735184]], [[-0.09420042484998703, -0.0335749015212059]], [[-0.08153794705867767, -0.08650292456150055]], [[0.055112265050411224, 0.06399085372686386]], [[0.04983990639448166, -0.045491527765989304]], [[-0.08315696567296982, -0.08968339115381241]], [[-0.09726398438215256, -0.08404215425252914]], [[0.0981643870472908, 0.09289190918207169]], [[0.0977608934044838, -0.09404200315475464]], [[-0.05743352323770523, 0.06525126844644547]], [[-0.011539898812770844, -0.004655823111534119]], [[0.0022295713424682617, -0.08662273734807968]], [[-0.01395668089389801, -0.006127640604972839]], [[-0.07867521047592163, 0.043470971286296844]], [[0.02416437864303589, -0.009940013289451599]], [[0.06070806831121445, 0.015583612024784088]], [[0.014291152358055115, -0.024606287479400635]], [[-0.036159589886665344, 0.02484682947397232]], [[-0.061146046966314316, 0.07634624093770981]], [[-0.05987328290939331, 0.07062830775976181]], [[-0.026505306363105774, -0.011863552033901215]], [[0.003286220133304596, 0.025852151215076447]], [[-0.0008277520537376404, 0.03118390589952469]], [[-0.0702316015958786, -0.06791406869888306]], [[0.06690838187932968, -0.06836585700511932]], [[-0.03728829324245453, 0.07356656342744827]], [[-0.006814919412136078, -0.0384223572909832]], [[0.0977117046713829, -0.05194699764251709]], [[0.011380329728126526, -0.08050251007080078]], [[-0.08471015840768814, 0.07667265087366104]], [[-0.016583219170570374, -0.00425875186920166]], [[-0.0015640109777450562, 0.0678662583231926]], [[-0.036065638065338135, -0.06526783108711243]], [[-0.07552522420883179, 0.043624795973300934]], [[0.07621145993471146, 0.07185625284910202]], [[0.037094466388225555, -0.08354844897985458]], [[-0.08578666299581528, -0.026286616921424866]], [[0.039261601865291595, -0.03976643085479736]], [[0.04126935452222824, -0.03412298858165741]], [[-0.0979342833161354, 0.08399008959531784]], [[0.0882023349404335, 0.007047571241855621]], [[0.06269422918558121, 0.08233378082513809]], [[0.09775734692811966, 0.058581553399562836]], [[-0.03872399404644966, 0.013865545392036438]], [[-0.02934257686138153, -0.08059798181056976]], [[-0.08795889467000961, 0.09707515686750412]], [[0.04613881558179855, 0.07315916568040848]], [[-0.08449853956699371, -0.04347924143075943]], [[0.03372020274400711, 0.04524186998605728]], [[-0.041062284260988235, -0.0034804567694664]], [[-0.07874953746795654, -0.07534943521022797]], [[-0.010640360414981842, -0.014324188232421875]], [[-0.03666682541370392, -0.0921851173043251]], [[0.08861329406499863, -0.047078754752874374]], [[0.04021311551332474, -0.08440845459699631]], [[0.039464883506298065, -0.09351658821105957]], [[-0.06792482733726501, -0.0837470293045044]], [[-0.06507556140422821, 0.07286057621240616]], [[-0.06660497188568115, -0.022496797144412994]], [[0.015265598893165588, 0.024547435343265533]], [[0.06549627333879471, 0.06973335891962051]], [[0.09694135934114456, -0.07541177421808243]], [[-0.07282767444849014, 0.05865360051393509]], [[0.09023716300725937, -0.07570775598287582]], [[0.03031028062105179, -0.07939934730529785]], [[0.026849813759326935, 0.03906477242708206]], [[0.05706959217786789, -0.03659190982580185]], [[0.09439704567193985, 0.035536132752895355]], [[0.04885301738977432, 0.05544086545705795]], [[-0.09565716981887817, 0.03563057631254196]], [[0.014516614377498627, -0.06905410438776016]], [[-0.034147776663303375, 0.029631249606609344]], [[-0.01032721996307373, -0.05473032221198082]], [[0.0056440457701683044, -0.06132838875055313]], [[-0.002357207238674164, 0.0026049166917800903]], [[-0.0904567614197731, 0.020047031342983246]], [[-0.015429690480232239, -0.02184349298477173]], [[0.07844541221857071, -0.06538400799036026]], [[-0.052616048604249954, 0.08431481570005417]], [[0.07184182852506638, -0.09319508075714111]], [[0.0376228466629982, -0.06205720826983452]], [[-0.04415808990597725, 0.06144771724939346]], [[-0.09378256648778915, 0.08206372708082199]], [[0.03280917555093765, 0.02952779084444046]], [[-0.0813087671995163, -0.08802445232868195]], [[-0.001031145453453064, 0.02066262811422348]], [[-0.05381191894412041, -0.08000586181879044]], [[0.022887423634529114, -0.06335160881280899]], [[0.03073393553495407, -0.009883001446723938]], [[0.051653094589710236, -0.029635891318321228]], [[-0.0758243054151535, 0.05431398004293442]], [[0.0975584164261818, 0.0313236340880394]], [[0.08044495433568954, -0.02433319389820099]], [[0.09065943211317062, 0.04057616740465164]], [[-0.0666082501411438, 0.0001266375184059143]], [[-0.01937023550271988, 