{"vc": [[-0.0018203958170488477, -0.0], [-0.1395871490240097, 0.14003005623817444], [-0.05759787932038307, 0.05657671019434929], [-0.03354669362306595, 0.03406032919883728], [0.26398828625679016, -0.2633153796195984], [0.004486193880438805, -0.0037341981660574675]], "err": [[[0.014170408248901367, 0.09983647614717484]], [[-0.07735148817300797, -0.020068183541297913]], [[0.09629303961992264, -0.09590286016464233]], [[0.08204356580972672, 0.010920323431491852]], [[0.09409482032060623, 0.0386052206158638]], [[0.04573754221200943, 0.05110841244459152]], [[0.0028338879346847534, -0.014072343707084656]], [[-0.054328203201293945, 0.06452823430299759]], [[0.08372623473405838, 0.05812705308198929]], [[-0.06356069445610046, -0.05375157669186592]], [[0.0917021855711937, 0.019305624067783356]], [[-0.023084744811058044, -0.031091712415218353]], [[0.0715634748339653, -0.0792904943227768]], [[-0.09821156412363052, 0.02779754251241684]], [[-0.08876635879278183, 0.01864822953939438]], [[0.012585923075675964, 0.05871672183275223]], [[0.09512621909379959, -0.09577466547489166]], [[-0.06567463278770447, -0.06466104090213776]], [[0.07746877521276474, -0.09357257932424545]], [[-0.09993036091327667, -0.03424961864948273]], [[-0.08854985237121582, -0.09439779818058014]], [[0.04325837641954422, 0.06172928959131241]], [[-0.09019022434949875, 0.02615884691476822]], [[-0.0807802826166153, 0.07996747642755508]], [[0.08965232223272324, 0.007759943604469299]], [[-0.04161938652396202, 0.02502640336751938]], [[0.009224392473697662, -0.0994885191321373]], [[0.09658370167016983, 0.09063027054071426]], [[0.014549121260643005, 0.06633175164461136]], [[0.021280348300933838, -0.0756540521979332]], [[-0.07922200113534927, 0.06033528596162796]], [[0.007746875286102295, -0.053643107414245605]], [[0.025080420076847076, 0.04103637486696243]], [[0.06198423355817795, -0.021636798977851868]], [[0.08121640235185623, 0.015302799642086029]], [[-0.013768233358860016, -0.09096720069646835]], [[0.02618073672056198, 0.06998918205499649]], [[-0.08707953989505768, 0.021824344992637634]], [[-0.05243430286645889, 0.09144563227891922]], [[0.026273541152477264, -0.03531768172979355]], [[-0.09814711660146713, -0.059069108217954636]], [[-0.0028251633048057556, 0.036883048713207245]], [[-0.08173607289791107, -0.09914511442184448]], [[0.037555865943431854, 0.09416241198778152]], [[-0.06625816971063614, -0.09713657945394516]], [[0.07724959403276443, 0.08306456357240677]], [[0.023760735988616943, 0.05432213097810745]], [[0.027862422168254852, 0.031151659786701202]], [[0.025994904339313507, 0.06914573162794113]], [[0.0495215579867363, 0.03706946223974228]], [[0.09361661225557327, -0.07272548973560333]], [[-0.09694495052099228, 0.011777833104133606]], [[-0.01888580620288849, -0.08524640649557114]], [[0.01670118421316147, -0.04394575580954552]], [[-0.09925349056720734, -0.06305871158838272]], [[-0.016705453395843506, -0.07911151647567749]], [[0.020820513367652893, 0.09339959174394608]], [[-0.050210464745759964, 0.0970858559012413]], [[0.011396802961826324, -0.01195766031742096]], [[0.006670176982879639, -0.07424230873584747]], [[0.051920272409915924, 0.017966434359550476]], [[0.0586131289601326, -0.050715673714876175]], [[0.02217886596918106, 0.010658405721187592]], [[-0.0015204176306724548, 0.01068173348903656]], [[-0.049836933612823486, -0.00506998598575592]], [[-0.06537236273288727, 0.09826204925775528]], [[0.09701512008905411, 0.090061254799366]], [[-0.09232757240533829, -0.02512533962726593]], [[0.05290932208299637, -0.024480141699314117]], [[0.04000546783208847, 0.04187881201505661]], [[0.010049045085906982, 0.009936138987541199]], [[0.054724179208278656, -0.05227598175406456]], [[0.06608467549085617, -0.019989147782325745]], [[0.09743804484605789, 0.019589148461818695]], [[-0.06500472128391266, 0.03154870122671127]], [[-0.024134501814842224, 0.048285581171512604]], [[0.08856493979692459, 0.004164710640907288]], [[0.03002028912305832, -0.08863675594329834]], [[0.048321135342121124, -0.02899336814880371]], [[0.04846275597810745, 0.051373787224292755]], [[-0.05604833364486694, -3.203749656677246e-06]], [[0.0011682137846946716, -0.0023191943764686584]], [[0.016403302550315857, -0.044978655874729156]], [[-0.06306478381156921, 0.046868227422237396]], [[0.0321827158331871, 0.08027198165655136]], [[-0.019733116030693054, 0.03528840094804764]], [[0.061414219439029694, -0.06036391481757164]], [[0.042364902794361115, -0.0824187621474266]], [[-0.04512416198849678, 0.03991136699914932]], [[-0.014637112617492676, -0.030488744378089905]], [[0.014008499681949615, 0.07435405999422073]], [[0.009694933891296387, 0.010992780327796936]], [[0.00128231942653656, -0.09890929609537125]], [[-0.05671804025769234, 0.01200845092535019]], [[-0.09455700218677521, 0.08836931735277176]], [[0.07814449816942215, -0.09428378194570541]], [[0.07040030509233475, 0.07501276582479477]], [[-0.003144003450870514, -0.02204306423664093]], [[-0.011359192430973053, 0.051759786903858185]], [[-0.0906568393111229, -0.05376974493265152]], [[-0.011303544044494629, 0.08370373398065567]], [[0.037100620567798615, -0.09430506080389023]], [[-0.06825751066207886, 0.004943236708641052]], [[-0.07620016485452652, -0.08319954574108124]], [[-0.016279295086860657, -0.043174710124731064]], [[0.023837924003601074, -0.05545508861541748]], [[0.004265405237674713, -0.015438005328178406]], [[0.030053697526454926, 0.029712997376918793]], [[-0.038594331592321396, 0.039863236248493195]], [[-0.012283779680728912, 0.09397692233324051]], [[-0.01632678508758545, -0.010307148098945618]], [[-0.06843677908182144, -0.009352445602416992]], [[0.05575677007436752, 0.08134300261735916]], [[0.09282786399126053, -0.04015258699655533]], [[-0.05109429359436035, -0.06626264750957489]], [[-0.08458518236875534, -0.09078093618154526]], [[0.028719045221805573, -0.009671650826931]], [[-0.08463578671216965, 0.054393745958805084]], [[0.0846647098660469, -0.0839165598154068]], [[-0.06231856346130371, -0.05914437770843506]], [[-0.04872690513730049, 0.08780653029680252]], [[0.008124768733978271, 0.02360774576663971]], [[-0.0429346077144146, -0.09216930717229843]], [[-0.021130166947841644, 0.057510800659656525]], [[0.07833129912614822, 0.04173082858324051]], [[-0.0626148134469986, 0.09651220589876175]], [[-0.022389352321624756, 0.09605371206998825]], [[0.04536815732717514, 0.07169158011674881]], [[-0.04853241518139839, -0.00904151052236557]], [[-0.004175066947937012, -0.0030500441789627075]], [[0.04866483062505722, -0.05874573066830635]], [[-0.07698074728250504, -0.016918137669563293]], [[0.06279677897691727, 0.07404246181249619]], [[-0.07170885801315308, -0.032535120844841]], [[0.021913133561611176, 0.030883245170116425]], [[-0.03313487768173218, 0.035865865647792816]], [[-0.022819101810455322, -0.01976931095123291]], [[-0.05337236076593399, -0.09761812537908554]], [[0.0031032562255859375, -0.009447433054447174]], [[-0.09205746650695801, 0.06680548936128616]], [[0.05562954396009445, 0.05313562601804733]], [[0.013877511024475098, 0.0674511268734932]], [[0.059763677418231964, -0.05572834238409996]], [[0.08908737450838089, -0.021517716348171234]], [[0.06302737444639206, -0.06921494007110596]], [[-0.07894495874643326, -0.03632771968841553]], [[0.016058027744293213, 0.09869051724672318]], [[0.09087253361940384, 0.04179985076189041]], [[-0.03426642715930939, 0.002169892191886902]], [[0.03401403874158859, -0.07239289581775665]], [[-0.044682420790195465, 0.05692700296640396]], [[-0.018842794001102448, 0.06932250410318375]], [[-0.09812384843826294, 0.06508565694093704]], [[-0.03134112060070038, 0.0025948509573936462]], [[-0.03583298623561859, 0.09273228794336319]], [[-0.028475001454353333, 0.004889152944087982]], [[-0.09943461418151855, -0.029426060616970062]], [[0.08498198539018631, -0.010839566588401794]], [[0.06398875266313553, -0.0249822735786438]], [[0.008935704827308655, -0.014752104878425598]], [[0.05999777466058731, 0.027539797127246857]], [[-0.04420957714319229, -0.022120118141174316]], 