{"vc": [[-0.030420921742916107, -0.02542170323431492, -0.0334542915225029, 0.018494050949811935], [-2.2251219749450684, 0.04739728942513466, 0.988860547542572, 0.0033310293219983578]], "true_y1": [[[0.4006600081920624]], [[1.2171381711959839]], [[1.3488070964813232]], [[1.6947871446609497]], [[1.9517321586608887]], [[2.1366355419158936]], [[2.181370973587036]], [[2.319716453552246]], [[2.3774640560150146]], [[2.4140501022338867]], [[2.4202353954315186]], [[2.4171969890594482]], [[2.4097578525543213]], [[2.3987412452697754]], [[2.3594439029693604]], [[2.319852590560913]], [[2.27553129196167]], [[2.2156260013580322]], [[2.165445327758789]], [[2.047006368637085]], [[1.9381353855133057]], [[1.8553880453109741]], [[1.7294855117797852]], [[1.6730327606201172]], [[1.573866605758667]], [[1.4742170572280884]], [[1.4314568042755127]], [[1.3310881853103638]], [[1.2447872161865234]], [[1.1724616289138794]], [[1.0563905239105225]], [[0.9981816411018372]], [[0.8957699537277222]], [[0.8375377058982849]], [[0.7344202399253845]], [[0.6454058885574341]], [[0.5561087727546692]], [[0.48131242394447327]], [[0.3759274482727051]], [[0.25472480058670044]], [[0.1938496083021164]], [[1.0533000230789185]], [[1.3747127056121826]], [[1.5515155792236328]], [[1.7653594017028809]], [[1.9217872619628906]], [[1.9991503953933716]], [[2.085214138031006]], [[2.15337872505188]], [[2.179262161254883]], [[2.190701723098755]], [[2.1903560161590576]], [[2.186605453491211]], [[2.1570746898651123]], [[2.150338888168335]], [[2.118783950805664]], [[2.101066827774048]], [[2.072582483291626]], [[2.0317108631134033]], [[1.9664777517318726]], [[1.814934253692627]], [[1.7669079303741455]], [[1.66875159740448]], [[1.5944280624389648]], [[1.5191503763198853]], [[1.4437854290008545]], [[1.380504846572876]], [[1.3040986061096191]], [[1.2401764392852783]], [[1.1503101587295532]], [[1.073136568069458]], [[0.6019715070724487]], [[0.53541100025177]], [[0.441769003868103]], [[0.36088308691978455]], [[0.2933029234409332]], [[0.19770634174346924]], [[1.104699969291687]], [[1.2624927759170532]], [[1.4621838331222534]], [[1.661441445350647]], [[1.6992233991622925]], [[1.8191512823104858]], [[1.8605053424835205]], [[1.9167433977127075]], [[1.9333627223968506]], [[1.944329023361206]], [[1.952243685722351]], [[1.9460867643356323]], [[1.9390512704849243]], [[1.9248301982879639]], [[1.9133305549621582]], [[1.8861366510391235]], [[1.8551020622253418]], [[1.7941882610321045]], [[1.775708556175232]], [[1.7375119924545288]], [[1.688104510307312]], [[1.5853081941604614]], [[1.5220251083374023]], [[1.4363905191421509]], [[1.3928031921386719]], [[1.3274168968200684]], [[1.2396738529205322]], [[1.1841999292373657]], [[1.1170589923858643]], [[1.0387359857559204]], [[0.9826622009277344]], [[0.9033584594726562]], [[0.8583555817604065]], [[0.7786116003990173]], [[0.7442513704299927]], [[0.629202127456665]], [[0.5363976955413818]], [[0.4310864508152008]], [[0.37213802337646484]], [[0.6033599972724915]], [[0.9358973503112793]], [[1.0970009565353394]], [[1.2694660425186157]], [[1.3377639055252075]], [[1.3961366415023804]], [[1.485891580581665]], [[1.53324556350708]], [[1.5665980577468872]], [[1.5885730981826782]], [[1.60135817527771]], [[1.6066999435424805]], [[1.6068532466888428]], [[1.6005253791809082]], [[1.591142177581787]], [[1.5686386823654175]], [[1.520205020904541]], [[1.4920306205749512]], [[1.4619423151016235]], [[1.4222853183746338]], [[1.3639410734176636]], [[1.3207377195358276]], [[1.2493199110031128]], [[1.1944701671600342]], [[1.1669437885284424]], [[1.1017637252807617]], [[1.0452184677124023]], [[0.9881969094276428]], [[0.9304157495498657]], [[0.8821413516998291]], [[0.8140857815742493]], [[0.7455979585647583]], [[0.6964839696884155]], [[0.626700222492218]], [[0.577127993106842]], [[0.5369805097579956]], [[0.4662509858608246]], [[0.39516115188598633]], [[0.3337659537792206]], [[0.27189621329307556]], [[0.220006063580513]], [[0.16778357326984406]], [[0.08355193585157394]], [[0.01960451900959015]], [[-0.04475824534893036]], [[0.35506001114845276]], [[0.6285278797149658]], [[0.8152219653129578]], [[1.0651073455810547]], [[1.2066256999969482]], [[1.2845666408538818]], [[1.3395651578903198]], [[1.3620542287826538]], [[1.3676730394363403]], [[1.360522747039795]], [[1.3409438133239746]], [[1.3086342811584473]], [[1.2629657983779907]], [[1.2442195415496826]], [[1.21135675907135]], [[1.1768865585327148]], [[1.1115481853485107]], [[1.066391944885254]], [[1.0123655796051025]], [[0.9807990789413452]], [[0.9252045154571533]], [[0.8686782121658325]], [[0.844286322593689]], [[0.77867591381073]], [[0.7370738983154297]], [[0.6868683099746704]], [[0.6362159252166748]], [[0.5854300856590271]], [[0.5339114665985107]], [[0.48245078325271606]], [[0.447896808385849]], [[0.3779090940952301]], [[0.3339043855667114]], [[0.27200305461883545]], [[0.2449711412191391]], [[0.1640641987323761]], [[0.11843830347061157]], [[0.07289664447307587]], [[0.03579443320631981]], [[-0.06690621376037598]], [[-0.10448484122753143]], [[-0.15208791196346283]], [[-0.21922890841960907]], [[-0.27730807662010193]], [[-0.32612764835357666]], [[-0.3746582567691803]], [[-0.4527156949043274]], [[-0.5198155641555786]], [[-0.5848971009254456]], [[-0.6116180419921875]], [[-0.6615759134292603]], [[-0.7051523327827454]], [[-0.7426156997680664]], [[-0.7560684680938721]], [[-0.7535528540611267]], [[0.1057400032877922]], [[0.24645209312438965]], [[0.5286990404129028]], [[0.632818341255188]], [[0.7623469829559326]], [[0.8878459930419922]], [[0.9414762258529663]], [[0.9801933169364929]], [[1.0162521600723267]], [[1.0261982679367065]], [[1.0284597873687744]], [[1.0239259004592896]], [[1.0100131034851074]], [[0.9927283525466919]], [[0.9715967178344727]], [[0.9387655854225159]], [[0.9162731170654297]], [[0.8923670649528503]], [[0.8622941970825195]], [[0.8256714940071106]], [[0.7930786609649658]], [[0.7597739696502686]], [[0.7254842519760132]], [[0.7082242369651794]], [[0.6730120182037354]], [[0.6314653754234314]], [[0.5951952338218689]], [[0.5523858070373535]], [[0.5214784145355225]], [[0.47781383991241455]], [[0.4587794542312622]], [[0.4144253134727478]], [[0.36951884627342224]], [[0.33709439635276794]], [[0.28457510471343994]], [[0.2582830786705017]], [[0.21834683418273926]], [[0.17802685499191284]], [[0.13044226169586182]], [[0.08923881500959396]], [[0.06146300584077835]], [[-0.008665032684803009]], [[-0.04435224086046219]], [[-0.11652179807424545]], [[-0.12381244450807571]], [[-0.17528212070465088]], [[-0.2578284740447998]], [[-0.2806154489517212]], [[-0.34179794788360596]], [[-0.38808658719062805]], [[-0.42695364356040955]], [[-0.46560221910476685]], [[-0.5267096161842346]], [[0.05844400078058243]], [[0.1747899353504181]], [[0.23033758997917175]], [[0.35046321153640747]], [[0.4678999185562134]], [[0.5295339226722717]], [[0.5913586616516113]], [[0.6255189776420593]], [[0.6838099956512451]], [[0.7024648189544678]], [[0.7258250117301941]], [[0.7345714569091797]], [[0.7441531419754028]], [[0.7446869611740112]], [[0.7408047318458557]], [[0.7350582480430603]], [[0.7253701686859131]], [[0.7011614441871643]], [[0.6851882338523865]], [[0.6676064729690552]], [[0.6454346776008606]], [[0.635368824005127]], [[0.618173360824585]], [[0.5855057835578918]], [[0.5627928972244263]], [[0.5393627882003784]], [[0.5153716802597046]], [[0.4907653331756592]], [[0.46570879220962524]], [[0.4359114468097687]], [[0.4229789674282074]], [[0.38791733980178833]], [[0.35680830478668213]], [[0.33423784375190735]], [[0.30684521794319153]], [[0.2837233245372772]], [[0.2557697296142578]], [[0.22263923287391663]], [[0.19387206435203552]], [[0.16490952670574188]], [[0.14040374755859375]], [[0.10575425624847412]], [[0.05026370286941528]], [[0.019428370520472527]], [[-0.011694395914673805]], [[-0.053882479667663574]], [[-0.0700095146894455]], [[-0.1023763120174408]], [[-0.135311096906662]], [[-0.17987897992134094]], [[-0.19685764610767365]], [[-0.23698988556861877]]]}