{"vc": [[-0.048695553094148636, -0.029134470969438553, -0.06283873319625854, 0.015274270437657833], [-2.1994168758392334, 0.05087020620703697, 0.9314895272254944, -0.02056104503571987]], "true_y1": [[[0.4006600081920624]], [[1.0343366861343384]], [[1.1488127708435059]], [[1.4732837677001953]], [[1.7434394359588623]], [[1.9600205421447754]], [[2.0162150859832764]], [[2.203799247741699]], [[2.292344093322754]], [[2.3585870265960693]], [[2.3784265518188477]], [[2.381051778793335]], [[2.376873254776001]], [[2.3671045303344727]], [[2.3240511417388916]], [[2.276437520980835]], [[2.221224546432495]], [[2.1451098918914795]], [[2.080700635910034]], [[1.9277541637420654]], [[1.7868191003799438]], [[1.6797094345092773]], [[1.5168812274932861]], [[1.4439443349838257]], [[1.3159465789794922]], [[1.1874982118606567]], [[1.1324373483657837]], [[1.003340721130371]], [[0.8925129175186157]], [[0.7997682094573975]], [[0.6512161493301392]], [[0.5768671631813049]], [[0.44633519649505615]], [[0.3722907602787018]], [[0.24154433608055115]], [[0.12913531064987183]], [[0.01689905673265457]], [[-0.07660000026226044]], [[-0.20730146765708923]], [[-0.35552728176116943]], [[-0.4287916123867035]], [[1.0533000230789185]], [[1.280596137046814]], [[1.414039134979248]], [[1.5864953994750977]], [[1.72307288646698]], [[1.7950643301010132]], [[1.879879355430603]], [[1.952189564704895]], [[1.9817665815353394]], [[1.9962918758392334]], [[1.996214509010315]], [[1.992379069328308]], [[1.9576809406280518]], [[1.9494808912277222]], [[1.9104341268539429]], [[1.8881922960281372]], [[1.8521138429641724]], [[1.7998639345169067]], [[1.715739130973816]], [[1.5187067985534668]], [[1.4560400247573853]], [[1.3278485536575317]], [[1.2307441234588623]], [[1.1323996782302856]], [[1.0339725017547607]], [[0.9513657093048096]], [[0.8516857028007507]], [[0.7683547735214233]], [[0.6513174772262573]], [[0.5509371757507324]], [[-0.05763119459152222]], [[-0.14257410168647766]], [[-0.26125773787498474]], [[-0.3627118170261383]], [[-0.44641953706741333]], [[-0.5624656081199646]], [[1.104699969291687]], [[1.2094457149505615]], [[1.3486320972442627]], [[1.497540831565857]], [[1.527240514755249]], [[1.6254526376724243]], [[1.6609084606170654]], [[1.710418939590454]], [[1.725097894668579]], [[1.7344409227371216]], [[1.7390856742858887]], [[1.7286560535430908]], [[1.718930959701538]], [[1.6999890804290771]], [[1.6848844289779663]], [[1.6493422985076904]], [[1.608787178993225]], [[1.5289180278778076]], [[1.504615068435669]], [[1.4542946815490723]], [[1.3890645503997803]], [[1.2530198097229004]], [[1.1691359281539917]], [[1.0555514097213745]], [[0.9977241158485413]], [[0.9109771251678467]], [[0.7945989370346069]], [[0.721052885055542]], [[0.6320860981941223]], [[0.5283849239349365]], [[0.45420897006988525]], [[0.34941914677619934]], [[0.29002371430397034]], [[0.18492615222930908]], [[0.13970987498760223]], [[-0.011309906840324402]], [[-0.13256660103797913]], [[-0.26925259828567505]], [[-0.34515321254730225]], [[0.6033599972724915]], [[0.827182412147522]], [[0.9462015628814697]], [[1.0848355293273926]], [[1.1439967155456543]], [[1.1970425844192505]], [[1.2843867540359497]], [[1.3343745470046997]], [[1.3721106052398682]], [[1.398939609527588]], [[1.4162144660949707]], [[1.4251649379730225]], [[1.42709219455719]], [[1.4226531982421875]], [[1.4132148027420044]], [[1.3880059719085693]], [[1.3295283317565918]], [[1.2942538261413574]], [[1.2559856176376343]], [[1.2048920392990112]], [[1.1288158893585205]], [[1.0720175504684448]], [[0.9775753021240234]], [[0.9047363996505737]], [[0.8681150078773499]], [[0.7812780141830444]], [[0.7058566808700562]], [[0.6297599077224731]], [[0.5526401400566101]], [[0.4882206320762634]], [[0.39744824171066284]], [[0.3061792850494385]], [[0.24079391360282898]], [[0.1480073630809784]], [[0.08219274133443832]], [[0.028960179537534714]], [[-0.06464584171772003]], [[-0.15845608711242676]], [[-0.23919686675071716]], [[-0.3202296495437622]], [[-0.38786160945892334]], [[-0.45553186535835266]], [[-0.5635186433792114]], [[-0.6441105604171753]], [[-0.7233960032463074]], [[0.35506001114845276]], [[0.5319997072219849]], [[0.6658560633659363]], [[0.870607852935791]], [[1.0072823762893677]], [[1.093748688697815]], [[1.1641114950180054]], [[1.1989730596542358]], [[1.2187423706054688]], [[1.2153631448745728]], [[1.1975101232528687]], [[1.161980152130127]], [[1.1071921586990356]], [[1.0838781595230103]], [[1.0422719717025757]], [[0.9978974461555481]], [[0.9124365448951721]], [[0.8526953458786011]], [[0.7807567715644836]], [[0.7385603785514832]], [[0.6640444397926331]], [[0.5881080031394958]], [[0.5553075671195984]], [[0.4670317769050598]], [[0.41104933619499207]], [[0.3435080051422119]], [[0.27540886402130127]], [[0.20719462633132935]], [[0.13808047771453857]], [[0.06914541125297546]], [[0.02292262762784958]], [[-0.07052002102136612]], [[-0.1291349232196808]], [[-0.2113856077194214]], [[-0.247221902012825]], [[-0.35413578152656555]], [[-0.41416165232658386]], [[-0.4738418459892273]], [[-0.5222545266151428]], [[-0.6549200415611267]], [[-0.7027707099914551]], [[-0.7626016139984131]], [[-0.8448643088340759]], [[-0.9129831790924072]], [[-0.9668998718261719]], [[-1.0160176753997803]], [[-1.080102801322937]], [[-1.1103956699371338]], [[-1.1006848812103271]], [[-1.0791258811950684]], [[-0.9952254295349121]], [[-0.8453212380409241]], [[-0.5812995433807373]], [[-0.34354788064956665]], [[-0.08377104997634888]], [[0.1057400032877922]], [[0.18595768511295319]], [[0.3713137209415436]], [[0.4513992369174957]], [[0.5643176436424255]], [[0.6948549747467041]], [[0.7610239386558533]], [[0.8156854510307312]], [[0.8780678510665894]], [[0.9026091694831848]], [[0.9192360043525696]], [[0.9237566590309143]], [[0.9180258512496948]], [[0.9039334058761597]], [[0.8829604983329773]], [[0.8463908433914185]], [[0.8196964859962463]], [[0.7903721928596497]], [[0.7524858117103577]], [[0.7052868604660034]], [[0.6625903844833374]], [[0.6184831857681274]], [[0.5727061629295349]], [[0.5495581030845642]], [[0.5021710395812988]], [[0.44606202840805054]], [[0.39697569608688354]], [[0.33898770809173584]], [[0.2971230447292328]], [[0.23802615702152252]], [[0.21229350566864014]], [[0.15242689847946167]], [[0.09198640286922455]], [[0.04847513884305954]], [[-0.021734558045864105]], [[-0.05674516409635544]], [[-0.1097324788570404]], [[-0.16297797858715057]], [[-0.22547057271003723]], [[-0.2792637348175049]], [[-0.3153532147407532]], [[-0.4058341085910797]], [[-0.4515249729156494]], [[-0.5432102680206299]], [[-0.5524211525917053]], [[-0.6171993017196655]], [[-0.7203128337860107]], [[-0.7486526370048523]], [[-0.8246245980262756]], [[-0.8821458220481873]], [[-0.9306315779685974]], [[-0.9791802167892456]], [[-1.05716073513031]], [[0.05844400078058243]], [[0.11117737740278244]], [[0.13883249461650848]], [[0.20567189157009125]], [[0.283610463142395]], [[0.3316743075847626]], [[0.38708025217056274]], [[0.421955943107605]], [[0.49247270822525024]], [[0.5198009014129639]], [[0.5607621073722839]], [[0.580161452293396]], [[0.6132116913795471]], [[0.6209449768066406]], [[0.6345301270484924]], [[0.6379157900810242]], [[0.6373463273048401]], [[0.6247381567955017]], [[0.6124739646911621]], [[0.5969639420509338]], [[0.5753624439239502]], [[0.5649936199188232]], [[0.5466487407684326]], [[0.510107159614563]], [[0.4837322235107422]], [[0.45591455698013306]], [[0.426940381526947]], [[0.3968343138694763]], [[0.36588025093078613]], [[0.32880210876464844]], [[0.312649130821228]], [[0.2687608003616333]], [[0.2297983467578888]], [[0.20157304406166077]], [[0.16741758584976196]], [[0.13870938122272491]], [[0.10419687628746033]], [[0.06363491714000702]], [[0.028776440769433975]], [[-0.0059226080775260925]], [[-0.034931160509586334]], [[-0.07532878965139389]], [[-0.13828504085540771]], [[-0.17220543324947357]], [[-0.20556671917438507]], [[-0.24922072887420654]], [[-0.2653844654560089]], [[-0.2968641519546509]], [[-0.3274615406990051]], [[-0.36627525091171265]], [[-0.3801937401294708]], 