{"vc": [[-0.013970782980322838, -0.047499269247055054, -0.006552086677402258, 0.015645455569028854], [-2.3799078464508057, -0.05824728682637215, 1.506793737411499, -9.07550773338387e-20]], "true_y1": [[[0.2010200023651123]], [[0.6255691051483154]], [[1.1760923862457275]], [[1.6856846809387207]], [[1.9603297710418701]], [[2.0753884315490723]], [[2.0966320037841797]], [[2.0765743255615234]], [[2.0044798851013184]], [[1.9054793119430542]], [[1.8614810705184937]], [[1.7686915397644043]], [[1.5967926979064941]], [[1.5208535194396973]], [[1.3410587310791016]], [[1.1592075824737549]], [[1.0550175905227661]], [[0.8469487428665161]], [[0.6043999791145325]], [[0.7556283473968506]], [[1.1481215953826904]], [[1.5134384632110596]], [[1.6807221174240112]], [[1.7783204317092896]], [[1.8256187438964844]], [[1.8369462490081787]], [[1.8184213638305664]], [[1.7729297876358032]], [[1.7588063478469849]], [[1.6944315433502197]], [[1.6400480270385742]], [[1.5821338891983032]], [[1.480035424232483]], [[1.3301079273223877]], [[1.2200675010681152]], [[1.0864521265029907]], [[0.9742771983146667]], [[0.8170322775840759]], [[0.6825037002563477]], [[0.5486997961997986]], [[0.4160367548465729]], [[0.3067139983177185]], [[0.02979174256324768]], [[-0.19136536121368408]], [[-0.40869271755218506]], [[-0.4875682592391968]], [[0.6054199934005737]], [[0.9911738038063049]], [[1.2637619972229004]], [[1.3598483800888062]], [[1.4862968921661377]], [[1.546397089958191]], [[1.5537135601043701]], [[1.5603845119476318]], [[1.5531045198440552]], [[1.5138441324234009]], [[1.4919583797454834]], [[1.4674882888793945]], [[1.3827589750289917]], [[1.3358473777770996]], [[1.2019214630126953]], [[1.0062357187271118]], [[0.896838366985321]], [[0.7866637706756592]], [[0.6946963667869568]], [[0.5660893321037292]], [[0.4747422933578491]], [[0.3659217059612274]], [[0.2762177288532257]], [[0.1700288951396942]], [[0.014808371663093567]], [[-0.052117206156253815]], [[0.3061000108718872]], [[0.7661669254302979]], [[1.0756630897521973]], [[1.1743674278259277]], [[1.2422521114349365]], [[1.2945202589035034]], [[1.3077954053878784]], [[1.3133845329284668]], [[1.3071255683898926]], [[1.2971625328063965]], [[1.2765597105026245]], [[1.2408668994903564]], [[1.2094297409057617]], [[1.1750078201293945]], [[1.1506922245025635]], [[1.0994876623153687]], [[1.017909288406372]], [[0.9324871301651001]], [[0.8149851560592651]], [[0.7253142595291138]], [[0.6350038051605225]], [[0.5445091128349304]], [[0.4843161404132843]], [[0.3644675016403198]], [[0.2902437746524811]], [[0.20224305987358093]], [[0.11571372300386429]], [[0.15881000459194183]], [[0.5383424162864685]], [[0.7749837636947632]], [[0.9165744185447693]], [[0.9836395978927612]], [[0.9925101399421692]], [[0.9997594952583313]], [[0.9902330040931702]], [[0.9785634279251099]], [[0.9576047658920288]], [[0.9515669345855713]], [[0.9098813533782959]], [[0.9021593332290649]], [[0.8695979714393616]], [[0.8257285952568054]], [[0.7791561484336853]], [[0.7207299470901489]], [[0.6296203136444092]], [[0.567417562007904]], [[0.4940703213214874]], [[0.43088293075561523]], [[0.35717934370040894]], [[0.3047904074192047]], [[0.24235817790031433]], [[0.12993916869163513]], [[0.01182226836681366]], [[-0.09913672506809235]], [[0.06694900244474411]], [[0.31179729104042053]], [[0.44754332304000854]], [[0.5692124962806702]], [[0.6423057913780212]], [[0.6959022879600525]], [[0.7198544144630432]], [[0.7268356680870056]], [[0.7274335622787476]], [[0.7163316011428833]], [[0.6984008550643921]], [[0.6746875047683716]], [[0.6515384912490845]], [[0.6364421844482422]], [[0.6151673793792725]], [[0.5870329141616821]], [[0.5392342805862427]], [[0.514359712600708]], [[0.4953833818435669]], [[0.46321409940719604]], [[0.4239760935306549]], [[0.38425302505493164]], [[0.35762473940849304]], [[0.31752222776412964]], [[0.2840782701969147]], [[-0.028643999248743057]], [[0.11918525397777557]], [[0.20658065378665924]], [[0.316135436296463]], [[0.38283419609069824]], [[0.44887807965278625]], [[0.5467021465301514]], [[0.5681142807006836]], [[0.5831828713417053]], [[0.5830333232879639]], [[0.5730230808258057]], [[0.5534825325012207]], [[0.536530077457428]], [[0.5171386003494263]], [[0.4920769929885864]], [[0.47290658950805664]], [[0.44877368211746216]], [[0.41938871145248413]], [[0.3934171795845032]], [[0.3713197410106659]], [[0.3399123549461365]], [[0.31723180413246155]], [[0.28983455896377563]], [[0.2623451352119446]], [[0.23485451936721802]], [[0.2074468433856964]], [[0.18926070630550385]], [[0.15766984224319458]], [[0.12650778889656067]], [[0.10457134246826172]], [[0.08293771743774414]], [[0.057473164051771164]], [[0.028550798073410988]], [[0.00846925936639309]], [[-0.00719309039413929]], [[-0.03364641219377518]]]}