{"vc": [[-0.004076714627444744, -0.0026394363958388567, -0.004982257727533579, 0.004634512588381767], [-2.2911086082458496, 0.006388523615896702, 1.0225580930709839, 0.017310919240117073]], "true_y1": [[[0.4006600081920624]], [[0.6127562522888184]], [[0.6480474472045898]], [[0.7460972666740417]], [[0.8282922506332397]], [[0.8978915214538574]], [[0.9171109795570374]], [[0.9886966943740845]], [[1.0312213897705078]], [[1.0766130685806274]], [[1.1033281087875366]], [[1.1184228658676147]], [[1.1314771175384521]], [[1.1428377628326416]], [[1.1650781631469727]], [[1.177632451057434]], [[1.1866623163223267]], [[1.1941580772399902]], [[1.1978095769882202]], [[1.200711965560913]], [[1.1990848779678345]], [[1.1961781978607178]], [[1.1899738311767578]], [[1.1866967678070068]], [[1.180413842201233]], [[1.1735955476760864]], [[1.170552134513855]], [[1.1631966829299927]], [[1.1566873788833618]], [[1.1511338949203491]], [[1.1420848369598389]], [[1.1375000476837158]], [[1.1293818950653076]], [[1.1247450113296509]], [[1.1165122985839844]], [[1.1093952655792236]], [[1.102256417274475]], [[1.0962834358215332]], [[1.0878859758377075]], [[1.0782644748687744]], [[1.0734493732452393]], [[1.0533000230789185]], [[1.1381093263626099]], [[1.1850039958953857]], [[1.2437573671340942]], [[1.2901525497436523]], [[1.3153315782546997]], [[1.346949815750122]], [[1.3786972761154175]], [[1.3964589834213257]], [[1.4144271612167358]], [[1.4179068803787231]], [[1.4242314100265503]], [[1.4373573064804077]], [[1.4388372898101807]], [[1.4434382915496826]], [[1.4449914693832397]], [[1.4465659856796265]], [[1.447507619857788]], [[1.447035789489746]], [[1.4411253929138184]], [[1.4384738206863403]], [[1.4323890209197998]], [[1.4273654222488403]], [[1.422028660774231]], [[1.416506052017212]], [[1.4117677211761475]], [[1.4059569835662842]], [[1.4010404348373413]], [[1.394069790840149]], [[1.3880478143692017]], [[1.3511518239974976]], [[1.3459867238998413]], [[1.3387477397918701]], [[1.3325247764587402]], [[1.3273489475250244]], [[1.3200665712356567]], [[1.104699969291687]], [[1.14705491065979]], [[1.2007068395614624]], [[1.2563453912734985]], [[1.2674764394760132]], [[1.305550456047058]], [[1.3204644918441772]], [[1.3446357250213623]], [[1.3539979457855225]], [[1.3620831966400146]], [[1.374813199043274]], [[1.3838942050933838]], [[1.3873575925827026]], [[1.3914145231246948]], [[1.3934946060180664]], [[1.3964701890945435]], [[1.3981081247329712]], [[1.3986597061157227]], [[1.3984050750732422]], [[1.3974701166152954]], [[1.3956549167633057]], [[1.3904856443405151]], [[1.386711835861206]], [[1.3811616897583008]], [[1.378197431564331]], [[1.3736242055892944]], [[1.367314100265503]], [[1.3632526397705078]], [[1.3582854270935059]], [[1.3524419069290161]], [[1.3482375144958496]], [[1.342274785041809]], [[1.338887095451355]], [[1.3328845500946045]], [[1.330300211906433]], [[1.3216661214828491]], [[1.3147324323654175]], [[1.3069088459014893]], [[1.302553653717041]], [[0.6033599972724915]], [[0.6924693584442139]], [[0.7363594174385071]], [[0.7859007716178894]], [[0.8069596290588379]], [[0.8260713219642639]], [[0.85886549949646]], [[0.8793352842330933]], [[0.896736204624176]], [[0.9115119576454163]], [[0.9240536689758301]], [[0.9346580505371094]], [[0.9407804012298584]], [[0.9511288404464722]], [[0.9573862552642822]], [[0.965584397315979]], [[0.9740747809410095]], [[0.9766950607299805]], [[0.9784772992134094]], [[0.9797348380088806]], [[0.9800671339035034]], [[0.9795084595680237]], [[0.9775588512420654]], [[0.9754351377487183]], [[0.9742140173912048]], [[0.9709972739219666]], [[0.9679124355316162]], [[0.9645900726318359]], [[0.9610546231269836]], [[0.9579978585243225]], [[0.9535644054412842]], [[0.9489907026290894]], [[0.9456586837768555]], [[0.9408692717552185]], [[0.9374380111694336]], [[0.934646487236023]], [[0.929710328578949]], [[0.9247368574142456]], [[0.9204404950141907]], [[0.9161162376403809]], [[0.9124974012374878]], [[0.9088655114173889]], [[0.9030343890190125]], [[0.8986333012580872]], [[0.8942282795906067]], [[0.35506001114845276]], [[0.42878594994544983]], [[0.4796755611896515]], [[0.5531052947044373]], [[0.6021462082862854]], [[0.6355139017105103]], [[0.6673038005828857]], [[0.6883367300033569]], [[0.7140353322029114]], [[0.7238120436668396]], [[0.7356253862380981]], [[0.7456978559494019]], [[0.7535510659217834]], [[0.7556752562522888]], [[0.7584208250045776]], [[0.7603108882904053]], [[0.7619896531105042]], [[0.7621244192123413]], [[0.7615069150924683]], [[0.7608386874198914]], [[0.7592288255691528]], [[0.7571408152580261]], [[0.7561259865760803]], [[0.7531211376190186]], [[0.7510432004928589]], [[0.7483924627304077]], [[0.7455877065658569]], [[0.742668867111206]], [[0.739619791507721]], [[0.7365031242370605]], [[0.7343780398368835]], [[0.7300117611885071]], [[0.7272336483001709]], [[0.7232957482337952]], [[0.7215681672096252]], [[0.7163807153701782]], [[0.7134504914283752]], [[0.7105264663696289]], [[0.708146870136261]], [[0.7015823721885681]], [[0.6991912722587585]], [[0.6961719989776611]], [[0.6919316649436951]], [[0.6882783770561218]], [[0.6852139830589294]], [[0.6821674704551697]], [[0.6772421002388]], [[0.6729355454444885]], [[0.6686065196990967]], [[0.6667492389678955]], [[0.6630446910858154]], [[0.6593202352523804]], [[0.6549704074859619]], [[0.651857316493988]], [[0.648731529712677]], [[0.1057400032877922]], [[0.14455831050872803]], [[0.22270488739013672]], [[0.2531605660915375]], [[0.2942504584789276]], [[0.34112662076950073]], [[0.36586686968803406]], [[0.38788023591041565]], [[0.4175281524658203]], [[0.4330139756202698]], [[0.4489710032939911]], [[0.46037980914115906]], [[0.47378358244895935]], [[0.48319685459136963]], [[0.4910268783569336]], [[0.4993908703327179]], [[0.50356125831604]], [[0.5070712566375732]], [[0.5104885697364807]], [[0.5135326981544495]], [[0.5154601335525513]], [[0.5168375968933105]], [[0.5177525877952576]], [[0.5180503726005554]], [[0.5183702111244202]], [[0.518325924873352]], [[0.5179780721664429]], [[0.5172610282897949]], [[0.5165688395500183]], [[0.5153810977935791]], [[0.5147961378097534]], [[0.5132969617843628]], [[0.5116122364997864]], [[0.510307788848877]], [[0.5080645084381104]], [[0.506889820098877]], [[0.5050500631332397]], [[0.5031349062919617]], [[0.5008137226104736]], [[0.49876096844673157]], [[0.49735909700393677]], [[0.4937707483768463]], [[0.49192506074905396]], [[0.4881685674190521]], [[0.48778796195983887]], [[0.48509812355041504]], [[0.4807819426059723]], [[0.47959104180336]], [[0.47639381885528564]], [[0.47397133708000183]], [[0.4719292223453522]], [[0.46988359093666077]], [[0.4665880799293518]], [[0.05844400078058243]], [[0.09191462397575378]], [[0.10775133222341537]], [[0.14237047731876373]], [[0.1779467910528183]], [[0.19809547066688538]], [[0.2201864868402481]], [[0.23369093239307404]], [[0.2607642412185669]], [[0.2714722752571106]], [[0.28833356499671936]], [[0.29699012637138367]], [[0.3141607642173767]], [[0.31916511058807373]], [[0.33127838373184204]], [[0.3378356993198395]], [[0.34483766555786133]], [[0.355528324842453]], [[0.3603173494338989]], [[0.364480584859848]], [[0.3686205744743347]], [[0.3701947033405304]], [[0.3725368082523346]], [[0.3760358691215515]], [[0.37789979577064514]], [[0.3794393241405487]], [[0.380682110786438]], [[0.38166311383247375]], [[0.38240358233451843]], [[0.3829970061779022]], [[0.38316982984542847]], [[0.38341572880744934]], [[0.38339757919311523]], [[0.3832653760910034]], [[0.3829876780509949]], [[0.38266459107398987]], [[0.38217848539352417]], [[0.3814839720726013]], [[0.3807905912399292]], [[0.38001906871795654]], [[0.3793158233165741]], [[0.37825295329093933]], [[0.37641218304634094]], [[0.3753293752670288]], [[0.3742014765739441]], [[0.3726266920566559]], [[0.372013121843338]], [[0.3707659840583801]], [[0.3694792687892914]], [[0.3677169978618622]], [[0.3670409023761749]], [[0.3654356300830841]]]}