{"vc": [[-0.07484213262796402, -0.0431368425488472, -0.09093361347913742, 0.033698953688144684], [-2.1810734272003174, 0.06274320185184479, 0.8562870025634766, -0.036359041929244995]], "true_y1": [[[0.4006600081920624]], [[1.966748595237732]], [[2.2440268993377686]], [[2.987032890319824]], [[3.531383752822876]], [[3.8985815048217773]], [[3.981402635574341]], [[4.210414886474609]], [[4.282944679260254]], [[4.302928924560547]], [[4.282916069030762]], [[4.258975028991699]], [[4.229269981384277]], [[4.195062637329102]], [[4.095818996429443]], [[4.0081400871276855]], [[3.916118621826172]], [[3.7972559928894043]], [[3.700620174407959]], [[3.478517532348633]], [[3.2785842418670654]], [[3.1281707286834717]], [[2.9008936882019043]], [[2.799415111541748]], [[2.6216042041778564]], [[2.443355083465576]], [[2.3669674396514893]], [[2.187849521636963]], [[2.0339980125427246]], [[1.9051475524902344]], [[1.6984831094741821]], [[1.5948816537857056]], [[1.4126440286636353]], [[1.3090314865112305]], [[1.1255472898483276]], [[0.9671263694763184]], [[0.8081488609313965]], [[0.6749310493469238]], [[0.48712772130966187]], [[0.2709837555885315]], [[0.16238150000572205]], [[1.0533000230789185]], [[1.6386995315551758]], [[1.993835687637329]], [[2.454714298248291]], [[2.8110949993133545]], [[2.9916446208953857]], [[3.193661689758301]], [[3.351836919784546]], [[3.4101643562316895]], [[3.434636116027832]], [[3.4336578845977783]], [[3.425187349319458]], [[3.3629696369171143]], [[3.349181652069092]], [[3.285710334777832]], [[3.25069260597229]], [[3.1950857639312744]], [[3.116442918777466]], [[2.992913246154785]], [[2.7115325927734375]], [[2.6233630180358887]], [[2.4440624713897705]], [[2.3088743686676025]], [[2.172300338745117]], [[2.0358195304870605]], [[1.9213604927062988]], [[1.7832742929458618]], [[1.6678109169006348]], [[1.5055269002914429]], [[1.366161584854126]], [[0.5132688879966736]], [[0.3922789692878723]], [[0.22180064022541046]], [[0.07433654367923737]], [[-0.048947013914585114]], [[-0.2232157289981842]], [[1.104699969291687]], [[1.3812308311462402]], [[1.765923261642456]], [[2.1927733421325684]], [[2.2789056301116943]], [[2.5638880729675293]], [[2.6665406227111816]], [[2.8110580444335938]], [[2.855844497680664]], [[2.8870534896850586]], [[2.9158425331115723]], [[2.9115309715270996]], [[2.9003639221191406]], [[2.875472068786621]], [[2.854541301727295]], [[2.8040876388549805]], [[2.7459988594055176]], [[2.6319847106933594]], [[2.597496747970581]], [[2.526392936706543]], [[2.4347667694091797]], [[2.2451748847961426]], [[2.128995418548584]], [[1.9722373485565186]], [[1.892599105834961]], [[1.773269534111023]], [[1.6133180856704712]], [[1.5122549533843994]], [[1.3899641036987305]], [[1.2472987174987793]], [[1.145127296447754]], [[1.00054132938385]], [[0.918428897857666]], [[0.7727789282798767]], [[0.7099512815475464]], [[0.4992090165615082]], [[0.32871943712234497]], [[0.13464999198913574]], [[0.025743134319782257]], [[0.6033599972724915]], [[1.2085819244384766]], [[1.5391366481781006]], [[1.9183144569396973]], [[2.0744364261627197]], [[2.209670066833496]], [[2.4186174869537354]], [[2.5275657176971436]], [[2.602386236190796]], [[2.6497013568878174]], [[2.675326108932495]], [[2.6839985847473145]], [[2.6823105812072754]], [[2.665025234222412]], [[2.6428263187408447]], [[2.592940330505371]], [[2.4916441440582275]], [[2.4347126483917236]], [[2.3749446868896484]], [[2.297375202178955]], [[2.185058116912842]], [[2.102903366088867]], [[1.9684559106826782]], [[1.86605966091156]], [[1.8148919343948364]], [[1.6942023038864136]], [[1.58993661403656]], [[1.4851130247116089]], [[1.3791531324386597]], [[1.2907871007919312]], [[1.1664042472839355]], [[1.0413992404937744]], [[0.9518267512321472]], [[0.8246161937713623]], [[0.7342649698257446]], [[0.6610857248306274]], [[0.5321179628372192]], [[0.40238839387893677]], [[0.2902243733406067]], [[0.17704185843467712]], [[0.08198022842407227]], [[-0.013822756707668304]], [[-0.16860541701316833]], [[-0.28624463081359863]], [[-0.4045782685279846]], [[0.35506001114845276]], [[0.8424335718154907]], [[1.2182116508483887]], [[1.7682790756225586]], [[2.0916085243225098]], [[2.26499605178833]], [[2.3782665729522705]], [[2.417117118835449]], [[2.412492036819458]], [[2.3902344703674316]], [[2.3406484127044678]], [[2.2671353816986084]], [[2.169848680496216]], [[2.131179094314575]], [[2.064584970474243]], [[1.995983362197876]], [[1.8684375286102295]], [[1.7816685438156128]], [[1.6789307594299316]], [[1.6193360090255737]], [[1.5150011777877808]], [[1.4095816612243652]], [[1.3642632961273193]], [[1.2427899837493896]], [[1.1660408973693848]], [[1.0736544132232666]], [[0.9806651473045349]], [[0.8876141905784607]], [[0.7933734059333801]], [[0.6993597149848938]], [[0.6362853646278381]], [[0.5086172223091125]], [[0.4283773601055145]], [[0.31550097465515137]], [[0.2661949098110199]], [[0.11851310729980469]], [[0.035125620663166046]], [[-0.04820782691240311]], [[-0.1161821112036705]], [[-0.30473607778549194]], [[-0.37384164333343506]], [[-0.46138912439346313]], [[-0.5846025943756104]], [[-0.6903862357139587]], [[-0.7780276536941528]], [[-0.8630161285400391]], [[-0.9911396503448486]], [[-1.0846281051635742]], [[-1.14522123336792]], [[-1.1552820205688477]], [[-1.1340402364730835]], [[-1.039268136024475]], [[-0.8129077553749084]], [[-0.5743865370750427]], [[-0.2883930206298828]], [[0.1057400032877922]], [[0.34182778000831604]], [[0.892244815826416]], [[1.119079828262329]], [[1.4133715629577637]], [[1.7004060745239258]], [[1.8178558349609375]], [[1.896990418434143]], [[1.9597840309143066]], [[1.9699182510375977]], [[1.9615228176116943]], [[1.9418519735336304]], [[1.900650978088379]], [[1.8564729690551758]], [[1.8063759803771973]], [[1.732907772064209]], [[1.6844698190689087]], [[1.6341534852981567]], [[1.5721521377563477]], [[1.498131275177002]], [[1.4333175420761108]], [[1.3679108619689941]], [[1.301284670829773]], [[1.2679840326309204]], [[1.2004746198654175]], [[1.1214652061462402]], [[1.0529813766479492]], [[0.9726610779762268]], [[0.9149770736694336]], [[0.8338723182678223]], [[0.7986476421356201]], [[0.7168474793434143]], [[0.6343950033187866]], [[0.5750683546066284]], [[0.47930651903152466]], [[0.4315066635608673]], [[0.3590608835220337]], [[0.28609272837638855]], [[0.20016682147979736]], [[0.12589508295059204]], [[0.07587863504886627]], [[-0.05030427873134613]], [[-0.11451363563537598]], [[-0.2445114105939865]], [[-0.25766313076019287]], [[-0.3506598472595215]], [[-0.5005354285240173]], [[-0.5421008467674255]], [[-0.6541205644607544]], [[-0.7391698360443115]], [[-0.8105721473693848]], [[-0.8812105059623718]], [[-0.9904717803001404]], [[0.05844400078058243]], [[0.24431607127189636]], [[0.342690110206604]], [[0.5778131484985352]], [[0.837255597114563]], [[0.984085738658905]], [[1.1370704174041748]], [[1.2231388092041016]], [[1.3698705434799194]], [[1.4158415794372559]], [[1.4713866710662842]], [[1.4909648895263672]], [[1.5093709230422974]], [[1.5090583562850952]], [[1.4960377216339111]], [[1.4807183742523193]], [[1.4566576480865479]], [[1.4003225564956665]], [[1.3647534847259521]], [[1.32655668258667]], [[1.2794692516326904]], [[1.2584174871444702]], [[1.2228529453277588]], [[1.1564598083496094]], [[1.1110576391220093]], [[1.0647754669189453]], [[1.017899990081787]], [[0.9703064560890198]], [[0.9222984313964844]], [[0.8657534122467041]], [[0.8413844108581543]], [[0.7758072018623352]], [[0.7181883454322815]], [[0.6766989827156067]], [[0.6266863346099854]], [[0.5847529172897339]], [[0.5343919396400452]], [[0.4751679003238678]], [[0.42414334416389465]], [[0.3731413185596466]], [[0.33027324080467224]], [[0.27010267972946167]], [[0.17480462789535522]], [[0.12240603566169739]], [[0.06991465389728546]], [[-0.0006205886602401733]], [[-0.027400966733694077]], [[-0.08085571229457855]], [[-0.13486582040786743]], [[-0.20739227533340454]], [[-0.2348703294992447]], [[-0.29954174160957336]]]}