{"vc": [[-0.06956362724304199, 0.01564142480492592, -0.06156923621892929, 0.02933349460363388], [-2.425246238708496, -0.006442355923354626, 1.3772329092025757, 0.0]], "true_y1": [[[0.2010200023651123]], [[0.9331279397010803]], [[1.8426250219345093]], [[2.599215507507324]], [[2.9678430557250977]], [[3.1392712593078613]], [[3.225816011428833]], [[3.2666547298431396]], [[3.316025972366333]], [[3.3560736179351807]], [[3.3710169792175293]], [[3.400017499923706]], [[3.44938063621521]], [[3.47031307220459]], [[3.5188722610473633]], [[3.567302942276001]], [[3.5949413776397705]], [[3.650164842605591]], [[0.6043999791145325]], [[0.8650363683700562]], [[1.5390150547027588]], [[2.1448683738708496]], [[2.414567232131958]], [[2.5801808834075928]], [[2.6821343898773193]], [[2.7284438610076904]], [[2.803415536880493]], [[2.842258930206299]], [[2.8504786491394043]], [[2.880077838897705]], [[2.900106191635132]], [[2.91908597946167]], [[2.949495792388916]], [[2.9907896518707275]], [[3.0199079513549805]], [[3.0546207427978516]], [[3.083491802215576]], [[3.123824119567871]], [[3.158374547958374]], [[3.1929118633270264]], [[3.2274420261383057]], [[3.2562038898468018]], [[3.3310132026672363]], [[3.3942885398864746]], [[3.463322162628174]], [[3.492074489593506]], [[0.6054199934005737]], [[1.2619471549987793]], [[1.7215038537979126]], [[1.8822524547576904]], [[2.100856065750122]], [[2.228071689605713]], [[2.2507002353668213]], [[2.3181467056274414]], [[2.342280149459839]], [[2.3870630264282227]], [[2.4011495113372803]], [[2.413908004760742]], [[2.447329044342041]], [[2.462463617324829]], [[2.5004661083221436]], [[2.550408124923706]], [[2.5772507190704346]], [[2.603968858718872]], [[2.626173496246338]], [[2.6572346687316895]], [[2.6793899536132812]], [[2.7059743404388428]], [[2.728114604949951]], [[2.754687786102295]], [[2.7945499420166016]], [[2.8122613430023193]], [[0.3061000108718872]], [[1.0628139972686768]], [[1.5504984855651855]], [[1.7023898363113403]], [[1.8104231357574463]], [[1.9069435596466064]], [[1.941288948059082]], [[2.0019447803497314]], [[2.019482135772705]], [[2.034518241882324]], [[2.05364990234375]], [[2.0749080181121826]], [[2.0888147354125977]], [[2.1015803813934326]], [[2.1096527576446533]], [[2.125060558319092]], [[2.1470041275024414]], [[2.1681697368621826]], [[2.1957812309265137]], [[2.2162528038024902]], [[2.2366156578063965]], [[2.2569150924682617]], [[2.270414113998413]], [[2.2974040508270264]], [[2.314265251159668]], [[2.3344833850860596]], [[2.3546957969665527]], [[0.15881000459194183]], [[0.7522213459014893]], [[1.1082518100738525]], [[1.3187066316604614]], [[1.4349682331085205]], [[1.4573416709899902]], [[1.4926389455795288]], [[1.529547929763794]], [[1.5433598756790161]], [[1.5587178468704224]], [[1.5621343851089478]], [[1.580223560333252]], [[1.5829286575317383]], [[1.5931010246276855]], [[1.6047643423080444]], [[1.615667700767517]], [[1.6281038522720337]], [[1.645978331565857]], [[1.6575955152511597]], [[1.6709678173065186]], [[1.6823351383209229]], [[1.6955279111862183]], [[1.7049137353897095]], [[1.716157078742981]], [[1.7367241382598877]], [[1.7591298818588257]], [[1.7815173864364624]], [[0.06694900244474411]], [[0.4190003275871277]], [[0.6107006072998047]], [[0.7797054052352905]], [[0.8822059631347656]], [[0.9637316465377808]], [[1.0104570388793945]], [[1.033280849456787]], [[1.055107593536377]], [[1.0769076347351074]], [[1.0902323722839355]], [[1.1003689765930176]], [[1.1071617603302002]], [[1.1107155084609985]], [[1.1149792671203613]], [[1.119718074798584]], [[1.1263357400894165]], [[1.1293267011642456]], [[1.131465196609497]], [[1.134874701499939]], [[1.1387617588043213]], [[1.1424845457077026]], [[1.144895076751709]], [[1.1484345197677612]], [[1.1513279676437378]], [[-0.028643999248743057]], [[0.16212846338748932]], [[0.27382776141166687]], [[0.41205307841300964]], [[0.4951971769332886]], [[0.577221155166626]], [[0.7038278579711914]], [[0.7370079159736633]], [[0.7739849090576172]], [[0.786315381526947]], [[0.8015655875205994]], [[0.8107379674911499]], [[0.814605712890625]], [[0.8172144293785095]], [[0.8190844058990479]], [[0.8198376893997192]], [[0.8202571868896484]], [[0.8202341198921204]], [[0.8198808431625366]], [[0.8194035887718201]], [[0.8185173273086548]], [[0.8177597522735596]], [[0.8167417049407959]], [[0.8156278729438782]], [[0.8144373297691345]], [[0.8131850361824036]], [[0.8123218417167664]], [[0.8107661008834839]], [[0.809164822101593]], [[0.8079983592033386]], [[0.8068153858184814]], [[0.8053790330886841]], [[0.8036842346191406]], [[0.8024623990058899]], [[0.8014799952507019]], [[0.7997516989707947]]]}