{"vc": [[-0.009697597473859787, -0.00977257825434208, -0.009636524133384228, 0.0012066785711795092], [-2.299801826477051, -0.007896771654486656, 1.0212633609771729, 0.011957827024161816]], "true_y1": [[[0.4006600081920624]], [[0.4318932592868805]], [[0.4367862045764923]], [[0.44979971647262573]], [[0.45984533429145813]], [[0.4674190282821655]], [[0.4692966043949127]], [[0.4750506281852722]], [[0.47705185413360596]], [[0.4770728647708893]], [[0.47533300518989563]], [[0.4734126627445221]], [[0.4709531366825104]], [[0.4679754376411438]], [[0.45844221115112305]], [[0.4489941895008087]], [[0.43815746903419495]], [[0.4229310154914856]], [[0.4096567630767822]], [[0.37662410736083984]], [[0.34447500109672546]], [[0.31911641359329224]], [[0.2793179750442505]], [[0.26108404994010925]], [[0.22858890891075134]], [[0.19545415043830872]], [[0.18111760914325714]], [[0.147248774766922]], [[0.11794061958789825]], [[0.09328755736351013]], [[0.05362515524029732]], [[0.03371790423989296]], [[-0.0012855343520641327]], [[-0.021156424656510353]], [[-0.056244365870952606]], [[-0.0863921195268631]], [[-0.1164642944931984]], [[-0.14149408042430878]], [[-0.17647050321102142]], [[-0.2162095159292221]], [[-0.23594684898853302]], [[1.0533000230789185]], [[1.0620031356811523]], [[1.0655088424682617]], [[1.0679231882095337]], [[1.0674463510513306]], [[1.0658173561096191]], [[1.061635971069336]], [[1.0534718036651611]], [[1.0458155870437622]], [[1.0337398052215576]], [[1.0305755138397217]], [[1.0237473249435425]], [[1.0015493631362915]], [[0.997726321220398]], [[0.9815645813941956]], [[0.9732155799865723]], [[0.96038419008255]], [[0.9427404403686523]], [[0.9155741333961487]], [[0.8543429970741272]], [[0.8351585268974304]], [[0.7960863709449768]], [[0.7665750980377197]], [[0.7367285490036011]], [[0.7068854570388794]], [[0.6818572878837585]], [[0.651677668094635]], [[0.6264670491218567]], [[0.5910917520523071]], [[0.5607852339744568]], [[0.3777690827846527]], [[0.3522711396217346]], [[0.3165806829929352]], [[0.28593379259109497]], [[0.26046422123908997]], [[0.2246551364660263]], [[1.104699969291687]], [[1.1077877283096313]], [[1.1098824739456177]], [[1.1087061166763306]], [[1.1078500747680664]], [[1.102412223815918]], [[1.098752498626709]], [[1.089686632156372]], [[1.084562063217163]], [[1.0789973735809326]], [[1.0668644905090332]], [[1.0536303520202637]], [[1.046659231185913]], [[1.0359458923339844]], [[1.0286213159561157]], [[1.0133733749389648]], [[0.9977458119392395]], [[0.9695265293121338]], [[0.9613217115402222]], [[0.9446792006492615]], [[0.9235921502113342]], [[0.880641520023346]], [[0.8545621633529663]], [[0.8195345401763916]], [[0.8017916083335876]], [[0.7752615213394165]], [[0.7398010492324829]], [[0.7174575924873352]], [[0.6904905438423157]], [[0.6591373682022095]], [[0.6367621421813965]], [[0.6052242517471313]], [[0.5873856544494629]], [[0.5558862686157227]], [[0.5423592925071716]], [[0.4972805082798004]], [[0.4611760377883911]], [[0.4205114245414734]], [[0.39790093898773193]], [[0.6033599972724915]], [[0.6088661551475525]], [[0.6100278496742249]], [[0.6094937324523926]], [[0.6084492802619934]], [[0.606934666633606]], [[0.6026461124420166]], [[0.5984494090080261]], [[0.5935320258140564]], [[0.5879751443862915]], [[0.5818401575088501]], [[0.5751969218254089]], [[0.5705192685127258]], [[0.5605742931365967]], [[0.5527322292327881]], [[0.5388767123222351]], [[0.5151802897453308]], [[0.50275719165802]], [[0.4900036156177521]], [[0.4736808240413666]], [[0.450242280960083]], [[0.4331393241882324]], [[0.4051242470741272]], [[0.38373520970344543]], [[0.3730274736881256]], [[0.34772223234176636]], [[0.3258136808872223]], [[0.3037564158439636]], [[0.28144189715385437]], [[0.2628293037414551]], [[0.23664352297782898]], [[0.2103649526834488]], [[0.19157269597053528]], [[0.16495856642723083]], [[0.14612223207950592]], [[0.1309138685464859]], [[0.10423248261213303]], [[0.07757344841957092]], [[0.05469060316681862]], [[0.031774088740348816]], [[0.012672370299696922]], [[-0.006436605006456375]], [[-0.03700234740972519]], [[-0.05998806655406952]], [[-0.08292791992425919]], [[0.35506001114845276]], [[0.3587053418159485]], [[0.3598528504371643]], [[0.3586069345474243]], [[0.35476747155189514]], [[0.3498512804508209]], [[0.3423030376434326]], [[0.3348187208175659]], [[0.32085907459259033]], [[0.3131656348705292]], [[0.30069783329963684]], [[0.2851540744304657]], [[0.2661488950252533]], [[0.25878167152404785]], [[0.24619418382644653]], [[0.2332790493965149]], [[0.2092416137456894]], [[0.19281138479709625]], [[0.17325304448604584]], [[0.16185574233531952]], [[0.1418171226978302]], [[0.12147566676139832]], [[0.11270724982023239]], [[0.08915157616138458]], [[0.07424220442771912]], [[0.05628403648734093]], [[0.038212746381759644]], [[0.020150918513536453]], [[0.001897929236292839]], [[-0.016253039240837097]], [[-0.028389014303684235]], [[-0.05282542109489441]], [[-0.06807935982942581]], [[-0.0893750861287117]], [[-0.0986105352640152]], [[-0.1259966492652893]], [[-0.14125849306583405]], [[-0.1563512682914734]], [[-0.16853797435760498]], [[-0.2017298936843872]], [[-0.21366770565509796]], [[-0.22862619161605835]], [[-0.24941237270832062]], [[-0.26710638403892517]], [[-0.2817878723144531]], [[-0.29623085260391235]], [[-0.31923627853393555]], [[-0.3389703631401062]], [[-0.35840845108032227]], [[-0.3666139841079712]], [[-0.38271859288215637]], [[-0.39852529764175415]], [[-0.4164387881755829]], [[-0.42885464429855347]], [[-0.44094252586364746]], [[0.1057400032877922]], [[0.10594624280929565]], [[0.10464497655630112]], [[0.1033504381775856]], [[0.10065629333257675]], [[0.09576265513896942]], [[0.09206841140985489]], [[0.08786772191524506]], [[0.08027373254299164]], [[0.07503706216812134]], [[0.06829366832971573]], [[0.062301669269800186]], [[0.05343382805585861]], [[0.04545918479561806]], [[0.037141911685466766]], [[0.025561772286891937]], [[0.018121909350156784]], [[0.010475460439920425]], [[0.0011130068451166153]], [[-0.010029003024101257]], [[-0.019779209047555923]], [[-0.029624219983816147]], [[-0.039661578834056854]], [[-0.04468125104904175]], [[-0.054860398173332214]], [[-0.06677044928073883]], [[-0.07708080857992172]], [[-0.08914261311292648]], [[-0.09777472168207169]], [[-0.10985257476568222]], [[-0.11507176607847214]], [[-0.12711697816848755]], [[-0.1391323357820511]], [[-0.14768531918525696]], [[-0.16130048036575317]], [[-0.1679973602294922]], [[-0.1780059039592743]], [[-0.1878974288702011]], [[-0.19927531480789185]], [[-0.20885083079338074]], [[-0.2151525765657425]], [[-0.23047904670238495]], [[-0.23793934285640717]], [[-0.2522808611392975]], [[-0.25367212295532227]], [[-0.2631823718547821]], [[-0.2772570848464966]], [[-0.28087908029556274]], [[-0.2900272011756897]], [[-0.29638320207595825]], [[-0.30134135484695435]], [[-0.3059283494949341]], [[-0.3124848008155823]], [[0.05844400078058243]], [[0.05534252151846886]], [[0.0536278560757637]], [[0.04922695457935333]], [[0.043561920523643494]], [[0.039700500667095184]], [[0.034776829183101654]], [[0.03133448585867882]], [[0.023159688338637352]], [[0.019334575161337852]], [[0.012412646785378456]], [[0.008330889977514744]], [[-0.0011767027899622917]], [[-0.0043933093547821045]], [[-0.01329837180674076]], [[-0.0189584381878376]], [[-0.0258733332157135]], [[-0.038873668760061264]], [[-0.04608654975891113]], [[-0.053388435393571854]], [[-0.06197928264737129]], [[-0.06571383029222488]], [[-0.07190857827663422]], [[-0.08317545801401138]], [[-0.0907081663608551]], [[-0.09827183932065964]], [[-0.10582994669675827]], [[-0.11340872943401337]], [[-0.12096278369426727]], [[-0.1297473907470703]], [[-0.13349595665931702]], [[-0.14347033202648163]], [[-0.15209394693374634]], [[-0.15821833908557892]], [[-0.16550101339817047]], [[-0.17151860892772675]], [[-0.17863236367702484]], [[-0.18682941794395447]], [[-0.19373491406440735]], [[-0.20048190653324127]], [[-0.2060249000787735]], [[-0.21359461545944214]], [[-0.2250368595123291]], [[-0.23101775348186493]], 