{"vc": [[-0.10363323986530304, -0.011013505980372429, -0.0940166488289833, 0.0010395653080195189], [-2.4069511890411377, -0.03179771825671196, 1.4021618366241455, 0.0]], "true_y1": [[[0.2010200023651123]], [[0.10543042421340942]], [[-0.03740669786930084]], [[-0.2284778356552124]], [[-0.42264318466186523]], [[-0.6223717927932739]], [[-0.8299475908279419]], [[-0.9916526079177856]], [[-1.2716237306594849]], [[-1.5511232614517212]], [[-1.652889609336853]], [[-1.7993996143341064]], [[-1.507291555404663]], [[-0.9666206240653992]], [[0.8762844204902649]], [[1.7293734550476074]], [[1.7132883071899414]], [[1.3358500003814697]], [[0.6043999791145325]], [[0.5613420009613037]], [[0.4348447322845459]], [[0.2709929347038269]], [[0.15049734711647034]], [[0.031067028641700745]], [[-0.08819659054279327]], [[-0.16803130507469177]], [[-0.37063542008399963]], [[-0.5380837917327881]], [[-0.5809091925621033]], [[-0.7577928900718689]], [[-0.8971506953239441]], [[-1.0430752038955688]], [[-1.3030186891555786]], [[-1.690617322921753]], [[-1.9297553300857544]], [[-1.9057646989822388]], [[-1.1414357423782349]], [[0.9418860673904419]], [[1.850470781326294]], [[1.8339884281158447]], [[1.5355571508407593]], [[1.257230520248413]], [[0.6090269684791565]], [[0.12664741277694702]], [[-0.38676416873931885]], [[-0.6109591722488403]], [[0.6054199934005737]], [[0.4551752507686615]], [[0.31048405170440674]], [[0.239632710814476]], [[0.09976036846637726]], [[-0.039015620946884155]], [[-0.0737336054444313]], [[-0.21344855427742004]], [[-0.2841743230819702]], [[-0.4652002453804016]], [[-0.5399623513221741]], [[-0.6164325475692749]], [[-0.8588966727256775]], [[-0.9894253015518188]], [[-1.375867247581482]], [[-1.9552698135375977]], [[-2.041656970977783]], [[-1.2350611686706543]], [[0.35182201862335205]], [[1.8847627639770508]], [[2.0074715614318848]], [[1.7569873332977295]], [[1.483792781829834]], [[1.1714646816253662]], [[0.7617712020874023]], [[0.5978904366493225]], [[0.3061000108718872]], [[0.09882830083370209]], [[-0.1058771163225174]], [[-0.20895671844482422]], [[-0.31351524591445923]], [[-0.45616358518600464]], [[-0.529548168182373]], [[-0.7209509015083313]], [[-0.8013690710067749]], [[-0.8844518661499023]], [[-1.0146607160568237]], [[-1.2004153728485107]], [[-1.3496404886245728]], [[-1.506667971611023]], [[-1.6146390438079834]], [[-1.8287487030029297]], [[-2.0481626987457275]], [[-1.7039406299591064]], [[0.5360188484191895]], [[1.7619729042053223]], [[1.9057132005691528]], [[1.647275447845459]], [[1.4314355850219727]], [[1.019361138343811]], [[0.786710262298584]], [[0.5293295383453369]], [[0.28815507888793945]], [[0.15881000459194183]], [[-0.07197901606559753]], [[-0.27604126930236816]], [[-0.4889085590839386]], [[-0.7185763716697693]], [[-0.7885853052139282]], [[-0.9362189769744873]], [[-1.1813045740127563]], [[-1.3166191577911377]], [[-1.5117340087890625]], [[-1.5628859996795654]], [[-1.8791148662567139]], [[-1.9297515153884888]], [[-2.092062473297119]], [[-2.0290470123291016]], [[-1.1975393295288086]], [[0.7826987504959106]], [[2.152003526687622]], [[1.976374626159668]], [[1.6118727922439575]], [[1.3214927911758423]], [[1.0313985347747803]], [[0.8505827784538269]], [[0.6546253561973572]], [[0.3338981866836548]], [[0.011151522397994995]], [[-0.3110531270503998]], [[0.06694900244474411]], [[-0.1413537859916687]], [[-0.28284239768981934]], [[-0.4547157883644104]], [[-0.6117034554481506]], [[-0.8120419979095459]], [[-1.0051828622817993]], [[-1.1488337516784668]], [[-1.349825382232666]], [[-1.6777255535125732]], [[-1.9878467321395874]], [[-2.198986291885376]], [[-1.9427387714385986]], [[-1.3436164855957031]], [[0.013141751289367676]], [[1.5791919231414795]], [[2.140615463256836]], [[1.9859895706176758]], [[1.8332575559616089]], [[1.5763258934020996]], [[1.3001093864440918]], [[1.0630940198898315]], [[0.9231877326965332]], [[0.7337014675140381]], [[0.5899440050125122]], [[-0.028643999248743057]], [[-0.18578128516674042]], [[-0.2861083149909973]], [[-0.43184882402420044]], [[-0.5416101217269897]], [[-0.6821213960647583]], [[-1.070773720741272]], [[-1.2789944410324097]], [[-1.7123653888702393]], [[-1.9677821397781372]], [[-2.2348787784576416]], [[-0.44244301319122314]], [[1.4853681325912476]], [[2.1133956909179688]], [[1.9197025299072266]], [[1.6641507148742676]], [[1.3733038902282715]], [[1.0823849439620972]], [[0.8691851496696472]], [[0.7103466987609863]], [[0.5087780356407166]], [[0.3751622438430786]], [[0.22214360535144806]], [[0.07383279502391815]], [[-0.07285261154174805]], [[-0.22082315385341644]], [[-0.3216652274131775]], [[-0.5058181881904602]], [[-0.705186128616333]], [[-0.8615300059318542]], [[-1.034041166305542]], [[-1.2688401937484741]], [[-1.590093731880188]], [[-1.8460023403167725]], [[-2.0391974449157715]], [[-2.0717363357543945]]]}