{"vc": [[-0.08041924238204956, 0.006414002738893032, -0.08283504098653793, 0.002356360200792551], [-2.4532649517059326, -0.03272616118192673, 1.3401862382888794, 0.0]], "true_y1": [[[0.2010200023651123]], [[0.15858525037765503]], [[0.09454716742038727]], [[0.00880095362663269]], [[-0.07698778808116913]], [[-0.16238683462142944]], [[-0.24688094854354858]], [[-0.3091876208782196]], [[-0.4095537066459656]], [[-0.5023593902587891]], [[-0.5361591577529907]], [[-0.5952755808830261]], [[-0.6560286283493042]], [[-0.6569897532463074]], [[-0.57237708568573]], [[-0.34092098474502563]], [[-0.15149299800395966]], [[0.25288325548171997]], [[0.6043999791145325]], [[0.581933319568634]], [[0.5146685838699341]], [[0.42569252848625183]], [[0.3596985936164856]], [[0.2943747043609619]], [[0.2296510934829712]], [[0.1867910921573639]], [[0.08037752658128738]], [[-0.004377886652946472]], [[-0.025525229051709175]], [[-0.11042545735836029]], [[-0.17446652054786682]], [[-0.23886889219284058]], [[-0.34757769107818604]], [[-0.502643346786499]], [[-0.6148964762687683]], [[-0.7477123737335205]], [[-0.850830614566803]], [[-0.9598133563995361]], [[-0.9767285585403442]], [[-0.8536115288734436]], [[-0.5264003872871399]], [[-0.1136242151260376]], [[0.8003203272819519]], [[0.9326856136322021]], [[0.7410317659378052]], [[0.6326475143432617]], [[0.6054199934005737]], [[0.5165824890136719]], [[0.42987799644470215]], [[0.3873087763786316]], [[0.3035455346107483]], [[0.22134841978549957]], [[0.20099426805973053]], [[0.12016470730304718]], [[0.08000537753105164]], [[-0.020061485469341278]], [[-0.06013190373778343]], [[-0.1003030464053154]], [[-0.22197018563747406]], [[-0.28381726145744324]], [[-0.45328402519226074]], [[-0.6992248892784119]], [[-0.8369193077087402]], [[-0.9678669571876526]], [[-1.057283878326416]], [[-1.1007062196731567]], [[-1.0114109516143799]], [[-0.6853375434875488]], [[-0.22433391213417053]], [[0.39725765585899353]], [[0.9770194292068481]], [[1.0576056241989136]], [[0.3061000108718872]], [[0.17547933757305145]], [[0.04680520296096802]], [[-0.01724548637866974]], [[-0.08140160888433456]], [[-0.1672293096780777]], [[-0.21047687530517578]], [[-0.3198859691619873]], [[-0.36424410343170166]], [[-0.40899938344955444]], [[-0.47687411308288574]], [[-0.568862795829773]], [[-0.638796865940094]], [[-0.7090489864349365]], [[-0.7558338046073914]], [[-0.8478462100028992]], [[-0.9736478328704834]], [[-1.0594329833984375]], [[-1.0117661952972412]], [[-0.7426439523696899]], [[-0.23304587602615356]], [[0.3651382327079773]], [[0.6886852979660034]], [[1.0082190036773682]], [[1.0294638872146606]], [[0.9584423303604126]], [[0.8387214541435242]], [[0.15881000459194183]], [[-0.0004204213619232178]], [[-0.13966025412082672]], [[-0.28138142824172974]], [[-0.42811858654022217]], [[-0.47125640511512756]], [[-0.5594381093978882]], [[-0.6967565417289734]], [[-0.7675060033798218]], [[-0.8633657097816467]], [[-0.8873797655105591]], [[-1.0286415815353394]], [[-1.0509557723999023]], [[-1.131669282913208]], [[-1.1966333389282227]], [[-1.1794708967208862]], [[-0.9555171728134155]], [[-0.07971066236495972]], [[0.5950013399124146]], [[1.0559284687042236]], [[1.1558778285980225]], [[1.085392951965332]], [[0.9830746650695801]], [[0.8421958088874817]], [[0.5815243124961853]], [[0.31549519300460815]], [[0.06473898887634277]], [[0.06694900244474411]], [[-0.08736263960599899]], [[-0.19132906198501587]], [[-0.3157612979412079]], [[-0.42677363753318787]], [[-0.5634182691574097]], [[-0.6884533166885376]], [[-0.7765248417854309]], [[-0.8921840786933899]], [[-1.0621720552444458]], [[-1.2062758207321167]], [[-1.3218384981155396]], [[-1.3506317138671875]], [[-1.3079816102981567]], [[-1.1377657651901245]], [[-0.6860862970352173]], [[0.40393388271331787]], [[0.8639390468597412]], [[1.0964906215667725]], [[1.2820346355438232]], [[1.2849957942962646]], [[1.1786115169525146]], [[1.0856045484542847]], [[0.9386078119277954]], [[0.8183295726776123]], [[-0.028643999248743057]], [[-0.1497526317834854]], [[-0.22675476968288422]], [[-0.33768653869628906]], [[-0.42013826966285706]], [[-0.5237551927566528]], [[-0.7938252091407776]], [[-0.9254034757614136]], [[-1.1663358211517334]], [[-1.289273977279663]], [[-1.44660222530365]], [[-1.2314603328704834]], [[-0.6069607734680176]], [[0.31903648376464844]], [[1.1379966735839844]], [[1.3680872917175293]], [[1.3858661651611328]], [[1.2560664415359497]], [[1.109452247619629]], [[0.986209511756897]], [[0.8234488368034363]], [[0.7156442403793335]], [[0.5949004888534546]], [[0.48214077949523926]], [[0.37569719552993774]], [[0.2740122079849243]], [[0.20817063748836517]], [[0.09538887441158295]], [[-0.015779905021190643]], [[-0.09520377963781357]], [[-0.17542900145053864]], [[-0.2735799252986908]], [[-0.39225274324417114]], [[-0.48096561431884766]], [[-0.5549103617668152]], [[-0.6922191381454468]]]}