{"vc0": [0.01080000028014183, 0.0, 0.0, 0.0], "vc1": [0.01080000028014183, 1.0305999517440796], "true_y1": [[[0.4006600081920624]], [[0.4021680951118469]], [[0.40245839953422546]], [[0.4033523201942444]], [[0.4042355418205261]], [[0.4051249325275421]], [[0.4054016172885895]], [[0.4066009521484375]], [[0.40749335289001465]], [[0.40869128704071045]], [[0.40958520770072937]], [[0.41018569469451904]], [[0.41078314185142517]], [[0.4113825559616089]], [[0.41289347410202026]], [[0.4141019880771637]], [[0.4153115749359131]], [[0.4168257415294647]], [[0.4180331826210022]], [[0.4207645058631897]], [[0.4231944978237152]], [[0.42501214146614075]], [[0.4277467131614685]], [[0.42896386981010437]], [[0.43109145760536194]], [[0.43321797251701355]], [[0.4341273307800293]], [[0.43625491857528687]], [[0.4380768835544586]], [[0.43959859013557434]], [[0.44203075766563416]], [[0.4432457685470581]], [[0.44537553191185]], [[0.4465819001197815]], [[0.44870948791503906]], [[0.450536847114563]], [[0.45236095786094666]], [[0.4538815915584564]], [[0.45601242780685425]], [[0.45844566822052]], [[0.45966067910194397]], [[1.0533000230789185]], [[1.0541938543319702]], [[1.0547882318496704]], [[1.0556867122650146]], [[1.056580662727356]], [[1.0571705102920532]], [[1.0580719709396362]], [[1.059269905090332]], [[1.0601637363433838]], [[1.061375617980957]], [[1.0616682767868042]], [[1.0622752904891968]], [[1.0640885829925537]], [[1.0643833875656128]], [[1.0655908584594727]], [[1.0661945343017578]], [[1.0671017169952393]], [[1.0683166980743408]], [[1.0701332092285156]], [[1.0740762948989868]], [[1.0752837657928467]], [[1.0777158737182617]], [[1.079534649848938]], [[1.081362009048462]], [[1.0831795930862427]], [[1.0846980810165405]], [[1.0865232944488525]], [[1.0880439281463623]], [[1.0901726484298706]], [[1.0919924974441528]], [[1.1029350757598877]], [[1.1044557094573975]], [[1.1065833568572998]], [[1.1084096431732178]], [[1.1099270582199097]], [[1.1120600700378418]], [[1.104699969291687]], [[1.105292797088623]], [[1.1061912775039673]], [[1.1073968410491943]], [[1.1076886653900146]], [[1.1088895797729492]], [[1.1094825267791748]], [[1.1106911897659302]], [[1.1112855672836304]], [[1.1118870973587036]], [[1.1130934953689575]], [[1.1143031120300293]], [[1.1149101257324219]], [[1.1158130168914795]], [[1.1164134740829468]], [[1.1176295280456543]], [[1.118839144706726]], [[1.1209570169448853]], [[1.1215606927871704]], [[1.122772455215454]], [[1.124287724494934]], [[1.1273236274719238]], [[1.129143476486206]], [[1.1315680742263794]], [[1.1327896118164062]], [[1.1346094608306885]], [[1.13703191280365]], [[1.1385536193847656]], [[1.1403863430023193]], [[1.1425129175186157]], [[1.1440281867980957]], [[1.1461611986160278]], [[1.1473665237426758]], [[1.1494930982589722]], [[1.1504056453704834]], [[1.153444766998291]], [[1.155876874923706]], [[1.1586146354675293]], [[1.160136342048645]], [[0.6033599972724915]], [[0.6048755645751953]], [[0.6057786345481873]], [[0.6069886684417725]], [[0.6075876355171204]], [[0.6081896424293518]], [[0.6093952655792236]], [[0.6103012561798096]], [[0.6112058758735657]], [[0.6121098399162292]], [[0.6130148768424988]], [[0.6139199137687683]], [[0.6145225763320923]], [[0.61573326587677]], [[0.6166361570358276]], [[0.6181502938270569]], [[0.6205738186836243]], [[0.621785581111908]], [[0.6229984164237976]], [[0.6245136260986328]], [[0.626632571220398]], [[0.6281456351280212]], [[0.630577802658081]], [[0.632404088973999]], [[0.6333101987838745]], [[0.6354334950447083]], [[0.6372543573379517]], [[0.6390741467475891]], [[0.640903651714325]], [[0.6424221396446228]], [[0.6445486545562744]], [[0.6466730237007141]], [[0.6481871604919434]], [[0.6503255367279053]], [[0.6518353819847107]], [[0.653052568435669]], [[0.6551845073699951]], [[0.6573110222816467]], [[0.6591340899467468]], [[0.6609582304954529]], [[0.6624777913093567]], [[0.6639973521232605]], [[0.6664273738861084]], [[0.6682547330856323]], [[0.6700788736343384]], [[0.35506001114845276]], [[0.35657113790512085]], [[0.35778117179870605]], [[0.3598988354206085]], [[0.36170318722724915]], [[0.36322706937789917]], [[0.3650403916835785]], [[0.3665480613708496]], [[0.368971586227417]], [[0.3701757788658142]], [[0.3719998896121979]], [[0.3741188645362854]], [[0.37654992938041687]], [[0.3774571418762207]], [[0.37897130846977234]], [[0.380485475063324]], [[0.38322004675865173]], [[0.3850398361682892]], [[0.38716527819633484]], [[0.3883867561817169]], [[0.3905089497566223]], [[0.3926354646682739]], [[0.3935448229312897]], [[0.395969420671463]], [[0.3974922299385071]], [[0.39931634068489075]], [[0.4011426270008087]], [[0.40296027064323425]], [[0.40479087829589844]], [[0.4066063463687897]], [[0.40781810879707336]], [[0.4102545976638794]], [[0.4117741584777832]], [[0.41389527916908264]], [[0.41481542587280273]], [[0.41754674911499023]], [[0.4190717041492462]], [[0.4205826222896576]], [[0.42180517315864563]], [[0.42514994740486145]], [[0.42635953426361084]], [[0.42788124084472656]], [[0.43000882863998413]], [[0.43183404207229614]], [[0.4333600699901581]], [[0.43487316370010376]], [[0.4373117983341217]], [[0.43943724036216736]], [[0.4415680766105652]], [[0.4424806833267212]], [[0.44429832696914673]], [[0.4461224377155304]], [[0.448248952627182]], [[0.4497685134410858]], [[0.45129239559173584]], [[0.1057400032877922]], [[0.10695165395736694]], [[0.10968340933322906]], [[0.11089354753494263]], [[0.11271032691001892]], [[0.11514356732368469]], [[0.1166490837931633]], [[0.11816972494125366]], [[0.12059756368398666]], [[0.1221117228269577]], [[0.12392935901880264]], [[0.125450000166893]], [[0.12757760286331177]], [[0.12939415872097015]], [[0.13121287524700165]], [[0.1336439549922943]], [[0.13515596091747284]], [[0.1366765946149826]], [[0.13849963247776031]], [[0.14062291383743286]], [[0.14244703948497772]], [[0.14426252245903015]], [[0.14609096944332123]], [[0.14699816703796387]], [[0.1488255262374878]], [[0.15094664692878723]], [[0.15277184545993805]], [[0.15489837527275085]], [[0.1564168483018875]], [[0.15854012966156006]], [[0.15945813059806824]], [[0.16158032417297363]], [[0.1637057662010193]], [[0.16522639989852905]], [[0.167665034532547]], [[0.16887463629245758]], [[0.1706976741552353]], [[0.172520712018013]], [[0.17464938759803772]], [[0.17647242546081543]], [[0.17769066989421844]], [[0.18072763085365295]], [[0.18225151300430298]], [[0.1852884739637375]], [[0.1855919510126114]], [[0.18771739304065704]], [[0.19106647372245789]], [[0.1919790804386139]], [[0.19440799951553345]], [[0.1962299644947052]], [[0.19775491952896118]], [[0.19927339255809784]], [[0.2017023116350174]], [[0.05844400078058243]], [[0.06026671826839447]], [[0.061177268624305725]], [[0.06330227851867676]], [[0.06573227792978287]], [[0.06725399941205978]], [[0.0690791979432106]], [[0.07029419392347336]], [[0.0730244368314743]], [[0.07424159348011017]], [[0.07636703550815582]], [[0.07758095860481262]], [[0.08031659573316574]], [[0.08121731877326965]], [[0.08365704119205475]], [[0.08517228066921234]], [[0.08699207752943039]], [[0.09033683687448502]], [[0.09215772151947021]], [[0.09398075938224792]], [[0.09610404074192047]], [[0.0970209613442421]], [[0.09853512048721313]], [[0.10127183794975281]], [[0.10309271514415741]], [[0.10491683334112167]], [[0.10673771798610687]], [[0.10856399685144424]], [[0.11038703471422195]], [[0.11251355707645416]], [[0.11342399567365646]], [[0.11585831642150879]], [[0.11798051744699478]], [[0.11950007826089859]], [[0.1213231235742569]], [[0.12284483760595322]], [[0.12466463446617126]], [[0.12679439783096313]], [[0.1286206692457199]], [[0.13043831288814545]], [[0.13196003437042236]], [[0.13408654928207397]], [[0.1374313086271286]], [[0.13925759494304657]], [[0.14107739925384521]], [[0.14350631833076477]], [[0.1444232314825058]], [[0.1462441086769104]], [[0.14807039499282837]], [[0.15049931406974792]], [[0.15141192078590393]], [[0.1535416841506958]]]}