{"vc": [[-0.05682729557156563, -0.031327925622463226, -0.07307516038417816, 0.023321686312556267], [-2.187676191329956, 0.04985355958342552, 0.9101907014846802, -0.026074523106217384]], "true_y1": [[[0.4006600081920624]], [[1.436827540397644]], [[1.6206978559494019]], [[2.1257941722869873]], [[2.519155740737915]], [[2.8083040714263916]], [[2.8783795833587646]], [[3.0923614501953125]], [[3.1778645515441895]], [[3.226940631866455]], [[3.2309086322784424]], [[3.2229573726654053]], [[3.2087883949279785]], [[3.1897175312042236]], [[3.1267073154449463]], [[3.0664095878601074]], [[3.0008034706115723]], [[2.914072036743164]], [[2.842562675476074]], [[2.676360845565796]], [[2.525569438934326]], [[2.4117558002471924]], [[2.2394776344299316]], [[2.162496328353882]], [[2.0275819301605225]], [[1.892349362373352]], [[1.8344119787216187]], [[1.6986165046691895]], [[1.5820626020431519]], [[1.4845253229141235]], [[1.3282591104507446]], [[1.2500158548355103]], [[1.1125587224960327]], [[1.0345170497894287]], [[0.8965377807617188]], [[0.7776613831520081]], [[0.6586348414421082]], [[0.5591220855712891]], [[0.41921985149383545]], [[0.25880667567253113]], [[0.17845654487609863]], [[1.0533000230789185]], [[1.437322735786438]], [[1.6653716564178467]], [[1.9598243236541748]], [[2.1900875568389893]], [[2.309358835220337]], [[2.4470982551574707]], [[2.561605453491211]], [[2.608067512512207]], [[2.6330862045288086]], [[2.634101390838623]], [[2.6313071250915527]], [[2.5936591625213623]], [[2.584494113922119]], [[2.5408785343170166]], [[2.5161540508270264]], [[2.4762752056121826]], [[2.4189817905426025]], [[2.3276541233062744]], [[2.116548538208008]], [[2.0499234199523926]], [[1.9140896797180176]], [[1.8114854097366333]], [[1.7077440023422241]], [[1.6040388345718384]], [[1.517069697380066]], [[1.4121804237365723]], [[1.3245224952697754]], [[1.201423168182373]], [[1.095833420753479]], [[0.453679621219635]], [[0.36335664987564087]], [[0.23649777472019196]], [[0.1271609663963318]], [[0.036023952066898346]], [[-0.09245897084474564]], [[1.104699969291687]], [[1.285629153251648]], [[1.5308246612548828]], [[1.7975434064865112]], [[1.8511276245117188]], [[2.029252052307129]], [[2.0942330360412598]], [[2.187382698059082]], [[2.216935396194458]], [[2.237882375717163]], [[2.2577970027923584]], [[2.2552196979522705]], [[2.2475500106811523]], [[2.230067491531372]], [[2.2151496410369873]], [[2.178694725036621]], [[2.136140823364258]], [[2.0514893531799316]], [[2.025677442550659]], [[1.9722459316253662]], [[1.9030641317367554]], [[1.7591497898101807]], [[1.6706417798995972]], [[1.5510073900222778]], [[1.4901734590530396]], [[1.3989869356155396]], [[1.2767512798309326]], [[1.1995429992675781]], [[1.1061694622039795]], [[0.9973432421684265]], [[0.9194953441619873]], [[0.8094878196716309]], [[0.7471086978912354]], [[0.6366599798202515]], [[0.5891039967536926]], [[0.4300287961959839]], [[0.30190402269363403]], [[0.15676270425319672]], [[0.07566393911838531]], [[0.6033599972724915]], [[0.9941887259483337]], [[1.20344877243042]], [[1.444526195526123]], [[1.5454673767089844]], [[1.6344630718231201]], [[1.7767596244812012]], [[1.8549988269805908]], [[1.911944031715393]], [[1.9509286880493164]], [[1.9750584363937378]], [[1.9869920015335083]], [[1.989335060119629]], [[1.983137845993042]], [[1.970906138420105]], [[1.9395251274108887]], [[1.8699043989181519]], [[1.8291325569152832]], [[1.7855863571166992]], [[1.7282750606536865]], [[1.6442086696624756]], [[1.5821619033813477]], [[1.4799495935440063]], [[1.4017174243927002]], [[1.3625353574752808]], [[1.2699456214904785]], [[1.1898187398910522]], [[1.1091848611831665]], [[1.0276355743408203]], [[0.9596188068389893]], [[0.8639002442359924]], [[0.76776522397995]], [[0.6989396810531616]], [[0.6013104915618896]], [[0.5320720076560974]], [[0.4760666787624359]], [[0.3775518834590912]], [[0.2787342071533203]], [[0.1935586780309677]], [[0.10788960009813309]], [[0.036176517605781555]], [[-0.035855844616889954]], [[-0.15169277787208557]], [[-0.23927807807922363]], [[-0.32701733708381653]], [[0.35506001114845276]], [[0.6686109304428101]], [[0.9061315655708313]], [[1.2590912580490112]], [[1.4792990684509277]], [[1.60770583152771]], [[1.7021831274032593]], [[1.7427983283996582]], [[1.757087230682373]], [[1.7476470470428467]], [[1.7191112041473389]], [[1.6708552837371826]], [[1.6024936437606812]], [[1.5745139122009277]], [[1.5256178379058838]], [[1.474542498588562]], [[1.3782825469970703]], [[1.3121302127838135]], [[1.2333298921585083]], [[1.1874440908432007]], [[1.1068800687789917]], [[1.025260329246521]], [[0.9901244640350342]], [[0.8958474397659302]], [[0.8362346291542053]], [[0.7644555568695068]], [[0.6922099590301514]], [[0.6199418306350708]], [[0.5467982292175293]], [[0.4739017188549042]], [[0.4250456690788269]], [[0.32631218433380127]], [[0.2643854022026062]], [[0.17747138440608978]], [[0.1395896077156067]], [[0.02647808939218521]], [[-0.03712616115808487]], [[-0.10047483444213867]], [[-0.15197603404521942]], [[-0.293954074382782]], [[-0.3456494212150574]], [[-0.4108826816082001]], [[-0.5022640824317932]], [[-0.5804768800735474]], [[-0.6453418731689453]], [[-0.7086714506149292]], [[-0.8067285418510437]], [[-0.8846253156661987]], [[-0.9496821761131287]], [[-0.9714133739471436]], [[-0.9986284971237183]], [[-0.9959152936935425]], [[-0.9382796287536621]], [[-0.8505350351333618]], [[-0.7177174091339111]], [[0.1057400032877922]], [[0.25558730959892273]], [[0.5986628532409668]], [[0.7417082786560059]], [[0.9337537884712219]], [[1.1359171867370605]], [[1.2274444103240967]], [[1.2956035137176514]], [[1.3612582683563232]], [[1.3804740905761719]], [[1.386612892150879]], [[1.3805936574935913]], [[1.3592849969863892]], [[1.3321326971054077]], [[1.2988189458847046]], [[1.2472198009490967]], [[1.2120511531829834]], [[1.1748440265655518]], [[1.1282813549041748]], [[1.0719162225723267]], [[1.0220386981964111]], [[0.9713245034217834]], [[0.919355034828186]], [[0.893283486366272]], [[0.8402661681175232]], [[0.7779902219772339]], [[0.7238553166389465]], [[0.6602237820625305]], [[0.6144537925720215]], [[0.5500274896621704]], [[0.5220270752906799]], [[0.4569753408432007]], [[0.3913877010345459]], [[0.3441998362541199]], [[0.2680654525756836]], [[0.23008857667446136]], [[0.172577366232872]], [[0.11472417414188385]], [[0.046716079115867615]], [[-0.0119410939514637]], [[-0.05136417970061302]], [[-0.15048781037330627]], [[-0.20071294903755188]], [[-0.30186164379119873]], [[-0.312049925327301]], [[-0.3838281035423279]], [[-0.4984213411808014]], [[-0.5299398899078369]], [[-0.6142824292182922]], [[-0.6777404546737671]], [[-0.7306771874427795]], [[-0.7828400135040283]], [[-0.8636398911476135]], [[0.05844400078058243]], [[0.1713513433933258]], [[0.23014165461063385]], [[0.3696962893009186]], [[0.5253108739852905]], [[0.6160126328468323]], [[0.7143628597259521]], [[0.7723429799079895]], [[0.8786622285842896]], [[0.9152776002883911]], [[0.9641390442848206]], [[0.9841012358665466]], [[1.0107063055038452]], [[1.0145950317382812]], [[1.0150816440582275]], [[1.00908625125885]], [[0.9966579675674438]], [[0.9619985818862915]], [[0.9380964636802673]], [[0.9113882780075073]], [[0.8774022459983826]], [[0.8619124889373779]], [[0.8354086875915527]], [[0.7850192189216614]], [[0.7500206232070923]], [[0.7139851450920105]], [[0.677180826663971]], [[0.6395476460456848]], [[0.6013582944869995]], [[0.5561304688453674]], [[0.5365673303604126]], [[0.48374053835868835]], [[0.4371376931667328]], [[0.4034903049468994]], [[0.3628457188606262]], [[0.3287059962749481]], [[0.28764352202415466]], [[0.239284947514534]], [[0.19757506251335144]], [[0.1558525264263153]], [[0.12076783180236816]], [[0.07150968909263611]], [[-0.006497859954833984]], [[-0.04936503991484642]], [[-0.09227634966373444]], [[-0.149867445230484]], [[-0.17170634865760803]], [[-0.21524354815483093]], [[-0.25914719700813293]], [[-0.31793785095214844]], [[-0.3401547074317932]], [[-0.3923000395298004]]]}